shipment_id,order_id,carrier,tracking_number,shipment_status,shipped_ts,estimated_delivery_ts,delivery_city
SHP-ORD00000003,ORD00000003,DHL,TRK2357166448,delivered,2025-11-28 05:10:51,2025-12-01 05:10:51,Cancún
SHP-ORD00000004,ORD00000004,FedEx,TRK3736444119,failed,2026-02-05 13:46:22,2026-02-09 13:46:22,Ciudad de México
SHP-ORD00000006,ORD00000006,FedEx,TRK2612639703,delivered,2026-05-07 15:58:54,2026-05-09 15:58:54,Puebla
SHP-ORD00000009,ORD00000009,Paquetexpress,TRK9181026797,delivered,2025-08-22 20:04:33,2025-08-25 20:04:33,León
SHP-ORD00000010,ORD00000010,DHL,TRK2461909037,pending,2025-01-07 19:18:37,2025-01-11 19:18:37,Cancún
SHP-ORD00000011,ORD00000011,Paquetexpress,TRK5108936996,delivered,2025-05-07 17:26:29,2025-05-13 17:26:29,Oaxaca
SHP-ORD00000014,ORD00000014,Estafeta,TRK5572339374,delivered,2025-03-23 09:16:07,2025-03-25 09:16:07,Oaxaca
SHP-ORD00000015,ORD00000015,FedEx,TRK3503894997,failed,2025-02-11 09:52:36,2025-02-18 09:52:36,Tijuana
SHP-ORD00000018,ORD00000018,DHL,TRK2193472131,delivered,2025-04-12 15:07:07,2025-04-17 15:07:07,Tijuana
SHP-ORD00000019,ORD00000019,FedEx,TRK2737144511,delivered,2025-02-03 19:01:16,2025-02-06 19:01:16,Mérida
SHP-ORD00000021,ORD00000021,Paquetexpress,TRK4423909741,delivered,2026-01-12 15:25:43,2026-01-13 15:25:43,Ciudad de México
SHP-ORD00000022,ORD00000022,FedEx,TRK9554080418,in_transit,2025-11-01 15:43:46,2025-11-05 15:43:46,Cancún
SHP-ORD00000025,ORD00000025,Estafeta,TRK2986004140,delivered,2026-05-21 05:37:42,2026-05-26 05:37:42,Mérida
SHP-ORD00000026,ORD00000026,Redpack,TRK3584112188,failed,2025-07-21 07:56:50,2025-07-28 07:56:50,Puebla
SHP-ORD00000028,ORD00000028,DHL,TRK6417490261,delivered,2025-11-04 02:22:15,2025-11-07 02:22:15,Ciudad de México
SHP-ORD00000029,ORD00000029,Paquetexpress,TRK1330580191,delivered,2025-04-20 00:17:42,2025-04-21 00:17:42,Guadalajara
SHP-ORD00000030,ORD00000030,DHL,TRK9216216664,delivered,2025-01-14 08:37:43,2025-01-21 08:37:43,Tijuana
SHP-ORD00000031,ORD00000031,Estafeta,TRK2671722262,returned,2025-01-09 02:09:26,2025-01-10 02:09:26,Oaxaca
SHP-ORD00000032,ORD00000032,DHL,TRK8283373508,delivered,2026-01-11 14:46:44,2026-01-16 14:46:44,Ciudad de México
SHP-ORD00000034,ORD00000034,DHL,TRK4451648775,in_transit,2025-05-13 22:48:35,2025-05-14 22:48:35,Cancún
SHP-ORD00000036,ORD00000036,Estafeta,TRK3226169058,delivered,2025-07-29 03:25:57,2025-08-02 03:25:57,Mérida
SHP-ORD00000037,ORD00000037,DHL,TRK6112042338,failed,2025-11-01 04:18:13,2025-11-07 04:18:13,Querétaro
SHP-ORD00000038,ORD00000038,Redpack,TRK5880329218,delivered,2026-01-10 15:52:07,2026-01-11 15:52:07,Monterrey
SHP-ORD00000039,ORD00000039,FedEx,TRK9752568900,delivered,2025-03-08 06:44:50,2025-03-13 06:44:50,Oaxaca
SHP-ORD00000040,ORD00000040,Estafeta,TRK3777282989,delivered,2025-10-10 19:53:26,2025-10-16 19:53:26,Guadalajara
SHP-ORD00000043,ORD00000043,DHL,TRK9617520398,delivered,2025-01-12 03:36:04,2025-01-19 03:36:04,Puebla
SHP-ORD00000045,ORD00000045,Redpack,TRK9940532778,delivered,2026-01-28 02:34:49,2026-01-30 02:34:49,Querétaro
SHP-ORD00000046,ORD00000046,Paquetexpress,TRK5641919558,returned,2025-06-22 03:42:40,2025-06-25 03:42:40,Cancún
SHP-ORD00000047,ORD00000047,Redpack,TRK4320425494,returned,2025-03-02 21:27:25,2025-03-08 21:27:25,Ciudad de México
SHP-ORD00000049,ORD00000049,FedEx,TRK9643811458,pending,2025-03-18 18:17:30,2025-03-25 18:17:30,Guadalajara
SHP-ORD00000050,ORD00000050,Paquetexpress,TRK9553778862,delivered,2025-04-23 01:52:10,2025-04-25 01:52:10,Mérida
SHP-ORD00000056,ORD00000056,Estafeta,TRK6939977940,delivered,2026-01-02 07:15:44,2026-01-06 07:15:44,Puebla
SHP-ORD00000060,ORD00000060,Redpack,TRK1660112321,delivered,2025-05-25 04:28:04,2025-05-26 04:28:04,Tijuana
SHP-ORD00000061,ORD00000061,Estafeta,TRK6930954227,delivered,2025-11-24 10:36:37,2025-11-25 10:36:37,Oaxaca
SHP-ORD00000063,ORD00000063,Paquetexpress,TRK4324060004,delivered,2025-04-09 11:32:18,2025-04-15 11:32:18,Cancún
SHP-ORD00000066,ORD00000066,Estafeta,TRK5604426184,delivered,2025-12-09 17:28:23,2025-12-15 17:28:23,Mérida
SHP-ORD00000067,ORD00000067,Estafeta,TRK3540259229,delivered,2025-06-26 02:46:21,2025-07-03 02:46:21,Puebla
SHP-ORD00000069,ORD00000069,Paquetexpress,TRK9175769854,delivered,2026-04-26 11:03:59,2026-04-27 11:03:59,Oaxaca
SHP-ORD00000070,ORD00000070,Paquetexpress,TRK8188414077,delivered,2025-09-07 04:16:43,2025-09-09 04:16:43,Cancún
SHP-ORD00000071,ORD00000071,DHL,TRK1925702883,delivered,2025-01-23 20:58:06,2025-01-30 20:58:06,León
SHP-ORD00000072,ORD00000072,FedEx,TRK6412943599,returned,2025-06-01 21:13:58,2025-06-06 21:13:58,Cancún
SHP-ORD00000075,ORD00000075,Redpack,TRK4571677725,delivered,2026-04-23 10:52:57,2026-04-24 10:52:57,Mérida
SHP-ORD00000076,ORD00000076,DHL,TRK8749296881,in_transit,2025-01-20 11:27:45,2025-01-22 11:27:45,Monterrey
SHP-ORD00000079,ORD00000079,DHL,TRK7318788284,delivered,2026-05-08 12:21:15,2026-05-10 12:21:15,León
SHP-ORD00000083,ORD00000083,FedEx,TRK3736505287,delivered,2025-04-10 02:15:18,2025-04-13 02:15:18,Ciudad de México
SHP-ORD00000084,ORD00000084,Paquetexpress,TRK8083815277,delivered,2025-03-16 10:09:42,2025-03-23 10:09:42,Cancún
SHP-ORD00000085,ORD00000085,Paquetexpress,TRK8128769606,delivered,2026-05-14 10:55:00,2026-05-16 10:55:00,Cancún
SHP-ORD00000089,ORD00000089,FedEx,TRK5549494157,delivered,2025-07-10 22:13:15,2025-07-16 22:13:15,Querétaro
SHP-ORD00000090,ORD00000090,Paquetexpress,TRK8810427582,delivered,2025-05-29 09:02:05,2025-06-02 09:02:05,Cancún
SHP-ORD00000091,ORD00000091,DHL,TRK6912151583,delivered,2026-04-29 11:32:57,2026-05-01 11:32:57,Cancún
SHP-ORD00000093,ORD00000093,FedEx,TRK4981221294,delivered,2025-03-10 06:07:05,2025-03-14 06:07:05,Ciudad de México
SHP-ORD00000096,ORD00000096,FedEx,TRK4478996559,failed,2025-02-24 02:29:03,2025-03-01 02:29:03,Cancún
SHP-ORD00000098,ORD00000098,Redpack,TRK7018275482,delivered,2025-12-02 07:03:16,2025-12-09 07:03:16,Querétaro
SHP-ORD00000099,ORD00000099,Estafeta,TRK9555327487,in_transit,2025-01-03 21:45:43,2025-01-06 21:45:43,Monterrey
SHP-ORD00000101,ORD00000101,Estafeta,TRK8956819810,delivered,2025-08-23 07:32:42,2025-08-25 07:32:42,Tijuana
SHP-ORD00000104,ORD00000104,DHL,TRK1032586495,delivered,2025-05-08 15:12:39,2025-05-09 15:12:39,Cancún
SHP-ORD00000105,ORD00000105,Estafeta,TRK7169258530,failed,2025-12-03 10:47:56,2025-12-05 10:47:56,Monterrey
SHP-ORD00000109,ORD00000109,Redpack,TRK4409483697,delivered,2025-11-23 05:37:25,2025-11-25 05:37:25,Querétaro
SHP-ORD00000110,ORD00000110,Paquetexpress,TRK2654384573,delivered,2025-12-13 03:38:16,2025-12-20 03:38:16,Guadalajara
SHP-ORD00000111,ORD00000111,Estafeta,TRK2166872863,returned,2026-02-05 19:13:36,2026-02-12 19:13:36,Puebla
SHP-ORD00000112,ORD00000112,FedEx,TRK3790598077,delivered,2025-08-15 14:44:47,2025-08-18 14:44:47,Querétaro
SHP-ORD00000115,ORD00000115,Paquetexpress,TRK3587486727,returned,2025-11-11 13:29:43,2025-11-13 13:29:43,León
SHP-ORD00000116,ORD00000116,Paquetexpress,TRK8818386364,delivered,2025-04-27 13:13:47,2025-05-01 13:13:47,León
SHP-ORD00000117,ORD00000117,Redpack,TRK8948386023,delivered,2025-03-22 12:30:07,2025-03-24 12:30:07,Puebla
SHP-ORD00000118,ORD00000118,Estafeta,TRK8165407939,in_transit,2026-03-30 08:00:50,2026-04-06 08:00:50,Monterrey
SHP-ORD00000120,ORD00000120,Paquetexpress,TRK7046624272,delivered,2026-05-19 04:10:10,2026-05-23 04:10:10,Guadalajara
SHP-ORD00000122,ORD00000122,Estafeta,TRK8083898173,delivered,2025-05-18 23:33:25,2025-05-20 23:33:25,Mérida
SHP-ORD00000125,ORD00000125,Redpack,TRK9100625268,delivered,2025-06-13 06:36:36,2025-06-15 06:36:36,Querétaro
SHP-ORD00000127,ORD00000127,DHL,TRK6672639928,delivered,2026-02-22 23:22:54,2026-02-28 23:22:54,Monterrey
SHP-ORD00000129,ORD00000129,Estafeta,TRK3462513750,failed,2026-03-05 15:18:42,2026-03-11 15:18:42,Mérida
SHP-ORD00000130,ORD00000130,Paquetexpress,TRK6939914887,failed,2026-01-09 13:58:16,2026-01-14 13:58:16,León
SHP-ORD00000131,ORD00000131,DHL,TRK1082622012,delivered,2025-10-29 04:31:44,2025-11-05 04:31:44,Tijuana
SHP-ORD00000132,ORD00000132,FedEx,TRK2997704977,pending,2025-06-01 17:48:58,2025-06-08 17:48:58,Querétaro
SHP-ORD00000133,ORD00000133,FedEx,TRK9456501113,delivered,2025-11-19 20:05:55,2025-11-20 20:05:55,Mérida
SHP-ORD00000134,ORD00000134,Redpack,TRK1560243386,returned,2026-04-18 19:58:02,2026-04-22 19:58:02,Puebla
SHP-ORD00000136,ORD00000136,DHL,TRK5554968820,pending,2026-02-26 00:47:05,2026-02-28 00:47:05,Puebla
SHP-ORD00000138,ORD00000138,Paquetexpress,TRK9053094347,delivered,2025-07-03 22:40:45,2025-07-10 22:40:45,Tijuana
SHP-ORD00000140,ORD00000140,Paquetexpress,TRK7295408950,delivered,2026-04-20 13:43:22,2026-04-23 13:43:22,Cancún
SHP-ORD00000141,ORD00000141,Estafeta,TRK1165679827,pending,2025-12-28 02:18:48,2026-01-03 02:18:48,Ciudad de México
SHP-ORD00000143,ORD00000143,Paquetexpress,TRK1750583549,in_transit,2025-01-15 13:52:27,2025-01-19 13:52:27,Cancún
SHP-ORD00000147,ORD00000147,Paquetexpress,TRK2988481489,delivered,2026-04-18 04:40:48,2026-04-24 04:40:48,Oaxaca
SHP-ORD00000149,ORD00000149,Estafeta,TRK4178981896,returned,2026-03-18 11:51:51,2026-03-22 11:51:51,Guadalajara
SHP-ORD00000150,ORD00000150,Paquetexpress,TRK3334652198,in_transit,2025-12-22 08:07:21,2025-12-27 08:07:21,Tijuana
SHP-ORD00000151,ORD00000151,FedEx,TRK7503087987,delivered,2025-10-03 12:28:07,2025-10-09 12:28:07,Cancún
SHP-ORD00000152,ORD00000152,FedEx,TRK9720864253,delivered,2025-06-28 17:05:54,2025-07-04 17:05:54,Oaxaca
SHP-ORD00000155,ORD00000155,DHL,TRK3551855810,delivered,2025-09-21 08:26:00,2025-09-24 08:26:00,Querétaro
SHP-ORD00000156,ORD00000156,Paquetexpress,TRK1322490430,delivered,2025-01-09 17:05:58,2025-01-10 17:05:58,Tijuana
SHP-ORD00000160,ORD00000160,DHL,TRK1419310009,returned,2025-12-03 04:01:16,2025-12-04 04:01:16,Tijuana
SHP-ORD00000161,ORD00000161,Estafeta,TRK6396012960,delivered,2025-06-24 01:36:54,2025-07-01 01:36:54,Ciudad de México
SHP-ORD00000162,ORD00000162,DHL,TRK5306365237,delivered,2026-03-11 13:02:53,2026-03-15 13:02:53,Monterrey
SHP-ORD00000165,ORD00000165,Redpack,TRK6169115137,delivered,2025-07-27 06:03:04,2025-08-02 06:03:04,Cancún
SHP-ORD00000167,ORD00000167,Paquetexpress,TRK8450848768,delivered,2025-04-13 02:10:17,2025-04-19 02:10:17,Ciudad de México
SHP-ORD00000168,ORD00000168,Paquetexpress,TRK7840852937,failed,2025-12-12 08:34:26,2025-12-19 08:34:26,León
SHP-ORD00000169,ORD00000169,Redpack,TRK6572290176,failed,2025-05-10 16:26:24,2025-05-15 16:26:24,Querétaro
SHP-ORD00000171,ORD00000171,Redpack,TRK7760789728,delivered,2025-08-15 07:29:12,2025-08-18 07:29:12,Tijuana
SHP-ORD00000175,ORD00000175,FedEx,TRK3793224204,in_transit,2025-03-27 05:56:18,2025-04-03 05:56:18,Tijuana
SHP-ORD00000176,ORD00000176,DHL,TRK9059769709,delivered,2026-01-19 09:44:50,2026-01-24 09:44:50,Tijuana
SHP-ORD00000178,ORD00000178,DHL,TRK6180175179,in_transit,2025-07-03 18:29:59,2025-07-04 18:29:59,León
SHP-ORD00000180,ORD00000180,DHL,TRK5002145451,delivered,2026-03-17 11:11:14,2026-03-20 11:11:14,León
SHP-ORD00000183,ORD00000183,Estafeta,TRK3022124843,delivered,2026-05-02 20:32:28,2026-05-06 20:32:28,Tijuana
SHP-ORD00000184,ORD00000184,Redpack,TRK7608075864,delivered,2026-02-11 23:42:34,2026-02-16 23:42:34,Monterrey
SHP-ORD00000186,ORD00000186,Redpack,TRK7642757045,failed,2026-03-13 03:51:43,2026-03-16 03:51:43,Ciudad de México
SHP-ORD00000187,ORD00000187,Estafeta,TRK5040975521,delivered,2025-12-12 10:53:36,2025-12-17 10:53:36,Ciudad de México
SHP-ORD00000188,ORD00000188,Paquetexpress,TRK1916817333,delivered,2026-04-26 07:13:57,2026-04-30 07:13:57,Mérida
SHP-ORD00000189,ORD00000189,DHL,TRK4971272556,returned,2026-04-02 05:20:38,2026-04-09 05:20:38,Puebla
SHP-ORD00000192,ORD00000192,DHL,TRK2661048768,delivered,2025-11-24 03:23:59,2025-11-28 03:23:59,Cancún
SHP-ORD00000196,ORD00000196,DHL,TRK3916678922,delivered,2025-12-30 21:34:20,2026-01-02 21:34:20,León
SHP-ORD00000198,ORD00000198,Redpack,TRK1318980223,delivered,2025-10-24 15:51:33,2025-10-30 15:51:33,Oaxaca
SHP-ORD00000199,ORD00000199,DHL,TRK8505520284,returned,2025-05-21 11:36:30,2025-05-26 11:36:30,Cancún
SHP-ORD00000201,ORD00000201,Estafeta,TRK7488488993,pending,2025-06-20 06:33:59,2025-06-27 06:33:59,Guadalajara
SHP-ORD00000202,ORD00000202,FedEx,TRK2241754120,delivered,2025-10-18 18:51:12,2025-10-23 18:51:12,Oaxaca
SHP-ORD00000204,ORD00000204,Estafeta,TRK5575730934,delivered,2026-01-06 06:01:23,2026-01-10 06:01:23,Tijuana
SHP-ORD00000205,ORD00000205,Redpack,TRK3626529912,in_transit,2025-07-30 01:15:09,2025-08-01 01:15:09,Monterrey
SHP-ORD00000206,ORD00000206,Paquetexpress,TRK2178659503,delivered,2025-09-01 02:16:35,2025-09-06 02:16:35,Tijuana
SHP-ORD00000207,ORD00000207,Paquetexpress,TRK8482189081,in_transit,2025-08-23 22:18:35,2025-08-26 22:18:35,Mérida
SHP-ORD00000209,ORD00000209,Estafeta,TRK2784477634,delivered,2025-12-27 21:58:03,2025-12-29 21:58:03,Tijuana
SHP-ORD00000210,ORD00000210,Redpack,TRK2903330176,delivered,2025-08-09 17:07:47,2025-08-10 17:07:47,Monterrey
SHP-ORD00000211,ORD00000211,Paquetexpress,TRK5079482409,delivered,2026-01-27 12:48:57,2026-02-02 12:48:57,Monterrey
SHP-ORD00000212,ORD00000212,FedEx,TRK6546818494,delivered,2025-08-10 15:06:58,2025-08-15 15:06:58,Ciudad de México
SHP-ORD00000213,ORD00000213,Estafeta,TRK5159242612,in_transit,2025-05-08 04:05:27,2025-05-15 04:05:27,Oaxaca
SHP-ORD00000214,ORD00000214,FedEx,TRK3003963880,delivered,2025-09-20 22:02:11,2025-09-24 22:02:11,Querétaro
SHP-ORD00000215,ORD00000215,Estafeta,TRK8665435248,delivered,2026-02-06 05:21:44,2026-02-09 05:21:44,León
SHP-ORD00000216,ORD00000216,Redpack,TRK7320163108,in_transit,2025-01-20 21:38:14,2025-01-25 21:38:14,Ciudad de México
SHP-ORD00000217,ORD00000217,FedEx,TRK4061518032,delivered,2025-10-06 20:31:11,2025-10-09 20:31:11,Monterrey
SHP-ORD00000218,ORD00000218,FedEx,TRK4839969468,returned,2025-03-03 01:44:13,2025-03-07 01:44:13,Tijuana
SHP-ORD00000219,ORD00000219,FedEx,TRK1395794230,delivered,2026-05-11 01:42:49,2026-05-12 01:42:49,Monterrey
SHP-ORD00000220,ORD00000220,FedEx,TRK1947607366,delivered,2025-10-21 15:16:18,2025-10-23 15:16:18,Ciudad de México
SHP-ORD00000223,ORD00000223,Redpack,TRK6390274146,failed,2025-06-14 16:33:56,2025-06-19 16:33:56,Guadalajara
SHP-ORD00000224,ORD00000224,Redpack,TRK9298688607,failed,2026-03-15 19:52:12,2026-03-22 19:52:12,Guadalajara
SHP-ORD00000227,ORD00000227,Paquetexpress,TRK7165917655,in_transit,2025-11-17 06:17:37,2025-11-19 06:17:37,Monterrey
SHP-ORD00000228,ORD00000228,FedEx,TRK1380790658,returned,2025-11-13 09:28:17,2025-11-18 09:28:17,Oaxaca
SHP-ORD00000229,ORD00000229,DHL,TRK7718711840,failed,2025-11-24 05:56:49,2025-11-28 05:56:49,Monterrey
SHP-ORD00000230,ORD00000230,FedEx,TRK8868513345,delivered,2026-03-20 11:38:08,2026-03-25 11:38:08,Mérida
SHP-ORD00000233,ORD00000233,FedEx,TRK2906150488,returned,2025-05-20 06:14:34,2025-05-26 06:14:34,Cancún
SHP-ORD00000234,ORD00000234,Redpack,TRK3794774430,delivered,2025-04-07 03:16:02,2025-04-10 03:16:02,Querétaro
SHP-ORD00000235,ORD00000235,Redpack,TRK3989660798,delivered,2025-10-14 23:23:36,2025-10-15 23:23:36,Oaxaca
SHP-ORD00000237,ORD00000237,FedEx,TRK5841769286,delivered,2025-10-12 16:40:11,2025-10-18 16:40:11,Mérida
SHP-ORD00000242,ORD00000242,Paquetexpress,TRK1637968739,delivered,2025-09-14 11:36:22,2025-09-19 11:36:22,Mérida
SHP-ORD00000245,ORD00000245,FedEx,TRK8287716789,delivered,2025-12-12 21:26:29,2025-12-16 21:26:29,Guadalajara
SHP-ORD00000246,ORD00000246,Redpack,TRK7502748648,returned,2025-09-15 11:16:56,2025-09-22 11:16:56,León
SHP-ORD00000248,ORD00000248,Estafeta,TRK1255389896,in_transit,2026-02-17 21:21:49,2026-02-18 21:21:49,Monterrey
SHP-ORD00000249,ORD00000249,DHL,TRK9172891099,delivered,2025-09-13 21:08:19,2025-09-14 21:08:19,Cancún
SHP-ORD00000250,ORD00000250,Paquetexpress,TRK2008705424,returned,2025-08-28 17:51:03,2025-09-02 17:51:03,Monterrey
SHP-ORD00000251,ORD00000251,FedEx,TRK9414632199,delivered,2025-08-19 06:24:44,2025-08-20 06:24:44,León
SHP-ORD00000252,ORD00000252,FedEx,TRK3598352430,failed,2026-04-25 22:04:30,2026-04-30 22:04:30,Querétaro
SHP-ORD00000253,ORD00000253,Estafeta,TRK8167553340,delivered,2025-08-08 15:14:12,2025-08-13 15:14:12,Tijuana
SHP-ORD00000255,ORD00000255,Paquetexpress,TRK6007955742,delivered,2026-02-17 17:04:10,2026-02-18 17:04:10,León
SHP-ORD00000257,ORD00000257,Redpack,TRK7293569026,delivered,2026-01-15 21:21:41,2026-01-17 21:21:41,Mérida
SHP-ORD00000258,ORD00000258,Estafeta,TRK5813193987,failed,2025-04-01 03:04:29,2025-04-03 03:04:29,Cancún
SHP-ORD00000259,ORD00000259,Paquetexpress,TRK1018895156,delivered,2026-02-15 20:18:04,2026-02-20 20:18:04,León
SHP-ORD00000260,ORD00000260,DHL,TRK3824669259,delivered,2026-03-31 13:34:01,2026-04-01 13:34:01,Cancún
SHP-ORD00000263,ORD00000263,DHL,TRK5414375042,in_transit,2025-05-17 09:02:26,2025-05-18 09:02:26,Cancún
SHP-ORD00000265,ORD00000265,FedEx,TRK9279969893,delivered,2026-05-18 08:14:13,2026-05-24 08:14:13,Querétaro
SHP-ORD00000266,ORD00000266,DHL,TRK2437500650,delivered,2026-01-01 03:56:36,2026-01-03 03:56:36,Oaxaca
SHP-ORD00000267,ORD00000267,FedEx,TRK1446879162,returned,2025-05-04 14:41:24,2025-05-06 14:41:24,Mérida
SHP-ORD00000269,ORD00000269,Estafeta,TRK4803082817,delivered,2026-02-24 23:32:29,2026-03-01 23:32:29,Guadalajara
SHP-ORD00000270,ORD00000270,Estafeta,TRK5174347169,in_transit,2025-09-02 19:29:32,2025-09-03 19:29:32,León
SHP-ORD00000271,ORD00000271,Redpack,TRK8450718483,returned,2025-06-21 21:15:20,2025-06-23 21:15:20,Mérida
SHP-ORD00000274,ORD00000274,Paquetexpress,TRK1233723743,delivered,2025-01-12 22:20:13,2025-01-17 22:20:13,Monterrey
SHP-ORD00000276,ORD00000276,Redpack,TRK2706083530,delivered,2025-12-24 10:10:38,2025-12-29 10:10:38,Oaxaca
SHP-ORD00000277,ORD00000277,DHL,TRK3216477071,delivered,2025-12-06 07:41:17,2025-12-07 07:41:17,Mérida
SHP-ORD00000278,ORD00000278,Estafeta,TRK9997061172,delivered,2025-06-23 07:42:57,2025-06-29 07:42:57,Mérida
SHP-ORD00000279,ORD00000279,Estafeta,TRK4678366905,failed,2025-05-11 01:30:35,2025-05-15 01:30:35,Monterrey
SHP-ORD00000281,ORD00000281,DHL,TRK4090282377,delivered,2026-04-24 03:20:03,2026-04-28 03:20:03,Cancún
SHP-ORD00000282,ORD00000282,DHL,TRK3419948195,delivered,2025-07-09 02:50:20,2025-07-13 02:50:20,Cancún
SHP-ORD00000284,ORD00000284,DHL,TRK8281735965,delivered,2025-07-03 08:10:14,2025-07-09 08:10:14,Ciudad de México
SHP-ORD00000290,ORD00000290,DHL,TRK9994470362,failed,2025-07-18 23:50:51,2025-07-20 23:50:51,Guadalajara
SHP-ORD00000291,ORD00000291,DHL,TRK4126021417,delivered,2025-10-01 12:14:25,2025-10-04 12:14:25,Guadalajara
SHP-ORD00000292,ORD00000292,Paquetexpress,TRK2142681673,failed,2026-05-15 04:14:39,2026-05-21 04:14:39,Puebla
SHP-ORD00000295,ORD00000295,Paquetexpress,TRK7068319129,delivered,2025-06-26 06:23:52,2025-06-29 06:23:52,Ciudad de México
SHP-ORD00000297,ORD00000297,Estafeta,TRK1648573275,in_transit,2025-12-03 01:17:19,2025-12-10 01:17:19,Ciudad de México
SHP-ORD00000298,ORD00000298,FedEx,TRK7439945845,delivered,2026-01-31 15:37:30,2026-02-06 15:37:30,Ciudad de México
SHP-ORD00000300,ORD00000300,Paquetexpress,TRK5298359631,in_transit,2025-04-15 11:57:02,2025-04-20 11:57:02,Mérida
SHP-ORD00000301,ORD00000301,Paquetexpress,TRK1452231519,failed,2026-02-25 13:06:29,2026-03-03 13:06:29,Ciudad de México
SHP-ORD00000302,ORD00000302,FedEx,TRK3571524751,delivered,2025-01-24 17:41:16,2025-01-31 17:41:16,León
SHP-ORD00000305,ORD00000305,DHL,TRK1666660899,returned,2025-05-22 21:44:59,2025-05-25 21:44:59,Cancún
SHP-ORD00000306,ORD00000306,Estafeta,TRK7289778557,delivered,2025-04-07 09:14:20,2025-04-09 09:14:20,Tijuana
SHP-ORD00000310,ORD00000310,Estafeta,TRK2244199942,delivered,2025-08-13 21:40:58,2025-08-20 21:40:58,Puebla
SHP-ORD00000312,ORD00000312,Estafeta,TRK3213823173,delivered,2025-10-17 13:39:32,2025-10-22 13:39:32,Monterrey
SHP-ORD00000313,ORD00000313,DHL,TRK5642983526,delivered,2025-02-28 18:08:16,2025-03-06 18:08:16,León
SHP-ORD00000315,ORD00000315,FedEx,TRK2555084162,pending,2025-08-01 20:54:38,2025-08-05 20:54:38,León
SHP-ORD00000316,ORD00000316,FedEx,TRK6239280792,delivered,2025-07-19 01:11:36,2025-07-24 01:11:36,Puebla
SHP-ORD00000317,ORD00000317,FedEx,TRK1736874060,in_transit,2025-07-21 16:29:27,2025-07-28 16:29:27,Ciudad de México
SHP-ORD00000319,ORD00000319,Paquetexpress,TRK1141898790,delivered,2025-04-22 12:12:54,2025-04-27 12:12:54,Ciudad de México
SHP-ORD00000325,ORD00000325,FedEx,TRK2640711603,in_transit,2026-04-27 08:59:14,2026-05-04 08:59:14,Ciudad de México
SHP-ORD00000326,ORD00000326,DHL,TRK2866463749,pending,2025-12-20 03:20:02,2025-12-26 03:20:02,Monterrey
SHP-ORD00000328,ORD00000328,Estafeta,TRK7125519446,delivered,2025-09-23 05:04:23,2025-09-28 05:04:23,Ciudad de México
SHP-ORD00000329,ORD00000329,DHL,TRK7166030858,pending,2025-04-21 21:36:35,2025-04-23 21:36:35,Puebla
SHP-ORD00000330,ORD00000330,FedEx,TRK5147002320,delivered,2025-10-29 05:00:53,2025-10-30 05:00:53,Guadalajara
SHP-ORD00000333,ORD00000333,Paquetexpress,TRK2009995488,failed,2025-06-15 19:49:43,2025-06-22 19:49:43,Querétaro
SHP-ORD00000337,ORD00000337,Estafeta,TRK7969541487,returned,2025-01-19 01:09:18,2025-01-21 01:09:18,León
SHP-ORD00000338,ORD00000338,Redpack,TRK8282667387,delivered,2025-10-05 01:18:29,2025-10-07 01:18:29,Puebla
SHP-ORD00000341,ORD00000341,DHL,TRK5832982622,delivered,2025-07-25 14:21:09,2025-07-28 14:21:09,Querétaro
SHP-ORD00000343,ORD00000343,Redpack,TRK3765336251,delivered,2026-05-03 20:50:29,2026-05-04 20:50:29,Guadalajara
SHP-ORD00000345,ORD00000345,FedEx,TRK5569493295,delivered,2025-06-04 06:56:02,2025-06-06 06:56:02,Tijuana
SHP-ORD00000347,ORD00000347,Paquetexpress,TRK8485331263,in_transit,2025-07-09 21:17:27,2025-07-16 21:17:27,Cancún
SHP-ORD00000348,ORD00000348,Estafeta,TRK5667878326,delivered,2025-01-11 19:40:35,2025-01-13 19:40:35,Mérida
SHP-ORD00000349,ORD00000349,Redpack,TRK3350053482,delivered,2025-07-25 21:11:09,2025-07-29 21:11:09,Querétaro
SHP-ORD00000353,ORD00000353,Paquetexpress,TRK4252461024,failed,2025-12-05 11:01:30,2025-12-10 11:01:30,Cancún
SHP-ORD00000354,ORD00000354,Estafeta,TRK5405799173,returned,2025-07-04 22:33:31,2025-07-10 22:33:31,Mérida
SHP-ORD00000355,ORD00000355,Redpack,TRK1749101915,in_transit,2025-08-10 05:56:35,2025-08-14 05:56:35,Monterrey
SHP-ORD00000357,ORD00000357,DHL,TRK9576227156,pending,2025-07-15 03:32:35,2025-07-16 03:32:35,Cancún
SHP-ORD00000358,ORD00000358,Estafeta,TRK9366356699,pending,2025-12-18 05:00:22,2025-12-23 05:00:22,Querétaro
SHP-ORD00000359,ORD00000359,FedEx,TRK6652866566,delivered,2025-10-07 02:28:01,2025-10-08 02:28:01,Guadalajara
SHP-ORD00000361,ORD00000361,Redpack,TRK1107235261,delivered,2025-12-15 04:48:49,2025-12-21 04:48:49,Mérida
SHP-ORD00000362,ORD00000362,Paquetexpress,TRK5666146193,delivered,2025-09-13 14:06:36,2025-09-16 14:06:36,Cancún
SHP-ORD00000364,ORD00000364,FedEx,TRK2483159947,in_transit,2025-03-06 18:54:29,2025-03-10 18:54:29,Puebla
SHP-ORD00000365,ORD00000365,Paquetexpress,TRK4932026073,delivered,2025-05-03 19:06:40,2025-05-07 19:06:40,Guadalajara
SHP-ORD00000367,ORD00000367,Paquetexpress,TRK4961364225,delivered,2025-08-15 07:16:11,2025-08-19 07:16:11,Cancún
SHP-ORD00000371,ORD00000371,FedEx,TRK6489115339,delivered,2025-02-12 16:29:04,2025-02-15 16:29:04,Querétaro
SHP-ORD00000376,ORD00000376,Estafeta,TRK5682960742,delivered,2026-03-28 05:49:36,2026-04-03 05:49:36,Tijuana
SHP-ORD00000377,ORD00000377,Estafeta,TRK2653659907,failed,2025-01-31 12:44:03,2025-02-05 12:44:03,Puebla
SHP-ORD00000379,ORD00000379,DHL,TRK3204097999,delivered,2025-10-19 07:01:00,2025-10-21 07:01:00,Ciudad de México
SHP-ORD00000381,ORD00000381,DHL,TRK9167759794,delivered,2026-02-25 09:15:49,2026-03-02 09:15:49,Oaxaca
SHP-ORD00000382,ORD00000382,Redpack,TRK7810152649,delivered,2025-03-25 03:15:27,2025-03-26 03:15:27,Monterrey
SHP-ORD00000384,ORD00000384,Estafeta,TRK5394630651,delivered,2025-02-27 16:01:47,2025-03-05 16:01:47,Oaxaca
SHP-ORD00000385,ORD00000385,Paquetexpress,TRK1606210556,delivered,2025-05-26 09:57:43,2025-05-29 09:57:43,Cancún
SHP-ORD00000387,ORD00000387,FedEx,TRK4318520630,delivered,2025-07-21 13:07:31,2025-07-26 13:07:31,Cancún
SHP-ORD00000389,ORD00000389,FedEx,TRK3920618933,returned,2025-01-28 08:11:02,2025-02-01 08:11:02,Cancún
SHP-ORD00000394,ORD00000394,Redpack,TRK5214600995,delivered,2025-12-07 04:03:21,2025-12-13 04:03:21,León
SHP-ORD00000395,ORD00000395,Estafeta,TRK4667719458,delivered,2025-12-15 14:56:46,2025-12-22 14:56:46,Guadalajara
SHP-ORD00000396,ORD00000396,Paquetexpress,TRK5436384177,failed,2025-02-19 09:22:08,2025-02-23 09:22:08,Mérida
SHP-ORD00000397,ORD00000397,Paquetexpress,TRK3299394555,in_transit,2025-04-17 23:01:01,2025-04-24 23:01:01,Cancún
SHP-ORD00000398,ORD00000398,Paquetexpress,TRK7131395563,delivered,2025-05-17 04:06:14,2025-05-19 04:06:14,Mérida
SHP-ORD00000400,ORD00000400,FedEx,TRK7359553565,delivered,2025-11-13 00:18:09,2025-11-16 00:18:09,Tijuana
SHP-ORD00000402,ORD00000402,Estafeta,TRK1329465650,delivered,2026-02-22 08:32:47,2026-02-25 08:32:47,Ciudad de México
SHP-ORD00000403,ORD00000403,Redpack,TRK6374917498,delivered,2026-02-08 16:32:00,2026-02-13 16:32:00,Mérida
SHP-ORD00000405,ORD00000405,Estafeta,TRK2781555430,delivered,2025-10-10 20:36:17,2025-10-13 20:36:17,Monterrey
SHP-ORD00000410,ORD00000410,DHL,TRK5716159137,delivered,2025-05-15 15:22:23,2025-05-22 15:22:23,Oaxaca
SHP-ORD00000413,ORD00000413,Paquetexpress,TRK2105071808,returned,2025-01-19 16:14:48,2025-01-26 16:14:48,Mérida
SHP-ORD00000416,ORD00000416,Paquetexpress,TRK5621437100,delivered,2025-11-01 19:03:35,2025-11-02 19:03:35,Oaxaca
SHP-ORD00000418,ORD00000418,Paquetexpress,TRK4305320825,delivered,2025-03-14 18:01:40,2025-03-19 18:01:40,Tijuana
SHP-ORD00000419,ORD00000419,FedEx,TRK7753327998,delivered,2025-03-14 15:03:20,2025-03-15 15:03:20,Mérida
SHP-ORD00000420,ORD00000420,Estafeta,TRK8513234975,delivered,2026-03-08 21:50:39,2026-03-14 21:50:39,Guadalajara
SHP-ORD00000424,ORD00000424,Estafeta,TRK5907113792,delivered,2025-04-03 06:45:02,2025-04-04 06:45:02,Puebla
SHP-ORD00000425,ORD00000425,Estafeta,TRK7236983840,returned,2025-08-26 13:10:07,2025-08-28 13:10:07,Tijuana
SHP-ORD00000426,ORD00000426,Redpack,TRK7931051926,pending,2025-06-10 01:44:35,2025-06-12 01:44:35,Ciudad de México
SHP-ORD00000427,ORD00000427,Paquetexpress,TRK6507287503,delivered,2025-10-04 12:28:25,2025-10-10 12:28:25,Querétaro
SHP-ORD00000429,ORD00000429,Estafeta,TRK5693052710,delivered,2025-01-31 03:59:42,2025-02-07 03:59:42,Monterrey
SHP-ORD00000430,ORD00000430,Estafeta,TRK3177291919,in_transit,2025-02-06 22:28:10,2025-02-08 22:28:10,Monterrey
SHP-ORD00000431,ORD00000431,Estafeta,TRK7670633380,failed,2025-01-02 11:34:09,2025-01-05 11:34:09,Querétaro
SHP-ORD00000433,ORD00000433,Paquetexpress,TRK8327720055,in_transit,2025-12-06 05:59:08,2025-12-13 05:59:08,León
SHP-ORD00000434,ORD00000434,Estafeta,TRK9465358708,failed,2025-07-14 05:48:45,2025-07-19 05:48:45,Cancún
SHP-ORD00000436,ORD00000436,FedEx,TRK8495246265,failed,2025-07-04 18:26:12,2025-07-06 18:26:12,Cancún
SHP-ORD00000438,ORD00000438,DHL,TRK5284444518,returned,2025-01-03 10:54:33,2025-01-10 10:54:33,León
SHP-ORD00000440,ORD00000440,Redpack,TRK9051354530,delivered,2025-07-29 05:23:52,2025-08-03 05:23:52,Tijuana
SHP-ORD00000441,ORD00000441,Paquetexpress,TRK3695080093,delivered,2025-09-23 13:02:07,2025-09-29 13:02:07,Tijuana
SHP-ORD00000443,ORD00000443,Paquetexpress,TRK5856637968,delivered,2025-04-28 09:39:13,2025-05-03 09:39:13,León
SHP-ORD00000444,ORD00000444,Estafeta,TRK3529683662,delivered,2026-01-05 23:36:52,2026-01-07 23:36:52,Guadalajara
SHP-ORD00000445,ORD00000445,Paquetexpress,TRK4986313505,delivered,2025-11-06 13:44:37,2025-11-13 13:44:37,Monterrey
SHP-ORD00000447,ORD00000447,FedEx,TRK5648274457,delivered,2025-09-27 06:17:36,2025-09-30 06:17:36,Monterrey
SHP-ORD00000451,ORD00000451,Redpack,TRK2593009465,failed,2025-06-16 21:20:08,2025-06-23 21:20:08,Tijuana
SHP-ORD00000453,ORD00000453,Redpack,TRK3941630610,delivered,2026-03-05 16:08:56,2026-03-10 16:08:56,Puebla
SHP-ORD00000455,ORD00000455,Redpack,TRK4383964675,pending,2025-05-18 12:18:25,2025-05-23 12:18:25,Guadalajara
SHP-ORD00000456,ORD00000456,Estafeta,TRK9506694810,delivered,2025-05-06 14:57:03,2025-05-11 14:57:03,Oaxaca
SHP-ORD00000457,ORD00000457,Redpack,TRK4060584334,delivered,2026-01-21 12:49:16,2026-01-24 12:49:16,Ciudad de México
SHP-ORD00000458,ORD00000458,Redpack,TRK5676789571,delivered,2025-01-07 23:39:02,2025-01-11 23:39:02,Puebla
SHP-ORD00000459,ORD00000459,Estafeta,TRK8801824587,delivered,2025-07-12 20:28:22,2025-07-17 20:28:22,Tijuana
SHP-ORD00000463,ORD00000463,FedEx,TRK4178696403,returned,2025-02-03 00:24:02,2025-02-10 00:24:02,Ciudad de México
SHP-ORD00000465,ORD00000465,Redpack,TRK2680416101,delivered,2025-01-06 01:32:50,2025-01-07 01:32:50,León
SHP-ORD00000466,ORD00000466,DHL,TRK1310578306,pending,2025-08-19 01:26:27,2025-08-21 01:26:27,Guadalajara
SHP-ORD00000467,ORD00000467,Redpack,TRK1588010712,pending,2025-04-01 05:29:55,2025-04-05 05:29:55,Cancún
SHP-ORD00000468,ORD00000468,Estafeta,TRK7405299536,delivered,2025-06-29 14:27:40,2025-07-04 14:27:40,Oaxaca
SHP-ORD00000470,ORD00000470,DHL,TRK6448472160,delivered,2026-05-22 02:54:43,2026-05-25 02:54:43,Ciudad de México
SHP-ORD00000475,ORD00000475,FedEx,TRK6379041417,delivered,2025-01-15 06:37:13,2025-01-21 06:37:13,Ciudad de México
SHP-ORD00000479,ORD00000479,Paquetexpress,TRK3125845585,pending,2025-07-11 21:58:11,2025-07-12 21:58:11,Cancún
SHP-ORD00000481,ORD00000481,Estafeta,TRK2463583017,delivered,2025-12-12 06:04:38,2025-12-18 06:04:38,Querétaro
SHP-ORD00000482,ORD00000482,Paquetexpress,TRK3978931167,delivered,2025-08-09 16:14:16,2025-08-16 16:14:16,Ciudad de México
SHP-ORD00000483,ORD00000483,Paquetexpress,TRK1346778467,delivered,2025-06-20 17:12:56,2025-06-27 17:12:56,Oaxaca
SHP-ORD00000484,ORD00000484,Redpack,TRK8967892809,delivered,2026-03-10 08:56:19,2026-03-16 08:56:19,Monterrey
SHP-ORD00000489,ORD00000489,FedEx,TRK8476141932,failed,2025-08-07 21:12:23,2025-08-09 21:12:23,Tijuana
SHP-ORD00000490,ORD00000490,DHL,TRK8361698916,in_transit,2026-01-10 03:12:13,2026-01-11 03:12:13,Mérida
SHP-ORD00000491,ORD00000491,Estafeta,TRK8478286950,failed,2025-07-23 02:00:21,2025-07-26 02:00:21,Guadalajara
SHP-ORD00000492,ORD00000492,Redpack,TRK4522019186,delivered,2025-04-27 10:36:21,2025-04-29 10:36:21,Cancún
SHP-ORD00000493,ORD00000493,Paquetexpress,TRK3831902294,pending,2025-08-03 20:48:55,2025-08-10 20:48:55,Querétaro
SHP-ORD00000494,ORD00000494,DHL,TRK2856113364,returned,2025-05-30 19:43:25,2025-06-06 19:43:25,León
SHP-ORD00000495,ORD00000495,Estafeta,TRK6411942622,delivered,2025-10-03 18:40:32,2025-10-06 18:40:32,Tijuana
SHP-ORD00000496,ORD00000496,Paquetexpress,TRK8569756729,delivered,2026-03-01 17:59:15,2026-03-02 17:59:15,Cancún
SHP-ORD00000498,ORD00000498,DHL,TRK2949072750,pending,2025-03-12 21:16:28,2025-03-15 21:16:28,Mérida
SHP-ORD00000499,ORD00000499,Estafeta,TRK1032730045,delivered,2025-10-21 02:34:29,2025-10-27 02:34:29,Tijuana
SHP-ORD00000501,ORD00000501,FedEx,TRK5130010270,returned,2025-05-27 23:41:00,2025-06-02 23:41:00,Puebla
SHP-ORD00000502,ORD00000502,FedEx,TRK2206176822,delivered,2025-11-10 10:04:51,2025-11-14 10:04:51,León
SHP-ORD00000505,ORD00000505,DHL,TRK5807074150,pending,2026-01-01 05:18:15,2026-01-03 05:18:15,Mérida
SHP-ORD00000506,ORD00000506,Estafeta,TRK9169271401,delivered,2026-04-21 00:59:58,2026-04-25 00:59:58,León
SHP-ORD00000508,ORD00000508,DHL,TRK7816499609,delivered,2025-06-23 07:07:15,2025-06-28 07:07:15,Querétaro
SHP-ORD00000509,ORD00000509,FedEx,TRK9102577299,delivered,2025-12-31 23:15:30,2026-01-07 23:15:30,Ciudad de México
SHP-ORD00000510,ORD00000510,DHL,TRK4026831092,delivered,2026-05-09 00:20:10,2026-05-12 00:20:10,Puebla
SHP-ORD00000512,ORD00000512,Estafeta,TRK3316848009,delivered,2026-05-13 03:26:08,2026-05-15 03:26:08,León
SHP-ORD00000516,ORD00000516,Paquetexpress,TRK3539685957,delivered,2025-10-13 05:19:04,2025-10-16 05:19:04,Querétaro
SHP-ORD00000518,ORD00000518,FedEx,TRK3253771113,returned,2025-01-23 12:20:26,2025-01-25 12:20:26,Ciudad de México
SHP-ORD00000521,ORD00000521,FedEx,TRK3283553179,delivered,2025-10-16 07:32:37,2025-10-18 07:32:37,Ciudad de México
SHP-ORD00000522,ORD00000522,Redpack,TRK9807329398,delivered,2026-03-07 00:02:53,2026-03-13 00:02:53,Monterrey
SHP-ORD00000523,ORD00000523,DHL,TRK5449231486,delivered,2026-04-28 22:57:45,2026-05-01 22:57:45,Querétaro
SHP-ORD00000524,ORD00000524,Estafeta,TRK8100154842,delivered,2026-03-17 09:08:24,2026-03-23 09:08:24,Tijuana
SHP-ORD00000526,ORD00000526,Redpack,TRK9293068750,delivered,2025-01-16 15:12:36,2025-01-17 15:12:36,Guadalajara
SHP-ORD00000527,ORD00000527,DHL,TRK1098637060,delivered,2026-04-05 22:56:38,2026-04-10 22:56:38,Querétaro
SHP-ORD00000528,ORD00000528,FedEx,TRK4055276650,delivered,2025-03-20 16:33:52,2025-03-24 16:33:52,Guadalajara
SHP-ORD00000531,ORD00000531,Paquetexpress,TRK5001645015,pending,2025-02-23 14:28:32,2025-02-28 14:28:32,Guadalajara
SHP-ORD00000532,ORD00000532,Paquetexpress,TRK7794177751,failed,2025-02-13 12:39:50,2025-02-20 12:39:50,Mérida
SHP-ORD00000533,ORD00000533,Estafeta,TRK7828132350,delivered,2025-06-21 19:37:07,2025-06-24 19:37:07,Guadalajara
SHP-ORD00000534,ORD00000534,Estafeta,TRK2335846713,delivered,2025-11-17 18:38:22,2025-11-19 18:38:22,Guadalajara
SHP-ORD00000536,ORD00000536,Estafeta,TRK4867614559,returned,2025-06-07 16:05:02,2025-06-10 16:05:02,Tijuana
SHP-ORD00000538,ORD00000538,DHL,TRK1996877618,delivered,2025-08-22 05:24:49,2025-08-29 05:24:49,Cancún
SHP-ORD00000539,ORD00000539,Paquetexpress,TRK5108709659,delivered,2025-07-15 18:41:07,2025-07-21 18:41:07,Guadalajara
SHP-ORD00000543,ORD00000543,FedEx,TRK9970619552,delivered,2026-02-10 07:23:25,2026-02-17 07:23:25,Puebla
SHP-ORD00000544,ORD00000544,FedEx,TRK3178893706,in_transit,2026-05-05 05:40:14,2026-05-12 05:40:14,León
SHP-ORD00000545,ORD00000545,FedEx,TRK6676386446,failed,2025-07-26 15:15:15,2025-07-29 15:15:15,Oaxaca
SHP-ORD00000546,ORD00000546,Paquetexpress,TRK6655710868,failed,2026-04-09 20:09:11,2026-04-15 20:09:11,Oaxaca
SHP-ORD00000547,ORD00000547,FedEx,TRK8856327265,pending,2026-02-01 20:53:55,2026-02-06 20:53:55,Oaxaca
SHP-ORD00000548,ORD00000548,DHL,TRK6299846897,delivered,2025-12-19 23:20:56,2025-12-23 23:20:56,Querétaro
SHP-ORD00000549,ORD00000549,Paquetexpress,TRK3398191409,delivered,2026-04-26 13:17:47,2026-04-28 13:17:47,Guadalajara
SHP-ORD00000550,ORD00000550,Paquetexpress,TRK7563425217,delivered,2026-01-22 18:57:57,2026-01-29 18:57:57,Puebla
SHP-ORD00000551,ORD00000551,Estafeta,TRK2395631877,failed,2025-01-03 14:12:11,2025-01-10 14:12:11,Oaxaca
SHP-ORD00000552,ORD00000552,FedEx,TRK5303805279,in_transit,2026-04-27 23:02:49,2026-04-29 23:02:49,Tijuana
SHP-ORD00000553,ORD00000553,Redpack,TRK8854038034,pending,2025-11-03 17:16:57,2025-11-07 17:16:57,Oaxaca
SHP-ORD00000556,ORD00000556,Paquetexpress,TRK1479630370,pending,2025-07-25 07:52:01,2025-07-31 07:52:01,Tijuana
SHP-ORD00000557,ORD00000557,DHL,TRK3671521795,delivered,2026-01-12 12:32:29,2026-01-16 12:32:29,Oaxaca
SHP-ORD00000558,ORD00000558,Paquetexpress,TRK9772418261,delivered,2025-06-14 00:08:54,2025-06-18 00:08:54,Guadalajara
SHP-ORD00000561,ORD00000561,DHL,TRK3627017868,delivered,2025-02-17 16:08:03,2025-02-24 16:08:03,Tijuana
SHP-ORD00000564,ORD00000564,Estafeta,TRK7274093890,delivered,2025-09-05 10:24:33,2025-09-09 10:24:33,Mérida
SHP-ORD00000565,ORD00000565,FedEx,TRK4558042174,delivered,2025-10-18 11:58:13,2025-10-23 11:58:13,Tijuana
SHP-ORD00000566,ORD00000566,FedEx,TRK3706523844,delivered,2026-03-11 01:07:44,2026-03-15 01:07:44,Guadalajara
SHP-ORD00000567,ORD00000567,FedEx,TRK4516913357,delivered,2026-04-02 15:54:46,2026-04-07 15:54:46,León
SHP-ORD00000568,ORD00000568,DHL,TRK1383120531,delivered,2026-02-07 01:08:58,2026-02-12 01:08:58,Querétaro
SHP-ORD00000569,ORD00000569,Redpack,TRK4747842148,delivered,2025-05-29 06:45:19,2025-06-03 06:45:19,Ciudad de México
SHP-ORD00000571,ORD00000571,Estafeta,TRK4292843514,returned,2025-10-02 11:06:28,2025-10-05 11:06:28,Oaxaca
SHP-ORD00000572,ORD00000572,Redpack,TRK9894249050,delivered,2025-04-22 15:22:53,2025-04-26 15:22:53,Monterrey
SHP-ORD00000573,ORD00000573,FedEx,TRK6636025446,delivered,2025-12-23 07:12:20,2025-12-26 07:12:20,León
SHP-ORD00000574,ORD00000574,DHL,TRK6066611371,delivered,2025-05-03 14:58:55,2025-05-05 14:58:55,León
SHP-ORD00000575,ORD00000575,Estafeta,TRK8283298024,pending,2025-05-11 06:58:29,2025-05-18 06:58:29,Querétaro
SHP-ORD00000576,ORD00000576,DHL,TRK1045209478,delivered,2025-05-09 07:43:41,2025-05-15 07:43:41,Guadalajara
SHP-ORD00000577,ORD00000577,Estafeta,TRK8956334369,delivered,2026-04-16 11:03:28,2026-04-21 11:03:28,Ciudad de México
SHP-ORD00000578,ORD00000578,Estafeta,TRK6526944373,delivered,2026-01-19 10:22:01,2026-01-20 10:22:01,Monterrey
SHP-ORD00000580,ORD00000580,Redpack,TRK3543390194,delivered,2025-06-15 19:36:09,2025-06-16 19:36:09,Tijuana
SHP-ORD00000581,ORD00000581,Estafeta,TRK1665825229,delivered,2025-10-30 12:04:07,2025-10-31 12:04:07,Puebla
SHP-ORD00000582,ORD00000582,FedEx,TRK7874190850,failed,2025-03-15 02:51:36,2025-03-21 02:51:36,Ciudad de México
SHP-ORD00000583,ORD00000583,DHL,TRK2392343096,in_transit,2026-04-19 15:56:17,2026-04-21 15:56:17,Tijuana
SHP-ORD00000584,ORD00000584,Estafeta,TRK3213104871,returned,2025-12-26 04:26:53,2026-01-02 04:26:53,Puebla
SHP-ORD00000587,ORD00000587,Paquetexpress,TRK2231557699,delivered,2025-01-12 13:57:47,2025-01-19 13:57:47,Monterrey
SHP-ORD00000588,ORD00000588,Redpack,TRK3581141381,delivered,2025-01-09 00:57:56,2025-01-13 00:57:56,Puebla
SHP-ORD00000589,ORD00000589,DHL,TRK9635784869,delivered,2025-02-23 23:39:24,2025-02-25 23:39:24,Oaxaca
SHP-ORD00000592,ORD00000592,Estafeta,TRK2957203286,delivered,2025-06-29 22:33:01,2025-07-01 22:33:01,Tijuana
SHP-ORD00000596,ORD00000596,DHL,TRK6711135015,delivered,2025-02-05 09:31:24,2025-02-06 09:31:24,Tijuana
SHP-ORD00000598,ORD00000598,Redpack,TRK5434184881,delivered,2025-04-27 12:22:59,2025-04-29 12:22:59,Querétaro
SHP-ORD00000599,ORD00000599,Paquetexpress,TRK8471405816,delivered,2025-02-04 23:20:13,2025-02-06 23:20:13,Oaxaca
SHP-ORD00000600,ORD00000600,Estafeta,TRK5087467739,delivered,2025-02-09 04:01:35,2025-02-15 04:01:35,Puebla
SHP-ORD00000601,ORD00000601,Estafeta,TRK7006428304,in_transit,2026-03-17 04:48:33,2026-03-20 04:48:33,Oaxaca
SHP-ORD00000602,ORD00000602,Paquetexpress,TRK5645543540,failed,2025-01-06 04:54:22,2025-01-13 04:54:22,Monterrey
SHP-ORD00000603,ORD00000603,Estafeta,TRK8431745027,delivered,2025-03-05 00:25:31,2025-03-11 00:25:31,Oaxaca
SHP-ORD00000604,ORD00000604,Redpack,TRK5978925443,returned,2025-02-16 12:23:07,2025-02-19 12:23:07,Ciudad de México
SHP-ORD00000606,ORD00000606,Redpack,TRK4382362550,delivered,2026-05-06 18:04:57,2026-05-07 18:04:57,Tijuana
SHP-ORD00000608,ORD00000608,Redpack,TRK3401599398,failed,2025-08-12 04:38:13,2025-08-17 04:38:13,Puebla
SHP-ORD00000610,ORD00000610,Paquetexpress,TRK6860467038,returned,2025-03-11 17:30:20,2025-03-17 17:30:20,Tijuana
SHP-ORD00000611,ORD00000611,Estafeta,TRK8923950116,delivered,2025-10-16 04:41:09,2025-10-21 04:41:09,Puebla
SHP-ORD00000612,ORD00000612,DHL,TRK5254825147,pending,2025-04-07 09:29:23,2025-04-12 09:29:23,Guadalajara
SHP-ORD00000613,ORD00000613,Redpack,TRK5445127373,in_transit,2025-02-08 07:49:53,2025-02-14 07:49:53,Monterrey
SHP-ORD00000614,ORD00000614,Estafeta,TRK2645028291,pending,2025-05-04 19:10:57,2025-05-11 19:10:57,Querétaro
SHP-ORD00000615,ORD00000615,DHL,TRK4535030723,delivered,2026-04-03 17:48:16,2026-04-10 17:48:16,Tijuana
SHP-ORD00000619,ORD00000619,Redpack,TRK8780412247,delivered,2026-02-20 22:04:40,2026-02-25 22:04:40,Guadalajara
SHP-ORD00000620,ORD00000620,DHL,TRK2413879975,delivered,2025-04-01 15:28:11,2025-04-03 15:28:11,Monterrey
SHP-ORD00000621,ORD00000621,DHL,TRK3876221733,failed,2025-01-04 05:54:42,2025-01-09 05:54:42,Mérida
SHP-ORD00000625,ORD00000625,FedEx,TRK6100242592,delivered,2026-04-26 17:17:39,2026-05-01 17:17:39,Mérida
SHP-ORD00000626,ORD00000626,Redpack,TRK7369444917,delivered,2025-09-01 21:37:54,2025-09-04 21:37:54,Querétaro
SHP-ORD00000629,ORD00000629,Estafeta,TRK3742724705,delivered,2025-11-26 21:38:50,2025-12-03 21:38:50,Querétaro
SHP-ORD00000630,ORD00000630,Estafeta,TRK4030022018,in_transit,2025-08-22 08:25:15,2025-08-24 08:25:15,Monterrey
SHP-ORD00000633,ORD00000633,Estafeta,TRK9398343911,delivered,2026-04-15 20:51:36,2026-04-21 20:51:36,Tijuana
SHP-ORD00000636,ORD00000636,DHL,TRK4172003612,delivered,2025-01-08 13:04:18,2025-01-13 13:04:18,Guadalajara
SHP-ORD00000637,ORD00000637,Estafeta,TRK3046854642,failed,2025-04-16 16:54:17,2025-04-23 16:54:17,Ciudad de México
SHP-ORD00000638,ORD00000638,Paquetexpress,TRK7251185888,returned,2025-12-02 20:20:29,2025-12-03 20:20:29,León
SHP-ORD00000640,ORD00000640,Paquetexpress,TRK8661084970,delivered,2025-06-04 17:47:30,2025-06-06 17:47:30,Monterrey
SHP-ORD00000641,ORD00000641,FedEx,TRK1147572925,delivered,2026-02-24 13:22:51,2026-03-03 13:22:51,Tijuana
SHP-ORD00000642,ORD00000642,DHL,TRK9053829267,pending,2026-03-08 21:36:21,2026-03-14 21:36:21,Guadalajara
SHP-ORD00000645,ORD00000645,Redpack,TRK9887931228,delivered,2025-02-23 13:14:27,2025-02-24 13:14:27,Monterrey
SHP-ORD00000646,ORD00000646,Paquetexpress,TRK9848903316,delivered,2025-10-11 12:18:16,2025-10-13 12:18:16,Monterrey
SHP-ORD00000647,ORD00000647,FedEx,TRK4411510012,delivered,2026-02-04 21:32:58,2026-02-08 21:32:58,Tijuana
SHP-ORD00000648,ORD00000648,FedEx,TRK6359259187,pending,2025-07-20 02:02:47,2025-07-25 02:02:47,Tijuana
SHP-ORD00000650,ORD00000650,Paquetexpress,TRK4444238107,returned,2025-06-14 17:21:58,2025-06-20 17:21:58,Querétaro
SHP-ORD00000651,ORD00000651,Paquetexpress,TRK7662399601,pending,2025-10-30 06:26:22,2025-11-04 06:26:22,Oaxaca
SHP-ORD00000653,ORD00000653,Estafeta,TRK2429550471,failed,2025-08-03 23:47:26,2025-08-04 23:47:26,León
SHP-ORD00000654,ORD00000654,FedEx,TRK4937967458,delivered,2025-10-16 23:23:10,2025-10-18 23:23:10,Cancún
SHP-ORD00000656,ORD00000656,DHL,TRK5244837082,delivered,2025-02-05 08:08:51,2025-02-12 08:08:51,Monterrey
SHP-ORD00000658,ORD00000658,Estafeta,TRK2065289302,delivered,2025-10-16 18:51:43,2025-10-20 18:51:43,Monterrey
SHP-ORD00000659,ORD00000659,DHL,TRK9924731145,returned,2026-05-08 06:48:22,2026-05-14 06:48:22,Ciudad de México
SHP-ORD00000660,ORD00000660,DHL,TRK5510096245,delivered,2025-08-17 19:40:07,2025-08-18 19:40:07,Oaxaca
SHP-ORD00000661,ORD00000661,FedEx,TRK3383025067,delivered,2025-03-14 14:10:42,2025-03-17 14:10:42,Guadalajara
SHP-ORD00000662,ORD00000662,Estafeta,TRK6522045113,delivered,2025-03-24 00:44:14,2025-03-31 00:44:14,Cancún
SHP-ORD00000663,ORD00000663,Estafeta,TRK8016229335,returned,2025-10-15 18:31:25,2025-10-22 18:31:25,Cancún
SHP-ORD00000665,ORD00000665,Paquetexpress,TRK6738061163,failed,2026-04-22 03:21:37,2026-04-28 03:21:37,Mérida
SHP-ORD00000666,ORD00000666,DHL,TRK4508533334,in_transit,2025-02-28 06:16:26,2025-03-07 06:16:26,León
SHP-ORD00000667,ORD00000667,Estafeta,TRK8821252245,delivered,2025-05-27 07:58:56,2025-06-01 07:58:56,León
SHP-ORD00000671,ORD00000671,Estafeta,TRK7623657581,delivered,2025-06-09 13:59:37,2025-06-11 13:59:37,Ciudad de México
SHP-ORD00000673,ORD00000673,Redpack,TRK4448957244,in_transit,2025-12-03 09:06:55,2025-12-05 09:06:55,Querétaro
SHP-ORD00000675,ORD00000675,DHL,TRK2400024741,pending,2025-10-11 06:35:29,2025-10-16 06:35:29,Tijuana
SHP-ORD00000676,ORD00000676,Redpack,TRK3303105241,returned,2025-02-05 11:21:13,2025-02-06 11:21:13,Guadalajara
SHP-ORD00000677,ORD00000677,FedEx,TRK9230910861,delivered,2025-09-14 19:19:00,2025-09-21 19:19:00,Puebla
SHP-ORD00000678,ORD00000678,Redpack,TRK8988569528,pending,2025-05-19 22:52:36,2025-05-22 22:52:36,Guadalajara
SHP-ORD00000680,ORD00000680,DHL,TRK8700967279,delivered,2025-03-29 21:04:27,2025-03-31 21:04:27,León
SHP-ORD00000683,ORD00000683,Redpack,TRK2504309148,delivered,2025-02-26 18:20:18,2025-03-05 18:20:18,Cancún
SHP-ORD00000684,ORD00000684,DHL,TRK7653108396,in_transit,2025-11-15 21:24:52,2025-11-20 21:24:52,Cancún
SHP-ORD00000686,ORD00000686,FedEx,TRK6493821459,returned,2025-01-04 06:48:21,2025-01-07 06:48:21,Monterrey
SHP-ORD00000688,ORD00000688,Estafeta,TRK7224493112,delivered,2026-03-24 15:34:09,2026-03-26 15:34:09,Monterrey
SHP-ORD00000689,ORD00000689,FedEx,TRK7661083674,delivered,2025-02-01 06:33:22,2025-02-05 06:33:22,Mérida
SHP-ORD00000690,ORD00000690,DHL,TRK3318540994,returned,2025-10-28 12:45:54,2025-10-29 12:45:54,Querétaro
SHP-ORD00000692,ORD00000692,FedEx,TRK8349832689,delivered,2025-06-30 21:07:47,2025-07-06 21:07:47,León
SHP-ORD00000693,ORD00000693,Paquetexpress,TRK2885030234,returned,2025-07-21 11:06:03,2025-07-28 11:06:03,Querétaro
SHP-ORD00000694,ORD00000694,Paquetexpress,TRK2785173101,delivered,2025-03-20 01:01:16,2025-03-23 01:01:16,Guadalajara
SHP-ORD00000695,ORD00000695,Estafeta,TRK4496947722,in_transit,2026-02-23 20:00:46,2026-02-28 20:00:46,León
SHP-ORD00000696,ORD00000696,Estafeta,TRK8594845207,delivered,2026-01-08 19:33:02,2026-01-11 19:33:02,Guadalajara
SHP-ORD00000698,ORD00000698,FedEx,TRK9828391805,delivered,2025-04-17 18:37:14,2025-04-24 18:37:14,Guadalajara
SHP-ORD00000699,ORD00000699,Redpack,TRK2481123965,delivered,2026-02-15 02:51:24,2026-02-21 02:51:24,León
SHP-ORD00000700,ORD00000700,DHL,TRK2967767888,delivered,2025-04-09 12:44:45,2025-04-13 12:44:45,León
SHP-ORD00000703,ORD00000703,Redpack,TRK4049981121,delivered,2025-01-03 22:47:45,2025-01-06 22:47:45,Guadalajara
SHP-ORD00000706,ORD00000706,FedEx,TRK6848256026,delivered,2026-03-31 18:01:03,2026-04-05 18:01:03,Guadalajara
SHP-ORD00000707,ORD00000707,DHL,TRK7104373802,returned,2025-11-25 01:37:51,2025-11-28 01:37:51,Puebla
SHP-ORD00000709,ORD00000709,Paquetexpress,TRK9837443852,returned,2025-05-12 04:13:43,2025-05-15 04:13:43,Tijuana
SHP-ORD00000710,ORD00000710,Redpack,TRK3463786926,delivered,2025-06-19 13:46:26,2025-06-24 13:46:26,Ciudad de México
SHP-ORD00000712,ORD00000712,Redpack,TRK1395537267,delivered,2025-09-22 05:21:03,2025-09-29 05:21:03,Oaxaca
SHP-ORD00000714,ORD00000714,DHL,TRK3784721965,pending,2025-01-23 13:45:38,2025-01-28 13:45:38,Mérida
SHP-ORD00000715,ORD00000715,FedEx,TRK6755201445,failed,2025-06-05 20:29:42,2025-06-06 20:29:42,Guadalajara
SHP-ORD00000717,ORD00000717,Estafeta,TRK2154779756,delivered,2025-03-11 15:49:59,2025-03-13 15:49:59,Puebla
SHP-ORD00000719,ORD00000719,Paquetexpress,TRK2912383978,pending,2025-05-22 10:07:56,2025-05-24 10:07:56,Oaxaca
SHP-ORD00000720,ORD00000720,Estafeta,TRK3072263755,delivered,2025-06-18 11:45:36,2025-06-21 11:45:36,Guadalajara
SHP-ORD00000722,ORD00000722,Estafeta,TRK1282134910,delivered,2025-10-16 20:44:03,2025-10-20 20:44:03,Tijuana
SHP-ORD00000724,ORD00000724,FedEx,TRK8836870165,returned,2026-03-26 14:44:23,2026-03-28 14:44:23,Mérida
SHP-ORD00000727,ORD00000727,FedEx,TRK8567005122,returned,2025-06-26 23:09:54,2025-07-01 23:09:54,Oaxaca
SHP-ORD00000732,ORD00000732,Estafeta,TRK7862069179,delivered,2025-04-06 09:44:52,2025-04-11 09:44:52,Cancún
SHP-ORD00000733,ORD00000733,Paquetexpress,TRK3047098653,returned,2025-03-20 18:58:19,2025-03-25 18:58:19,Querétaro
SHP-ORD00000735,ORD00000735,Redpack,TRK9270375781,failed,2025-05-01 09:11:02,2025-05-06 09:11:02,Ciudad de México
SHP-ORD00000737,ORD00000737,Paquetexpress,TRK8313222939,delivered,2025-03-25 13:47:33,2025-03-30 13:47:33,Mérida
SHP-ORD00000738,ORD00000738,DHL,TRK7510061478,pending,2026-03-14 21:33:36,2026-03-21 21:33:36,Tijuana
SHP-ORD00000739,ORD00000739,Paquetexpress,TRK8112083519,returned,2025-02-16 20:44:40,2025-02-18 20:44:40,Cancún
SHP-ORD00000740,ORD00000740,Redpack,TRK5693956344,failed,2025-02-06 13:28:28,2025-02-11 13:28:28,Ciudad de México
SHP-ORD00000741,ORD00000741,DHL,TRK1000533277,delivered,2026-03-19 14:13:32,2026-03-26 14:13:32,Tijuana
SHP-ORD00000742,ORD00000742,DHL,TRK1216026769,in_transit,2026-01-24 07:14:54,2026-01-31 07:14:54,Mérida
SHP-ORD00000744,ORD00000744,DHL,TRK6561258966,delivered,2026-02-21 00:49:53,2026-02-23 00:49:53,Guadalajara
SHP-ORD00000745,ORD00000745,Redpack,TRK1429501266,delivered,2025-12-08 08:05:56,2025-12-09 08:05:56,Puebla
SHP-ORD00000746,ORD00000746,Estafeta,TRK8980116708,failed,2025-11-24 20:00:53,2025-11-30 20:00:53,Puebla
SHP-ORD00000748,ORD00000748,Paquetexpress,TRK8859595962,delivered,2026-03-16 17:49:58,2026-03-23 17:49:58,Querétaro
SHP-ORD00000749,ORD00000749,FedEx,TRK7010107441,delivered,2025-12-06 23:48:19,2025-12-13 23:48:19,Querétaro
SHP-ORD00000752,ORD00000752,DHL,TRK2887385916,delivered,2025-10-17 21:13:40,2025-10-20 21:13:40,Tijuana
SHP-ORD00000753,ORD00000753,DHL,TRK6611898685,returned,2025-05-07 10:09:50,2025-05-08 10:09:50,Guadalajara
SHP-ORD00000757,ORD00000757,DHL,TRK5682122411,in_transit,2025-01-07 19:41:06,2025-01-08 19:41:06,Tijuana
SHP-ORD00000761,ORD00000761,Estafeta,TRK6195560351,delivered,2026-03-24 07:52:25,2026-03-31 07:52:25,Ciudad de México
SHP-ORD00000762,ORD00000762,Redpack,TRK4241811087,in_transit,2025-09-13 14:29:43,2025-09-16 14:29:43,Puebla
SHP-ORD00000763,ORD00000763,Redpack,TRK9974090710,delivered,2025-05-29 06:03:35,2025-06-02 06:03:35,Monterrey
SHP-ORD00000764,ORD00000764,Estafeta,TRK2721552984,in_transit,2025-07-27 22:15:12,2025-08-03 22:15:12,Puebla
SHP-ORD00000765,ORD00000765,FedEx,TRK9877764040,delivered,2025-11-07 08:32:35,2025-11-08 08:32:35,Tijuana
SHP-ORD00000766,ORD00000766,Estafeta,TRK4006575895,in_transit,2025-02-22 15:42:48,2025-02-23 15:42:48,Querétaro
SHP-ORD00000769,ORD00000769,Paquetexpress,TRK3544783285,delivered,2025-12-02 03:19:40,2025-12-09 03:19:40,Oaxaca
SHP-ORD00000770,ORD00000770,FedEx,TRK9628146787,delivered,2025-08-06 03:11:02,2025-08-12 03:11:02,Cancún
SHP-ORD00000772,ORD00000772,Estafeta,TRK4123436983,delivered,2025-12-22 03:15:13,2025-12-27 03:15:13,Mérida
SHP-ORD00000773,ORD00000773,Redpack,TRK5744642844,delivered,2026-03-02 00:50:14,2026-03-06 00:50:14,Mérida
SHP-ORD00000774,ORD00000774,FedEx,TRK2533748666,delivered,2026-05-01 12:29:11,2026-05-06 12:29:11,Puebla
SHP-ORD00000775,ORD00000775,Redpack,TRK1424960407,delivered,2025-05-04 06:41:47,2025-05-05 06:41:47,Cancún
SHP-ORD00000776,ORD00000776,FedEx,TRK8403677029,delivered,2026-01-31 19:38:55,2026-02-02 19:38:55,Ciudad de México
SHP-ORD00000778,ORD00000778,Estafeta,TRK6332446812,failed,2025-09-28 18:07:44,2025-10-02 18:07:44,Guadalajara
SHP-ORD00000779,ORD00000779,Redpack,TRK4297241045,delivered,2025-05-20 23:56:27,2025-05-23 23:56:27,Guadalajara
SHP-ORD00000780,ORD00000780,FedEx,TRK8357773635,delivered,2025-10-31 08:18:37,2025-11-07 08:18:37,León
SHP-ORD00000781,ORD00000781,Estafeta,TRK1851376744,failed,2025-03-31 20:13:40,2025-04-05 20:13:40,Ciudad de México
SHP-ORD00000783,ORD00000783,Redpack,TRK5032250862,delivered,2025-07-31 08:06:00,2025-08-03 08:06:00,Cancún
SHP-ORD00000784,ORD00000784,DHL,TRK7422818845,delivered,2025-05-29 03:54:40,2025-06-04 03:54:40,Oaxaca
SHP-ORD00000786,ORD00000786,Estafeta,TRK2185593509,delivered,2025-10-15 19:31:22,2025-10-20 19:31:22,Querétaro
SHP-ORD00000787,ORD00000787,Paquetexpress,TRK9714440140,pending,2026-04-06 21:43:33,2026-04-09 21:43:33,León
SHP-ORD00000788,ORD00000788,DHL,TRK3396086481,delivered,2025-07-23 05:00:17,2025-07-29 05:00:17,Oaxaca
SHP-ORD00000789,ORD00000789,Paquetexpress,TRK9855072564,delivered,2025-06-24 12:40:45,2025-06-29 12:40:45,Querétaro
SHP-ORD00000790,ORD00000790,Estafeta,TRK1376142289,delivered,2025-02-21 20:22:39,2025-02-27 20:22:39,León
SHP-ORD00000791,ORD00000791,Redpack,TRK2167850715,pending,2025-08-19 20:11:30,2025-08-21 20:11:30,Tijuana
SHP-ORD00000792,ORD00000792,FedEx,TRK3446933793,failed,2026-01-26 06:25:14,2026-01-30 06:25:14,Puebla
SHP-ORD00000794,ORD00000794,FedEx,TRK2311234028,returned,2026-04-09 01:23:34,2026-04-13 01:23:34,Monterrey
SHP-ORD00000796,ORD00000796,DHL,TRK9214926184,delivered,2025-06-20 21:23:35,2025-06-27 21:23:35,Oaxaca
SHP-ORD00000802,ORD00000802,DHL,TRK6045236549,in_transit,2025-11-08 08:43:19,2025-11-15 08:43:19,León
SHP-ORD00000803,ORD00000803,Paquetexpress,TRK2221816986,delivered,2025-06-26 17:39:12,2025-06-30 17:39:12,Querétaro
SHP-ORD00000804,ORD00000804,FedEx,TRK8848673546,returned,2026-01-07 17:30:52,2026-01-13 17:30:52,Querétaro
SHP-ORD00000805,ORD00000805,DHL,TRK7396445681,delivered,2025-11-27 15:49:13,2025-11-28 15:49:13,Cancún
SHP-ORD00000806,ORD00000806,Paquetexpress,TRK7029549810,returned,2026-04-19 09:41:07,2026-04-21 09:41:07,Cancún
SHP-ORD00000807,ORD00000807,Paquetexpress,TRK8003152017,delivered,2025-05-01 00:47:27,2025-05-06 00:47:27,Puebla
SHP-ORD00000809,ORD00000809,FedEx,TRK9968908339,delivered,2025-07-30 00:03:52,2025-08-01 00:03:52,Guadalajara
SHP-ORD00000810,ORD00000810,Paquetexpress,TRK8192197669,delivered,2025-01-19 16:32:07,2025-01-22 16:32:07,Querétaro
SHP-ORD00000811,ORD00000811,DHL,TRK7313498110,pending,2025-11-16 12:43:41,2025-11-21 12:43:41,Guadalajara
SHP-ORD00000814,ORD00000814,DHL,TRK3685590722,delivered,2025-03-25 12:43:40,2025-03-28 12:43:40,Cancún
SHP-ORD00000817,ORD00000817,DHL,TRK5928013448,delivered,2026-05-16 00:31:27,2026-05-22 00:31:27,Oaxaca
SHP-ORD00000819,ORD00000819,Redpack,TRK8667533866,delivered,2025-11-11 05:44:41,2025-11-18 05:44:41,Monterrey
SHP-ORD00000820,ORD00000820,Estafeta,TRK5349490674,in_transit,2025-04-19 22:30:16,2025-04-21 22:30:16,Tijuana
SHP-ORD00000821,ORD00000821,Redpack,TRK4355912469,in_transit,2025-08-28 17:32:47,2025-09-04 17:32:47,Tijuana
SHP-ORD00000822,ORD00000822,Redpack,TRK7393489955,failed,2025-01-06 12:50:09,2025-01-09 12:50:09,Tijuana
SHP-ORD00000823,ORD00000823,Redpack,TRK3260957953,delivered,2025-05-10 18:38:33,2025-05-13 18:38:33,León
SHP-ORD00000824,ORD00000824,Redpack,TRK8710238084,delivered,2025-11-29 21:44:04,2025-12-02 21:44:04,León
SHP-ORD00000825,ORD00000825,FedEx,TRK3175014932,failed,2025-03-23 16:17:30,2025-03-29 16:17:30,Guadalajara
SHP-ORD00000826,ORD00000826,Paquetexpress,TRK8980780735,delivered,2025-07-30 19:05:26,2025-08-03 19:05:26,Oaxaca
SHP-ORD00000827,ORD00000827,DHL,TRK5111486104,returned,2026-03-28 21:48:48,2026-03-31 21:48:48,Puebla
SHP-ORD00000828,ORD00000828,DHL,TRK5997568263,delivered,2025-02-25 17:41:07,2025-03-02 17:41:07,Cancún
SHP-ORD00000829,ORD00000829,DHL,TRK7159534715,returned,2025-02-25 07:31:41,2025-03-04 07:31:41,Puebla
SHP-ORD00000830,ORD00000830,Estafeta,TRK1176477513,failed,2025-02-18 21:51:11,2025-02-19 21:51:11,Monterrey
SHP-ORD00000831,ORD00000831,Redpack,TRK4866183348,in_transit,2025-06-26 05:53:24,2025-07-02 05:53:24,Monterrey
SHP-ORD00000832,ORD00000832,DHL,TRK8728188902,delivered,2025-05-08 08:48:33,2025-05-14 08:48:33,Tijuana
SHP-ORD00000833,ORD00000833,Paquetexpress,TRK8258273046,delivered,2026-04-01 17:47:51,2026-04-04 17:47:51,Oaxaca
SHP-ORD00000834,ORD00000834,DHL,TRK9953623424,delivered,2025-06-28 05:53:54,2025-07-05 05:53:54,Monterrey
SHP-ORD00000835,ORD00000835,Paquetexpress,TRK8445051314,delivered,2026-03-30 16:54:18,2026-03-31 16:54:18,Guadalajara
SHP-ORD00000837,ORD00000837,Estafeta,TRK4732365917,returned,2026-03-30 01:09:32,2026-04-01 01:09:32,León
SHP-ORD00000838,ORD00000838,FedEx,TRK9837723102,delivered,2025-06-21 13:03:45,2025-06-23 13:03:45,Mérida
SHP-ORD00000840,ORD00000840,Estafeta,TRK3374172490,delivered,2025-04-26 07:19:17,2025-04-30 07:19:17,Puebla
SHP-ORD00000843,ORD00000843,Redpack,TRK2164466412,returned,2025-08-11 22:05:26,2025-08-18 22:05:26,Guadalajara
SHP-ORD00000845,ORD00000845,Redpack,TRK2941537368,in_transit,2026-05-04 23:15:16,2026-05-07 23:15:16,Mérida
SHP-ORD00000846,ORD00000846,Paquetexpress,TRK6947629913,delivered,2025-07-07 10:54:11,2025-07-09 10:54:11,Tijuana
SHP-ORD00000848,ORD00000848,Paquetexpress,TRK8287520216,delivered,2025-03-23 23:25:01,2025-03-24 23:25:01,Ciudad de México
SHP-ORD00000849,ORD00000849,Paquetexpress,TRK9130031388,delivered,2026-01-17 15:59:50,2026-01-23 15:59:50,Guadalajara
SHP-ORD00000853,ORD00000853,DHL,TRK1338625270,delivered,2025-06-12 17:19:59,2025-06-14 17:19:59,Cancún
SHP-ORD00000855,ORD00000855,Paquetexpress,TRK8680775002,delivered,2026-02-05 07:30:31,2026-02-07 07:30:31,Mérida
SHP-ORD00000860,ORD00000860,DHL,TRK6516251067,delivered,2026-05-18 18:27:45,2026-05-20 18:27:45,Tijuana
SHP-ORD00000861,ORD00000861,Redpack,TRK3884196755,failed,2026-02-15 10:22:36,2026-02-18 10:22:36,Mérida
SHP-ORD00000862,ORD00000862,Paquetexpress,TRK8566068863,failed,2026-04-09 10:20:32,2026-04-11 10:20:32,Mérida
SHP-ORD00000863,ORD00000863,Redpack,TRK8176681848,delivered,2026-02-27 22:19:40,2026-03-03 22:19:40,Tijuana
SHP-ORD00000865,ORD00000865,DHL,TRK6500396977,delivered,2025-05-28 15:39:29,2025-05-29 15:39:29,Querétaro
SHP-ORD00000866,ORD00000866,DHL,TRK6255873362,returned,2025-06-10 09:26:57,2025-06-16 09:26:57,Querétaro
SHP-ORD00000867,ORD00000867,Paquetexpress,TRK1496701130,delivered,2025-08-08 13:02:47,2025-08-14 13:02:47,Mérida
SHP-ORD00000868,ORD00000868,Estafeta,TRK7605517736,pending,2025-01-08 08:13:45,2025-01-11 08:13:45,Monterrey
SHP-ORD00000869,ORD00000869,FedEx,TRK7593861182,in_transit,2026-05-21 03:35:06,2026-05-23 03:35:06,Ciudad de México
SHP-ORD00000870,ORD00000870,DHL,TRK1975424670,in_transit,2025-07-31 19:56:18,2025-08-04 19:56:18,Cancún
SHP-ORD00000871,ORD00000871,DHL,TRK9481314258,in_transit,2026-01-01 17:29:20,2026-01-07 17:29:20,León
SHP-ORD00000873,ORD00000873,FedEx,TRK1513139960,delivered,2026-04-17 19:46:52,2026-04-22 19:46:52,Puebla
SHP-ORD00000877,ORD00000877,DHL,TRK3875762532,failed,2025-08-05 01:42:54,2025-08-10 01:42:54,Tijuana
SHP-ORD00000879,ORD00000879,Paquetexpress,TRK3969258325,returned,2026-03-04 10:35:47,2026-03-09 10:35:47,Puebla
SHP-ORD00000880,ORD00000880,DHL,TRK4387511801,delivered,2026-02-10 04:51:50,2026-02-17 04:51:50,Puebla
SHP-ORD00000882,ORD00000882,Estafeta,TRK2473140823,delivered,2025-08-05 21:48:22,2025-08-07 21:48:22,Puebla
SHP-ORD00000883,ORD00000883,FedEx,TRK9793880652,delivered,2025-03-14 12:42:29,2025-03-15 12:42:29,León
SHP-ORD00000886,ORD00000886,DHL,TRK4648364815,returned,2025-06-23 10:33:19,2025-06-29 10:33:19,Puebla
SHP-ORD00000887,ORD00000887,FedEx,TRK5036924130,delivered,2025-11-17 06:30:57,2025-11-21 06:30:57,Querétaro
SHP-ORD00000888,ORD00000888,Redpack,TRK7592031115,delivered,2025-04-21 06:16:03,2025-04-24 06:16:03,Ciudad de México
SHP-ORD00000890,ORD00000890,FedEx,TRK6166927383,pending,2025-07-25 22:40:40,2025-07-26 22:40:40,Oaxaca
SHP-ORD00000891,ORD00000891,Estafeta,TRK5045407243,pending,2025-04-24 22:45:28,2025-04-29 22:45:28,Querétaro
SHP-ORD00000893,ORD00000893,Paquetexpress,TRK9298530029,in_transit,2025-12-02 20:17:00,2025-12-04 20:17:00,León
SHP-ORD00000895,ORD00000895,Estafeta,TRK3925560786,delivered,2026-01-26 12:08:46,2026-01-29 12:08:46,Mérida
SHP-ORD00000896,ORD00000896,Redpack,TRK8618501212,failed,2026-01-19 13:03:15,2026-01-24 13:03:15,Cancún
SHP-ORD00000900,ORD00000900,FedEx,TRK7173078656,in_transit,2025-03-12 00:34:21,2025-03-14 00:34:21,Puebla
SHP-ORD00000901,ORD00000901,Estafeta,TRK3705762753,failed,2026-04-22 21:03:55,2026-04-27 21:03:55,Guadalajara
SHP-ORD00000903,ORD00000903,DHL,TRK8393629911,delivered,2025-05-07 18:13:03,2025-05-10 18:13:03,Mérida
SHP-ORD00000904,ORD00000904,Redpack,TRK9521160361,delivered,2025-08-31 20:37:40,2025-09-06 20:37:40,Tijuana
SHP-ORD00000905,ORD00000905,FedEx,TRK5123424500,delivered,2026-04-08 16:54:19,2026-04-11 16:54:19,Ciudad de México
SHP-ORD00000908,ORD00000908,FedEx,TRK8503558789,failed,2025-06-23 19:32:17,2025-06-25 19:32:17,León
SHP-ORD00000909,ORD00000909,Paquetexpress,TRK3543525576,delivered,2025-12-31 01:49:00,2026-01-01 01:49:00,Guadalajara
SHP-ORD00000910,ORD00000910,Estafeta,TRK7051696866,delivered,2025-01-24 03:27:27,2025-01-28 03:27:27,Oaxaca
SHP-ORD00000913,ORD00000913,Paquetexpress,TRK1155980414,delivered,2025-10-04 11:25:40,2025-10-11 11:25:40,Ciudad de México
SHP-ORD00000914,ORD00000914,Estafeta,TRK8540816189,delivered,2026-03-27 14:53:50,2026-03-31 14:53:50,Mérida
SHP-ORD00000916,ORD00000916,Redpack,TRK1602252708,delivered,2025-08-16 20:50:19,2025-08-17 20:50:19,Puebla
SHP-ORD00000918,ORD00000918,Redpack,TRK3422383318,delivered,2025-11-01 02:21:22,2025-11-08 02:21:22,Ciudad de México
SHP-ORD00000921,ORD00000921,Estafeta,TRK2213373370,failed,2026-04-07 16:48:44,2026-04-10 16:48:44,Ciudad de México
SHP-ORD00000922,ORD00000922,Paquetexpress,TRK3386968437,delivered,2025-12-07 14:26:32,2025-12-08 14:26:32,Querétaro
SHP-ORD00000924,ORD00000924,Paquetexpress,TRK4784697812,delivered,2025-01-16 05:15:00,2025-01-23 05:15:00,Querétaro
SHP-ORD00000925,ORD00000925,Paquetexpress,TRK4412952160,delivered,2025-11-05 20:39:23,2025-11-10 20:39:23,León
SHP-ORD00000926,ORD00000926,Redpack,TRK6029960206,pending,2025-04-24 22:56:24,2025-04-26 22:56:24,Monterrey
SHP-ORD00000927,ORD00000927,Estafeta,TRK2141665152,delivered,2025-11-21 18:02:58,2025-11-22 18:02:58,Ciudad de México
SHP-ORD00000928,ORD00000928,DHL,TRK2157193602,failed,2025-07-26 17:15:56,2025-08-02 17:15:56,Puebla
SHP-ORD00000929,ORD00000929,FedEx,TRK2085253826,delivered,2025-09-13 06:39:15,2025-09-15 06:39:15,Querétaro
SHP-ORD00000930,ORD00000930,DHL,TRK8728883463,failed,2025-09-23 20:26:07,2025-09-29 20:26:07,Puebla
SHP-ORD00000932,ORD00000932,Estafeta,TRK2645442861,delivered,2025-10-16 14:47:13,2025-10-20 14:47:13,Tijuana
SHP-ORD00000933,ORD00000933,FedEx,TRK3216011342,delivered,2025-11-13 09:52:14,2025-11-17 09:52:14,Oaxaca
SHP-ORD00000936,ORD00000936,FedEx,TRK8550633992,pending,2025-05-25 19:58:59,2025-05-27 19:58:59,Mérida
SHP-ORD00000937,ORD00000937,Paquetexpress,TRK7238650115,pending,2025-06-25 07:49:50,2025-06-30 07:49:50,Tijuana
SHP-ORD00000938,ORD00000938,Estafeta,TRK3318788935,delivered,2026-04-26 21:00:45,2026-05-02 21:00:45,Ciudad de México
SHP-ORD00000939,ORD00000939,FedEx,TRK7821883344,pending,2025-06-23 22:16:11,2025-06-29 22:16:11,León
SHP-ORD00000940,ORD00000940,Redpack,TRK3788085392,in_transit,2025-12-20 16:22:35,2025-12-23 16:22:35,Cancún
SHP-ORD00000941,ORD00000941,Paquetexpress,TRK5250222114,delivered,2025-12-21 11:53:15,2025-12-28 11:53:15,Ciudad de México
SHP-ORD00000943,ORD00000943,Estafeta,TRK2167228283,delivered,2025-07-22 13:00:21,2025-07-27 13:00:21,Puebla
SHP-ORD00000946,ORD00000946,DHL,TRK6088061279,delivered,2026-03-28 17:40:21,2026-03-31 17:40:21,Mérida
SHP-ORD00000947,ORD00000947,Redpack,TRK8549226770,delivered,2026-03-15 20:53:08,2026-03-22 20:53:08,León
SHP-ORD00000952,ORD00000952,Paquetexpress,TRK6260407495,failed,2025-07-30 23:41:18,2025-08-04 23:41:18,Oaxaca
SHP-ORD00000955,ORD00000955,DHL,TRK9597805224,delivered,2025-12-31 05:26:15,2026-01-01 05:26:15,Monterrey
SHP-ORD00000956,ORD00000956,Estafeta,TRK2406637162,delivered,2026-05-06 03:02:08,2026-05-08 03:02:08,Mérida
SHP-ORD00000957,ORD00000957,DHL,TRK2859532360,pending,2026-05-11 09:29:57,2026-05-12 09:29:57,Ciudad de México
SHP-ORD00000958,ORD00000958,DHL,TRK2735949815,delivered,2025-09-17 12:42:07,2025-09-24 12:42:07,Monterrey
SHP-ORD00000962,ORD00000962,Paquetexpress,TRK2943948934,delivered,2025-01-12 01:37:40,2025-01-16 01:37:40,Mérida
SHP-ORD00000967,ORD00000967,FedEx,TRK3230532046,pending,2025-06-10 04:24:02,2025-06-11 04:24:02,Oaxaca
SHP-ORD00000971,ORD00000971,Redpack,TRK3037196672,delivered,2025-03-11 14:16:19,2025-03-12 14:16:19,Oaxaca
SHP-ORD00000973,ORD00000973,FedEx,TRK8840226679,delivered,2025-08-17 18:46:50,2025-08-22 18:46:50,Puebla
SHP-ORD00000974,ORD00000974,Redpack,TRK3653156309,delivered,2025-02-19 23:29:33,2025-02-26 23:29:33,Monterrey
SHP-ORD00000975,ORD00000975,FedEx,TRK1652934483,delivered,2026-01-11 20:42:09,2026-01-16 20:42:09,Puebla
SHP-ORD00000977,ORD00000977,Estafeta,TRK5808129532,delivered,2025-11-07 10:19:02,2025-11-08 10:19:02,Ciudad de México
SHP-ORD00000978,ORD00000978,FedEx,TRK9026680532,delivered,2025-11-20 16:16:07,2025-11-26 16:16:07,Puebla
SHP-ORD00000979,ORD00000979,Redpack,TRK1401282912,delivered,2025-10-19 15:52:50,2025-10-24 15:52:50,Cancún
SHP-ORD00000980,ORD00000980,DHL,TRK1541666911,returned,2025-08-16 17:02:04,2025-08-22 17:02:04,Monterrey
SHP-ORD00000981,ORD00000981,Paquetexpress,TRK9890177150,returned,2025-01-25 00:14:39,2025-01-29 00:14:39,Ciudad de México
SHP-ORD00000983,ORD00000983,Estafeta,TRK2376736072,delivered,2025-01-21 03:42:16,2025-01-26 03:42:16,Tijuana
SHP-ORD00000986,ORD00000986,DHL,TRK2205420873,returned,2025-01-06 11:15:40,2025-01-08 11:15:40,Puebla
SHP-ORD00000987,ORD00000987,Paquetexpress,TRK6517725569,in_transit,2025-07-04 17:33:21,2025-07-09 17:33:21,Ciudad de México
SHP-ORD00000988,ORD00000988,Estafeta,TRK2277488275,delivered,2025-02-20 04:54:03,2025-02-24 04:54:03,Monterrey
SHP-ORD00000990,ORD00000990,DHL,TRK3608294691,delivered,2025-10-25 14:30:42,2025-10-27 14:30:42,Oaxaca
SHP-ORD00000997,ORD00000997,FedEx,TRK4436177377,delivered,2025-11-14 04:21:01,2025-11-18 04:21:01,Monterrey
SHP-ORD00000999,ORD00000999,DHL,TRK9646669239,delivered,2025-03-03 23:38:03,2025-03-06 23:38:03,Puebla
SHP-ORD00001000,ORD00001000,FedEx,TRK5780736887,in_transit,2025-11-08 05:45:57,2025-11-12 05:45:57,Tijuana
SHP-ORD00001002,ORD00001002,DHL,TRK9801968800,in_transit,2025-05-12 02:28:00,2025-05-16 02:28:00,Cancún
SHP-ORD00001006,ORD00001006,Estafeta,TRK9319820360,delivered,2025-04-25 19:26:25,2025-04-29 19:26:25,Ciudad de México
SHP-ORD00001009,ORD00001009,Redpack,TRK8275020798,delivered,2025-09-20 06:02:01,2025-09-23 06:02:01,Monterrey
SHP-ORD00001012,ORD00001012,Paquetexpress,TRK8794497405,returned,2026-04-26 22:53:49,2026-05-01 22:53:49,Puebla
SHP-ORD00001013,ORD00001013,DHL,TRK6547288778,delivered,2026-03-26 09:56:17,2026-03-28 09:56:17,Guadalajara
SHP-ORD00001014,ORD00001014,FedEx,TRK5243103981,failed,2025-06-14 09:04:20,2025-06-20 09:04:20,Cancún
SHP-ORD00001015,ORD00001015,DHL,TRK8372609359,failed,2026-01-19 12:18:45,2026-01-21 12:18:45,Mérida
SHP-ORD00001017,ORD00001017,Estafeta,TRK2088674318,returned,2025-06-01 06:03:25,2025-06-03 06:03:25,Guadalajara
SHP-ORD00001018,ORD00001018,Paquetexpress,TRK1780929582,in_transit,2025-09-29 12:48:42,2025-10-01 12:48:42,Tijuana
SHP-ORD00001021,ORD00001021,Estafeta,TRK7714953167,delivered,2025-05-07 23:33:21,2025-05-09 23:33:21,Guadalajara
SHP-ORD00001022,ORD00001022,FedEx,TRK4524393892,delivered,2026-05-06 14:08:39,2026-05-08 14:08:39,Tijuana
SHP-ORD00001023,ORD00001023,DHL,TRK7376607726,returned,2025-11-03 22:36:10,2025-11-06 22:36:10,Querétaro
SHP-ORD00001025,ORD00001025,DHL,TRK6610460808,delivered,2026-04-18 10:14:16,2026-04-25 10:14:16,Cancún
SHP-ORD00001027,ORD00001027,Estafeta,TRK6440038523,delivered,2025-09-22 01:09:35,2025-09-28 01:09:35,Cancún
SHP-ORD00001029,ORD00001029,Paquetexpress,TRK9586452377,pending,2025-08-21 03:47:46,2025-08-27 03:47:46,Puebla
SHP-ORD00001031,ORD00001031,Redpack,TRK2033095840,delivered,2026-01-14 13:09:36,2026-01-17 13:09:36,Tijuana
SHP-ORD00001032,ORD00001032,Redpack,TRK7332279026,delivered,2026-02-21 18:02:59,2026-02-26 18:02:59,Ciudad de México
SHP-ORD00001034,ORD00001034,DHL,TRK5118902787,delivered,2025-12-04 07:50:15,2025-12-11 07:50:15,León
SHP-ORD00001035,ORD00001035,DHL,TRK5118152303,delivered,2025-06-20 17:09:38,2025-06-26 17:09:38,Ciudad de México
SHP-ORD00001037,ORD00001037,Redpack,TRK4979654080,delivered,2026-05-08 04:07:03,2026-05-10 04:07:03,Guadalajara
SHP-ORD00001044,ORD00001044,DHL,TRK8163830297,in_transit,2025-06-17 02:18:46,2025-06-22 02:18:46,Puebla
SHP-ORD00001045,ORD00001045,Redpack,TRK6137848655,in_transit,2025-07-10 22:44:56,2025-07-11 22:44:56,León
SHP-ORD00001049,ORD00001049,Paquetexpress,TRK9752380061,returned,2025-05-19 05:43:32,2025-05-23 05:43:32,Ciudad de México
SHP-ORD00001051,ORD00001051,DHL,TRK2099515247,returned,2026-03-07 03:30:43,2026-03-14 03:30:43,Cancún
SHP-ORD00001052,ORD00001052,Redpack,TRK4759436232,delivered,2025-06-17 03:53:10,2025-06-24 03:53:10,León
SHP-ORD00001053,ORD00001053,Paquetexpress,TRK5317953388,failed,2025-03-03 03:09:31,2025-03-08 03:09:31,Puebla
SHP-ORD00001054,ORD00001054,DHL,TRK7415275449,in_transit,2026-05-03 01:25:51,2026-05-06 01:25:51,Guadalajara
SHP-ORD00001056,ORD00001056,Redpack,TRK4271767211,delivered,2026-01-31 08:27:17,2026-02-04 08:27:17,León
SHP-ORD00001057,ORD00001057,FedEx,TRK9786947943,failed,2025-03-24 05:46:56,2025-03-30 05:46:56,Cancún
SHP-ORD00001059,ORD00001059,Redpack,TRK2428155561,delivered,2025-05-05 20:43:53,2025-05-12 20:43:53,Tijuana
SHP-ORD00001061,ORD00001061,Paquetexpress,TRK3680344605,failed,2026-05-18 01:38:36,2026-05-21 01:38:36,Oaxaca
SHP-ORD00001062,ORD00001062,DHL,TRK9748084796,delivered,2025-08-28 09:16:18,2025-09-04 09:16:18,Mérida
SHP-ORD00001063,ORD00001063,Estafeta,TRK2843218439,returned,2025-06-07 18:04:28,2025-06-11 18:04:28,Oaxaca
SHP-ORD00001064,ORD00001064,FedEx,TRK2545257628,delivered,2025-10-28 14:50:27,2025-11-04 14:50:27,León
SHP-ORD00001065,ORD00001065,Redpack,TRK8226778935,returned,2026-02-01 10:06:04,2026-02-05 10:06:04,Mérida
SHP-ORD00001066,ORD00001066,Redpack,TRK7612977010,failed,2025-07-18 05:10:36,2025-07-22 05:10:36,Monterrey
SHP-ORD00001068,ORD00001068,Redpack,TRK5006464064,pending,2025-06-08 18:55:37,2025-06-14 18:55:37,León
SHP-ORD00001069,ORD00001069,Redpack,TRK6214376138,returned,2025-06-15 10:57:47,2025-06-18 10:57:47,Oaxaca
SHP-ORD00001071,ORD00001071,FedEx,TRK9036498224,delivered,2025-10-10 17:57:14,2025-10-14 17:57:14,Cancún
SHP-ORD00001072,ORD00001072,Redpack,TRK2925972236,delivered,2025-01-12 09:58:30,2025-01-15 09:58:30,Oaxaca
SHP-ORD00001073,ORD00001073,Paquetexpress,TRK3403243656,delivered,2025-04-27 21:52:02,2025-05-03 21:52:02,Oaxaca
SHP-ORD00001075,ORD00001075,DHL,TRK6890297893,delivered,2025-03-17 15:26:56,2025-03-19 15:26:56,Mérida
SHP-ORD00001076,ORD00001076,DHL,TRK1039965004,delivered,2026-02-12 15:28:36,2026-02-13 15:28:36,Ciudad de México
SHP-ORD00001077,ORD00001077,Paquetexpress,TRK5276414532,returned,2026-03-22 13:51:05,2026-03-27 13:51:05,Ciudad de México
SHP-ORD00001078,ORD00001078,FedEx,TRK5809990847,in_transit,2025-05-11 01:44:09,2025-05-16 01:44:09,Mérida
SHP-ORD00001080,ORD00001080,FedEx,TRK8006433242,delivered,2025-09-22 15:55:45,2025-09-25 15:55:45,Monterrey
SHP-ORD00001082,ORD00001082,FedEx,TRK5334618236,delivered,2025-11-24 18:46:32,2025-11-29 18:46:32,Puebla
SHP-ORD00001083,ORD00001083,Redpack,TRK2546705705,in_transit,2025-02-22 07:59:46,2025-02-24 07:59:46,Puebla
SHP-ORD00001085,ORD00001085,Redpack,TRK8560256115,delivered,2026-05-22 14:33:09,2026-05-28 14:33:09,Ciudad de México
SHP-ORD00001086,ORD00001086,Paquetexpress,TRK7523205378,delivered,2025-02-09 06:32:51,2025-02-11 06:32:51,Monterrey
SHP-ORD00001088,ORD00001088,FedEx,TRK4412446274,delivered,2025-10-04 16:52:38,2025-10-11 16:52:38,Cancún
SHP-ORD00001089,ORD00001089,DHL,TRK6710826750,in_transit,2025-03-21 20:55:55,2025-03-22 20:55:55,León
SHP-ORD00001091,ORD00001091,Redpack,TRK3088442540,delivered,2025-03-24 02:55:30,2025-03-29 02:55:30,León
SHP-ORD00001092,ORD00001092,Paquetexpress,TRK2130734627,delivered,2026-05-06 04:45:52,2026-05-09 04:45:52,Cancún
SHP-ORD00001094,ORD00001094,Paquetexpress,TRK2152977299,delivered,2025-06-20 02:33:16,2025-06-26 02:33:16,Mérida
SHP-ORD00001095,ORD00001095,FedEx,TRK4608456274,delivered,2025-06-14 02:26:04,2025-06-20 02:26:04,Oaxaca
SHP-ORD00001098,ORD00001098,DHL,TRK1470014514,in_transit,2025-10-06 03:03:06,2025-10-08 03:03:06,Mérida
SHP-ORD00001099,ORD00001099,Estafeta,TRK9975759315,in_transit,2025-02-19 17:22:23,2025-02-24 17:22:23,Ciudad de México
SHP-ORD00001100,ORD00001100,Paquetexpress,TRK6229512739,delivered,2025-08-23 17:38:39,2025-08-24 17:38:39,Mérida
SHP-ORD00001102,ORD00001102,Redpack,TRK7548051821,delivered,2025-04-03 15:06:59,2025-04-07 15:06:59,Ciudad de México
SHP-ORD00001103,ORD00001103,Estafeta,TRK3057751979,failed,2025-12-07 00:26:45,2025-12-10 00:26:45,Mérida
SHP-ORD00001104,ORD00001104,Paquetexpress,TRK8050750934,delivered,2025-05-18 03:39:28,2025-05-23 03:39:28,Tijuana
SHP-ORD00001110,ORD00001110,Paquetexpress,TRK6263200048,pending,2025-01-03 21:47:39,2025-01-07 21:47:39,Puebla
SHP-ORD00001111,ORD00001111,Redpack,TRK7673250527,delivered,2025-08-18 23:55:50,2025-08-22 23:55:50,Monterrey
SHP-ORD00001112,ORD00001112,Redpack,TRK9059909406,pending,2026-02-07 21:40:16,2026-02-08 21:40:16,Monterrey
SHP-ORD00001113,ORD00001113,Estafeta,TRK6154471144,delivered,2025-12-05 18:18:55,2025-12-11 18:18:55,Oaxaca
SHP-ORD00001116,ORD00001116,DHL,TRK1912699770,failed,2025-02-28 21:04:43,2025-03-03 21:04:43,Puebla
SHP-ORD00001117,ORD00001117,Paquetexpress,TRK3439251035,delivered,2026-05-19 22:32:57,2026-05-24 22:32:57,Querétaro
SHP-ORD00001118,ORD00001118,Redpack,TRK9238261116,in_transit,2025-11-15 05:39:33,2025-11-20 05:39:33,Cancún
SHP-ORD00001119,ORD00001119,Estafeta,TRK5489272865,failed,2025-03-17 14:17:18,2025-03-18 14:17:18,Tijuana
SHP-ORD00001121,ORD00001121,DHL,TRK8040050551,delivered,2025-06-28 22:57:51,2025-07-02 22:57:51,Puebla
SHP-ORD00001123,ORD00001123,Paquetexpress,TRK2393560159,pending,2026-03-31 05:01:17,2026-04-03 05:01:17,Ciudad de México
SHP-ORD00001124,ORD00001124,Estafeta,TRK7871994920,delivered,2026-03-05 01:28:24,2026-03-11 01:28:24,Cancún
SHP-ORD00001125,ORD00001125,Redpack,TRK6890788005,delivered,2026-03-15 14:52:16,2026-03-16 14:52:16,Ciudad de México
SHP-ORD00001127,ORD00001127,Paquetexpress,TRK6440585717,pending,2025-07-03 19:29:51,2025-07-06 19:29:51,Tijuana
SHP-ORD00001130,ORD00001130,Redpack,TRK7753108758,delivered,2026-04-26 08:24:55,2026-05-03 08:24:55,Puebla
SHP-ORD00001131,ORD00001131,Paquetexpress,TRK9948215526,failed,2025-06-13 00:29:17,2025-06-18 00:29:17,Oaxaca
SHP-ORD00001135,ORD00001135,Estafeta,TRK8594447493,failed,2026-04-30 20:30:07,2026-05-05 20:30:07,Puebla
SHP-ORD00001138,ORD00001138,Redpack,TRK8903607735,delivered,2025-02-06 12:52:04,2025-02-07 12:52:04,León
SHP-ORD00001139,ORD00001139,Redpack,TRK8448161964,delivered,2026-04-05 09:16:00,2026-04-07 09:16:00,Ciudad de México
SHP-ORD00001140,ORD00001140,Paquetexpress,TRK2910786422,delivered,2026-02-16 16:08:46,2026-02-19 16:08:46,León
SHP-ORD00001141,ORD00001141,FedEx,TRK9608819409,failed,2025-09-16 04:21:53,2025-09-22 04:21:53,Mérida
SHP-ORD00001144,ORD00001144,FedEx,TRK3743468066,failed,2026-02-03 11:30:48,2026-02-05 11:30:48,Puebla
SHP-ORD00001145,ORD00001145,DHL,TRK1176979025,delivered,2025-04-06 13:22:27,2025-04-09 13:22:27,Tijuana
SHP-ORD00001146,ORD00001146,DHL,TRK8306291100,failed,2025-06-20 20:59:34,2025-06-25 20:59:34,Puebla
SHP-ORD00001148,ORD00001148,Estafeta,TRK2154107587,delivered,2025-10-31 21:04:54,2025-11-02 21:04:54,León
SHP-ORD00001149,ORD00001149,DHL,TRK7007487023,returned,2025-05-26 03:19:20,2025-05-27 03:19:20,León
SHP-ORD00001150,ORD00001150,FedEx,TRK6930502962,failed,2025-11-14 10:29:32,2025-11-20 10:29:32,Ciudad de México
SHP-ORD00001151,ORD00001151,FedEx,TRK8064654585,delivered,2026-02-03 03:59:47,2026-02-08 03:59:47,Guadalajara
SHP-ORD00001152,ORD00001152,Estafeta,TRK8240677882,failed,2025-03-22 01:33:08,2025-03-24 01:33:08,Oaxaca
SHP-ORD00001154,ORD00001154,Estafeta,TRK2939201499,failed,2025-06-01 07:24:47,2025-06-08 07:24:47,Tijuana
SHP-ORD00001155,ORD00001155,Paquetexpress,TRK9374063617,delivered,2025-01-25 11:40:17,2025-02-01 11:40:17,Ciudad de México
SHP-ORD00001156,ORD00001156,Paquetexpress,TRK8053490278,delivered,2026-05-14 22:11:56,2026-05-21 22:11:56,Guadalajara
SHP-ORD00001158,ORD00001158,DHL,TRK4351345546,failed,2026-03-10 01:26:34,2026-03-11 01:26:34,Cancún
SHP-ORD00001159,ORD00001159,Redpack,TRK4765918846,delivered,2025-12-29 01:52:27,2025-12-30 01:52:27,León
SHP-ORD00001160,ORD00001160,Paquetexpress,TRK6902986421,delivered,2025-07-07 04:33:01,2025-07-12 04:33:01,Monterrey
SHP-ORD00001162,ORD00001162,Redpack,TRK3133371841,delivered,2025-05-01 03:20:35,2025-05-08 03:20:35,Guadalajara
SHP-ORD00001164,ORD00001164,FedEx,TRK9338500405,delivered,2026-01-08 22:32:28,2026-01-09 22:32:28,Puebla
SHP-ORD00001166,ORD00001166,Estafeta,TRK6928568296,delivered,2025-11-08 19:13:41,2025-11-15 19:13:41,Cancún
SHP-ORD00001170,ORD00001170,Estafeta,TRK3173846234,returned,2025-08-20 04:20:50,2025-08-23 04:20:50,Oaxaca
SHP-ORD00001171,ORD00001171,FedEx,TRK4588531446,pending,2025-01-07 15:21:14,2025-01-10 15:21:14,Puebla
SHP-ORD00001172,ORD00001172,FedEx,TRK7320327509,delivered,2026-02-20 01:27:57,2026-02-23 01:27:57,Monterrey
SHP-ORD00001173,ORD00001173,FedEx,TRK7836518236,failed,2025-06-15 23:22:31,2025-06-19 23:22:31,Ciudad de México
SHP-ORD00001174,ORD00001174,Paquetexpress,TRK4141169356,delivered,2026-03-29 11:55:38,2026-04-05 11:55:38,Cancún
SHP-ORD00001175,ORD00001175,Redpack,TRK1545821647,delivered,2025-01-05 05:48:30,2025-01-06 05:48:30,Querétaro
SHP-ORD00001176,ORD00001176,FedEx,TRK8793321437,in_transit,2025-09-17 23:33:51,2025-09-23 23:33:51,Ciudad de México
SHP-ORD00001177,ORD00001177,Paquetexpress,TRK9190699465,delivered,2025-11-26 00:47:32,2025-11-29 00:47:32,Monterrey
SHP-ORD00001178,ORD00001178,Paquetexpress,TRK5346332565,delivered,2025-03-12 04:13:57,2025-03-18 04:13:57,Querétaro
SHP-ORD00001179,ORD00001179,FedEx,TRK5830778908,failed,2025-03-31 00:49:28,2025-04-01 00:49:28,Mérida
SHP-ORD00001182,ORD00001182,Paquetexpress,TRK1632892689,delivered,2025-07-13 06:23:58,2025-07-15 06:23:58,Monterrey
SHP-ORD00001183,ORD00001183,FedEx,TRK1281081896,delivered,2026-01-18 16:49:46,2026-01-24 16:49:46,Puebla
SHP-ORD00001187,ORD00001187,Paquetexpress,TRK8890908967,failed,2025-01-20 07:08:55,2025-01-26 07:08:55,Tijuana
SHP-ORD00001190,ORD00001190,Paquetexpress,TRK9601051037,delivered,2025-04-13 23:50:17,2025-04-20 23:50:17,León
SHP-ORD00001191,ORD00001191,Redpack,TRK9202783520,in_transit,2025-09-27 17:11:43,2025-10-03 17:11:43,León
SHP-ORD00001192,ORD00001192,Estafeta,TRK1442333605,delivered,2025-04-25 01:41:42,2025-04-26 01:41:42,Guadalajara
SHP-ORD00001193,ORD00001193,DHL,TRK6018964926,delivered,2025-11-08 23:17:17,2025-11-14 23:17:17,Cancún
SHP-ORD00001195,ORD00001195,FedEx,TRK1105856622,in_transit,2026-04-18 06:42:55,2026-04-21 06:42:55,Guadalajara
SHP-ORD00001197,ORD00001197,Paquetexpress,TRK5758215376,delivered,2025-02-10 18:32:53,2025-02-12 18:32:53,Puebla
SHP-ORD00001198,ORD00001198,DHL,TRK2478730617,returned,2026-01-06 12:14:52,2026-01-13 12:14:52,Mérida
SHP-ORD00001199,ORD00001199,FedEx,TRK7220657712,delivered,2025-11-15 00:10:43,2025-11-20 00:10:43,León
SHP-ORD00001200,ORD00001200,Estafeta,TRK8298413467,delivered,2025-02-04 02:06:25,2025-02-11 02:06:25,Querétaro
SHP-ORD00001202,ORD00001202,Paquetexpress,TRK3276859369,delivered,2025-03-27 00:05:23,2025-03-28 00:05:23,Monterrey
SHP-ORD00001203,ORD00001203,Redpack,TRK9756539669,failed,2025-02-22 03:13:52,2025-02-26 03:13:52,Querétaro
SHP-ORD00001208,ORD00001208,Estafeta,TRK3087805031,pending,2026-01-07 08:48:02,2026-01-09 08:48:02,Tijuana
SHP-ORD00001211,ORD00001211,Paquetexpress,TRK6532134229,delivered,2026-04-29 09:48:30,2026-05-03 09:48:30,Querétaro
SHP-ORD00001212,ORD00001212,DHL,TRK4762084006,delivered,2026-04-18 19:03:57,2026-04-25 19:03:57,Mérida
SHP-ORD00001213,ORD00001213,Paquetexpress,TRK9854781811,delivered,2025-12-25 20:23:10,2025-12-31 20:23:10,Puebla
SHP-ORD00001214,ORD00001214,Paquetexpress,TRK2494300830,returned,2025-01-19 04:09:03,2025-01-23 04:09:03,Oaxaca
SHP-ORD00001216,ORD00001216,Paquetexpress,TRK7968477887,delivered,2026-03-22 17:30:30,2026-03-29 17:30:30,Guadalajara
SHP-ORD00001219,ORD00001219,Paquetexpress,TRK7384595237,delivered,2025-04-23 16:49:47,2025-04-25 16:49:47,Ciudad de México
SHP-ORD00001220,ORD00001220,FedEx,TRK7738733797,returned,2025-03-11 07:52:48,2025-03-17 07:52:48,León
SHP-ORD00001221,ORD00001221,FedEx,TRK3337294020,delivered,2026-05-17 14:00:46,2026-05-22 14:00:46,Oaxaca
SHP-ORD00001223,ORD00001223,Paquetexpress,TRK8011152805,pending,2026-03-09 11:29:38,2026-03-13 11:29:38,León
SHP-ORD00001224,ORD00001224,Paquetexpress,TRK7646731050,delivered,2026-05-17 00:23:07,2026-05-18 00:23:07,León
SHP-ORD00001225,ORD00001225,FedEx,TRK9230507567,delivered,2025-07-24 05:34:49,2025-07-26 05:34:49,Monterrey
SHP-ORD00001226,ORD00001226,Estafeta,TRK3827642880,pending,2026-03-23 01:19:03,2026-03-27 01:19:03,Ciudad de México
SHP-ORD00001228,ORD00001228,DHL,TRK8195011715,in_transit,2026-01-14 19:22:26,2026-01-18 19:22:26,Tijuana
SHP-ORD00001229,ORD00001229,Paquetexpress,TRK1021130583,delivered,2026-03-01 01:31:38,2026-03-03 01:31:38,León
SHP-ORD00001231,ORD00001231,Redpack,TRK8963729984,failed,2025-06-02 16:46:25,2025-06-05 16:46:25,Oaxaca
SHP-ORD00001232,ORD00001232,Estafeta,TRK2570066322,pending,2025-09-12 00:42:35,2025-09-13 00:42:35,Querétaro
SHP-ORD00001234,ORD00001234,Estafeta,TRK7723130508,pending,2025-11-07 02:57:16,2025-11-12 02:57:16,Tijuana
SHP-ORD00001236,ORD00001236,FedEx,TRK7172127270,delivered,2026-05-14 16:14:57,2026-05-17 16:14:57,Querétaro
SHP-ORD00001238,ORD00001238,DHL,TRK6838313060,delivered,2025-05-15 08:05:35,2025-05-21 08:05:35,Oaxaca
SHP-ORD00001239,ORD00001239,Paquetexpress,TRK6495107389,pending,2025-05-28 09:49:22,2025-06-02 09:49:22,Ciudad de México
SHP-ORD00001240,ORD00001240,FedEx,TRK5426228359,delivered,2025-04-19 10:06:57,2025-04-22 10:06:57,Oaxaca
SHP-ORD00001241,ORD00001241,Estafeta,TRK2424386136,delivered,2025-01-20 14:50:43,2025-01-25 14:50:43,Guadalajara
SHP-ORD00001242,ORD00001242,Paquetexpress,TRK7542451394,pending,2025-10-24 13:43:05,2025-10-31 13:43:05,Ciudad de México
SHP-ORD00001244,ORD00001244,Paquetexpress,TRK8725653493,failed,2025-06-19 16:26:35,2025-06-20 16:26:35,Mérida
SHP-ORD00001245,ORD00001245,DHL,TRK3835365019,delivered,2025-05-07 02:14:39,2025-05-09 02:14:39,Querétaro
SHP-ORD00001246,ORD00001246,Paquetexpress,TRK4091927258,returned,2025-02-17 23:31:42,2025-02-19 23:31:42,Ciudad de México
SHP-ORD00001247,ORD00001247,Estafeta,TRK1226300998,delivered,2025-05-12 04:16:15,2025-05-16 04:16:15,Cancún
SHP-ORD00001252,ORD00001252,Paquetexpress,TRK3973675684,delivered,2025-05-24 17:41:50,2025-05-26 17:41:50,Tijuana
SHP-ORD00001253,ORD00001253,Estafeta,TRK1629747539,pending,2025-09-26 00:28:16,2025-10-03 00:28:16,Puebla
SHP-ORD00001254,ORD00001254,Paquetexpress,TRK3239080989,delivered,2025-09-27 04:59:53,2025-09-30 04:59:53,Querétaro
SHP-ORD00001257,ORD00001257,Estafeta,TRK2501983145,delivered,2026-04-17 03:11:32,2026-04-23 03:11:32,Oaxaca
SHP-ORD00001258,ORD00001258,Paquetexpress,TRK6928199355,pending,2025-09-01 17:04:23,2025-09-03 17:04:23,Cancún
SHP-ORD00001262,ORD00001262,Paquetexpress,TRK1128540756,pending,2026-04-25 09:07:17,2026-04-27 09:07:17,Oaxaca
SHP-ORD00001263,ORD00001263,Redpack,TRK9196703652,delivered,2025-04-03 22:46:18,2025-04-10 22:46:18,Tijuana
SHP-ORD00001270,ORD00001270,Redpack,TRK2703552700,delivered,2025-12-25 18:49:15,2025-12-29 18:49:15,Ciudad de México
SHP-ORD00001271,ORD00001271,Redpack,TRK8045466092,pending,2025-04-16 13:41:12,2025-04-23 13:41:12,Monterrey
SHP-ORD00001273,ORD00001273,FedEx,TRK9618726050,delivered,2025-04-07 18:00:51,2025-04-08 18:00:51,Querétaro
SHP-ORD00001274,ORD00001274,Redpack,TRK2838908284,failed,2025-11-30 16:09:13,2025-12-05 16:09:13,Puebla
SHP-ORD00001275,ORD00001275,Redpack,TRK8915382059,delivered,2025-03-21 03:58:27,2025-03-22 03:58:27,Mérida
SHP-ORD00001276,ORD00001276,Paquetexpress,TRK2610497123,pending,2025-01-08 14:40:22,2025-01-15 14:40:22,Querétaro
SHP-ORD00001278,ORD00001278,FedEx,TRK5497766948,failed,2025-07-06 12:27:41,2025-07-11 12:27:41,Monterrey
SHP-ORD00001279,ORD00001279,DHL,TRK8736699982,returned,2025-10-05 21:02:10,2025-10-10 21:02:10,León
SHP-ORD00001280,ORD00001280,DHL,TRK3355139260,pending,2025-06-11 21:34:52,2025-06-14 21:34:52,Querétaro
SHP-ORD00001281,ORD00001281,Paquetexpress,TRK5448689378,delivered,2025-10-25 17:16:03,2025-10-27 17:16:03,León
SHP-ORD00001282,ORD00001282,Estafeta,TRK9793795931,returned,2025-12-23 03:33:59,2025-12-25 03:33:59,Puebla
SHP-ORD00001283,ORD00001283,DHL,TRK5583675135,delivered,2025-08-21 07:55:18,2025-08-23 07:55:18,Cancún
SHP-ORD00001284,ORD00001284,FedEx,TRK9056206305,delivered,2025-07-25 11:45:50,2025-07-29 11:45:50,Querétaro
SHP-ORD00001285,ORD00001285,FedEx,TRK5567703952,delivered,2026-03-12 06:31:55,2026-03-15 06:31:55,Guadalajara
SHP-ORD00001286,ORD00001286,Redpack,TRK3764668444,delivered,2025-06-26 14:49:56,2025-07-03 14:49:56,Mérida
SHP-ORD00001288,ORD00001288,Redpack,TRK3380812866,in_transit,2025-04-13 14:21:31,2025-04-14 14:21:31,Mérida
SHP-ORD00001289,ORD00001289,FedEx,TRK3298320423,failed,2026-01-09 21:23:42,2026-01-16 21:23:42,Querétaro
SHP-ORD00001291,ORD00001291,FedEx,TRK9348636285,delivered,2025-06-16 18:09:32,2025-06-22 18:09:32,Querétaro
SHP-ORD00001293,ORD00001293,DHL,TRK1213536066,delivered,2026-05-17 03:25:29,2026-05-18 03:25:29,Guadalajara
SHP-ORD00001294,ORD00001294,Estafeta,TRK1710006306,delivered,2026-01-04 03:17:00,2026-01-06 03:17:00,Tijuana
SHP-ORD00001295,ORD00001295,DHL,TRK3186358636,pending,2025-06-26 03:34:43,2025-07-03 03:34:43,Tijuana
SHP-ORD00001296,ORD00001296,Redpack,TRK5323404443,delivered,2026-04-12 12:31:05,2026-04-18 12:31:05,Monterrey
SHP-ORD00001297,ORD00001297,Redpack,TRK9868834216,returned,2025-05-29 19:08:36,2025-06-02 19:08:36,Querétaro
SHP-ORD00001301,ORD00001301,Redpack,TRK6559627175,delivered,2026-05-12 03:51:10,2026-05-14 03:51:10,Mérida
SHP-ORD00001303,ORD00001303,Paquetexpress,TRK7923299084,delivered,2025-05-16 01:48:13,2025-05-17 01:48:13,Tijuana
SHP-ORD00001305,ORD00001305,Redpack,TRK4780693731,delivered,2025-01-09 05:30:29,2025-01-14 05:30:29,Monterrey
SHP-ORD00001308,ORD00001308,FedEx,TRK7553299276,delivered,2025-09-07 04:22:38,2025-09-13 04:22:38,León
SHP-ORD00001309,ORD00001309,Estafeta,TRK4741758328,delivered,2025-12-03 23:38:43,2025-12-08 23:38:43,Oaxaca
SHP-ORD00001310,ORD00001310,Estafeta,TRK8277332133,delivered,2026-04-28 17:21:22,2026-04-29 17:21:22,Cancún
SHP-ORD00001313,ORD00001313,Estafeta,TRK2149979710,delivered,2025-07-14 19:21:44,2025-07-20 19:21:44,Cancún
SHP-ORD00001314,ORD00001314,FedEx,TRK3554469739,delivered,2025-09-25 00:32:26,2025-09-30 00:32:26,Querétaro
SHP-ORD00001315,ORD00001315,Estafeta,TRK2356365601,delivered,2026-01-10 11:28:14,2026-01-15 11:28:14,Monterrey
SHP-ORD00001316,ORD00001316,Paquetexpress,TRK8356577088,in_transit,2025-06-14 23:54:32,2025-06-18 23:54:32,Monterrey
SHP-ORD00001317,ORD00001317,Paquetexpress,TRK9457562057,delivered,2025-04-10 09:43:38,2025-04-17 09:43:38,León
SHP-ORD00001318,ORD00001318,DHL,TRK7566586305,delivered,2025-12-17 23:07:15,2025-12-21 23:07:15,Guadalajara
SHP-ORD00001320,ORD00001320,Paquetexpress,TRK4994248408,pending,2025-11-24 15:34:54,2025-11-26 15:34:54,Cancún
SHP-ORD00001322,ORD00001322,Estafeta,TRK9274996154,pending,2026-05-18 20:57:46,2026-05-24 20:57:46,Cancún
SHP-ORD00001324,ORD00001324,Paquetexpress,TRK4955808591,delivered,2025-12-01 04:22:37,2025-12-05 04:22:37,Guadalajara
SHP-ORD00001325,ORD00001325,FedEx,TRK2626115807,failed,2025-09-10 22:34:41,2025-09-16 22:34:41,Puebla
SHP-ORD00001326,ORD00001326,DHL,TRK3682570858,returned,2025-03-09 00:58:34,2025-03-16 00:58:34,Mérida
SHP-ORD00001329,ORD00001329,FedEx,TRK3267450787,delivered,2025-06-21 19:07:49,2025-06-28 19:07:49,Monterrey
SHP-ORD00001330,ORD00001330,Redpack,TRK5240469016,delivered,2026-02-01 02:39:16,2026-02-06 02:39:16,Guadalajara
SHP-ORD00001331,ORD00001331,FedEx,TRK9230745953,delivered,2025-12-15 13:22:30,2025-12-21 13:22:30,Guadalajara
SHP-ORD00001332,ORD00001332,Estafeta,TRK1422747751,returned,2025-01-20 00:56:27,2025-01-23 00:56:27,Puebla
SHP-ORD00001334,ORD00001334,Paquetexpress,TRK7611922150,failed,2025-07-11 11:35:13,2025-07-16 11:35:13,Guadalajara
SHP-ORD00001336,ORD00001336,Paquetexpress,TRK8976320994,delivered,2026-04-02 20:35:34,2026-04-07 20:35:34,Oaxaca
SHP-ORD00001337,ORD00001337,FedEx,TRK7522544860,delivered,2025-06-19 03:34:10,2025-06-25 03:34:10,Monterrey
SHP-ORD00001338,ORD00001338,Estafeta,TRK8821070283,delivered,2025-08-07 06:57:31,2025-08-10 06:57:31,Guadalajara
SHP-ORD00001339,ORD00001339,Estafeta,TRK8525893106,delivered,2026-02-15 20:24:26,2026-02-19 20:24:26,Guadalajara
SHP-ORD00001340,ORD00001340,FedEx,TRK7925173258,delivered,2025-05-22 06:24:11,2025-05-23 06:24:11,León
SHP-ORD00001342,ORD00001342,FedEx,TRK7594193054,in_transit,2025-01-26 11:50:20,2025-01-29 11:50:20,Puebla
SHP-ORD00001343,ORD00001343,Paquetexpress,TRK8036172757,delivered,2025-08-25 10:59:38,2025-09-01 10:59:38,Guadalajara
SHP-ORD00001347,ORD00001347,Estafeta,TRK8666964971,returned,2026-02-12 19:22:32,2026-02-19 19:22:32,León
SHP-ORD00001348,ORD00001348,FedEx,TRK5676316509,delivered,2025-12-26 02:21:36,2025-12-31 02:21:36,Cancún
SHP-ORD00001350,ORD00001350,Redpack,TRK6729132131,delivered,2025-12-28 22:43:46,2026-01-01 22:43:46,Querétaro
SHP-ORD00001351,ORD00001351,FedEx,TRK8626052461,pending,2025-03-15 07:21:31,2025-03-19 07:21:31,Puebla
SHP-ORD00001353,ORD00001353,DHL,TRK8564054682,delivered,2025-02-07 08:34:52,2025-02-14 08:34:52,Monterrey
SHP-ORD00001354,ORD00001354,Estafeta,TRK3206658377,pending,2025-04-21 23:07:26,2025-04-28 23:07:26,Monterrey
SHP-ORD00001356,ORD00001356,Paquetexpress,TRK6631073825,pending,2026-05-14 08:51:51,2026-05-16 08:51:51,Ciudad de México
SHP-ORD00001357,ORD00001357,DHL,TRK6867308547,delivered,2026-05-10 15:18:59,2026-05-17 15:18:59,León
SHP-ORD00001358,ORD00001358,Paquetexpress,TRK5047372305,delivered,2025-07-28 14:25:04,2025-08-02 14:25:04,Tijuana
SHP-ORD00001360,ORD00001360,Estafeta,TRK4468777946,delivered,2025-11-08 14:29:50,2025-11-13 14:29:50,Cancún
SHP-ORD00001362,ORD00001362,Estafeta,TRK6728001002,failed,2025-03-13 10:52:23,2025-03-17 10:52:23,Guadalajara
SHP-ORD00001363,ORD00001363,Redpack,TRK3434238002,delivered,2026-03-26 13:50:57,2026-04-01 13:50:57,Puebla
SHP-ORD00001367,ORD00001367,FedEx,TRK3949355978,delivered,2025-01-05 02:01:12,2025-01-11 02:01:12,León
SHP-ORD00001368,ORD00001368,Paquetexpress,TRK8940496606,in_transit,2025-02-03 02:59:09,2025-02-07 02:59:09,Mérida
SHP-ORD00001369,ORD00001369,Redpack,TRK3418228311,delivered,2025-07-29 17:48:37,2025-08-01 17:48:37,Cancún
SHP-ORD00001370,ORD00001370,Estafeta,TRK7746424252,delivered,2026-02-24 07:46:34,2026-02-26 07:46:34,Guadalajara
SHP-ORD00001371,ORD00001371,Estafeta,TRK3955022314,delivered,2025-04-03 23:15:17,2025-04-07 23:15:17,Ciudad de México
SHP-ORD00001372,ORD00001372,FedEx,TRK7729096698,delivered,2026-02-17 09:30:55,2026-02-18 09:30:55,Ciudad de México
SHP-ORD00001373,ORD00001373,FedEx,TRK7193398287,failed,2025-03-28 10:20:40,2025-04-01 10:20:40,Cancún
SHP-ORD00001375,ORD00001375,FedEx,TRK1191969004,in_transit,2025-02-11 04:17:33,2025-02-15 04:17:33,Ciudad de México
SHP-ORD00001378,ORD00001378,FedEx,TRK8052218452,delivered,2025-10-01 02:16:55,2025-10-04 02:16:55,Tijuana
SHP-ORD00001381,ORD00001381,FedEx,TRK7294866658,delivered,2026-05-16 03:35:17,2026-05-21 03:35:17,Oaxaca
SHP-ORD00001382,ORD00001382,Redpack,TRK5365653015,failed,2025-02-21 03:36:44,2025-02-27 03:36:44,Guadalajara
SHP-ORD00001383,ORD00001383,FedEx,TRK7187381982,in_transit,2025-03-20 05:55:07,2025-03-25 05:55:07,Ciudad de México
SHP-ORD00001384,ORD00001384,Estafeta,TRK2541978834,returned,2025-12-10 21:43:28,2025-12-15 21:43:28,Monterrey
SHP-ORD00001385,ORD00001385,Estafeta,TRK2080724321,delivered,2026-05-12 13:14:37,2026-05-15 13:14:37,Puebla
SHP-ORD00001386,ORD00001386,Paquetexpress,TRK6192477210,delivered,2025-01-05 10:49:34,2025-01-10 10:49:34,Ciudad de México
SHP-ORD00001387,ORD00001387,Redpack,TRK7015501907,returned,2025-04-08 11:58:14,2025-04-13 11:58:14,Ciudad de México
SHP-ORD00001388,ORD00001388,Redpack,TRK9340951353,delivered,2025-06-28 18:34:43,2025-07-01 18:34:43,Querétaro
SHP-ORD00001390,ORD00001390,DHL,TRK9922200521,pending,2025-10-13 11:07:45,2025-10-18 11:07:45,Tijuana
SHP-ORD00001392,ORD00001392,FedEx,TRK2161564832,delivered,2025-07-19 07:57:07,2025-07-26 07:57:07,Ciudad de México
SHP-ORD00001393,ORD00001393,FedEx,TRK8782004892,in_transit,2025-08-09 19:58:48,2025-08-13 19:58:48,Querétaro
SHP-ORD00001394,ORD00001394,Redpack,TRK9615929516,in_transit,2025-03-25 18:44:06,2025-03-26 18:44:06,Oaxaca
SHP-ORD00001395,ORD00001395,Paquetexpress,TRK9484136933,pending,2026-02-27 15:10:46,2026-03-01 15:10:46,Ciudad de México
SHP-ORD00001396,ORD00001396,Paquetexpress,TRK4475492611,delivered,2025-06-04 06:54:09,2025-06-06 06:54:09,Ciudad de México
SHP-ORD00001397,ORD00001397,Paquetexpress,TRK3605442955,delivered,2025-03-09 17:30:02,2025-03-15 17:30:02,Ciudad de México
SHP-ORD00001398,ORD00001398,Redpack,TRK8211882236,in_transit,2026-04-15 06:56:18,2026-04-17 06:56:18,Ciudad de México
SHP-ORD00001399,ORD00001399,Redpack,TRK6637875710,pending,2025-02-21 09:07:14,2025-02-28 09:07:14,Oaxaca
SHP-ORD00001400,ORD00001400,Paquetexpress,TRK5789135539,delivered,2025-10-13 13:34:16,2025-10-19 13:34:16,León
SHP-ORD00001402,ORD00001402,FedEx,TRK1788855979,delivered,2025-04-09 15:34:42,2025-04-12 15:34:42,Ciudad de México
SHP-ORD00001403,ORD00001403,Paquetexpress,TRK3916936146,delivered,2025-03-26 10:05:43,2025-04-01 10:05:43,Mérida
SHP-ORD00001405,ORD00001405,DHL,TRK5399213369,in_transit,2025-06-18 05:03:52,2025-06-23 05:03:52,Guadalajara
SHP-ORD00001406,ORD00001406,Redpack,TRK5778096303,delivered,2026-02-22 19:29:01,2026-02-24 19:29:01,Cancún
SHP-ORD00001407,ORD00001407,Redpack,TRK9476582798,delivered,2025-07-10 12:37:09,2025-07-11 12:37:09,Monterrey
SHP-ORD00001412,ORD00001412,Redpack,TRK4535737237,pending,2025-05-09 02:49:41,2025-05-12 02:49:41,Cancún
SHP-ORD00001413,ORD00001413,DHL,TRK7661398133,pending,2025-01-29 23:49:21,2025-01-31 23:49:21,Oaxaca
SHP-ORD00001415,ORD00001415,DHL,TRK7030985058,delivered,2025-02-24 06:04:26,2025-03-01 06:04:26,Querétaro
SHP-ORD00001416,ORD00001416,Redpack,TRK6867706683,pending,2025-04-05 02:10:32,2025-04-08 02:10:32,Guadalajara
SHP-ORD00001420,ORD00001420,Estafeta,TRK2445851027,delivered,2025-03-10 23:42:24,2025-03-13 23:42:24,León
SHP-ORD00001421,ORD00001421,DHL,TRK3645660466,delivered,2026-01-14 03:26:14,2026-01-20 03:26:14,Puebla
SHP-ORD00001423,ORD00001423,Estafeta,TRK7001015178,returned,2026-03-10 22:48:13,2026-03-15 22:48:13,León
SHP-ORD00001424,ORD00001424,FedEx,TRK9093434654,delivered,2025-03-06 07:50:48,2025-03-07 07:50:48,Cancún
SHP-ORD00001425,ORD00001425,Paquetexpress,TRK4572456203,in_transit,2025-01-04 02:00:28,2025-01-11 02:00:28,Puebla
SHP-ORD00001427,ORD00001427,FedEx,TRK9018552022,in_transit,2025-02-11 05:54:10,2025-02-12 05:54:10,Mérida
SHP-ORD00001429,ORD00001429,Estafeta,TRK2815123565,delivered,2025-01-10 21:39:23,2025-01-14 21:39:23,Ciudad de México
SHP-ORD00001430,ORD00001430,Redpack,TRK6817481415,failed,2025-12-23 18:28:04,2025-12-30 18:28:04,Tijuana
SHP-ORD00001431,ORD00001431,Estafeta,TRK7461748516,delivered,2025-02-26 15:24:12,2025-02-27 15:24:12,León
SHP-ORD00001432,ORD00001432,Paquetexpress,TRK3602838720,delivered,2026-03-08 01:25:08,2026-03-12 01:25:08,Guadalajara
SHP-ORD00001433,ORD00001433,DHL,TRK1543116458,delivered,2025-06-01 21:10:54,2025-06-04 21:10:54,León
SHP-ORD00001434,ORD00001434,Estafeta,TRK5454704020,delivered,2025-11-10 06:42:32,2025-11-15 06:42:32,Puebla
SHP-ORD00001435,ORD00001435,Paquetexpress,TRK1995456981,returned,2026-04-23 07:59:10,2026-04-28 07:59:10,León
SHP-ORD00001436,ORD00001436,Redpack,TRK9207921279,pending,2025-04-19 21:17:35,2025-04-25 21:17:35,Cancún
SHP-ORD00001437,ORD00001437,FedEx,TRK9112896999,in_transit,2026-02-20 22:45:23,2026-02-26 22:45:23,Ciudad de México
SHP-ORD00001438,ORD00001438,Redpack,TRK5555668547,pending,2025-01-08 13:26:56,2025-01-14 13:26:56,Oaxaca
SHP-ORD00001440,ORD00001440,DHL,TRK1446740481,returned,2026-02-10 10:13:00,2026-02-13 10:13:00,Guadalajara
SHP-ORD00001441,ORD00001441,Estafeta,TRK7344203395,delivered,2025-05-18 02:39:04,2025-05-19 02:39:04,Monterrey
SHP-ORD00001443,ORD00001443,DHL,TRK5556084041,returned,2026-02-17 08:18:59,2026-02-18 08:18:59,Ciudad de México
SHP-ORD00001448,ORD00001448,DHL,TRK7867907218,delivered,2026-02-21 06:25:15,2026-02-28 06:25:15,Cancún
SHP-ORD00001450,ORD00001450,Paquetexpress,TRK5013363312,in_transit,2025-03-17 10:06:56,2025-03-22 10:06:56,Mérida
SHP-ORD00001451,ORD00001451,DHL,TRK8367392855,delivered,2025-01-24 08:31:45,2025-01-31 08:31:45,Oaxaca
SHP-ORD00001452,ORD00001452,FedEx,TRK8958819991,delivered,2025-12-17 18:55:24,2025-12-24 18:55:24,Monterrey
SHP-ORD00001454,ORD00001454,DHL,TRK4108696119,delivered,2025-08-25 06:48:36,2025-08-29 06:48:36,León
SHP-ORD00001455,ORD00001455,FedEx,TRK4306210266,failed,2026-03-30 20:37:29,2026-04-04 20:37:29,León
SHP-ORD00001456,ORD00001456,Paquetexpress,TRK7096512829,delivered,2025-12-27 08:18:10,2025-12-31 08:18:10,Puebla
SHP-ORD00001457,ORD00001457,DHL,TRK2631025451,in_transit,2026-04-17 07:56:36,2026-04-23 07:56:36,Querétaro
SHP-ORD00001459,ORD00001459,DHL,TRK9641466918,pending,2025-11-24 07:17:00,2025-11-29 07:17:00,Puebla
SHP-ORD00001460,ORD00001460,Estafeta,TRK8302402349,returned,2025-10-03 22:18:50,2025-10-07 22:18:50,Ciudad de México
SHP-ORD00001461,ORD00001461,DHL,TRK5648815690,delivered,2025-02-13 15:56:55,2025-02-16 15:56:55,Monterrey
SHP-ORD00001463,ORD00001463,Paquetexpress,TRK4196547796,returned,2025-07-22 04:06:47,2025-07-23 04:06:47,Oaxaca
SHP-ORD00001464,ORD00001464,Redpack,TRK7368848531,returned,2026-04-23 08:29:58,2026-04-27 08:29:58,Tijuana
SHP-ORD00001465,ORD00001465,Estafeta,TRK7820515908,in_transit,2025-03-06 12:25:10,2025-03-09 12:25:10,Guadalajara
SHP-ORD00001466,ORD00001466,Paquetexpress,TRK9185746141,pending,2025-11-10 06:34:28,2025-11-12 06:34:28,Querétaro
SHP-ORD00001467,ORD00001467,Estafeta,TRK7872157444,delivered,2025-02-01 06:10:14,2025-02-07 06:10:14,Puebla
SHP-ORD00001469,ORD00001469,Estafeta,TRK5212567377,delivered,2025-02-18 08:12:04,2025-02-21 08:12:04,León
SHP-ORD00001470,ORD00001470,Estafeta,TRK6319238816,failed,2025-05-19 09:14:29,2025-05-21 09:14:29,Mérida
SHP-ORD00001471,ORD00001471,DHL,TRK6349848615,in_transit,2025-06-29 19:33:44,2025-06-30 19:33:44,León
SHP-ORD00001472,ORD00001472,FedEx,TRK6498815822,delivered,2026-05-09 03:03:39,2026-05-10 03:03:39,Monterrey
SHP-ORD00001476,ORD00001476,FedEx,TRK3205848332,in_transit,2025-01-18 20:27:43,2025-01-23 20:27:43,Guadalajara
SHP-ORD00001477,ORD00001477,Estafeta,TRK7875701597,in_transit,2025-10-08 17:31:42,2025-10-14 17:31:42,Ciudad de México
SHP-ORD00001481,ORD00001481,FedEx,TRK8569256078,delivered,2025-11-22 03:35:14,2025-11-26 03:35:14,Ciudad de México
SHP-ORD00001483,ORD00001483,Estafeta,TRK6702381921,delivered,2026-02-17 09:14:08,2026-02-22 09:14:08,Puebla
SHP-ORD00001485,ORD00001485,DHL,TRK7076746343,pending,2026-05-13 01:07:11,2026-05-15 01:07:11,Tijuana
SHP-ORD00001486,ORD00001486,Estafeta,TRK8469533503,pending,2025-06-16 02:11:34,2025-06-17 02:11:34,Puebla
SHP-ORD00001487,ORD00001487,Redpack,TRK4182651083,delivered,2026-04-12 01:15:53,2026-04-14 01:15:53,Cancún
SHP-ORD00001488,ORD00001488,DHL,TRK1957198161,delivered,2025-10-22 13:32:47,2025-10-26 13:32:47,Mérida
SHP-ORD00001490,ORD00001490,Paquetexpress,TRK5320939416,delivered,2026-02-19 00:02:47,2026-02-26 00:02:47,Querétaro
SHP-ORD00001491,ORD00001491,Estafeta,TRK3591714237,pending,2025-10-22 22:16:33,2025-10-27 22:16:33,Monterrey
SHP-ORD00001492,ORD00001492,FedEx,TRK1195472210,returned,2025-08-16 13:20:26,2025-08-21 13:20:26,Ciudad de México
SHP-ORD00001493,ORD00001493,DHL,TRK9335538496,delivered,2025-01-31 17:59:58,2025-02-06 17:59:58,Puebla
SHP-ORD00001494,ORD00001494,Paquetexpress,TRK9939613204,delivered,2025-06-07 17:14:30,2025-06-11 17:14:30,Monterrey
SHP-ORD00001495,ORD00001495,Paquetexpress,TRK5016992949,failed,2026-04-25 19:04:17,2026-05-01 19:04:17,Ciudad de México
SHP-ORD00001496,ORD00001496,Redpack,TRK4593015622,failed,2025-07-31 16:33:55,2025-08-05 16:33:55,Querétaro
SHP-ORD00001500,ORD00001500,Redpack,TRK7296673732,delivered,2025-03-31 13:15:10,2025-04-05 13:15:10,Mérida
SHP-ORD00001501,ORD00001501,Redpack,TRK9401893188,pending,2026-03-11 00:52:49,2026-03-14 00:52:49,Monterrey
SHP-ORD00001502,ORD00001502,Estafeta,TRK8563650213,returned,2025-08-10 22:01:52,2025-08-13 22:01:52,Tijuana
SHP-ORD00001504,ORD00001504,Paquetexpress,TRK1188983945,delivered,2026-05-07 07:15:21,2026-05-14 07:15:21,Mérida
SHP-ORD00001506,ORD00001506,Redpack,TRK9769849593,delivered,2025-08-27 00:45:14,2025-09-01 00:45:14,Mérida
SHP-ORD00001507,ORD00001507,FedEx,TRK6664127996,delivered,2026-03-15 04:12:19,2026-03-17 04:12:19,Tijuana
SHP-ORD00001508,ORD00001508,Estafeta,TRK5480436904,failed,2025-09-02 06:43:47,2025-09-07 06:43:47,Guadalajara
SHP-ORD00001509,ORD00001509,DHL,TRK5983537743,delivered,2025-10-03 21:12:42,2025-10-10 21:12:42,Puebla
SHP-ORD00001513,ORD00001513,Redpack,TRK1232895764,returned,2025-06-27 10:19:28,2025-07-03 10:19:28,Monterrey
SHP-ORD00001514,ORD00001514,FedEx,TRK2155640497,pending,2025-07-18 19:41:26,2025-07-25 19:41:26,Guadalajara
SHP-ORD00001518,ORD00001518,DHL,TRK7607838771,delivered,2026-04-27 00:13:59,2026-05-03 00:13:59,León
SHP-ORD00001519,ORD00001519,FedEx,TRK9109152875,delivered,2025-08-26 15:30:18,2025-08-31 15:30:18,Tijuana
SHP-ORD00001521,ORD00001521,DHL,TRK9092405870,returned,2025-03-03 14:30:56,2025-03-06 14:30:56,Cancún
SHP-ORD00001522,ORD00001522,DHL,TRK2401314400,pending,2025-10-14 01:31:23,2025-10-19 01:31:23,Oaxaca
SHP-ORD00001523,ORD00001523,Redpack,TRK3891759416,pending,2025-04-05 22:42:55,2025-04-11 22:42:55,Mérida
SHP-ORD00001524,ORD00001524,DHL,TRK5608253077,delivered,2026-04-10 02:41:17,2026-04-14 02:41:17,Cancún
SHP-ORD00001525,ORD00001525,Redpack,TRK1581394058,delivered,2026-04-13 11:45:27,2026-04-18 11:45:27,Cancún
SHP-ORD00001528,ORD00001528,Paquetexpress,TRK2538369097,delivered,2026-05-01 00:37:57,2026-05-07 00:37:57,Ciudad de México
SHP-ORD00001532,ORD00001532,DHL,TRK7905657978,in_transit,2025-03-07 03:20:36,2025-03-11 03:20:36,Mérida
SHP-ORD00001535,ORD00001535,Paquetexpress,TRK9080607976,failed,2026-04-24 09:34:50,2026-05-01 09:34:50,Puebla
SHP-ORD00001539,ORD00001539,FedEx,TRK1132418617,failed,2025-05-29 04:44:13,2025-05-30 04:44:13,Guadalajara
SHP-ORD00001540,ORD00001540,Redpack,TRK8856910716,delivered,2025-06-02 22:36:09,2025-06-05 22:36:09,Guadalajara
SHP-ORD00001541,ORD00001541,Estafeta,TRK3086672545,delivered,2026-01-09 12:14:05,2026-01-14 12:14:05,Guadalajara
SHP-ORD00001543,ORD00001543,Paquetexpress,TRK7575911337,delivered,2026-01-31 12:51:14,2026-02-03 12:51:14,Mérida
SHP-ORD00001544,ORD00001544,Redpack,TRK5521102102,delivered,2025-11-28 23:22:03,2025-12-04 23:22:03,Cancún
SHP-ORD00001547,ORD00001547,Estafeta,TRK9693286423,delivered,2026-02-25 08:41:16,2026-03-04 08:41:16,Puebla
SHP-ORD00001550,ORD00001550,DHL,TRK1744283605,delivered,2025-11-25 17:09:03,2025-12-01 17:09:03,Tijuana
SHP-ORD00001553,ORD00001553,Paquetexpress,TRK7185524062,delivered,2025-09-07 15:10:28,2025-09-11 15:10:28,Ciudad de México
SHP-ORD00001554,ORD00001554,Redpack,TRK4893542198,delivered,2026-01-29 15:35:42,2026-02-01 15:35:42,Oaxaca
SHP-ORD00001555,ORD00001555,Paquetexpress,TRK8889418740,pending,2026-01-22 08:42:27,2026-01-26 08:42:27,Puebla
SHP-ORD00001556,ORD00001556,DHL,TRK5050334736,delivered,2025-05-06 04:54:29,2025-05-09 04:54:29,Monterrey
SHP-ORD00001558,ORD00001558,Redpack,TRK3086501887,failed,2026-04-19 16:25:12,2026-04-21 16:25:12,Monterrey
SHP-ORD00001559,ORD00001559,Estafeta,TRK2084514436,delivered,2025-10-02 12:23:45,2025-10-03 12:23:45,Oaxaca
SHP-ORD00001560,ORD00001560,FedEx,TRK7669645993,pending,2025-11-17 14:13:06,2025-11-19 14:13:06,Puebla
SHP-ORD00001562,ORD00001562,Estafeta,TRK4541383705,failed,2025-12-24 08:10:43,2025-12-26 08:10:43,Mérida
SHP-ORD00001563,ORD00001563,DHL,TRK2246592480,delivered,2025-03-25 04:45:54,2025-03-28 04:45:54,Cancún
SHP-ORD00001565,ORD00001565,DHL,TRK3235647345,pending,2026-04-25 04:08:07,2026-04-26 04:08:07,Tijuana
SHP-ORD00001566,ORD00001566,Redpack,TRK3148585981,delivered,2026-01-23 11:20:22,2026-01-26 11:20:22,Ciudad de México
SHP-ORD00001567,ORD00001567,Paquetexpress,TRK6292885846,delivered,2025-10-28 16:07:50,2025-11-01 16:07:50,León
SHP-ORD00001568,ORD00001568,Redpack,TRK5214840866,delivered,2026-03-29 15:07:10,2026-03-31 15:07:10,Mérida
SHP-ORD00001572,ORD00001572,Redpack,TRK8699301358,returned,2026-03-07 22:22:43,2026-03-13 22:22:43,Guadalajara
SHP-ORD00001574,ORD00001574,Estafeta,TRK2526135887,pending,2025-04-21 03:20:27,2025-04-27 03:20:27,Cancún
SHP-ORD00001579,ORD00001579,FedEx,TRK5554641346,delivered,2025-11-23 07:19:05,2025-11-26 07:19:05,Oaxaca
SHP-ORD00001580,ORD00001580,Redpack,TRK9477996014,returned,2025-09-18 22:24:22,2025-09-20 22:24:22,Tijuana
SHP-ORD00001582,ORD00001582,Estafeta,TRK9964719775,delivered,2025-09-21 20:05:37,2025-09-26 20:05:37,Querétaro
SHP-ORD00001584,ORD00001584,DHL,TRK2084100354,failed,2025-04-01 23:31:54,2025-04-08 23:31:54,Monterrey
SHP-ORD00001588,ORD00001588,DHL,TRK9410724862,delivered,2025-07-22 21:15:40,2025-07-25 21:15:40,Oaxaca
SHP-ORD00001590,ORD00001590,FedEx,TRK9341579935,in_transit,2025-09-05 09:26:54,2025-09-08 09:26:54,Puebla
SHP-ORD00001591,ORD00001591,Paquetexpress,TRK1294572171,delivered,2025-02-27 16:16:45,2025-03-04 16:16:45,Ciudad de México
SHP-ORD00001592,ORD00001592,Redpack,TRK4579534156,returned,2026-02-26 19:34:11,2026-03-02 19:34:11,Mérida
SHP-ORD00001593,ORD00001593,FedEx,TRK5174169920,delivered,2025-12-31 19:49:24,2026-01-04 19:49:24,Puebla
SHP-ORD00001594,ORD00001594,Paquetexpress,TRK9813843718,delivered,2025-11-07 12:12:47,2025-11-09 12:12:47,Monterrey
SHP-ORD00001595,ORD00001595,FedEx,TRK5325761771,failed,2025-01-18 02:37:03,2025-01-21 02:37:03,Ciudad de México
SHP-ORD00001596,ORD00001596,Estafeta,TRK4821980983,in_transit,2025-03-22 14:48:13,2025-03-23 14:48:13,Cancún
SHP-ORD00001598,ORD00001598,Paquetexpress,TRK3880832826,delivered,2025-05-01 02:15:49,2025-05-04 02:15:49,León
SHP-ORD00001599,ORD00001599,FedEx,TRK9366320176,delivered,2025-02-12 05:38:22,2025-02-14 05:38:22,Ciudad de México
SHP-ORD00001601,ORD00001601,FedEx,TRK4058965151,delivered,2025-07-31 14:05:24,2025-08-06 14:05:24,Mérida
SHP-ORD00001602,ORD00001602,Paquetexpress,TRK6859453920,delivered,2025-10-26 09:24:33,2025-10-29 09:24:33,León
SHP-ORD00001603,ORD00001603,Paquetexpress,TRK9272652711,delivered,2026-04-23 11:52:31,2026-04-27 11:52:31,Guadalajara
SHP-ORD00001604,ORD00001604,FedEx,TRK1273624700,delivered,2026-01-24 03:39:02,2026-01-25 03:39:02,Puebla
SHP-ORD00001605,ORD00001605,FedEx,TRK6998383257,in_transit,2026-01-27 10:29:08,2026-01-28 10:29:08,Monterrey
SHP-ORD00001606,ORD00001606,Redpack,TRK8978727007,in_transit,2025-07-11 17:55:03,2025-07-13 17:55:03,León
SHP-ORD00001609,ORD00001609,FedEx,TRK9349634805,delivered,2025-09-29 01:59:25,2025-09-30 01:59:25,Mérida
SHP-ORD00001610,ORD00001610,Estafeta,TRK8111396001,in_transit,2025-08-09 04:17:26,2025-08-11 04:17:26,Cancún
SHP-ORD00001611,ORD00001611,Redpack,TRK6927146146,delivered,2026-01-11 10:00:39,2026-01-12 10:00:39,Mérida
SHP-ORD00001612,ORD00001612,Redpack,TRK2024980409,delivered,2025-02-07 05:57:34,2025-02-08 05:57:34,Puebla
SHP-ORD00001614,ORD00001614,Estafeta,TRK5159726763,failed,2025-06-17 07:08:39,2025-06-19 07:08:39,Mérida
SHP-ORD00001616,ORD00001616,Paquetexpress,TRK4402487715,failed,2025-02-25 17:07:57,2025-02-27 17:07:57,Cancún
SHP-ORD00001620,ORD00001620,Estafeta,TRK4950533575,returned,2026-01-17 05:00:47,2026-01-21 05:00:47,Puebla
SHP-ORD00001623,ORD00001623,DHL,TRK7455300913,failed,2026-02-22 22:44:14,2026-02-24 22:44:14,Mérida
SHP-ORD00001624,ORD00001624,DHL,TRK5155700848,delivered,2025-06-21 19:11:06,2025-06-23 19:11:06,León
SHP-ORD00001628,ORD00001628,Paquetexpress,TRK4529759985,failed,2025-09-23 09:39:47,2025-09-25 09:39:47,Monterrey
SHP-ORD00001629,ORD00001629,Redpack,TRK7663317179,returned,2025-05-01 12:48:40,2025-05-07 12:48:40,Mérida
SHP-ORD00001630,ORD00001630,DHL,TRK5089037258,delivered,2025-03-25 15:40:51,2025-03-29 15:40:51,Cancún
SHP-ORD00001631,ORD00001631,Redpack,TRK3587419330,delivered,2025-08-08 00:18:53,2025-08-15 00:18:53,Oaxaca
SHP-ORD00001632,ORD00001632,Redpack,TRK5419525679,pending,2026-04-14 10:27:20,2026-04-15 10:27:20,Guadalajara
SHP-ORD00001633,ORD00001633,Redpack,TRK4654587665,delivered,2026-05-12 03:15:20,2026-05-17 03:15:20,León
SHP-ORD00001635,ORD00001635,DHL,TRK9891052059,delivered,2025-10-13 07:16:27,2025-10-14 07:16:27,Oaxaca
SHP-ORD00001637,ORD00001637,Paquetexpress,TRK9773848091,delivered,2025-09-27 12:49:28,2025-10-01 12:49:28,Tijuana
SHP-ORD00001638,ORD00001638,FedEx,TRK6475484322,failed,2025-04-01 22:46:36,2025-04-04 22:46:36,Monterrey
SHP-ORD00001640,ORD00001640,Redpack,TRK2028928324,delivered,2025-02-03 22:22:06,2025-02-05 22:22:06,Oaxaca
SHP-ORD00001643,ORD00001643,Paquetexpress,TRK1922994841,pending,2025-02-01 11:00:30,2025-02-08 11:00:30,León
SHP-ORD00001646,ORD00001646,Paquetexpress,TRK1220596356,pending,2026-03-04 00:17:50,2026-03-10 00:17:50,Guadalajara
SHP-ORD00001651,ORD00001651,FedEx,TRK5672889833,delivered,2025-01-29 18:42:09,2025-02-02 18:42:09,León
SHP-ORD00001653,ORD00001653,Paquetexpress,TRK5028233367,failed,2025-12-20 16:06:30,2025-12-26 16:06:30,Oaxaca
SHP-ORD00001654,ORD00001654,DHL,TRK9930948648,delivered,2025-01-23 09:29:32,2025-01-29 09:29:32,León
SHP-ORD00001658,ORD00001658,Estafeta,TRK1389148506,delivered,2025-07-10 12:24:48,2025-07-12 12:24:48,Ciudad de México
SHP-ORD00001659,ORD00001659,Redpack,TRK9794742770,delivered,2025-11-25 04:51:00,2025-12-01 04:51:00,Monterrey
SHP-ORD00001661,ORD00001661,FedEx,TRK6523562807,delivered,2025-12-02 23:20:39,2025-12-07 23:20:39,Guadalajara
SHP-ORD00001665,ORD00001665,Estafeta,TRK5903978107,delivered,2025-09-23 02:03:17,2025-09-27 02:03:17,Oaxaca
SHP-ORD00001668,ORD00001668,Paquetexpress,TRK6021733026,pending,2025-04-27 19:08:31,2025-05-04 19:08:31,Cancún
SHP-ORD00001672,ORD00001672,Paquetexpress,TRK4708031119,delivered,2026-03-25 04:52:00,2026-03-28 04:52:00,Querétaro
SHP-ORD00001674,ORD00001674,Paquetexpress,TRK3222957197,failed,2025-08-02 03:58:53,2025-08-03 03:58:53,Cancún
SHP-ORD00001677,ORD00001677,Paquetexpress,TRK5376694496,delivered,2025-11-13 22:53:40,2025-11-20 22:53:40,Guadalajara
SHP-ORD00001679,ORD00001679,DHL,TRK6562400401,delivered,2025-07-19 14:41:20,2025-07-25 14:41:20,Tijuana
SHP-ORD00001681,ORD00001681,FedEx,TRK7204773289,pending,2026-01-21 17:13:28,2026-01-22 17:13:28,Tijuana
SHP-ORD00001682,ORD00001682,Paquetexpress,TRK3341328966,failed,2025-05-17 11:09:33,2025-05-22 11:09:33,Ciudad de México
SHP-ORD00001683,ORD00001683,Redpack,TRK1212918612,delivered,2025-05-10 11:27:13,2025-05-13 11:27:13,Puebla
SHP-ORD00001684,ORD00001684,Redpack,TRK6924105995,returned,2026-05-19 11:15:33,2026-05-25 11:15:33,Monterrey
SHP-ORD00001685,ORD00001685,Paquetexpress,TRK2718258479,delivered,2025-02-08 13:29:28,2025-02-14 13:29:28,Oaxaca
SHP-ORD00001688,ORD00001688,Redpack,TRK2943601155,delivered,2025-03-14 09:13:18,2025-03-16 09:13:18,Tijuana
SHP-ORD00001689,ORD00001689,FedEx,TRK4717934348,failed,2025-05-22 14:04:39,2025-05-29 14:04:39,Cancún
SHP-ORD00001692,ORD00001692,DHL,TRK4389921874,in_transit,2025-04-17 10:16:47,2025-04-24 10:16:47,Monterrey
SHP-ORD00001693,ORD00001693,Paquetexpress,TRK3442541300,pending,2025-07-01 13:52:28,2025-07-08 13:52:28,Tijuana
SHP-ORD00001694,ORD00001694,FedEx,TRK5172018929,delivered,2026-01-04 00:03:04,2026-01-08 00:03:04,Guadalajara
SHP-ORD00001695,ORD00001695,Estafeta,TRK4525857522,delivered,2025-06-10 17:33:08,2025-06-13 17:33:08,Cancún
SHP-ORD00001696,ORD00001696,FedEx,TRK5878787548,delivered,2026-05-09 11:06:04,2026-05-16 11:06:04,Querétaro
SHP-ORD00001698,ORD00001698,Paquetexpress,TRK7737936162,delivered,2026-04-28 22:08:06,2026-05-03 22:08:06,Monterrey
SHP-ORD00001699,ORD00001699,FedEx,TRK8753514017,delivered,2025-07-25 15:03:14,2025-07-26 15:03:14,Ciudad de México
SHP-ORD00001701,ORD00001701,Redpack,TRK7152735431,returned,2025-11-25 14:39:44,2025-12-02 14:39:44,Cancún
SHP-ORD00001702,ORD00001702,Estafeta,TRK2942666990,delivered,2025-11-11 19:32:34,2025-11-16 19:32:34,Querétaro
SHP-ORD00001703,ORD00001703,Paquetexpress,TRK7486886825,delivered,2025-04-24 10:08:49,2025-04-27 10:08:49,Querétaro
SHP-ORD00001706,ORD00001706,FedEx,TRK4128453169,returned,2025-03-01 17:31:38,2025-03-07 17:31:38,Cancún
SHP-ORD00001708,ORD00001708,Redpack,TRK4230246623,delivered,2025-11-30 20:47:28,2025-12-05 20:47:28,León
SHP-ORD00001709,ORD00001709,DHL,TRK8149013711,delivered,2026-03-03 20:47:55,2026-03-06 20:47:55,Puebla
SHP-ORD00001712,ORD00001712,FedEx,TRK5997586713,delivered,2026-01-20 01:18:28,2026-01-27 01:18:28,Puebla
SHP-ORD00001713,ORD00001713,Redpack,TRK9553950423,delivered,2025-10-30 15:19:09,2025-11-04 15:19:09,Ciudad de México
SHP-ORD00001716,ORD00001716,Estafeta,TRK2954086138,returned,2025-10-06 02:09:20,2025-10-13 02:09:20,Guadalajara
SHP-ORD00001719,ORD00001719,DHL,TRK8904348727,delivered,2025-11-15 06:07:27,2025-11-19 06:07:27,Oaxaca
SHP-ORD00001720,ORD00001720,Paquetexpress,TRK2923049049,delivered,2026-02-11 17:38:16,2026-02-13 17:38:16,Querétaro
SHP-ORD00001721,ORD00001721,DHL,TRK7855387508,returned,2025-06-26 04:56:06,2025-06-30 04:56:06,Querétaro
SHP-ORD00001722,ORD00001722,FedEx,TRK5817738134,delivered,2025-08-20 06:12:41,2025-08-26 06:12:41,León
SHP-ORD00001723,ORD00001723,Paquetexpress,TRK8824785996,delivered,2025-10-05 09:49:32,2025-10-07 09:49:32,Oaxaca
SHP-ORD00001724,ORD00001724,DHL,TRK3968890013,delivered,2025-05-09 12:21:01,2025-05-15 12:21:01,Oaxaca
SHP-ORD00001726,ORD00001726,Estafeta,TRK1107846080,pending,2025-10-12 10:49:36,2025-10-15 10:49:36,Puebla
SHP-ORD00001727,ORD00001727,Redpack,TRK4313395801,delivered,2025-11-19 19:05:59,2025-11-26 19:05:59,Mérida
SHP-ORD00001731,ORD00001731,FedEx,TRK2857255780,delivered,2026-03-30 22:52:31,2026-04-03 22:52:31,Cancún
SHP-ORD00001732,ORD00001732,Estafeta,TRK8435920990,returned,2025-01-27 05:55:40,2025-01-29 05:55:40,Cancún
SHP-ORD00001736,ORD00001736,FedEx,TRK2621976658,delivered,2025-04-22 14:06:52,2025-04-25 14:06:52,Mérida
SHP-ORD00001737,ORD00001737,Paquetexpress,TRK6883336936,delivered,2025-09-06 00:19:18,2025-09-12 00:19:18,León
SHP-ORD00001738,ORD00001738,DHL,TRK3770034413,delivered,2025-08-17 18:06:29,2025-08-22 18:06:29,Tijuana
SHP-ORD00001739,ORD00001739,Paquetexpress,TRK7344637237,delivered,2025-04-17 23:49:57,2025-04-24 23:49:57,Puebla
SHP-ORD00001740,ORD00001740,Redpack,TRK7842989463,delivered,2025-05-04 18:10:23,2025-05-10 18:10:23,Oaxaca
SHP-ORD00001742,ORD00001742,Estafeta,TRK5893367177,delivered,2025-01-09 17:52:43,2025-01-13 17:52:43,Tijuana
SHP-ORD00001743,ORD00001743,DHL,TRK4570838835,failed,2025-01-16 02:31:57,2025-01-17 02:31:57,Mérida
SHP-ORD00001744,ORD00001744,FedEx,TRK4448488147,delivered,2026-05-16 09:03:07,2026-05-17 09:03:07,León
SHP-ORD00001745,ORD00001745,Estafeta,TRK5263233320,delivered,2025-02-07 19:19:45,2025-02-10 19:19:45,León
SHP-ORD00001746,ORD00001746,Paquetexpress,TRK7307341538,delivered,2025-06-18 22:22:25,2025-06-19 22:22:25,Ciudad de México
SHP-ORD00001747,ORD00001747,Estafeta,TRK3852127288,returned,2025-09-19 06:10:33,2025-09-21 06:10:33,Oaxaca
SHP-ORD00001748,ORD00001748,Estafeta,TRK5575649008,delivered,2025-04-12 13:58:04,2025-04-13 13:58:04,Monterrey
SHP-ORD00001750,ORD00001750,Redpack,TRK9095892703,delivered,2025-10-22 17:31:45,2025-10-23 17:31:45,León
SHP-ORD00001751,ORD00001751,Paquetexpress,TRK4364750429,delivered,2025-10-10 06:09:59,2025-10-15 06:09:59,Puebla
SHP-ORD00001752,ORD00001752,Estafeta,TRK7329191903,delivered,2026-01-10 04:06:11,2026-01-17 04:06:11,Guadalajara
SHP-ORD00001754,ORD00001754,FedEx,TRK5621273061,delivered,2025-02-25 07:37:50,2025-02-27 07:37:50,Cancún
SHP-ORD00001755,ORD00001755,Redpack,TRK3076710483,delivered,2025-01-22 23:50:24,2025-01-26 23:50:24,Oaxaca
SHP-ORD00001756,ORD00001756,Redpack,TRK4572115594,delivered,2026-03-01 08:21:58,2026-03-03 08:21:58,Tijuana
SHP-ORD00001757,ORD00001757,Estafeta,TRK7697936368,in_transit,2025-12-21 20:52:42,2025-12-25 20:52:42,Querétaro
SHP-ORD00001759,ORD00001759,Estafeta,TRK3552232116,returned,2025-12-26 22:53:02,2025-12-29 22:53:02,Oaxaca
SHP-ORD00001761,ORD00001761,Redpack,TRK3538348672,delivered,2025-06-20 04:05:39,2025-06-23 04:05:39,Tijuana
SHP-ORD00001762,ORD00001762,Redpack,TRK5964245699,delivered,2025-11-10 11:04:09,2025-11-14 11:04:09,Oaxaca
SHP-ORD00001764,ORD00001764,Estafeta,TRK5620322994,delivered,2025-08-30 07:35:04,2025-09-02 07:35:04,Querétaro
SHP-ORD00001769,ORD00001769,FedEx,TRK9491666086,delivered,2025-09-19 18:01:57,2025-09-20 18:01:57,Puebla
SHP-ORD00001770,ORD00001770,Paquetexpress,TRK2980306261,delivered,2026-01-25 16:19:46,2026-01-29 16:19:46,Querétaro
SHP-ORD00001771,ORD00001771,DHL,TRK5192255556,delivered,2025-10-27 16:06:13,2025-10-29 16:06:13,Cancún
SHP-ORD00001774,ORD00001774,DHL,TRK4727406285,delivered,2025-03-25 08:28:00,2025-04-01 08:28:00,Oaxaca
SHP-ORD00001777,ORD00001777,FedEx,TRK6829644272,failed,2025-04-28 17:17:58,2025-05-04 17:17:58,Mérida
SHP-ORD00001778,ORD00001778,FedEx,TRK6638102861,failed,2025-03-03 22:44:38,2025-03-05 22:44:38,Puebla
SHP-ORD00001780,ORD00001780,Estafeta,TRK5151478883,delivered,2025-01-27 16:33:17,2025-01-28 16:33:17,Guadalajara
SHP-ORD00001781,ORD00001781,DHL,TRK5706604768,delivered,2025-11-14 13:33:12,2025-11-15 13:33:12,Cancún
SHP-ORD00001783,ORD00001783,Estafeta,TRK6580129001,delivered,2025-12-20 08:03:49,2025-12-25 08:03:49,Oaxaca
SHP-ORD00001785,ORD00001785,Redpack,TRK3793921492,delivered,2025-08-11 11:07:31,2025-08-14 11:07:31,Guadalajara
SHP-ORD00001786,ORD00001786,Paquetexpress,TRK4843615179,returned,2025-02-06 16:22:52,2025-02-12 16:22:52,Oaxaca
SHP-ORD00001788,ORD00001788,Paquetexpress,TRK2015897544,delivered,2025-05-26 01:14:54,2025-05-29 01:14:54,Puebla
SHP-ORD00001790,ORD00001790,DHL,TRK3876813967,failed,2025-08-21 12:35:19,2025-08-25 12:35:19,Puebla
SHP-ORD00001792,ORD00001792,FedEx,TRK4109878040,returned,2026-05-18 17:45:22,2026-05-23 17:45:22,Puebla
SHP-ORD00001793,ORD00001793,Estafeta,TRK7595852822,in_transit,2025-05-26 06:06:33,2025-05-30 06:06:33,Guadalajara
SHP-ORD00001795,ORD00001795,DHL,TRK4888089638,delivered,2026-04-27 17:50:44,2026-05-04 17:50:44,Ciudad de México
SHP-ORD00001797,ORD00001797,Redpack,TRK4685272082,delivered,2025-08-05 14:41:56,2025-08-12 14:41:56,Oaxaca
SHP-ORD00001799,ORD00001799,DHL,TRK7394835644,delivered,2025-04-11 18:41:07,2025-04-15 18:41:07,Guadalajara
SHP-ORD00001801,ORD00001801,FedEx,TRK1941929800,delivered,2025-09-16 16:28:41,2025-09-19 16:28:41,Mérida
SHP-ORD00001802,ORD00001802,Paquetexpress,TRK6606317169,delivered,2025-04-15 14:24:52,2025-04-18 14:24:52,Oaxaca
SHP-ORD00001803,ORD00001803,Redpack,TRK8764535729,delivered,2025-11-23 04:02:54,2025-11-25 04:02:54,Mérida
SHP-ORD00001804,ORD00001804,Paquetexpress,TRK3726190187,returned,2025-08-18 16:44:54,2025-08-25 16:44:54,Monterrey
SHP-ORD00001806,ORD00001806,Estafeta,TRK3057002626,delivered,2026-02-02 07:53:03,2026-02-07 07:53:03,Tijuana
SHP-ORD00001808,ORD00001808,Paquetexpress,TRK3676381607,delivered,2025-02-19 11:04:45,2025-02-26 11:04:45,León
SHP-ORD00001809,ORD00001809,FedEx,TRK9949388483,in_transit,2026-03-17 15:00:30,2026-03-19 15:00:30,Querétaro
SHP-ORD00001810,ORD00001810,Estafeta,TRK5551080910,delivered,2026-05-03 12:25:11,2026-05-09 12:25:11,León
SHP-ORD00001811,ORD00001811,Redpack,TRK7556787532,delivered,2025-04-27 01:04:15,2025-05-03 01:04:15,Mérida
SHP-ORD00001812,ORD00001812,Redpack,TRK4249955768,returned,2025-08-10 19:58:03,2025-08-15 19:58:03,Monterrey
SHP-ORD00001813,ORD00001813,Paquetexpress,TRK8060820064,failed,2026-03-12 13:24:52,2026-03-15 13:24:52,Guadalajara
SHP-ORD00001814,ORD00001814,Paquetexpress,TRK9313357961,returned,2026-04-22 21:42:05,2026-04-27 21:42:05,Monterrey
SHP-ORD00001816,ORD00001816,Redpack,TRK7681600102,failed,2026-03-10 09:22:03,2026-03-15 09:22:03,Oaxaca
SHP-ORD00001817,ORD00001817,Estafeta,TRK5678557206,in_transit,2026-03-24 18:49:38,2026-03-25 18:49:38,Querétaro
SHP-ORD00001819,ORD00001819,Redpack,TRK7915455760,delivered,2025-01-05 21:27:54,2025-01-10 21:27:54,Monterrey
SHP-ORD00001822,ORD00001822,Paquetexpress,TRK6704822753,delivered,2026-01-21 07:41:32,2026-01-25 07:41:32,Mérida
SHP-ORD00001823,ORD00001823,FedEx,TRK8531515284,returned,2025-10-29 23:01:12,2025-11-05 23:01:12,León
SHP-ORD00001824,ORD00001824,FedEx,TRK6691413019,delivered,2026-04-26 15:20:28,2026-04-27 15:20:28,Puebla
SHP-ORD00001826,ORD00001826,Paquetexpress,TRK3068101316,delivered,2026-03-26 16:27:23,2026-03-29 16:27:23,Cancún
SHP-ORD00001828,ORD00001828,Paquetexpress,TRK5052529655,delivered,2025-07-27 08:11:31,2025-08-02 08:11:31,Guadalajara
SHP-ORD00001831,ORD00001831,Redpack,TRK2431308373,delivered,2025-07-15 21:45:54,2025-07-16 21:45:54,Monterrey
SHP-ORD00001832,ORD00001832,Estafeta,TRK8483249132,returned,2025-07-15 07:27:22,2025-07-22 07:27:22,Mérida
SHP-ORD00001833,ORD00001833,Redpack,TRK3775055328,delivered,2026-05-06 21:21:31,2026-05-13 21:21:31,Mérida
SHP-ORD00001836,ORD00001836,DHL,TRK1023105360,delivered,2025-08-20 19:59:57,2025-08-22 19:59:57,Oaxaca
SHP-ORD00001838,ORD00001838,DHL,TRK9122252598,returned,2026-04-02 21:02:13,2026-04-04 21:02:13,Puebla
SHP-ORD00001841,ORD00001841,DHL,TRK3656357325,failed,2025-07-15 10:31:45,2025-07-17 10:31:45,Oaxaca
SHP-ORD00001842,ORD00001842,FedEx,TRK3260936704,delivered,2025-12-21 14:07:19,2025-12-22 14:07:19,Tijuana
SHP-ORD00001843,ORD00001843,Redpack,TRK7234401510,delivered,2025-11-29 02:10:23,2025-12-04 02:10:23,Querétaro
SHP-ORD00001844,ORD00001844,Redpack,TRK6955940842,failed,2025-07-08 05:13:21,2025-07-10 05:13:21,Oaxaca
SHP-ORD00001845,ORD00001845,FedEx,TRK2673203633,delivered,2025-08-10 19:33:04,2025-08-14 19:33:04,Ciudad de México
SHP-ORD00001848,ORD00001848,Estafeta,TRK6859147253,in_transit,2026-03-02 18:50:57,2026-03-06 18:50:57,Puebla
SHP-ORD00001849,ORD00001849,Paquetexpress,TRK4855407103,delivered,2025-06-10 11:44:10,2025-06-11 11:44:10,Tijuana
SHP-ORD00001850,ORD00001850,Estafeta,TRK2334906225,delivered,2025-12-31 10:50:42,2026-01-01 10:50:42,Tijuana
SHP-ORD00001853,ORD00001853,Redpack,TRK1037677583,delivered,2025-12-16 15:28:22,2025-12-18 15:28:22,Ciudad de México
SHP-ORD00001854,ORD00001854,FedEx,TRK3014630835,failed,2025-02-26 13:47:00,2025-03-04 13:47:00,Ciudad de México
SHP-ORD00001855,ORD00001855,DHL,TRK2067462997,delivered,2025-08-14 00:48:22,2025-08-17 00:48:22,Mérida
SHP-ORD00001856,ORD00001856,Estafeta,TRK8355747528,delivered,2025-10-01 02:39:34,2025-10-03 02:39:34,Monterrey
SHP-ORD00001857,ORD00001857,DHL,TRK3894716372,delivered,2025-01-07 10:01:04,2025-01-09 10:01:04,Guadalajara
SHP-ORD00001859,ORD00001859,Estafeta,TRK3579788789,delivered,2025-02-25 02:30:10,2025-03-04 02:30:10,Oaxaca
SHP-ORD00001862,ORD00001862,Redpack,TRK8403084044,in_transit,2025-10-14 21:22:44,2025-10-15 21:22:44,Guadalajara
SHP-ORD00001863,ORD00001863,Paquetexpress,TRK8405069576,delivered,2025-05-29 07:45:50,2025-06-01 07:45:50,Tijuana
SHP-ORD00001864,ORD00001864,Redpack,TRK4934260494,failed,2025-07-25 18:38:54,2025-07-27 18:38:54,León
SHP-ORD00001866,ORD00001866,Redpack,TRK8743296800,delivered,2026-05-14 12:08:43,2026-05-18 12:08:43,Puebla
SHP-ORD00001869,ORD00001869,Redpack,TRK9932479987,delivered,2026-04-11 16:41:00,2026-04-13 16:41:00,Querétaro
SHP-ORD00001870,ORD00001870,DHL,TRK8297724269,delivered,2025-04-20 17:09:30,2025-04-25 17:09:30,Cancún
SHP-ORD00001871,ORD00001871,Redpack,TRK5582791527,delivered,2025-07-10 08:59:25,2025-07-15 08:59:25,Oaxaca
SHP-ORD00001872,ORD00001872,Redpack,TRK7293874808,delivered,2025-03-03 14:23:06,2025-03-04 14:23:06,Oaxaca
SHP-ORD00001873,ORD00001873,FedEx,TRK1611412351,delivered,2025-07-14 23:15:08,2025-07-17 23:15:08,Tijuana
SHP-ORD00001875,ORD00001875,DHL,TRK6513253858,returned,2026-02-22 13:47:52,2026-02-27 13:47:52,Mérida
SHP-ORD00001877,ORD00001877,Estafeta,TRK3685369229,failed,2025-06-16 14:37:59,2025-06-19 14:37:59,Oaxaca
SHP-ORD00001879,ORD00001879,Estafeta,TRK7105424358,delivered,2025-08-24 10:35:56,2025-08-27 10:35:56,Guadalajara
SHP-ORD00001880,ORD00001880,Estafeta,TRK2588274904,delivered,2025-04-25 21:57:29,2025-05-01 21:57:29,Mérida
SHP-ORD00001883,ORD00001883,FedEx,TRK3429575923,returned,2026-01-15 20:36:24,2026-01-21 20:36:24,Puebla
SHP-ORD00001884,ORD00001884,Redpack,TRK8861617562,delivered,2025-03-09 18:10:50,2025-03-15 18:10:50,Monterrey
SHP-ORD00001885,ORD00001885,Redpack,TRK1386805711,returned,2025-09-23 16:12:07,2025-09-29 16:12:07,Tijuana
SHP-ORD00001887,ORD00001887,Paquetexpress,TRK1578296173,delivered,2026-03-20 11:33:57,2026-03-24 11:33:57,Puebla
SHP-ORD00001888,ORD00001888,Paquetexpress,TRK4837355772,delivered,2025-11-18 17:44:29,2025-11-19 17:44:29,Monterrey
SHP-ORD00001890,ORD00001890,Redpack,TRK6511271615,delivered,2025-10-11 22:12:41,2025-10-15 22:12:41,Cancún
SHP-ORD00001891,ORD00001891,Estafeta,TRK5330428263,delivered,2025-05-31 01:44:41,2025-06-01 01:44:41,Cancún
SHP-ORD00001892,ORD00001892,Estafeta,TRK6791771319,returned,2026-02-09 16:42:23,2026-02-12 16:42:23,Guadalajara
SHP-ORD00001894,ORD00001894,FedEx,TRK8613731121,returned,2025-11-03 23:16:30,2025-11-10 23:16:30,Cancún
SHP-ORD00001897,ORD00001897,Estafeta,TRK5209651757,failed,2026-01-26 15:53:17,2026-01-30 15:53:17,Oaxaca
SHP-ORD00001898,ORD00001898,Paquetexpress,TRK6395628090,delivered,2025-07-09 14:27:59,2025-07-14 14:27:59,Cancún
SHP-ORD00001899,ORD00001899,Paquetexpress,TRK6559506712,delivered,2025-08-09 16:45:18,2025-08-10 16:45:18,Guadalajara
SHP-ORD00001900,ORD00001900,Paquetexpress,TRK1041530309,delivered,2026-04-07 19:03:51,2026-04-14 19:03:51,Puebla
SHP-ORD00001901,ORD00001901,Estafeta,TRK9872847968,delivered,2026-03-04 05:20:00,2026-03-07 05:20:00,Oaxaca
SHP-ORD00001902,ORD00001902,DHL,TRK9539422276,delivered,2025-11-30 06:19:40,2025-12-07 06:19:40,Tijuana
SHP-ORD00001903,ORD00001903,Redpack,TRK8891712724,delivered,2026-03-12 20:52:07,2026-03-16 20:52:07,Ciudad de México
SHP-ORD00001904,ORD00001904,Estafeta,TRK8914667846,delivered,2025-04-09 07:45:00,2025-04-11 07:45:00,Querétaro
SHP-ORD00001905,ORD00001905,Paquetexpress,TRK3631024187,delivered,2025-08-08 07:45:57,2025-08-10 07:45:57,Cancún
SHP-ORD00001907,ORD00001907,Redpack,TRK9157543288,delivered,2025-11-09 20:00:39,2025-11-10 20:00:39,Monterrey
SHP-ORD00001909,ORD00001909,Paquetexpress,TRK5975921007,delivered,2025-08-28 17:45:42,2025-08-30 17:45:42,Monterrey
SHP-ORD00001910,ORD00001910,FedEx,TRK2942575227,failed,2025-03-12 16:27:53,2025-03-17 16:27:53,Ciudad de México
SHP-ORD00001911,ORD00001911,DHL,TRK2052114765,delivered,2025-09-19 00:20:56,2025-09-26 00:20:56,Guadalajara
SHP-ORD00001912,ORD00001912,Estafeta,TRK7019558023,failed,2025-02-24 01:26:05,2025-02-25 01:26:05,Cancún
SHP-ORD00001913,ORD00001913,Paquetexpress,TRK5452440592,delivered,2025-11-27 10:20:19,2025-12-04 10:20:19,León
SHP-ORD00001917,ORD00001917,DHL,TRK9994563599,delivered,2025-04-10 15:17:18,2025-04-12 15:17:18,Puebla
SHP-ORD00001920,ORD00001920,DHL,TRK9746070518,delivered,2025-03-10 02:05:18,2025-03-11 02:05:18,Cancún
SHP-ORD00001921,ORD00001921,FedEx,TRK6442392384,failed,2025-09-07 20:33:35,2025-09-12 20:33:35,Ciudad de México
SHP-ORD00001922,ORD00001922,FedEx,TRK1997984242,pending,2025-05-23 14:46:47,2025-05-29 14:46:47,Monterrey
SHP-ORD00001924,ORD00001924,DHL,TRK7771861943,delivered,2026-04-07 14:17:47,2026-04-14 14:17:47,León
SHP-ORD00001925,ORD00001925,Paquetexpress,TRK4717696500,delivered,2025-02-23 12:33:40,2025-03-02 12:33:40,Oaxaca
SHP-ORD00001929,ORD00001929,Estafeta,TRK5929884090,failed,2025-05-05 13:15:16,2025-05-11 13:15:16,Monterrey
SHP-ORD00001930,ORD00001930,Estafeta,TRK3312003170,in_transit,2025-04-16 08:11:47,2025-04-19 08:11:47,Guadalajara
SHP-ORD00001931,ORD00001931,Estafeta,TRK4708633339,delivered,2025-12-12 03:15:54,2025-12-18 03:15:54,Cancún
SHP-ORD00001933,ORD00001933,Estafeta,TRK2276407232,delivered,2026-02-03 05:02:17,2026-02-04 05:02:17,Oaxaca
SHP-ORD00001938,ORD00001938,DHL,TRK7876706624,delivered,2026-04-29 15:31:10,2026-05-02 15:31:10,Mérida
SHP-ORD00001939,ORD00001939,DHL,TRK8256526754,failed,2025-02-17 19:58:18,2025-02-23 19:58:18,Querétaro
SHP-ORD00001943,ORD00001943,FedEx,TRK1426954548,delivered,2025-06-13 16:24:02,2025-06-19 16:24:02,Oaxaca
SHP-ORD00001944,ORD00001944,Paquetexpress,TRK7354708664,delivered,2025-06-06 07:08:25,2025-06-08 07:08:25,Oaxaca
SHP-ORD00001945,ORD00001945,Estafeta,TRK2538178548,delivered,2026-05-07 17:40:50,2026-05-12 17:40:50,Guadalajara
SHP-ORD00001947,ORD00001947,FedEx,TRK9625628827,delivered,2026-05-09 08:12:02,2026-05-12 08:12:02,Oaxaca
SHP-ORD00001948,ORD00001948,FedEx,TRK2365327007,delivered,2025-12-23 19:15:45,2025-12-25 19:15:45,Puebla
SHP-ORD00001949,ORD00001949,FedEx,TRK9345586229,delivered,2025-08-15 04:47:11,2025-08-20 04:47:11,Tijuana
SHP-ORD00001950,ORD00001950,Estafeta,TRK8018479527,delivered,2025-06-16 22:46:34,2025-06-19 22:46:34,Querétaro
SHP-ORD00001951,ORD00001951,Paquetexpress,TRK8179060806,failed,2025-08-05 21:25:14,2025-08-07 21:25:14,Cancún
SHP-ORD00001952,ORD00001952,DHL,TRK5831052461,delivered,2025-01-16 08:33:02,2025-01-18 08:33:02,Tijuana
SHP-ORD00001953,ORD00001953,Paquetexpress,TRK5354857647,failed,2026-02-15 00:16:38,2026-02-19 00:16:38,Guadalajara
SHP-ORD00001956,ORD00001956,FedEx,TRK8647549941,delivered,2026-05-06 00:21:55,2026-05-11 00:21:55,Tijuana
SHP-ORD00001957,ORD00001957,Paquetexpress,TRK8795483264,delivered,2026-03-10 00:42:44,2026-03-13 00:42:44,Puebla
SHP-ORD00001958,ORD00001958,FedEx,TRK7931532559,delivered,2025-12-30 15:51:55,2026-01-06 15:51:55,Querétaro
SHP-ORD00001962,ORD00001962,DHL,TRK8664457167,failed,2026-03-20 07:56:47,2026-03-25 07:56:47,León
SHP-ORD00001965,ORD00001965,Redpack,TRK2574586050,pending,2025-10-01 02:03:28,2025-10-02 02:03:28,Puebla
SHP-ORD00001967,ORD00001967,Paquetexpress,TRK7899470595,delivered,2025-06-28 00:17:58,2025-07-03 00:17:58,Mérida
SHP-ORD00001968,ORD00001968,Redpack,TRK9866362250,delivered,2025-08-21 01:51:58,2025-08-22 01:51:58,Monterrey
SHP-ORD00001972,ORD00001972,FedEx,TRK4058580292,delivered,2025-12-03 15:24:24,2025-12-08 15:24:24,Querétaro
SHP-ORD00001973,ORD00001973,Estafeta,TRK3995365742,delivered,2026-01-13 11:56:45,2026-01-16 11:56:45,Monterrey
SHP-ORD00001976,ORD00001976,Redpack,TRK3207583425,delivered,2025-04-21 23:29:24,2025-04-22 23:29:24,Cancún
SHP-ORD00001977,ORD00001977,FedEx,TRK9311939286,delivered,2026-01-19 14:52:03,2026-01-23 14:52:03,Monterrey
SHP-ORD00001978,ORD00001978,Redpack,TRK9315775793,failed,2026-05-13 01:09:54,2026-05-20 01:09:54,Guadalajara
SHP-ORD00001979,ORD00001979,DHL,TRK2131607621,delivered,2025-01-23 14:44:45,2025-01-25 14:44:45,Ciudad de México
SHP-ORD00001980,ORD00001980,FedEx,TRK9198909771,delivered,2025-03-19 21:19:53,2025-03-25 21:19:53,Monterrey
SHP-ORD00001983,ORD00001983,Estafeta,TRK9082933038,delivered,2026-02-25 11:40:31,2026-02-26 11:40:31,Puebla
SHP-ORD00001985,ORD00001985,Paquetexpress,TRK4805955058,delivered,2025-09-03 17:11:26,2025-09-04 17:11:26,Ciudad de México
SHP-ORD00001987,ORD00001987,FedEx,TRK8656930563,pending,2025-10-23 16:17:58,2025-10-30 16:17:58,Tijuana
SHP-ORD00001988,ORD00001988,DHL,TRK2508637740,pending,2025-11-10 08:03:37,2025-11-14 08:03:37,Oaxaca
SHP-ORD00001989,ORD00001989,Paquetexpress,TRK1931086379,in_transit,2026-04-01 20:59:06,2026-04-06 20:59:06,Cancún
SHP-ORD00001990,ORD00001990,Estafeta,TRK7340226222,failed,2026-01-01 12:31:08,2026-01-06 12:31:08,León
SHP-ORD00001991,ORD00001991,Paquetexpress,TRK2659127541,delivered,2026-04-10 20:57:34,2026-04-17 20:57:34,Guadalajara
SHP-ORD00001992,ORD00001992,Paquetexpress,TRK2547516097,delivered,2025-06-09 14:42:28,2025-06-16 14:42:28,Puebla
SHP-ORD00001994,ORD00001994,DHL,TRK7766764761,pending,2025-11-09 03:33:24,2025-11-12 03:33:24,Cancún
SHP-ORD00001995,ORD00001995,DHL,TRK3713862078,delivered,2025-05-31 05:07:16,2025-06-01 05:07:16,Querétaro
SHP-ORD00001996,ORD00001996,DHL,TRK7054325033,in_transit,2025-07-10 00:33:19,2025-07-17 00:33:19,Querétaro
SHP-ORD00001998,ORD00001998,FedEx,TRK4250599067,delivered,2025-11-24 15:14:24,2025-11-25 15:14:24,Ciudad de México
SHP-ORD00001999,ORD00001999,Estafeta,TRK2572143152,failed,2026-01-13 14:38:53,2026-01-19 14:38:53,León
SHP-ORD00002001,ORD00002001,Paquetexpress,TRK1950987618,failed,2025-07-31 18:30:15,2025-08-03 18:30:15,Oaxaca
SHP-ORD00002007,ORD00002007,Paquetexpress,TRK1219956734,pending,2025-02-21 04:17:38,2025-02-22 04:17:38,Monterrey
SHP-ORD00002008,ORD00002008,Estafeta,TRK7804501826,returned,2025-03-24 09:22:28,2025-03-30 09:22:28,Monterrey
SHP-ORD00002009,ORD00002009,DHL,TRK6490647066,failed,2025-02-26 08:46:15,2025-02-27 08:46:15,Mérida
SHP-ORD00002010,ORD00002010,Estafeta,TRK4924399672,returned,2025-05-05 12:49:49,2025-05-06 12:49:49,Monterrey
SHP-ORD00002011,ORD00002011,Paquetexpress,TRK8922421567,in_transit,2025-04-26 21:37:56,2025-04-28 21:37:56,Oaxaca
SHP-ORD00002013,ORD00002013,Paquetexpress,TRK6819080022,delivered,2025-08-03 19:59:28,2025-08-04 19:59:28,Cancún
SHP-ORD00002014,ORD00002014,DHL,TRK6501818328,delivered,2026-03-16 10:02:35,2026-03-21 10:02:35,Tijuana
SHP-ORD00002015,ORD00002015,Estafeta,TRK3707359764,pending,2025-07-07 07:50:41,2025-07-11 07:50:41,Mérida
SHP-ORD00002018,ORD00002018,DHL,TRK5495565014,delivered,2025-10-03 08:34:38,2025-10-05 08:34:38,Mérida
SHP-ORD00002019,ORD00002019,Redpack,TRK7645146899,delivered,2025-02-23 16:19:58,2025-02-26 16:19:58,Monterrey
SHP-ORD00002020,ORD00002020,Redpack,TRK8405772740,failed,2025-06-22 09:06:43,2025-06-25 09:06:43,León
SHP-ORD00002021,ORD00002021,Estafeta,TRK1981645419,failed,2025-04-12 14:53:37,2025-04-17 14:53:37,Guadalajara
SHP-ORD00002022,ORD00002022,DHL,TRK5630452785,returned,2025-11-07 14:16:26,2025-11-12 14:16:26,Puebla
SHP-ORD00002024,ORD00002024,Paquetexpress,TRK7520891649,delivered,2026-04-19 17:55:40,2026-04-26 17:55:40,Ciudad de México
SHP-ORD00002026,ORD00002026,Estafeta,TRK5455932171,delivered,2025-02-10 04:36:43,2025-02-11 04:36:43,León
SHP-ORD00002027,ORD00002027,Estafeta,TRK7283277806,delivered,2026-02-08 15:58:29,2026-02-15 15:58:29,León
SHP-ORD00002028,ORD00002028,DHL,TRK4746967463,delivered,2026-05-08 17:55:14,2026-05-11 17:55:14,Ciudad de México
SHP-ORD00002029,ORD00002029,Paquetexpress,TRK7346136973,delivered,2025-02-14 08:31:10,2025-02-20 08:31:10,León
SHP-ORD00002030,ORD00002030,FedEx,TRK3967014027,delivered,2025-02-06 07:59:45,2025-02-11 07:59:45,Cancún
SHP-ORD00002031,ORD00002031,Redpack,TRK6406523386,failed,2026-02-12 11:38:18,2026-02-19 11:38:18,Querétaro
SHP-ORD00002033,ORD00002033,Estafeta,TRK7442113322,delivered,2026-01-21 18:04:26,2026-01-22 18:04:26,Tijuana
SHP-ORD00002035,ORD00002035,Estafeta,TRK8095718194,delivered,2025-01-06 09:47:46,2025-01-13 09:47:46,Monterrey
SHP-ORD00002037,ORD00002037,Paquetexpress,TRK1541614286,returned,2025-12-22 05:46:01,2025-12-24 05:46:01,Querétaro
SHP-ORD00002039,ORD00002039,Paquetexpress,TRK2271797493,delivered,2025-12-06 07:45:28,2025-12-12 07:45:28,Mérida
SHP-ORD00002040,ORD00002040,Paquetexpress,TRK6850320670,pending,2025-04-15 07:16:40,2025-04-19 07:16:40,Monterrey
SHP-ORD00002041,ORD00002041,Redpack,TRK6123892229,delivered,2025-10-24 13:54:25,2025-10-26 13:54:25,Ciudad de México
SHP-ORD00002042,ORD00002042,Estafeta,TRK1782501236,pending,2025-03-02 09:13:51,2025-03-07 09:13:51,Oaxaca
SHP-ORD00002044,ORD00002044,FedEx,TRK8246637292,failed,2025-05-10 13:27:39,2025-05-15 13:27:39,Oaxaca
SHP-ORD00002046,ORD00002046,FedEx,TRK6734819073,delivered,2025-07-02 22:30:05,2025-07-06 22:30:05,Guadalajara
SHP-ORD00002048,ORD00002048,Estafeta,TRK1952579581,in_transit,2025-12-16 13:22:15,2025-12-18 13:22:15,Querétaro
SHP-ORD00002049,ORD00002049,FedEx,TRK9809285873,delivered,2026-01-24 08:47:52,2026-01-27 08:47:52,Guadalajara
SHP-ORD00002050,ORD00002050,DHL,TRK7374801420,delivered,2025-09-15 00:16:08,2025-09-21 00:16:08,Cancún
SHP-ORD00002051,ORD00002051,DHL,TRK3803383359,delivered,2026-05-17 00:35:47,2026-05-23 00:35:47,Ciudad de México
SHP-ORD00002054,ORD00002054,DHL,TRK5843242253,pending,2026-03-09 17:23:58,2026-03-13 17:23:58,Oaxaca
SHP-ORD00002056,ORD00002056,DHL,TRK6138537045,delivered,2025-08-03 08:42:56,2025-08-07 08:42:56,Oaxaca
SHP-ORD00002057,ORD00002057,DHL,TRK8346588008,returned,2026-03-16 10:56:14,2026-03-20 10:56:14,Mérida
SHP-ORD00002058,ORD00002058,Paquetexpress,TRK3716910794,returned,2025-12-18 02:49:13,2025-12-23 02:49:13,León
SHP-ORD00002059,ORD00002059,Redpack,TRK1901925047,pending,2025-06-29 05:33:58,2025-07-06 05:33:58,Cancún
SHP-ORD00002060,ORD00002060,Redpack,TRK2725564795,delivered,2025-10-09 15:04:14,2025-10-14 15:04:14,Mérida
SHP-ORD00002061,ORD00002061,DHL,TRK1978254333,in_transit,2026-03-26 01:51:28,2026-03-28 01:51:28,Mérida
SHP-ORD00002062,ORD00002062,Paquetexpress,TRK6050935150,delivered,2025-07-09 05:11:35,2025-07-15 05:11:35,León
SHP-ORD00002063,ORD00002063,Redpack,TRK4288644074,in_transit,2025-11-18 07:48:28,2025-11-19 07:48:28,Puebla
SHP-ORD00002066,ORD00002066,Paquetexpress,TRK3805016121,returned,2025-12-31 13:01:36,2026-01-07 13:01:36,Ciudad de México
SHP-ORD00002069,ORD00002069,FedEx,TRK1251278406,failed,2025-12-28 10:57:58,2025-12-29 10:57:58,Oaxaca
SHP-ORD00002071,ORD00002071,FedEx,TRK3444188034,delivered,2025-01-22 20:17:20,2025-01-28 20:17:20,Cancún
SHP-ORD00002072,ORD00002072,DHL,TRK3105933352,delivered,2026-02-22 21:28:38,2026-02-28 21:28:38,Monterrey
SHP-ORD00002073,ORD00002073,Paquetexpress,TRK2683872329,delivered,2025-01-22 09:42:55,2025-01-24 09:42:55,Puebla
SHP-ORD00002074,ORD00002074,Paquetexpress,TRK1544457605,delivered,2025-03-03 06:12:00,2025-03-04 06:12:00,Puebla
SHP-ORD00002075,ORD00002075,Redpack,TRK1540633932,delivered,2025-03-05 15:20:36,2025-03-07 15:20:36,Tijuana
SHP-ORD00002076,ORD00002076,Estafeta,TRK1543017942,pending,2026-04-29 03:58:52,2026-05-05 03:58:52,Monterrey
SHP-ORD00002077,ORD00002077,Redpack,TRK8572308177,delivered,2026-04-26 19:14:20,2026-04-28 19:14:20,Ciudad de México
SHP-ORD00002078,ORD00002078,Paquetexpress,TRK6909605645,in_transit,2026-05-16 13:00:36,2026-05-22 13:00:36,Mérida
SHP-ORD00002079,ORD00002079,FedEx,TRK4246562724,delivered,2025-09-10 14:37:08,2025-09-13 14:37:08,Puebla
SHP-ORD00002080,ORD00002080,Paquetexpress,TRK6683966755,delivered,2025-06-13 10:35:10,2025-06-16 10:35:10,Querétaro
SHP-ORD00002082,ORD00002082,Redpack,TRK9249865784,delivered,2025-11-28 16:32:43,2025-12-01 16:32:43,Mérida
SHP-ORD00002083,ORD00002083,Redpack,TRK4387674887,delivered,2025-05-10 10:27:01,2025-05-15 10:27:01,León
SHP-ORD00002084,ORD00002084,FedEx,TRK9202818586,pending,2025-11-12 15:57:38,2025-11-16 15:57:38,Guadalajara
SHP-ORD00002085,ORD00002085,Estafeta,TRK1551050976,returned,2025-09-10 08:22:50,2025-09-13 08:22:50,Puebla
SHP-ORD00002088,ORD00002088,Paquetexpress,TRK9046865826,delivered,2025-09-25 10:27:05,2025-09-26 10:27:05,Guadalajara
SHP-ORD00002095,ORD00002095,Redpack,TRK7519642260,in_transit,2025-12-27 17:26:05,2026-01-01 17:26:05,Querétaro
SHP-ORD00002097,ORD00002097,Redpack,TRK2752400059,pending,2025-09-03 11:31:34,2025-09-09 11:31:34,Guadalajara
SHP-ORD00002098,ORD00002098,Redpack,TRK9929859374,delivered,2025-02-26 15:46:55,2025-03-05 15:46:55,Puebla
SHP-ORD00002099,ORD00002099,Paquetexpress,TRK9131558616,delivered,2025-09-06 16:59:33,2025-09-13 16:59:33,Cancún
SHP-ORD00002101,ORD00002101,DHL,TRK8944833462,delivered,2026-03-18 19:38:55,2026-03-20 19:38:55,Mérida
SHP-ORD00002102,ORD00002102,Redpack,TRK6742989879,in_transit,2025-10-20 22:19:44,2025-10-26 22:19:44,Cancún
SHP-ORD00002103,ORD00002103,Redpack,TRK2093260444,delivered,2025-11-04 03:55:57,2025-11-06 03:55:57,Cancún
SHP-ORD00002104,ORD00002104,Redpack,TRK7489096620,pending,2025-05-15 11:41:59,2025-05-17 11:41:59,Ciudad de México
SHP-ORD00002105,ORD00002105,Redpack,TRK8109281335,in_transit,2025-02-25 17:36:40,2025-02-28 17:36:40,Mérida
SHP-ORD00002106,ORD00002106,Estafeta,TRK6234415692,delivered,2025-02-06 00:48:49,2025-02-11 00:48:49,Mérida
SHP-ORD00002108,ORD00002108,Paquetexpress,TRK5048713408,failed,2025-05-19 23:35:46,2025-05-23 23:35:46,Ciudad de México
SHP-ORD00002109,ORD00002109,Paquetexpress,TRK4774621352,delivered,2025-10-05 01:44:23,2025-10-06 01:44:23,Mérida
SHP-ORD00002111,ORD00002111,Paquetexpress,TRK3994106467,delivered,2025-11-16 07:13:19,2025-11-22 07:13:19,Puebla
SHP-ORD00002113,ORD00002113,DHL,TRK7684804589,delivered,2025-04-26 19:02:31,2025-04-30 19:02:31,Guadalajara
SHP-ORD00002115,ORD00002115,Estafeta,TRK1522445406,delivered,2025-11-01 21:32:31,2025-11-07 21:32:31,Querétaro
SHP-ORD00002117,ORD00002117,Estafeta,TRK8160933009,failed,2026-01-01 04:44:57,2026-01-07 04:44:57,Puebla
SHP-ORD00002118,ORD00002118,DHL,TRK4942127420,failed,2025-01-04 20:35:59,2025-01-07 20:35:59,León
SHP-ORD00002119,ORD00002119,FedEx,TRK8816460092,delivered,2026-05-16 14:20:07,2026-05-18 14:20:07,Querétaro
SHP-ORD00002121,ORD00002121,DHL,TRK3617223531,delivered,2025-04-11 20:30:18,2025-04-16 20:30:18,Mérida
SHP-ORD00002122,ORD00002122,Estafeta,TRK3887519851,pending,2026-03-31 02:09:34,2026-04-05 02:09:34,Puebla
SHP-ORD00002123,ORD00002123,DHL,TRK4893752282,delivered,2026-01-14 17:22:01,2026-01-17 17:22:01,Guadalajara
SHP-ORD00002124,ORD00002124,DHL,TRK4999319044,delivered,2025-11-03 11:40:59,2025-11-09 11:40:59,Oaxaca
SHP-ORD00002126,ORD00002126,FedEx,TRK9776348176,delivered,2025-03-28 08:51:00,2025-03-29 08:51:00,León
SHP-ORD00002127,ORD00002127,FedEx,TRK8025246005,delivered,2026-05-08 10:23:35,2026-05-14 10:23:35,León
SHP-ORD00002128,ORD00002128,Paquetexpress,TRK8618953296,delivered,2025-04-10 02:06:46,2025-04-17 02:06:46,Monterrey
SHP-ORD00002130,ORD00002130,Paquetexpress,TRK9804852816,delivered,2026-01-24 16:15:33,2026-01-29 16:15:33,Cancún
SHP-ORD00002132,ORD00002132,FedEx,TRK8580749474,delivered,2026-01-11 20:39:25,2026-01-17 20:39:25,Mérida
SHP-ORD00002133,ORD00002133,Estafeta,TRK1255419286,failed,2025-12-13 08:18:09,2025-12-17 08:18:09,Ciudad de México
SHP-ORD00002134,ORD00002134,Estafeta,TRK4761432260,delivered,2025-05-01 05:08:07,2025-05-06 05:08:07,Cancún
SHP-ORD00002136,ORD00002136,Paquetexpress,TRK6360792788,pending,2026-04-26 08:43:42,2026-05-03 08:43:42,León
SHP-ORD00002137,ORD00002137,Estafeta,TRK2695102381,pending,2025-11-26 12:11:59,2025-11-29 12:11:59,Oaxaca
SHP-ORD00002138,ORD00002138,DHL,TRK9643993288,in_transit,2025-01-28 08:11:45,2025-01-31 08:11:45,Mérida
SHP-ORD00002139,ORD00002139,Estafeta,TRK1170336733,delivered,2025-02-11 20:31:34,2025-02-17 20:31:34,Puebla
SHP-ORD00002140,ORD00002140,Redpack,TRK4111480467,delivered,2025-02-09 16:54:07,2025-02-14 16:54:07,Cancún
SHP-ORD00002145,ORD00002145,DHL,TRK7232982037,delivered,2025-06-21 09:20:38,2025-06-27 09:20:38,Puebla
SHP-ORD00002147,ORD00002147,Estafeta,TRK6468378257,in_transit,2026-01-03 02:38:41,2026-01-04 02:38:41,Cancún
SHP-ORD00002148,ORD00002148,FedEx,TRK4099048379,delivered,2025-02-26 10:24:28,2025-03-01 10:24:28,Mérida
SHP-ORD00002149,ORD00002149,FedEx,TRK6690763310,pending,2025-01-14 01:35:02,2025-01-20 01:35:02,Ciudad de México
SHP-ORD00002151,ORD00002151,Estafeta,TRK1030243004,failed,2025-10-05 06:57:28,2025-10-12 06:57:28,León
SHP-ORD00002152,ORD00002152,Paquetexpress,TRK6802691212,delivered,2025-03-23 07:32:17,2025-03-28 07:32:17,Cancún
SHP-ORD00002153,ORD00002153,DHL,TRK7038293599,delivered,2025-02-01 03:10:09,2025-02-06 03:10:09,Puebla
SHP-ORD00002154,ORD00002154,Paquetexpress,TRK7379678183,failed,2025-06-14 00:42:38,2025-06-15 00:42:38,Oaxaca
SHP-ORD00002156,ORD00002156,Paquetexpress,TRK2672137377,returned,2025-05-31 11:11:40,2025-06-04 11:11:40,Ciudad de México
SHP-ORD00002157,ORD00002157,Paquetexpress,TRK8975600606,pending,2025-03-12 15:59:19,2025-03-17 15:59:19,Mérida
SHP-ORD00002158,ORD00002158,Redpack,TRK3526161894,delivered,2026-01-02 15:40:36,2026-01-09 15:40:36,Ciudad de México
SHP-ORD00002159,ORD00002159,DHL,TRK3077227318,delivered,2026-02-03 22:04:50,2026-02-07 22:04:50,Puebla
SHP-ORD00002160,ORD00002160,FedEx,TRK4462159141,in_transit,2026-01-28 15:13:56,2026-01-31 15:13:56,Cancún
SHP-ORD00002161,ORD00002161,DHL,TRK4928713671,in_transit,2025-06-30 23:18:44,2025-07-03 23:18:44,Cancún
SHP-ORD00002167,ORD00002167,Paquetexpress,TRK4197427487,delivered,2026-02-08 00:51:33,2026-02-09 00:51:33,Guadalajara
SHP-ORD00002169,ORD00002169,FedEx,TRK6061497293,in_transit,2025-05-20 10:22:46,2025-05-27 10:22:46,Oaxaca
SHP-ORD00002170,ORD00002170,FedEx,TRK4565480164,returned,2026-05-12 02:34:45,2026-05-13 02:34:45,Monterrey
SHP-ORD00002172,ORD00002172,FedEx,TRK3405620994,delivered,2025-07-26 08:10:33,2025-07-30 08:10:33,León
SHP-ORD00002173,ORD00002173,Estafeta,TRK4664487072,returned,2026-03-02 07:22:43,2026-03-04 07:22:43,Oaxaca
SHP-ORD00002174,ORD00002174,FedEx,TRK3604961900,delivered,2026-02-15 08:34:28,2026-02-20 08:34:28,Ciudad de México
SHP-ORD00002176,ORD00002176,DHL,TRK4409144150,delivered,2025-07-17 13:27:37,2025-07-19 13:27:37,Oaxaca
SHP-ORD00002177,ORD00002177,FedEx,TRK3970432186,delivered,2025-07-18 22:15:46,2025-07-24 22:15:46,Querétaro
SHP-ORD00002178,ORD00002178,Estafeta,TRK2443918859,delivered,2025-01-06 21:52:08,2025-01-08 21:52:08,Puebla
SHP-ORD00002179,ORD00002179,DHL,TRK5376544127,delivered,2025-03-29 03:54:05,2025-04-04 03:54:05,Mérida
SHP-ORD00002180,ORD00002180,Redpack,TRK3285419367,delivered,2025-08-06 03:41:15,2025-08-07 03:41:15,Ciudad de México
SHP-ORD00002182,ORD00002182,DHL,TRK2532670812,delivered,2026-03-14 02:05:30,2026-03-16 02:05:30,Tijuana
SHP-ORD00002183,ORD00002183,Estafeta,TRK4137096120,delivered,2025-09-16 17:58:34,2025-09-18 17:58:34,León
SHP-ORD00002184,ORD00002184,Estafeta,TRK4022610788,pending,2025-12-31 03:30:36,2026-01-03 03:30:36,Tijuana
SHP-ORD00002185,ORD00002185,Estafeta,TRK4342088299,delivered,2026-01-03 14:08:01,2026-01-06 14:08:01,Mérida
SHP-ORD00002187,ORD00002187,Estafeta,TRK7686139459,delivered,2025-08-19 08:17:44,2025-08-25 08:17:44,Puebla
SHP-ORD00002189,ORD00002189,FedEx,TRK7016044353,delivered,2025-11-06 03:33:12,2025-11-09 03:33:12,Querétaro
SHP-ORD00002191,ORD00002191,Paquetexpress,TRK4033184913,delivered,2026-04-21 19:45:34,2026-04-22 19:45:34,Ciudad de México
SHP-ORD00002192,ORD00002192,DHL,TRK3630188663,delivered,2025-08-16 00:12:24,2025-08-19 00:12:24,Querétaro
SHP-ORD00002193,ORD00002193,Estafeta,TRK6240168950,returned,2025-12-21 16:21:16,2025-12-26 16:21:16,Tijuana
SHP-ORD00002194,ORD00002194,Estafeta,TRK4464739320,pending,2025-11-22 22:38:55,2025-11-24 22:38:55,León
SHP-ORD00002199,ORD00002199,FedEx,TRK8684902627,delivered,2025-04-23 06:21:02,2025-04-24 06:21:02,Guadalajara
SHP-ORD00002200,ORD00002200,FedEx,TRK1892983616,delivered,2025-09-29 12:07:40,2025-10-05 12:07:40,Cancún
SHP-ORD00002201,ORD00002201,FedEx,TRK4924939345,returned,2025-01-20 08:21:16,2025-01-21 08:21:16,Oaxaca
SHP-ORD00002204,ORD00002204,Paquetexpress,TRK3632958285,delivered,2025-05-05 08:14:22,2025-05-06 08:14:22,Querétaro
SHP-ORD00002205,ORD00002205,FedEx,TRK8448724645,delivered,2025-04-02 01:01:45,2025-04-06 01:01:45,León
SHP-ORD00002206,ORD00002206,Redpack,TRK3933334966,delivered,2025-10-03 20:20:21,2025-10-04 20:20:21,Tijuana
SHP-ORD00002207,ORD00002207,DHL,TRK3002935626,pending,2025-02-19 05:06:33,2025-02-22 05:06:33,Tijuana
SHP-ORD00002208,ORD00002208,FedEx,TRK4827876391,delivered,2025-11-06 07:44:30,2025-11-12 07:44:30,León
SHP-ORD00002209,ORD00002209,Paquetexpress,TRK3204932717,failed,2025-01-09 23:48:59,2025-01-13 23:48:59,Cancún
SHP-ORD00002210,ORD00002210,FedEx,TRK2178731193,returned,2025-11-15 23:48:03,2025-11-20 23:48:03,Puebla
SHP-ORD00002211,ORD00002211,Estafeta,TRK1267069896,failed,2026-05-14 01:58:54,2026-05-18 01:58:54,Querétaro
SHP-ORD00002212,ORD00002212,DHL,TRK3591937264,returned,2025-09-18 21:29:31,2025-09-20 21:29:31,Oaxaca
SHP-ORD00002213,ORD00002213,DHL,TRK5958758533,delivered,2025-09-08 20:18:41,2025-09-14 20:18:41,Ciudad de México
SHP-ORD00002214,ORD00002214,Redpack,TRK9181103539,delivered,2025-02-13 16:09:24,2025-02-14 16:09:24,Puebla
SHP-ORD00002217,ORD00002217,Estafeta,TRK5862066421,in_transit,2025-04-17 00:26:28,2025-04-20 00:26:28,Mérida
SHP-ORD00002218,ORD00002218,Estafeta,TRK1917544762,delivered,2025-01-30 00:17:11,2025-02-01 00:17:11,Puebla
SHP-ORD00002221,ORD00002221,FedEx,TRK5841906578,delivered,2025-07-27 22:26:37,2025-07-31 22:26:37,Guadalajara
SHP-ORD00002224,ORD00002224,Redpack,TRK4924308691,delivered,2026-03-10 17:19:23,2026-03-14 17:19:23,Oaxaca
SHP-ORD00002225,ORD00002225,Estafeta,TRK5735624549,in_transit,2025-01-13 07:48:03,2025-01-16 07:48:03,Puebla
SHP-ORD00002227,ORD00002227,Redpack,TRK3235705533,returned,2025-09-23 04:20:25,2025-09-27 04:20:25,León
SHP-ORD00002232,ORD00002232,DHL,TRK1493046254,delivered,2026-03-21 12:01:16,2026-03-27 12:01:16,Oaxaca
SHP-ORD00002233,ORD00002233,FedEx,TRK5588283800,returned,2025-01-20 04:08:04,2025-01-25 04:08:04,Monterrey
SHP-ORD00002234,ORD00002234,DHL,TRK8931078555,pending,2026-03-20 05:48:08,2026-03-24 05:48:08,Mérida
SHP-ORD00002235,ORD00002235,FedEx,TRK2170356869,returned,2025-07-12 04:35:26,2025-07-13 04:35:26,Cancún
SHP-ORD00002236,ORD00002236,FedEx,TRK5252570110,failed,2026-05-13 18:03:45,2026-05-19 18:03:45,Tijuana
SHP-ORD00002240,ORD00002240,DHL,TRK7734625818,delivered,2025-04-09 11:51:56,2025-04-15 11:51:56,Monterrey
SHP-ORD00002241,ORD00002241,Estafeta,TRK3752778445,delivered,2025-03-04 00:29:06,2025-03-05 00:29:06,Ciudad de México
SHP-ORD00002242,ORD00002242,Redpack,TRK9423471136,delivered,2025-12-31 11:16:50,2026-01-01 11:16:50,Cancún
SHP-ORD00002244,ORD00002244,DHL,TRK8159667356,returned,2026-01-09 07:55:58,2026-01-14 07:55:58,Querétaro
SHP-ORD00002245,ORD00002245,Redpack,TRK9390603664,delivered,2025-03-27 14:06:49,2025-04-01 14:06:49,León
SHP-ORD00002246,ORD00002246,DHL,TRK2676689056,returned,2026-01-18 09:05:36,2026-01-21 09:05:36,León
SHP-ORD00002247,ORD00002247,Estafeta,TRK5690947053,pending,2026-02-15 14:32:09,2026-02-22 14:32:09,Monterrey
SHP-ORD00002248,ORD00002248,DHL,TRK7146596244,pending,2026-04-07 05:39:41,2026-04-10 05:39:41,Monterrey
SHP-ORD00002249,ORD00002249,Redpack,TRK1896433052,in_transit,2026-05-12 07:31:24,2026-05-13 07:31:24,Tijuana
SHP-ORD00002250,ORD00002250,Paquetexpress,TRK7641247586,pending,2026-01-21 04:57:57,2026-01-25 04:57:57,Puebla
SHP-ORD00002252,ORD00002252,FedEx,TRK9180281514,delivered,2025-11-16 15:56:31,2025-11-23 15:56:31,Puebla
SHP-ORD00002253,ORD00002253,Estafeta,TRK1863853259,delivered,2026-05-08 22:01:49,2026-05-13 22:01:49,Guadalajara
SHP-ORD00002257,ORD00002257,Paquetexpress,TRK7089831645,pending,2026-01-13 15:33:46,2026-01-20 15:33:46,León
SHP-ORD00002259,ORD00002259,DHL,TRK6512649551,delivered,2025-11-19 22:52:20,2025-11-25 22:52:20,Puebla
SHP-ORD00002262,ORD00002262,DHL,TRK8462522846,delivered,2026-02-11 05:49:09,2026-02-18 05:49:09,Cancún
SHP-ORD00002263,ORD00002263,Paquetexpress,TRK9805309697,in_transit,2026-03-22 19:33:23,2026-03-24 19:33:23,Puebla
SHP-ORD00002265,ORD00002265,Paquetexpress,TRK1598659548,in_transit,2025-02-14 12:13:11,2025-02-21 12:13:11,Querétaro
SHP-ORD00002266,ORD00002266,Estafeta,TRK7307224831,delivered,2025-08-23 20:58:46,2025-08-24 20:58:46,Querétaro
SHP-ORD00002267,ORD00002267,Estafeta,TRK4443089724,failed,2025-12-25 15:08:15,2025-12-28 15:08:15,Mérida
SHP-ORD00002268,ORD00002268,FedEx,TRK6934000008,pending,2025-03-13 05:16:55,2025-03-19 05:16:55,Cancún
SHP-ORD00002269,ORD00002269,DHL,TRK7991662863,pending,2025-11-02 06:32:13,2025-11-08 06:32:13,Tijuana
SHP-ORD00002271,ORD00002271,FedEx,TRK4724090697,delivered,2025-11-19 09:28:55,2025-11-22 09:28:55,Ciudad de México
SHP-ORD00002273,ORD00002273,Paquetexpress,TRK3461498904,in_transit,2026-04-23 14:11:57,2026-04-28 14:11:57,Oaxaca
SHP-ORD00002274,ORD00002274,Redpack,TRK5393834164,failed,2025-07-27 18:08:23,2025-08-02 18:08:23,Querétaro
SHP-ORD00002276,ORD00002276,FedEx,TRK7157965545,failed,2026-04-08 05:02:34,2026-04-11 05:02:34,Monterrey
SHP-ORD00002277,ORD00002277,Estafeta,TRK9332577377,delivered,2025-10-30 10:11:06,2025-11-02 10:11:06,Cancún
SHP-ORD00002278,ORD00002278,Paquetexpress,TRK9011590452,returned,2025-06-06 19:46:56,2025-06-12 19:46:56,Tijuana
SHP-ORD00002279,ORD00002279,Paquetexpress,TRK1026434480,failed,2025-08-15 05:17:24,2025-08-16 05:17:24,Ciudad de México
SHP-ORD00002281,ORD00002281,Redpack,TRK1089142739,delivered,2026-05-15 12:12:40,2026-05-21 12:12:40,Guadalajara
SHP-ORD00002282,ORD00002282,DHL,TRK1156565014,delivered,2025-01-15 07:39:16,2025-01-17 07:39:16,Cancún
SHP-ORD00002284,ORD00002284,FedEx,TRK6212738331,delivered,2025-07-19 13:20:35,2025-07-21 13:20:35,Monterrey
SHP-ORD00002285,ORD00002285,Estafeta,TRK2921765692,returned,2026-01-08 15:54:18,2026-01-11 15:54:18,Guadalajara
SHP-ORD00002286,ORD00002286,FedEx,TRK3855818919,failed,2025-10-15 15:12:43,2025-10-21 15:12:43,Querétaro
SHP-ORD00002287,ORD00002287,Estafeta,TRK7121582484,returned,2025-10-19 23:03:19,2025-10-26 23:03:19,Cancún
SHP-ORD00002288,ORD00002288,Paquetexpress,TRK6890130004,delivered,2025-10-25 18:41:15,2025-10-26 18:41:15,Puebla
SHP-ORD00002292,ORD00002292,Redpack,TRK5976229576,in_transit,2026-03-20 23:00:39,2026-03-23 23:00:39,Oaxaca
SHP-ORD00002294,ORD00002294,Paquetexpress,TRK9769500116,in_transit,2025-10-02 05:22:41,2025-10-09 05:22:41,Cancún
SHP-ORD00002295,ORD00002295,Paquetexpress,TRK4780101288,delivered,2026-03-06 03:05:54,2026-03-08 03:05:54,Mérida
SHP-ORD00002296,ORD00002296,Paquetexpress,TRK7794603450,delivered,2025-06-07 19:14:49,2025-06-12 19:14:49,Tijuana
SHP-ORD00002297,ORD00002297,Redpack,TRK7457036133,returned,2025-04-22 05:51:48,2025-04-27 05:51:48,Guadalajara
SHP-ORD00002298,ORD00002298,Redpack,TRK4738670056,delivered,2025-11-16 12:34:39,2025-11-20 12:34:39,Tijuana
SHP-ORD00002299,ORD00002299,Redpack,TRK8133191321,delivered,2025-12-18 04:47:49,2025-12-22 04:47:49,Monterrey
SHP-ORD00002300,ORD00002300,Estafeta,TRK2356477095,pending,2025-10-19 20:11:26,2025-10-22 20:11:26,Tijuana
SHP-ORD00002302,ORD00002302,Redpack,TRK6216161811,delivered,2025-10-05 12:13:17,2025-10-10 12:13:17,Oaxaca
SHP-ORD00002303,ORD00002303,DHL,TRK7385317975,failed,2025-10-04 08:09:11,2025-10-10 08:09:11,Ciudad de México
SHP-ORD00002304,ORD00002304,DHL,TRK3269648331,failed,2025-06-16 02:37:00,2025-06-17 02:37:00,Querétaro
SHP-ORD00002306,ORD00002306,DHL,TRK4897941109,delivered,2025-07-01 01:21:59,2025-07-06 01:21:59,León
SHP-ORD00002308,ORD00002308,FedEx,TRK4041122758,delivered,2025-08-30 03:58:10,2025-09-03 03:58:10,Puebla
SHP-ORD00002311,ORD00002311,Paquetexpress,TRK7902176875,delivered,2025-06-14 22:43:31,2025-06-17 22:43:31,Ciudad de México
SHP-ORD00002312,ORD00002312,FedEx,TRK7045382925,in_transit,2026-03-29 15:35:14,2026-03-30 15:35:14,Guadalajara
SHP-ORD00002314,ORD00002314,FedEx,TRK6695165945,returned,2025-11-15 20:35:15,2025-11-22 20:35:15,Mérida
SHP-ORD00002315,ORD00002315,Estafeta,TRK5987365002,delivered,2025-04-12 10:45:09,2025-04-15 10:45:09,Tijuana
SHP-ORD00002316,ORD00002316,Paquetexpress,TRK8693745734,in_transit,2026-05-20 15:26:21,2026-05-22 15:26:21,Guadalajara
SHP-ORD00002317,ORD00002317,FedEx,TRK3448131348,delivered,2025-07-26 05:59:48,2025-07-29 05:59:48,Puebla
SHP-ORD00002318,ORD00002318,FedEx,TRK2588196865,pending,2025-08-11 12:49:04,2025-08-13 12:49:04,Cancún
SHP-ORD00002320,ORD00002320,Redpack,TRK9144065741,delivered,2026-01-06 19:47:20,2026-01-10 19:47:20,Ciudad de México
SHP-ORD00002321,ORD00002321,Estafeta,TRK5011223510,delivered,2025-07-24 15:15:50,2025-07-29 15:15:50,Monterrey
SHP-ORD00002323,ORD00002323,FedEx,TRK6136534119,delivered,2025-10-10 16:28:33,2025-10-13 16:28:33,Querétaro
SHP-ORD00002324,ORD00002324,DHL,TRK2057182583,returned,2026-01-11 22:01:01,2026-01-18 22:01:01,Oaxaca
SHP-ORD00002328,ORD00002328,FedEx,TRK5062737215,failed,2025-04-30 14:44:58,2025-05-04 14:44:58,Querétaro
SHP-ORD00002329,ORD00002329,Paquetexpress,TRK9308860222,delivered,2025-07-23 13:34:33,2025-07-26 13:34:33,Tijuana
SHP-ORD00002330,ORD00002330,Estafeta,TRK7259982024,delivered,2025-12-18 06:02:51,2025-12-20 06:02:51,León
SHP-ORD00002334,ORD00002334,DHL,TRK2842627253,returned,2025-04-24 14:59:40,2025-04-25 14:59:40,Oaxaca
SHP-ORD00002337,ORD00002337,FedEx,TRK8286965412,failed,2025-02-04 12:25:05,2025-02-10 12:25:05,Guadalajara
SHP-ORD00002339,ORD00002339,Paquetexpress,TRK4041952527,delivered,2025-05-21 11:03:17,2025-05-27 11:03:17,Mérida
SHP-ORD00002340,ORD00002340,FedEx,TRK3468069197,delivered,2025-08-13 00:32:51,2025-08-16 00:32:51,Oaxaca
SHP-ORD00002342,ORD00002342,DHL,TRK7136758382,delivered,2025-08-21 14:10:08,2025-08-22 14:10:08,Querétaro
SHP-ORD00002343,ORD00002343,Paquetexpress,TRK2886922791,delivered,2025-10-11 09:40:07,2025-10-16 09:40:07,León
SHP-ORD00002344,ORD00002344,Estafeta,TRK1904393786,failed,2025-10-01 02:40:29,2025-10-03 02:40:29,Ciudad de México
SHP-ORD00002345,ORD00002345,Redpack,TRK4653241006,delivered,2025-01-26 07:22:57,2025-01-31 07:22:57,Ciudad de México
SHP-ORD00002346,ORD00002346,FedEx,TRK4738391889,delivered,2025-06-28 10:59:00,2025-06-30 10:59:00,Oaxaca
SHP-ORD00002348,ORD00002348,Paquetexpress,TRK8014399445,failed,2025-10-30 02:41:58,2025-10-31 02:41:58,Guadalajara
SHP-ORD00002351,ORD00002351,FedEx,TRK9881125162,delivered,2025-05-04 12:14:31,2025-05-07 12:14:31,Puebla
SHP-ORD00002353,ORD00002353,Estafeta,TRK5585522319,failed,2025-02-14 10:38:39,2025-02-17 10:38:39,Puebla
SHP-ORD00002354,ORD00002354,Paquetexpress,TRK4990315148,delivered,2025-08-25 18:18:30,2025-08-28 18:18:30,Puebla
SHP-ORD00002355,ORD00002355,Estafeta,TRK4780969561,pending,2025-05-09 04:32:30,2025-05-15 04:32:30,Mérida
SHP-ORD00002360,ORD00002360,Estafeta,TRK1321736900,in_transit,2025-01-26 00:14:26,2025-01-27 00:14:26,Puebla
SHP-ORD00002361,ORD00002361,Estafeta,TRK2196937549,delivered,2026-02-13 05:15:38,2026-02-15 05:15:38,Guadalajara
SHP-ORD00002362,ORD00002362,Estafeta,TRK1844727441,returned,2026-04-04 22:55:15,2026-04-05 22:55:15,Mérida
SHP-ORD00002364,ORD00002364,DHL,TRK3790859656,delivered,2025-08-26 05:31:30,2025-08-28 05:31:30,Cancún
SHP-ORD00002366,ORD00002366,Paquetexpress,TRK2179495970,delivered,2026-05-05 14:09:23,2026-05-09 14:09:23,Ciudad de México
SHP-ORD00002367,ORD00002367,Paquetexpress,TRK9535942921,delivered,2026-03-29 17:05:00,2026-04-01 17:05:00,Monterrey
SHP-ORD00002368,ORD00002368,DHL,TRK7249276274,delivered,2025-06-17 00:14:18,2025-06-22 00:14:18,Querétaro
SHP-ORD00002371,ORD00002371,Redpack,TRK3326360739,failed,2025-07-13 10:24:53,2025-07-17 10:24:53,Ciudad de México
SHP-ORD00002372,ORD00002372,Estafeta,TRK5309480411,failed,2025-06-17 15:13:15,2025-06-20 15:13:15,Guadalajara
SHP-ORD00002374,ORD00002374,Estafeta,TRK1627738455,returned,2025-05-01 06:04:28,2025-05-06 06:04:28,Mérida
SHP-ORD00002375,ORD00002375,FedEx,TRK5719705874,delivered,2026-02-05 22:16:36,2026-02-07 22:16:36,León
SHP-ORD00002376,ORD00002376,Estafeta,TRK1505731071,delivered,2025-07-10 02:20:06,2025-07-16 02:20:06,León
SHP-ORD00002378,ORD00002378,Redpack,TRK7682537002,returned,2025-06-07 11:09:59,2025-06-14 11:09:59,Mérida
SHP-ORD00002380,ORD00002380,Redpack,TRK4795508728,returned,2025-06-28 00:08:23,2025-07-03 00:08:23,Oaxaca
SHP-ORD00002381,ORD00002381,FedEx,TRK2472445457,delivered,2026-04-19 03:07:26,2026-04-24 03:07:26,León
SHP-ORD00002384,ORD00002384,Paquetexpress,TRK8628419082,delivered,2025-08-15 14:10:08,2025-08-19 14:10:08,Querétaro
SHP-ORD00002386,ORD00002386,DHL,TRK8415344893,in_transit,2025-06-11 20:22:32,2025-06-15 20:22:32,Ciudad de México
SHP-ORD00002387,ORD00002387,Estafeta,TRK8721429081,delivered,2025-01-08 18:36:39,2025-01-09 18:36:39,Cancún
SHP-ORD00002390,ORD00002390,Estafeta,TRK9937185446,delivered,2025-05-22 10:30:43,2025-05-27 10:30:43,Cancún
SHP-ORD00002391,ORD00002391,Estafeta,TRK5809911802,failed,2026-02-05 14:35:42,2026-02-09 14:35:42,Guadalajara
SHP-ORD00002392,ORD00002392,Estafeta,TRK3180427149,in_transit,2025-01-13 21:48:51,2025-01-20 21:48:51,Querétaro
SHP-ORD00002393,ORD00002393,Paquetexpress,TRK7559540871,failed,2026-04-06 21:39:57,2026-04-07 21:39:57,Puebla
SHP-ORD00002394,ORD00002394,DHL,TRK4482188079,pending,2026-01-17 05:45:14,2026-01-20 05:45:14,Mérida
SHP-ORD00002396,ORD00002396,DHL,TRK9683269031,failed,2025-08-22 00:27:13,2025-08-28 00:27:13,Querétaro
SHP-ORD00002397,ORD00002397,FedEx,TRK3607505123,returned,2025-06-21 00:32:06,2025-06-22 00:32:06,Guadalajara
SHP-ORD00002399,ORD00002399,Paquetexpress,TRK2639418762,pending,2025-03-09 17:02:22,2025-03-12 17:02:22,Puebla
SHP-ORD00002400,ORD00002400,Estafeta,TRK2467080774,delivered,2025-09-05 18:54:13,2025-09-08 18:54:13,Tijuana
SHP-ORD00002401,ORD00002401,FedEx,TRK2225848814,delivered,2025-02-28 20:10:36,2025-03-03 20:10:36,Guadalajara
SHP-ORD00002402,ORD00002402,Paquetexpress,TRK4452531432,delivered,2025-08-17 03:50:30,2025-08-22 03:50:30,Guadalajara
SHP-ORD00002403,ORD00002403,Estafeta,TRK1872829908,in_transit,2025-05-13 16:24:47,2025-05-17 16:24:47,Monterrey
SHP-ORD00002404,ORD00002404,Paquetexpress,TRK6132977667,returned,2025-09-05 12:26:10,2025-09-12 12:26:10,Ciudad de México
SHP-ORD00002406,ORD00002406,DHL,TRK8453892587,in_transit,2025-03-28 17:06:04,2025-04-04 17:06:04,Tijuana
SHP-ORD00002407,ORD00002407,DHL,TRK6384955987,failed,2025-08-04 02:28:31,2025-08-05 02:28:31,León
SHP-ORD00002409,ORD00002409,DHL,TRK8671495000,returned,2026-05-18 01:10:52,2026-05-24 01:10:52,Ciudad de México
SHP-ORD00002411,ORD00002411,Estafeta,TRK6502890507,delivered,2025-03-15 05:54:40,2025-03-20 05:54:40,León
SHP-ORD00002412,ORD00002412,Paquetexpress,TRK7455861685,delivered,2026-03-14 11:40:45,2026-03-15 11:40:45,Monterrey
SHP-ORD00002414,ORD00002414,FedEx,TRK3980248752,in_transit,2026-03-23 23:19:29,2026-03-28 23:19:29,Puebla
SHP-ORD00002415,ORD00002415,DHL,TRK3219148493,returned,2025-04-10 18:09:28,2025-04-15 18:09:28,Guadalajara
SHP-ORD00002416,ORD00002416,Redpack,TRK6977672787,delivered,2026-04-06 14:01:54,2026-04-12 14:01:54,Monterrey
SHP-ORD00002417,ORD00002417,DHL,TRK9703918267,failed,2025-04-18 09:16:47,2025-04-23 09:16:47,Querétaro
SHP-ORD00002418,ORD00002418,Paquetexpress,TRK3251574778,delivered,2025-01-29 01:00:28,2025-02-04 01:00:28,Puebla
SHP-ORD00002421,ORD00002421,FedEx,TRK2638074983,in_transit,2026-05-17 11:47:48,2026-05-19 11:47:48,Ciudad de México
SHP-ORD00002422,ORD00002422,Estafeta,TRK5293910866,delivered,2025-06-03 19:52:57,2025-06-10 19:52:57,Tijuana
SHP-ORD00002425,ORD00002425,Redpack,TRK4817278741,returned,2025-02-20 17:21:40,2025-02-24 17:21:40,Cancún
SHP-ORD00002427,ORD00002427,Redpack,TRK3863600380,delivered,2026-05-17 05:05:15,2026-05-22 05:05:15,León
SHP-ORD00002429,ORD00002429,FedEx,TRK2186059490,delivered,2025-06-20 09:14:32,2025-06-23 09:14:32,Ciudad de México
SHP-ORD00002430,ORD00002430,FedEx,TRK3069784611,returned,2025-07-09 05:28:46,2025-07-16 05:28:46,Ciudad de México
SHP-ORD00002436,ORD00002436,DHL,TRK4622968580,in_transit,2025-05-23 01:02:50,2025-05-26 01:02:50,Mérida
SHP-ORD00002439,ORD00002439,Paquetexpress,TRK5514260583,delivered,2025-03-25 11:14:55,2025-03-30 11:14:55,Mérida
SHP-ORD00002441,ORD00002441,FedEx,TRK9286224406,pending,2025-03-10 17:40:18,2025-03-17 17:40:18,Puebla
SHP-ORD00002443,ORD00002443,DHL,TRK3266181661,delivered,2026-04-14 12:44:22,2026-04-16 12:44:22,Puebla
SHP-ORD00002444,ORD00002444,Estafeta,TRK9801636627,returned,2025-09-07 02:01:55,2025-09-08 02:01:55,Mérida
SHP-ORD00002445,ORD00002445,Redpack,TRK2444328703,returned,2025-02-14 11:37:21,2025-02-15 11:37:21,Querétaro
SHP-ORD00002446,ORD00002446,DHL,TRK2366533296,delivered,2025-08-25 00:26:34,2025-08-28 00:26:34,Cancún
SHP-ORD00002447,ORD00002447,DHL,TRK5390934630,delivered,2026-03-19 08:22:57,2026-03-22 08:22:57,Monterrey
SHP-ORD00002450,ORD00002450,DHL,TRK3189227875,in_transit,2025-11-18 15:08:02,2025-11-25 15:08:02,Guadalajara
SHP-ORD00002452,ORD00002452,Estafeta,TRK8814795499,delivered,2025-03-25 12:06:07,2025-03-29 12:06:07,Puebla
SHP-ORD00002453,ORD00002453,FedEx,TRK8718284094,delivered,2025-09-28 15:38:28,2025-10-02 15:38:28,Puebla
SHP-ORD00002455,ORD00002455,FedEx,TRK6318325832,pending,2025-12-01 16:04:01,2025-12-06 16:04:01,Oaxaca
SHP-ORD00002459,ORD00002459,FedEx,TRK8073176675,delivered,2025-03-19 10:15:03,2025-03-20 10:15:03,Guadalajara
SHP-ORD00002461,ORD00002461,Redpack,TRK5795372420,pending,2025-05-01 07:23:52,2025-05-02 07:23:52,Mérida
SHP-ORD00002462,ORD00002462,Paquetexpress,TRK5350521947,returned,2025-05-19 09:13:32,2025-05-26 09:13:32,León
SHP-ORD00002463,ORD00002463,DHL,TRK6552632113,returned,2026-03-12 01:38:20,2026-03-15 01:38:20,Ciudad de México
SHP-ORD00002464,ORD00002464,Paquetexpress,TRK8593708096,delivered,2025-02-10 03:43:35,2025-02-11 03:43:35,Puebla
SHP-ORD00002467,ORD00002467,Redpack,TRK8967217986,delivered,2026-05-07 11:48:45,2026-05-13 11:48:45,Oaxaca
SHP-ORD00002469,ORD00002469,Redpack,TRK6926064611,delivered,2025-01-13 16:05:24,2025-01-19 16:05:24,Puebla
SHP-ORD00002471,ORD00002471,DHL,TRK9680572409,delivered,2025-01-13 15:53:19,2025-01-18 15:53:19,León
SHP-ORD00002472,ORD00002472,Estafeta,TRK5690775381,in_transit,2025-01-20 09:57:10,2025-01-24 09:57:10,Monterrey
SHP-ORD00002473,ORD00002473,Estafeta,TRK3398490773,delivered,2025-07-22 07:53:52,2025-07-27 07:53:52,Puebla
SHP-ORD00002475,ORD00002475,Redpack,TRK9700170857,in_transit,2025-06-28 12:17:57,2025-07-03 12:17:57,Oaxaca
SHP-ORD00002476,ORD00002476,DHL,TRK2936595184,delivered,2025-08-23 16:31:36,2025-08-27 16:31:36,Guadalajara
SHP-ORD00002477,ORD00002477,Redpack,TRK3914970938,delivered,2025-04-17 17:04:00,2025-04-19 17:04:00,Monterrey
SHP-ORD00002478,ORD00002478,Paquetexpress,TRK3238139943,in_transit,2025-10-19 03:06:12,2025-10-26 03:06:12,Cancún
SHP-ORD00002480,ORD00002480,Redpack,TRK4447417648,delivered,2026-04-21 02:04:46,2026-04-22 02:04:46,Puebla
SHP-ORD00002481,ORD00002481,Paquetexpress,TRK4497873186,in_transit,2025-12-02 23:19:06,2025-12-07 23:19:06,Mérida
SHP-ORD00002482,ORD00002482,DHL,TRK6744264211,failed,2025-01-25 23:32:48,2025-01-31 23:32:48,León
SHP-ORD00002483,ORD00002483,Paquetexpress,TRK3617002662,pending,2025-12-28 17:13:28,2025-12-29 17:13:28,León
SHP-ORD00002485,ORD00002485,FedEx,TRK7632053011,pending,2025-09-10 08:18:30,2025-09-17 08:18:30,Mérida
SHP-ORD00002489,ORD00002489,Estafeta,TRK6920608906,delivered,2026-01-07 11:15:18,2026-01-13 11:15:18,Guadalajara
SHP-ORD00002491,ORD00002491,Estafeta,TRK9501272771,delivered,2025-08-10 15:39:01,2025-08-16 15:39:01,Querétaro
SHP-ORD00002492,ORD00002492,Redpack,TRK3319733241,delivered,2026-04-10 03:41:55,2026-04-17 03:41:55,Tijuana
SHP-ORD00002494,ORD00002494,FedEx,TRK6724790674,delivered,2026-04-14 19:55:21,2026-04-19 19:55:21,Puebla
SHP-ORD00002495,ORD00002495,Estafeta,TRK7261287866,delivered,2025-05-16 23:21:19,2025-05-23 23:21:19,Oaxaca
SHP-ORD00002496,ORD00002496,Estafeta,TRK3195350891,returned,2025-06-27 19:58:32,2025-07-02 19:58:32,Oaxaca
SHP-ORD00002497,ORD00002497,Estafeta,TRK8759413132,delivered,2025-11-26 15:07:26,2025-12-03 15:07:26,Ciudad de México
SHP-ORD00002499,ORD00002499,FedEx,TRK8849767125,in_transit,2026-05-04 17:11:59,2026-05-05 17:11:59,León
SHP-ORD00002500,ORD00002500,Redpack,TRK9144914819,delivered,2026-04-16 01:33:50,2026-04-19 01:33:50,Cancún
SHP-ORD00002501,ORD00002501,DHL,TRK5307639136,pending,2025-03-18 19:10:26,2025-03-24 19:10:26,Mérida
SHP-ORD00002502,ORD00002502,FedEx,TRK2110456320,failed,2025-02-16 05:12:52,2025-02-23 05:12:52,León
SHP-ORD00002504,ORD00002504,Redpack,TRK7504285809,failed,2025-12-25 04:51:53,2025-12-29 04:51:53,Monterrey
SHP-ORD00002505,ORD00002505,Paquetexpress,TRK1720665384,pending,2025-09-07 15:00:36,2025-09-13 15:00:36,Cancún
SHP-ORD00002507,ORD00002507,Estafeta,TRK9002152253,delivered,2025-02-09 14:06:22,2025-02-13 14:06:22,Puebla
SHP-ORD00002508,ORD00002508,Paquetexpress,TRK6505326079,pending,2026-05-04 09:27:01,2026-05-09 09:27:01,Guadalajara
SHP-ORD00002509,ORD00002509,Redpack,TRK9155334334,delivered,2025-04-24 15:56:22,2025-04-27 15:56:22,Querétaro
SHP-ORD00002511,ORD00002511,DHL,TRK9820935491,delivered,2026-04-11 00:23:02,2026-04-14 00:23:02,Tijuana
SHP-ORD00002512,ORD00002512,FedEx,TRK5915633294,delivered,2026-01-30 23:02:30,2026-02-04 23:02:30,Querétaro
SHP-ORD00002513,ORD00002513,Redpack,TRK5693410377,in_transit,2025-09-30 23:39:23,2025-10-03 23:39:23,Cancún
SHP-ORD00002514,ORD00002514,FedEx,TRK7684340288,delivered,2025-01-18 09:49:37,2025-01-21 09:49:37,Cancún
SHP-ORD00002516,ORD00002516,Paquetexpress,TRK7515661164,delivered,2025-03-05 14:36:19,2025-03-07 14:36:19,Querétaro
SHP-ORD00002517,ORD00002517,Redpack,TRK6411609218,in_transit,2026-04-29 11:37:36,2026-04-30 11:37:36,Ciudad de México
SHP-ORD00002518,ORD00002518,FedEx,TRK3473051324,pending,2025-12-12 22:44:51,2025-12-19 22:44:51,Monterrey
SHP-ORD00002520,ORD00002520,FedEx,TRK7911753749,failed,2025-08-22 19:30:16,2025-08-24 19:30:16,Querétaro
SHP-ORD00002522,ORD00002522,Estafeta,TRK1608783292,pending,2025-06-01 01:02:00,2025-06-04 01:02:00,Puebla
SHP-ORD00002526,ORD00002526,DHL,TRK5498161587,in_transit,2026-03-11 20:58:17,2026-03-14 20:58:17,Querétaro
SHP-ORD00002527,ORD00002527,Paquetexpress,TRK6300520317,failed,2025-06-12 00:41:05,2025-06-16 00:41:05,Querétaro
SHP-ORD00002531,ORD00002531,DHL,TRK7936828345,failed,2025-04-12 20:11:24,2025-04-16 20:11:24,Guadalajara
SHP-ORD00002532,ORD00002532,FedEx,TRK9009298795,delivered,2025-03-14 04:33:50,2025-03-20 04:33:50,León
SHP-ORD00002533,ORD00002533,Redpack,TRK2181659943,in_transit,2025-05-27 04:31:36,2025-05-29 04:31:36,Querétaro
SHP-ORD00002534,ORD00002534,Paquetexpress,TRK8081023501,delivered,2026-04-04 10:10:22,2026-04-09 10:10:22,Tijuana
SHP-ORD00002535,ORD00002535,DHL,TRK3396217492,delivered,2025-11-29 15:24:45,2025-11-30 15:24:45,Tijuana
SHP-ORD00002536,ORD00002536,DHL,TRK5041532538,delivered,2025-06-23 12:42:52,2025-06-28 12:42:52,Oaxaca
SHP-ORD00002538,ORD00002538,DHL,TRK6297536049,delivered,2025-09-16 04:36:08,2025-09-23 04:36:08,Querétaro
SHP-ORD00002539,ORD00002539,Estafeta,TRK1717777479,returned,2025-08-11 02:32:59,2025-08-14 02:32:59,Querétaro
SHP-ORD00002540,ORD00002540,Paquetexpress,TRK6410719126,failed,2026-04-25 05:58:40,2026-04-26 05:58:40,Tijuana
SHP-ORD00002541,ORD00002541,FedEx,TRK3746367678,delivered,2026-02-04 21:09:58,2026-02-05 21:09:58,Puebla
SHP-ORD00002542,ORD00002542,DHL,TRK3006355624,failed,2025-11-01 23:58:34,2025-11-02 23:58:34,Cancún
SHP-ORD00002543,ORD00002543,Estafeta,TRK7745064993,delivered,2025-09-18 03:37:59,2025-09-21 03:37:59,Monterrey
SHP-ORD00002544,ORD00002544,Paquetexpress,TRK3077748080,returned,2026-02-11 09:35:54,2026-02-18 09:35:54,Tijuana
SHP-ORD00002545,ORD00002545,DHL,TRK9318471688,delivered,2025-11-26 04:59:03,2025-11-29 04:59:03,León
SHP-ORD00002548,ORD00002548,DHL,TRK1607405960,returned,2025-05-03 04:42:55,2025-05-08 04:42:55,Querétaro
SHP-ORD00002549,ORD00002549,Estafeta,TRK4195922619,delivered,2025-03-05 07:44:04,2025-03-11 07:44:04,León
SHP-ORD00002550,ORD00002550,Paquetexpress,TRK8991736397,delivered,2026-02-09 08:35:50,2026-02-13 08:35:50,Guadalajara
SHP-ORD00002552,ORD00002552,Estafeta,TRK6917442628,delivered,2025-02-21 03:22:06,2025-02-23 03:22:06,Mérida
SHP-ORD00002555,ORD00002555,Estafeta,TRK5904562409,delivered,2025-06-04 20:26:06,2025-06-10 20:26:06,Mérida
SHP-ORD00002558,ORD00002558,Paquetexpress,TRK7376284910,pending,2025-12-28 05:03:56,2025-12-29 05:03:56,León
SHP-ORD00002559,ORD00002559,Redpack,TRK4275475497,delivered,2025-03-18 16:38:03,2025-03-23 16:38:03,Puebla
SHP-ORD00002561,ORD00002561,Redpack,TRK5515008220,delivered,2025-09-30 00:07:19,2025-10-02 00:07:19,Ciudad de México
SHP-ORD00002562,ORD00002562,DHL,TRK8581814933,delivered,2025-12-27 06:33:51,2025-12-28 06:33:51,León
SHP-ORD00002565,ORD00002565,DHL,TRK6050082396,returned,2025-05-24 09:48:27,2025-05-26 09:48:27,Cancún
SHP-ORD00002567,ORD00002567,FedEx,TRK2545296080,delivered,2025-04-15 06:32:06,2025-04-18 06:32:06,Puebla
SHP-ORD00002569,ORD00002569,FedEx,TRK1537297767,delivered,2026-01-31 05:19:44,2026-02-03 05:19:44,Puebla
SHP-ORD00002571,ORD00002571,Estafeta,TRK9730770806,delivered,2025-08-11 04:16:21,2025-08-12 04:16:21,Oaxaca
SHP-ORD00002573,ORD00002573,Redpack,TRK2567593717,delivered,2025-06-25 07:11:06,2025-07-02 07:11:06,Puebla
SHP-ORD00002574,ORD00002574,DHL,TRK6913545613,in_transit,2025-07-02 09:13:25,2025-07-09 09:13:25,Querétaro
SHP-ORD00002580,ORD00002580,Estafeta,TRK5012965296,delivered,2025-06-27 12:40:16,2025-06-28 12:40:16,Querétaro
SHP-ORD00002585,ORD00002585,FedEx,TRK4286182062,returned,2025-08-17 20:40:43,2025-08-19 20:40:43,Oaxaca
SHP-ORD00002587,ORD00002587,Estafeta,TRK3301006240,in_transit,2026-01-17 08:38:14,2026-01-18 08:38:14,Guadalajara
SHP-ORD00002588,ORD00002588,FedEx,TRK4855271339,returned,2025-11-02 13:53:40,2025-11-06 13:53:40,Mérida
SHP-ORD00002589,ORD00002589,Redpack,TRK9666370782,returned,2025-08-16 01:26:59,2025-08-20 01:26:59,León
SHP-ORD00002590,ORD00002590,DHL,TRK9439495317,returned,2025-03-18 05:28:48,2025-03-22 05:28:48,Puebla
SHP-ORD00002591,ORD00002591,Estafeta,TRK8145233155,failed,2025-05-09 10:53:07,2025-05-16 10:53:07,Querétaro
SHP-ORD00002592,ORD00002592,Estafeta,TRK6859710496,in_transit,2025-11-29 00:07:33,2025-12-04 00:07:33,Ciudad de México
SHP-ORD00002594,ORD00002594,FedEx,TRK8159186210,in_transit,2025-10-15 01:47:59,2025-10-16 01:47:59,Oaxaca
SHP-ORD00002595,ORD00002595,FedEx,TRK6751649806,returned,2025-06-08 15:35:22,2025-06-09 15:35:22,Monterrey
SHP-ORD00002600,ORD00002600,FedEx,TRK3563810011,delivered,2025-05-29 19:14:09,2025-06-04 19:14:09,Guadalajara
SHP-ORD00002601,ORD00002601,DHL,TRK1743670059,delivered,2025-11-27 23:36:02,2025-12-04 23:36:02,Tijuana
SHP-ORD00002602,ORD00002602,Paquetexpress,TRK4948571100,failed,2025-07-22 11:24:37,2025-07-27 11:24:37,Monterrey
SHP-ORD00002603,ORD00002603,Estafeta,TRK4381506934,delivered,2026-03-28 15:29:30,2026-03-29 15:29:30,Tijuana
SHP-ORD00002605,ORD00002605,DHL,TRK3270805253,returned,2025-05-26 02:15:29,2025-06-02 02:15:29,Oaxaca
SHP-ORD00002607,ORD00002607,FedEx,TRK3822501665,delivered,2025-12-29 06:03:51,2026-01-05 06:03:51,Tijuana
SHP-ORD00002608,ORD00002608,DHL,TRK7847807035,in_transit,2025-08-29 23:14:00,2025-09-01 23:14:00,Monterrey
SHP-ORD00002609,ORD00002609,FedEx,TRK5640979127,delivered,2026-05-17 06:00:52,2026-05-18 06:00:52,Querétaro
SHP-ORD00002610,ORD00002610,Estafeta,TRK8442309937,delivered,2025-11-28 09:18:56,2025-12-04 09:18:56,Mérida
SHP-ORD00002611,ORD00002611,Paquetexpress,TRK8187871342,delivered,2026-03-20 18:44:51,2026-03-26 18:44:51,Guadalajara
SHP-ORD00002612,ORD00002612,Redpack,TRK4116808042,delivered,2025-02-19 11:22:44,2025-02-23 11:22:44,Oaxaca
SHP-ORD00002617,ORD00002617,Estafeta,TRK6734655770,failed,2026-02-20 02:36:13,2026-02-23 02:36:13,Mérida
SHP-ORD00002621,ORD00002621,Paquetexpress,TRK9311618579,delivered,2025-07-26 16:40:44,2025-07-28 16:40:44,Cancún
SHP-ORD00002622,ORD00002622,Redpack,TRK9418905105,delivered,2025-07-24 09:18:48,2025-07-29 09:18:48,Querétaro
SHP-ORD00002623,ORD00002623,Paquetexpress,TRK3811115483,delivered,2026-04-04 11:33:43,2026-04-05 11:33:43,Oaxaca
SHP-ORD00002625,ORD00002625,DHL,TRK2477921421,in_transit,2025-02-28 17:41:38,2025-03-04 17:41:38,Mérida
SHP-ORD00002626,ORD00002626,DHL,TRK1464349670,in_transit,2025-11-07 05:24:28,2025-11-12 05:24:28,León
SHP-ORD00002628,ORD00002628,FedEx,TRK4461904196,delivered,2026-02-19 22:09:21,2026-02-26 22:09:21,Guadalajara
SHP-ORD00002630,ORD00002630,Estafeta,TRK7292130954,delivered,2025-11-25 05:52:38,2025-12-02 05:52:38,Cancún
SHP-ORD00002631,ORD00002631,Estafeta,TRK7758891172,delivered,2025-03-09 20:46:55,2025-03-15 20:46:55,Ciudad de México
SHP-ORD00002632,ORD00002632,Estafeta,TRK9572414288,failed,2025-08-06 07:06:33,2025-08-11 07:06:33,Cancún
SHP-ORD00002634,ORD00002634,DHL,TRK7700826343,delivered,2025-06-18 14:29:40,2025-06-25 14:29:40,Oaxaca
SHP-ORD00002635,ORD00002635,Estafeta,TRK4007831611,delivered,2025-11-14 22:56:34,2025-11-17 22:56:34,Tijuana
SHP-ORD00002637,ORD00002637,FedEx,TRK5653008430,returned,2025-09-23 23:07:32,2025-09-25 23:07:32,Tijuana
SHP-ORD00002638,ORD00002638,FedEx,TRK9739474444,failed,2025-07-27 18:50:55,2025-07-31 18:50:55,Cancún
SHP-ORD00002639,ORD00002639,Redpack,TRK2261858271,delivered,2025-05-17 22:02:19,2025-05-21 22:02:19,Querétaro
SHP-ORD00002640,ORD00002640,FedEx,TRK5777166063,delivered,2025-03-13 03:13:33,2025-03-14 03:13:33,Cancún
SHP-ORD00002641,ORD00002641,Paquetexpress,TRK1840170134,delivered,2026-01-22 03:37:05,2026-01-25 03:37:05,Puebla
SHP-ORD00002642,ORD00002642,Redpack,TRK2702862814,delivered,2025-11-11 16:25:04,2025-11-12 16:25:04,Querétaro
SHP-ORD00002643,ORD00002643,DHL,TRK1115726687,delivered,2025-01-03 19:21:23,2025-01-06 19:21:23,Mérida
SHP-ORD00002644,ORD00002644,FedEx,TRK8329173958,returned,2025-04-02 03:31:47,2025-04-09 03:31:47,Oaxaca
SHP-ORD00002647,ORD00002647,DHL,TRK9671043271,delivered,2025-10-28 10:42:08,2025-11-03 10:42:08,Ciudad de México
SHP-ORD00002648,ORD00002648,FedEx,TRK2042798786,delivered,2025-10-21 21:53:45,2025-10-23 21:53:45,León
SHP-ORD00002650,ORD00002650,Paquetexpress,TRK6647647711,delivered,2025-03-08 03:09:52,2025-03-09 03:09:52,Querétaro
SHP-ORD00002652,ORD00002652,Estafeta,TRK3274747808,delivered,2025-03-01 01:53:18,2025-03-03 01:53:18,Cancún
SHP-ORD00002653,ORD00002653,FedEx,TRK7717692618,delivered,2026-03-30 03:10:55,2026-04-01 03:10:55,Ciudad de México
SHP-ORD00002654,ORD00002654,FedEx,TRK6046416477,in_transit,2026-04-04 18:20:32,2026-04-07 18:20:32,Ciudad de México
SHP-ORD00002655,ORD00002655,FedEx,TRK6343095398,delivered,2026-02-25 07:46:58,2026-03-01 07:46:58,Querétaro
SHP-ORD00002656,ORD00002656,FedEx,TRK6499069380,delivered,2025-07-03 09:54:48,2025-07-06 09:54:48,Mérida
SHP-ORD00002657,ORD00002657,DHL,TRK8041002223,returned,2025-03-04 06:26:43,2025-03-07 06:26:43,Puebla
SHP-ORD00002658,ORD00002658,FedEx,TRK2931379657,in_transit,2025-07-22 20:25:56,2025-07-24 20:25:56,Mérida
SHP-ORD00002659,ORD00002659,Paquetexpress,TRK7852684962,delivered,2026-01-10 15:43:48,2026-01-13 15:43:48,Monterrey
SHP-ORD00002661,ORD00002661,Estafeta,TRK3684845665,delivered,2025-07-17 23:53:07,2025-07-23 23:53:07,Mérida
SHP-ORD00002662,ORD00002662,Estafeta,TRK5264664237,delivered,2025-09-02 19:06:29,2025-09-09 19:06:29,Querétaro
SHP-ORD00002663,ORD00002663,Redpack,TRK2018880406,pending,2025-09-10 12:16:33,2025-09-12 12:16:33,Querétaro
SHP-ORD00002664,ORD00002664,DHL,TRK6323556080,in_transit,2026-02-16 23:40:58,2026-02-19 23:40:58,Puebla
SHP-ORD00002665,ORD00002665,Redpack,TRK5340739227,in_transit,2026-04-26 00:54:43,2026-04-27 00:54:43,Puebla
SHP-ORD00002670,ORD00002670,DHL,TRK4735314208,delivered,2025-04-15 19:54:44,2025-04-20 19:54:44,Guadalajara
SHP-ORD00002671,ORD00002671,Estafeta,TRK5124801496,delivered,2025-07-29 12:12:31,2025-08-04 12:12:31,Oaxaca
SHP-ORD00002672,ORD00002672,DHL,TRK6759876302,delivered,2026-03-21 00:05:55,2026-03-22 00:05:55,Tijuana
SHP-ORD00002673,ORD00002673,Estafeta,TRK4701031362,delivered,2025-03-16 06:18:19,2025-03-20 06:18:19,Tijuana
SHP-ORD00002677,ORD00002677,FedEx,TRK8184678249,delivered,2025-06-14 20:36:14,2025-06-19 20:36:14,Guadalajara
SHP-ORD00002678,ORD00002678,Redpack,TRK9877203913,delivered,2026-01-23 00:32:44,2026-01-25 00:32:44,Querétaro
SHP-ORD00002679,ORD00002679,Redpack,TRK1315022571,delivered,2025-10-20 00:31:54,2025-10-23 00:31:54,Puebla
SHP-ORD00002682,ORD00002682,Estafeta,TRK4138200569,delivered,2025-05-11 16:07:44,2025-05-12 16:07:44,Ciudad de México
SHP-ORD00002685,ORD00002685,DHL,TRK5608908706,delivered,2025-10-27 16:44:52,2025-10-30 16:44:52,Oaxaca
SHP-ORD00002686,ORD00002686,Redpack,TRK1656142141,delivered,2026-01-28 16:07:45,2026-02-03 16:07:45,Puebla
SHP-ORD00002687,ORD00002687,Paquetexpress,TRK1443749748,delivered,2025-02-25 23:59:55,2025-03-04 23:59:55,Ciudad de México
SHP-ORD00002689,ORD00002689,Estafeta,TRK1233417489,delivered,2025-07-16 12:10:14,2025-07-23 12:10:14,Guadalajara
SHP-ORD00002691,ORD00002691,Redpack,TRK4134215589,delivered,2025-05-22 07:46:28,2025-05-29 07:46:28,Querétaro
SHP-ORD00002692,ORD00002692,DHL,TRK8389651185,delivered,2025-11-21 00:11:24,2025-11-23 00:11:24,Monterrey
SHP-ORD00002693,ORD00002693,DHL,TRK3910371250,in_transit,2025-01-21 16:54:15,2025-01-27 16:54:15,Guadalajara
SHP-ORD00002694,ORD00002694,FedEx,TRK7813558587,delivered,2025-03-06 17:18:45,2025-03-11 17:18:45,Oaxaca
SHP-ORD00002695,ORD00002695,Estafeta,TRK7723579117,in_transit,2026-03-04 10:45:30,2026-03-08 10:45:30,Monterrey
SHP-ORD00002698,ORD00002698,FedEx,TRK9220020414,pending,2025-07-31 15:42:21,2025-08-01 15:42:21,Ciudad de México
SHP-ORD00002700,ORD00002700,DHL,TRK7024201824,delivered,2025-11-10 01:50:12,2025-11-17 01:50:12,Tijuana
SHP-ORD00002701,ORD00002701,Paquetexpress,TRK1405116061,delivered,2025-07-26 23:26:14,2025-07-30 23:26:14,Cancún
SHP-ORD00002703,ORD00002703,DHL,TRK5525343007,delivered,2025-06-01 22:41:50,2025-06-02 22:41:50,Querétaro
SHP-ORD00002705,ORD00002705,Estafeta,TRK9728276342,in_transit,2025-10-14 22:37:28,2025-10-18 22:37:28,Monterrey
SHP-ORD00002707,ORD00002707,Estafeta,TRK5446038775,returned,2025-11-24 08:11:37,2025-11-25 08:11:37,Ciudad de México
SHP-ORD00002708,ORD00002708,Estafeta,TRK6461464796,returned,2025-08-16 14:22:02,2025-08-22 14:22:02,Oaxaca
SHP-ORD00002710,ORD00002710,DHL,TRK4964722662,delivered,2025-06-24 21:58:58,2025-06-29 21:58:58,León
SHP-ORD00002711,ORD00002711,Estafeta,TRK1030231264,delivered,2025-12-10 11:14:42,2025-12-14 11:14:42,Guadalajara
SHP-ORD00002713,ORD00002713,Paquetexpress,TRK6064892158,delivered,2025-06-29 02:26:53,2025-07-06 02:26:53,Ciudad de México
SHP-ORD00002714,ORD00002714,Redpack,TRK2046417502,delivered,2025-03-09 03:01:28,2025-03-13 03:01:28,Puebla
SHP-ORD00002716,ORD00002716,Redpack,TRK8373156771,delivered,2026-01-19 18:40:10,2026-01-23 18:40:10,Querétaro
SHP-ORD00002717,ORD00002717,Redpack,TRK6280754319,returned,2025-11-02 00:46:24,2025-11-09 00:46:24,León
SHP-ORD00002718,ORD00002718,DHL,TRK9898633309,in_transit,2025-09-02 22:15:23,2025-09-08 22:15:23,León
SHP-ORD00002720,ORD00002720,DHL,TRK3982066281,delivered,2025-11-29 03:38:35,2025-12-02 03:38:35,Mérida
SHP-ORD00002722,ORD00002722,Estafeta,TRK1951313418,delivered,2026-05-03 09:50:01,2026-05-08 09:50:01,Guadalajara
SHP-ORD00002723,ORD00002723,DHL,TRK6324456836,in_transit,2026-02-16 04:31:36,2026-02-19 04:31:36,Guadalajara
SHP-ORD00002724,ORD00002724,FedEx,TRK3471917133,in_transit,2025-02-07 23:07:39,2025-02-11 23:07:39,Oaxaca
SHP-ORD00002726,ORD00002726,FedEx,TRK3888048504,delivered,2025-03-24 09:48:58,2025-03-28 09:48:58,Mérida
SHP-ORD00002727,ORD00002727,Estafeta,TRK4868974268,delivered,2026-03-13 03:09:08,2026-03-20 03:09:08,Monterrey
SHP-ORD00002730,ORD00002730,DHL,TRK1892008275,delivered,2025-05-01 18:04:44,2025-05-07 18:04:44,Tijuana
SHP-ORD00002732,ORD00002732,FedEx,TRK7181751947,delivered,2025-01-10 02:55:11,2025-01-12 02:55:11,Cancún
SHP-ORD00002735,ORD00002735,Redpack,TRK9063749196,delivered,2025-04-17 19:38:14,2025-04-24 19:38:14,Oaxaca
SHP-ORD00002737,ORD00002737,FedEx,TRK5423058761,in_transit,2025-10-08 20:45:21,2025-10-11 20:45:21,Cancún
SHP-ORD00002739,ORD00002739,Redpack,TRK6871975845,returned,2025-12-02 16:36:31,2025-12-09 16:36:31,Puebla
SHP-ORD00002740,ORD00002740,Paquetexpress,TRK4107434489,delivered,2025-03-05 21:39:37,2025-03-11 21:39:37,Oaxaca
SHP-ORD00002741,ORD00002741,DHL,TRK4454088639,delivered,2025-05-25 21:11:36,2025-05-30 21:11:36,León
SHP-ORD00002742,ORD00002742,FedEx,TRK3248019037,returned,2025-06-13 23:40:30,2025-06-19 23:40:30,Mérida
SHP-ORD00002743,ORD00002743,Paquetexpress,TRK7513856684,in_transit,2025-07-30 12:51:25,2025-08-03 12:51:25,Cancún
SHP-ORD00002745,ORD00002745,DHL,TRK9980104103,delivered,2025-02-12 00:34:32,2025-02-16 00:34:32,Guadalajara
SHP-ORD00002746,ORD00002746,FedEx,TRK5915127012,failed,2025-06-17 18:37:10,2025-06-22 18:37:10,Querétaro
SHP-ORD00002747,ORD00002747,Estafeta,TRK3604117741,returned,2026-05-15 03:03:51,2026-05-18 03:03:51,Guadalajara
SHP-ORD00002749,ORD00002749,Redpack,TRK6801849831,returned,2025-12-16 15:00:47,2025-12-17 15:00:47,Mérida
SHP-ORD00002751,ORD00002751,Redpack,TRK1047823014,delivered,2025-09-25 07:43:13,2025-09-29 07:43:13,Tijuana
SHP-ORD00002753,ORD00002753,Redpack,TRK6031274770,delivered,2025-09-14 10:53:58,2025-09-21 10:53:58,León
SHP-ORD00002754,ORD00002754,DHL,TRK6816340133,delivered,2026-02-23 09:42:42,2026-02-26 09:42:42,Ciudad de México
SHP-ORD00002756,ORD00002756,Paquetexpress,TRK3398858142,delivered,2026-03-03 00:55:48,2026-03-06 00:55:48,Querétaro
SHP-ORD00002758,ORD00002758,Paquetexpress,TRK4848792838,delivered,2025-11-01 12:03:58,2025-11-08 12:03:58,Monterrey
SHP-ORD00002759,ORD00002759,DHL,TRK2137053592,delivered,2026-02-12 10:51:14,2026-02-15 10:51:14,Mérida
SHP-ORD00002761,ORD00002761,Redpack,TRK1428519447,delivered,2025-09-08 20:48:43,2025-09-11 20:48:43,Tijuana
SHP-ORD00002762,ORD00002762,Redpack,TRK3818046792,failed,2025-01-28 10:39:23,2025-01-30 10:39:23,Oaxaca
SHP-ORD00002763,ORD00002763,Estafeta,TRK3361624924,delivered,2025-05-14 04:35:24,2025-05-21 04:35:24,Oaxaca
SHP-ORD00002764,ORD00002764,Estafeta,TRK7230137779,delivered,2025-09-07 11:20:23,2025-09-14 11:20:23,Puebla
SHP-ORD00002766,ORD00002766,DHL,TRK3737438417,delivered,2025-07-19 18:18:04,2025-07-24 18:18:04,Tijuana
SHP-ORD00002773,ORD00002773,DHL,TRK8679825102,delivered,2025-09-18 08:56:52,2025-09-24 08:56:52,León
SHP-ORD00002774,ORD00002774,Estafeta,TRK7089731763,delivered,2026-02-17 01:35:04,2026-02-24 01:35:04,Tijuana
SHP-ORD00002776,ORD00002776,DHL,TRK7666250950,delivered,2026-02-06 13:38:41,2026-02-07 13:38:41,Guadalajara
SHP-ORD00002778,ORD00002778,Redpack,TRK2116143147,delivered,2025-09-24 21:50:42,2025-09-30 21:50:42,Mérida
SHP-ORD00002779,ORD00002779,DHL,TRK6127386198,delivered,2025-04-17 11:02:43,2025-04-22 11:02:43,Querétaro
SHP-ORD00002782,ORD00002782,DHL,TRK7447125833,delivered,2026-05-15 17:23:45,2026-05-16 17:23:45,Oaxaca
SHP-ORD00002783,ORD00002783,Redpack,TRK5227595322,failed,2025-08-05 07:34:36,2025-08-12 07:34:36,Monterrey
SHP-ORD00002784,ORD00002784,Estafeta,TRK8195848246,pending,2026-05-15 10:36:15,2026-05-21 10:36:15,Monterrey
SHP-ORD00002786,ORD00002786,DHL,TRK5411759500,delivered,2026-02-28 14:52:12,2026-03-03 14:52:12,Guadalajara
SHP-ORD00002789,ORD00002789,FedEx,TRK7079109099,failed,2026-04-06 17:17:56,2026-04-13 17:17:56,León
SHP-ORD00002790,ORD00002790,Redpack,TRK8793548839,delivered,2025-08-07 02:02:20,2025-08-13 02:02:20,Tijuana
SHP-ORD00002791,ORD00002791,Redpack,TRK6085120040,delivered,2025-09-25 07:27:14,2025-09-29 07:27:14,Cancún
SHP-ORD00002792,ORD00002792,Redpack,TRK5845524900,delivered,2025-07-10 18:58:16,2025-07-14 18:58:16,Querétaro
SHP-ORD00002793,ORD00002793,DHL,TRK2424833831,delivered,2025-01-07 08:50:03,2025-01-12 08:50:03,Querétaro
SHP-ORD00002795,ORD00002795,FedEx,TRK5538969623,delivered,2025-04-13 01:52:20,2025-04-14 01:52:20,Oaxaca
SHP-ORD00002796,ORD00002796,Estafeta,TRK6328054498,delivered,2025-08-27 07:34:35,2025-09-01 07:34:35,Ciudad de México
SHP-ORD00002797,ORD00002797,FedEx,TRK8744483210,delivered,2025-09-01 16:09:10,2025-09-02 16:09:10,Monterrey
SHP-ORD00002798,ORD00002798,Estafeta,TRK9733861307,pending,2025-12-01 20:03:07,2025-12-03 20:03:07,León
SHP-ORD00002801,ORD00002801,Paquetexpress,TRK2687360561,in_transit,2025-12-07 16:25:21,2025-12-11 16:25:21,Ciudad de México
SHP-ORD00002802,ORD00002802,Redpack,TRK4850402048,failed,2025-05-09 21:36:42,2025-05-14 21:36:42,Puebla
SHP-ORD00002804,ORD00002804,FedEx,TRK1910038891,delivered,2026-04-03 15:30:48,2026-04-04 15:30:48,Ciudad de México
SHP-ORD00002807,ORD00002807,DHL,TRK6337771024,failed,2025-09-29 20:29:12,2025-10-06 20:29:12,León
SHP-ORD00002809,ORD00002809,Paquetexpress,TRK4189145019,returned,2026-03-18 18:03:40,2026-03-19 18:03:40,Tijuana
SHP-ORD00002811,ORD00002811,FedEx,TRK9071367789,delivered,2025-06-11 22:47:11,2025-06-12 22:47:11,Tijuana
SHP-ORD00002812,ORD00002812,Redpack,TRK2150705334,failed,2025-01-31 19:42:34,2025-02-01 19:42:34,Puebla
SHP-ORD00002813,ORD00002813,Estafeta,TRK2036328913,in_transit,2026-03-04 04:15:15,2026-03-09 04:15:15,Puebla
SHP-ORD00002814,ORD00002814,Paquetexpress,TRK3287077764,delivered,2025-06-30 12:54:34,2025-07-06 12:54:34,Oaxaca
SHP-ORD00002815,ORD00002815,DHL,TRK3343100072,pending,2026-05-02 14:24:07,2026-05-09 14:24:07,Tijuana
SHP-ORD00002816,ORD00002816,DHL,TRK9651134218,returned,2025-03-03 10:02:09,2025-03-08 10:02:09,Querétaro
SHP-ORD00002818,ORD00002818,Estafeta,TRK8926488281,delivered,2026-01-24 15:33:00,2026-01-29 15:33:00,Tijuana
SHP-ORD00002820,ORD00002820,Estafeta,TRK2878102366,delivered,2025-05-31 15:24:43,2025-06-07 15:24:43,Ciudad de México
SHP-ORD00002821,ORD00002821,FedEx,TRK1551473784,delivered,2025-05-22 09:51:46,2025-05-23 09:51:46,Oaxaca
SHP-ORD00002822,ORD00002822,DHL,TRK6026896158,delivered,2026-05-19 08:42:12,2026-05-25 08:42:12,Tijuana
SHP-ORD00002824,ORD00002824,FedEx,TRK3745685252,pending,2025-11-01 18:09:39,2025-11-05 18:09:39,Puebla
SHP-ORD00002828,ORD00002828,Redpack,TRK8581504273,in_transit,2026-01-21 13:04:19,2026-01-28 13:04:19,León
SHP-ORD00002829,ORD00002829,Estafeta,TRK6265776936,returned,2026-01-21 02:21:34,2026-01-22 02:21:34,Oaxaca
SHP-ORD00002832,ORD00002832,DHL,TRK5733897822,delivered,2025-02-15 01:21:29,2025-02-20 01:21:29,Querétaro
SHP-ORD00002834,ORD00002834,Estafeta,TRK6927667339,in_transit,2025-12-30 02:17:54,2026-01-03 02:17:54,Cancún
SHP-ORD00002835,ORD00002835,DHL,TRK8962059246,failed,2025-03-02 15:05:32,2025-03-03 15:05:32,Mérida
SHP-ORD00002836,ORD00002836,DHL,TRK8681817076,delivered,2025-07-29 05:27:31,2025-07-30 05:27:31,León
SHP-ORD00002837,ORD00002837,DHL,TRK7080740084,delivered,2025-10-05 15:44:24,2025-10-08 15:44:24,Oaxaca
SHP-ORD00002839,ORD00002839,FedEx,TRK8212722069,delivered,2025-06-24 16:00:28,2025-06-25 16:00:28,Tijuana
SHP-ORD00002842,ORD00002842,Estafeta,TRK8414033153,delivered,2025-01-06 12:25:54,2025-01-10 12:25:54,Querétaro
SHP-ORD00002844,ORD00002844,Redpack,TRK8181707743,in_transit,2025-10-23 14:59:22,2025-10-29 14:59:22,Guadalajara
SHP-ORD00002846,ORD00002846,Paquetexpress,TRK7115594590,returned,2026-01-22 13:39:26,2026-01-23 13:39:26,Puebla
SHP-ORD00002847,ORD00002847,Redpack,TRK4660247455,delivered,2025-08-06 10:28:59,2025-08-13 10:28:59,Tijuana
SHP-ORD00002848,ORD00002848,Paquetexpress,TRK6498491878,pending,2025-03-10 06:05:14,2025-03-15 06:05:14,Tijuana
SHP-ORD00002849,ORD00002849,Estafeta,TRK2703765868,in_transit,2025-01-19 20:35:25,2025-01-20 20:35:25,Cancún
SHP-ORD00002852,ORD00002852,Paquetexpress,TRK4775169535,delivered,2025-11-22 02:00:59,2025-11-28 02:00:59,Mérida
SHP-ORD00002853,ORD00002853,Redpack,TRK6598558860,delivered,2025-10-09 13:17:59,2025-10-10 13:17:59,Guadalajara
SHP-ORD00002855,ORD00002855,Redpack,TRK8478177899,delivered,2026-04-14 08:19:14,2026-04-20 08:19:14,León
SHP-ORD00002857,ORD00002857,Paquetexpress,TRK8406916314,delivered,2026-05-21 12:07:43,2026-05-28 12:07:43,Ciudad de México
SHP-ORD00002859,ORD00002859,Redpack,TRK2466653713,delivered,2025-05-22 20:52:03,2025-05-26 20:52:03,Ciudad de México
SHP-ORD00002861,ORD00002861,DHL,TRK4302876659,delivered,2025-04-14 20:28:33,2025-04-20 20:28:33,Oaxaca
SHP-ORD00002862,ORD00002862,Paquetexpress,TRK7132778508,delivered,2026-05-11 09:56:59,2026-05-13 09:56:59,Monterrey
SHP-ORD00002864,ORD00002864,DHL,TRK2909338173,delivered,2026-05-15 11:53:02,2026-05-16 11:53:02,Monterrey
SHP-ORD00002866,ORD00002866,Estafeta,TRK1764010173,delivered,2026-01-22 00:29:01,2026-01-25 00:29:01,Querétaro
SHP-ORD00002867,ORD00002867,Redpack,TRK2546961768,returned,2025-05-31 22:23:05,2025-06-07 22:23:05,Guadalajara
SHP-ORD00002870,ORD00002870,DHL,TRK9134953088,delivered,2026-01-04 13:34:54,2026-01-08 13:34:54,Mérida
SHP-ORD00002874,ORD00002874,Redpack,TRK4427103867,failed,2026-01-26 16:58:21,2026-02-01 16:58:21,Ciudad de México
SHP-ORD00002875,ORD00002875,FedEx,TRK4576929077,delivered,2025-06-02 19:39:21,2025-06-09 19:39:21,Puebla
SHP-ORD00002876,ORD00002876,Estafeta,TRK2644262359,delivered,2026-04-25 14:53:32,2026-05-02 14:53:32,Monterrey
SHP-ORD00002877,ORD00002877,FedEx,TRK4821378625,returned,2025-02-11 02:34:16,2025-02-12 02:34:16,Monterrey
SHP-ORD00002878,ORD00002878,Estafeta,TRK2780455204,delivered,2025-05-30 21:34:25,2025-06-04 21:34:25,Querétaro
SHP-ORD00002879,ORD00002879,DHL,TRK6845893807,delivered,2025-01-31 04:38:37,2025-02-06 04:38:37,León
SHP-ORD00002884,ORD00002884,Redpack,TRK5053429021,in_transit,2025-03-08 14:01:25,2025-03-11 14:01:25,Guadalajara
SHP-ORD00002885,ORD00002885,Redpack,TRK5752361144,delivered,2026-05-07 04:07:30,2026-05-12 04:07:30,Oaxaca
SHP-ORD00002890,ORD00002890,Paquetexpress,TRK6912262566,delivered,2026-05-18 15:02:09,2026-05-21 15:02:09,Guadalajara
SHP-ORD00002892,ORD00002892,Estafeta,TRK5277695590,delivered,2026-02-06 01:11:45,2026-02-11 01:11:45,León
SHP-ORD00002893,ORD00002893,Estafeta,TRK8616038306,failed,2025-02-18 22:22:27,2025-02-25 22:22:27,Monterrey
SHP-ORD00002895,ORD00002895,DHL,TRK5648889899,delivered,2025-03-27 05:48:53,2025-03-31 05:48:53,Puebla
SHP-ORD00002896,ORD00002896,Estafeta,TRK7274932527,pending,2025-05-12 08:31:53,2025-05-18 08:31:53,Cancún
SHP-ORD00002899,ORD00002899,Paquetexpress,TRK8989045949,delivered,2025-04-09 06:16:21,2025-04-15 06:16:21,Querétaro
SHP-ORD00002900,ORD00002900,DHL,TRK7270207270,delivered,2025-12-20 21:16:37,2025-12-26 21:16:37,Ciudad de México
SHP-ORD00002902,ORD00002902,FedEx,TRK8926771556,pending,2025-06-06 18:56:17,2025-06-10 18:56:17,Cancún
SHP-ORD00002904,ORD00002904,DHL,TRK2666921492,delivered,2025-02-10 18:43:29,2025-02-16 18:43:29,Ciudad de México
SHP-ORD00002906,ORD00002906,Estafeta,TRK8708278421,in_transit,2026-03-17 19:47:02,2026-03-21 19:47:02,León
SHP-ORD00002910,ORD00002910,Estafeta,TRK2629906806,failed,2026-01-08 11:26:43,2026-01-11 11:26:43,Cancún
SHP-ORD00002911,ORD00002911,DHL,TRK9982284399,pending,2025-12-30 09:56:33,2026-01-02 09:56:33,Guadalajara
SHP-ORD00002912,ORD00002912,Redpack,TRK8026912395,delivered,2025-12-15 08:13:46,2025-12-17 08:13:46,Mérida
SHP-ORD00002914,ORD00002914,Redpack,TRK2977137359,delivered,2026-01-13 11:40:30,2026-01-20 11:40:30,Querétaro
SHP-ORD00002917,ORD00002917,DHL,TRK3861521616,in_transit,2025-05-24 23:23:57,2025-05-30 23:23:57,Cancún
SHP-ORD00002920,ORD00002920,DHL,TRK6382683501,delivered,2025-12-11 07:16:47,2025-12-14 07:16:47,Guadalajara
SHP-ORD00002922,ORD00002922,Estafeta,TRK9316984252,failed,2025-08-16 06:23:14,2025-08-17 06:23:14,Oaxaca
SHP-ORD00002923,ORD00002923,Paquetexpress,TRK4634923223,failed,2025-11-20 15:30:49,2025-11-26 15:30:49,Puebla
SHP-ORD00002924,ORD00002924,FedEx,TRK9694981226,delivered,2026-04-13 07:50:19,2026-04-17 07:50:19,Cancún
SHP-ORD00002925,ORD00002925,DHL,TRK9316385714,in_transit,2025-09-22 08:24:45,2025-09-28 08:24:45,León
SHP-ORD00002927,ORD00002927,Redpack,TRK2933960325,delivered,2025-12-17 01:33:21,2025-12-20 01:33:21,Puebla
SHP-ORD00002930,ORD00002930,Paquetexpress,TRK9757048126,delivered,2025-02-08 02:59:32,2025-02-13 02:59:32,Oaxaca
SHP-ORD00002931,ORD00002931,Redpack,TRK9591044387,failed,2025-02-18 22:44:06,2025-02-22 22:44:06,Oaxaca
SHP-ORD00002933,ORD00002933,FedEx,TRK1168735143,in_transit,2026-03-19 21:29:03,2026-03-20 21:29:03,Puebla
SHP-ORD00002934,ORD00002934,Estafeta,TRK7359447858,delivered,2026-04-04 17:53:01,2026-04-06 17:53:01,Ciudad de México
SHP-ORD00002937,ORD00002937,Redpack,TRK9933982985,delivered,2026-01-26 23:18:38,2026-02-01 23:18:38,Monterrey
SHP-ORD00002938,ORD00002938,Estafeta,TRK4289762690,delivered,2025-12-29 00:45:05,2025-12-30 00:45:05,Mérida
SHP-ORD00002940,ORD00002940,Paquetexpress,TRK2605033984,delivered,2025-11-06 22:17:05,2025-11-08 22:17:05,Cancún
SHP-ORD00002943,ORD00002943,Redpack,TRK7227586895,in_transit,2025-05-28 23:01:42,2025-05-31 23:01:42,Cancún
SHP-ORD00002944,ORD00002944,Estafeta,TRK5692738743,delivered,2025-09-07 00:26:36,2025-09-12 00:26:36,León
SHP-ORD00002945,ORD00002945,Redpack,TRK3454665825,pending,2026-01-19 23:04:57,2026-01-21 23:04:57,Monterrey
SHP-ORD00002948,ORD00002948,Redpack,TRK5549525275,delivered,2025-06-08 04:19:55,2025-06-12 04:19:55,Guadalajara
SHP-ORD00002949,ORD00002949,DHL,TRK7522684024,returned,2025-11-20 03:35:58,2025-11-23 03:35:58,Guadalajara
SHP-ORD00002950,ORD00002950,DHL,TRK5058505349,delivered,2026-01-15 04:26:33,2026-01-19 04:26:33,Puebla
SHP-ORD00002952,ORD00002952,DHL,TRK4428824995,delivered,2025-05-17 16:08:35,2025-05-19 16:08:35,Tijuana
SHP-ORD00002954,ORD00002954,DHL,TRK2565544762,delivered,2025-01-22 00:31:17,2025-01-23 00:31:17,Querétaro
SHP-ORD00002955,ORD00002955,Paquetexpress,TRK5791177518,failed,2025-04-19 11:49:18,2025-04-23 11:49:18,Ciudad de México
SHP-ORD00002956,ORD00002956,Estafeta,TRK1279708839,in_transit,2025-04-24 18:44:55,2025-04-27 18:44:55,Querétaro
SHP-ORD00002958,ORD00002958,Paquetexpress,TRK8288711488,delivered,2025-09-23 19:11:22,2025-09-28 19:11:22,Tijuana
SHP-ORD00002959,ORD00002959,Paquetexpress,TRK2652154902,pending,2025-01-05 03:11:14,2025-01-07 03:11:14,Ciudad de México
SHP-ORD00002961,ORD00002961,Redpack,TRK5848720202,returned,2025-12-12 13:44:54,2025-12-16 13:44:54,Puebla
SHP-ORD00002967,ORD00002967,Paquetexpress,TRK2196917708,delivered,2025-03-10 18:33:03,2025-03-17 18:33:03,Querétaro
SHP-ORD00002970,ORD00002970,FedEx,TRK5761512665,delivered,2026-03-06 19:25:52,2026-03-13 19:25:52,Ciudad de México
SHP-ORD00002971,ORD00002971,DHL,TRK2052240118,delivered,2025-03-20 06:44:54,2025-03-24 06:44:54,Puebla
SHP-ORD00002973,ORD00002973,Paquetexpress,TRK3983470030,returned,2025-01-12 09:13:05,2025-01-19 09:13:05,Cancún
SHP-ORD00002975,ORD00002975,DHL,TRK6430919933,delivered,2025-10-31 06:25:10,2025-11-03 06:25:10,Guadalajara
SHP-ORD00002976,ORD00002976,DHL,TRK5131601691,delivered,2025-12-13 05:50:33,2025-12-14 05:50:33,Tijuana
SHP-ORD00002977,ORD00002977,Redpack,TRK4447599306,returned,2025-09-18 22:30:47,2025-09-25 22:30:47,Guadalajara
SHP-ORD00002978,ORD00002978,Estafeta,TRK4897622760,failed,2025-07-04 10:32:54,2025-07-08 10:32:54,Querétaro
SHP-ORD00002979,ORD00002979,FedEx,TRK5353896577,delivered,2026-04-06 08:56:07,2026-04-09 08:56:07,Puebla
SHP-ORD00002980,ORD00002980,DHL,TRK8264238130,delivered,2026-01-31 17:52:09,2026-02-01 17:52:09,Monterrey
SHP-ORD00002982,ORD00002982,Estafeta,TRK8775091657,delivered,2026-01-17 05:06:06,2026-01-21 05:06:06,Querétaro
SHP-ORD00002983,ORD00002983,Paquetexpress,TRK7013960913,delivered,2025-12-06 21:22:14,2025-12-08 21:22:14,Puebla
SHP-ORD00002984,ORD00002984,Redpack,TRK7713345594,in_transit,2025-02-09 03:23:22,2025-02-10 03:23:22,Ciudad de México
SHP-ORD00002986,ORD00002986,FedEx,TRK2072179274,delivered,2025-04-24 16:21:25,2025-04-29 16:21:25,Cancún
SHP-ORD00002988,ORD00002988,FedEx,TRK2427990575,delivered,2025-03-20 02:23:00,2025-03-24 02:23:00,Puebla
SHP-ORD00002989,ORD00002989,Redpack,TRK8862611329,pending,2025-02-19 00:54:40,2025-02-23 00:54:40,Monterrey
SHP-ORD00002991,ORD00002991,Redpack,TRK9861216888,in_transit,2026-04-22 23:49:24,2026-04-25 23:49:24,Mérida
SHP-ORD00002992,ORD00002992,Redpack,TRK2653741244,delivered,2026-05-09 11:50:56,2026-05-13 11:50:56,Ciudad de México
SHP-ORD00002995,ORD00002995,FedEx,TRK3443778653,delivered,2025-04-29 23:52:15,2025-05-02 23:52:15,León
SHP-ORD00002996,ORD00002996,Redpack,TRK8176416203,delivered,2025-05-28 03:05:46,2025-05-31 03:05:46,Monterrey
SHP-ORD00003001,ORD00003001,FedEx,TRK3944338193,returned,2025-04-19 13:42:15,2025-04-22 13:42:15,Cancún
SHP-ORD00003002,ORD00003002,Estafeta,TRK4996574975,returned,2025-05-24 19:48:54,2025-05-27 19:48:54,Cancún
SHP-ORD00003003,ORD00003003,Estafeta,TRK6829533862,returned,2026-03-12 05:33:54,2026-03-17 05:33:54,Guadalajara
SHP-ORD00003004,ORD00003004,Paquetexpress,TRK8588157123,delivered,2026-03-07 14:20:18,2026-03-14 14:20:18,Oaxaca
SHP-ORD00003005,ORD00003005,Redpack,TRK4213346541,delivered,2025-03-24 14:04:05,2025-03-25 14:04:05,Cancún
SHP-ORD00003007,ORD00003007,FedEx,TRK9288895437,delivered,2026-04-11 01:47:33,2026-04-18 01:47:33,Ciudad de México
SHP-ORD00003008,ORD00003008,Redpack,TRK9665014118,delivered,2025-01-20 05:32:30,2025-01-22 05:32:30,Tijuana
SHP-ORD00003009,ORD00003009,FedEx,TRK9394207179,failed,2025-05-09 09:30:50,2025-05-11 09:30:50,León
SHP-ORD00003010,ORD00003010,Estafeta,TRK6322548372,delivered,2025-02-20 21:46:26,2025-02-26 21:46:26,León
SHP-ORD00003012,ORD00003012,FedEx,TRK9249272282,failed,2026-04-01 01:17:26,2026-04-06 01:17:26,Tijuana
SHP-ORD00003013,ORD00003013,Estafeta,TRK9804732429,delivered,2026-04-12 00:35:49,2026-04-14 00:35:49,Puebla
SHP-ORD00003014,ORD00003014,DHL,TRK6990118990,failed,2025-07-25 07:22:55,2025-07-27 07:22:55,Querétaro
SHP-ORD00003015,ORD00003015,Redpack,TRK8996940884,failed,2025-03-23 00:20:44,2025-03-26 00:20:44,Cancún
SHP-ORD00003018,ORD00003018,Redpack,TRK6903202934,delivered,2025-10-17 00:45:42,2025-10-21 00:45:42,Querétaro
SHP-ORD00003020,ORD00003020,Paquetexpress,TRK6348156387,returned,2026-03-26 10:51:52,2026-04-02 10:51:52,Oaxaca
SHP-ORD00003021,ORD00003021,Redpack,TRK4956238647,in_transit,2025-06-15 04:45:25,2025-06-20 04:45:25,Cancún
SHP-ORD00003022,ORD00003022,Estafeta,TRK8034202694,delivered,2025-09-10 23:44:48,2025-09-11 23:44:48,León
SHP-ORD00003023,ORD00003023,Paquetexpress,TRK8541361727,in_transit,2025-08-16 05:57:53,2025-08-18 05:57:53,Cancún
SHP-ORD00003025,ORD00003025,Estafeta,TRK8141277495,pending,2025-09-19 15:17:39,2025-09-23 15:17:39,Mérida
SHP-ORD00003026,ORD00003026,Estafeta,TRK3845622720,delivered,2025-12-16 06:31:22,2025-12-22 06:31:22,Ciudad de México
SHP-ORD00003027,ORD00003027,Redpack,TRK9327279141,delivered,2025-11-26 15:33:28,2025-12-01 15:33:28,Tijuana
SHP-ORD00003028,ORD00003028,FedEx,TRK3015798773,failed,2025-06-09 12:05:53,2025-06-16 12:05:53,Tijuana
SHP-ORD00003030,ORD00003030,FedEx,TRK7197224405,delivered,2026-04-03 02:29:05,2026-04-10 02:29:05,Oaxaca
SHP-ORD00003031,ORD00003031,Redpack,TRK7063341188,in_transit,2026-01-06 13:30:22,2026-01-12 13:30:22,Mérida
SHP-ORD00003032,ORD00003032,DHL,TRK8225118401,in_transit,2026-04-20 07:10:46,2026-04-23 07:10:46,León
SHP-ORD00003033,ORD00003033,Paquetexpress,TRK6141256220,delivered,2025-01-12 15:07:22,2025-01-13 15:07:22,Tijuana
SHP-ORD00003034,ORD00003034,DHL,TRK3661007175,delivered,2025-07-13 16:54:23,2025-07-15 16:54:23,León
SHP-ORD00003036,ORD00003036,DHL,TRK7152713446,delivered,2025-03-30 01:49:08,2025-04-03 01:49:08,Mérida
SHP-ORD00003038,ORD00003038,FedEx,TRK4119925840,delivered,2026-01-20 15:10:12,2026-01-25 15:10:12,Ciudad de México
SHP-ORD00003041,ORD00003041,DHL,TRK7773528501,delivered,2025-01-10 02:01:21,2025-01-11 02:01:21,León
SHP-ORD00003046,ORD00003046,FedEx,TRK2189877694,delivered,2025-04-18 13:41:41,2025-04-25 13:41:41,Tijuana
SHP-ORD00003047,ORD00003047,DHL,TRK3305105697,delivered,2025-06-24 10:06:59,2025-07-01 10:06:59,Oaxaca
SHP-ORD00003049,ORD00003049,Paquetexpress,TRK8873876009,pending,2025-06-28 20:43:01,2025-07-05 20:43:01,Monterrey
SHP-ORD00003052,ORD00003052,Estafeta,TRK1718156730,pending,2026-02-14 06:22:14,2026-02-21 06:22:14,Tijuana
SHP-ORD00003054,ORD00003054,DHL,TRK4138894067,delivered,2026-03-18 07:21:01,2026-03-23 07:21:01,Querétaro
SHP-ORD00003057,ORD00003057,Estafeta,TRK1952565247,delivered,2026-04-03 21:04:23,2026-04-07 21:04:23,Guadalajara
SHP-ORD00003058,ORD00003058,Redpack,TRK6770745368,delivered,2026-03-22 19:38:12,2026-03-27 19:38:12,Tijuana
SHP-ORD00003059,ORD00003059,FedEx,TRK8835315350,returned,2026-03-17 19:12:44,2026-03-23 19:12:44,Guadalajara
SHP-ORD00003065,ORD00003065,Paquetexpress,TRK1885052987,delivered,2025-06-25 16:26:00,2025-06-29 16:26:00,Guadalajara
SHP-ORD00003067,ORD00003067,FedEx,TRK5735801488,pending,2026-05-17 12:19:50,2026-05-21 12:19:50,Mérida
SHP-ORD00003068,ORD00003068,Paquetexpress,TRK9054882241,delivered,2025-05-14 00:04:11,2025-05-19 00:04:11,Mérida
SHP-ORD00003069,ORD00003069,Redpack,TRK9202672954,in_transit,2025-06-28 19:32:24,2025-07-02 19:32:24,Ciudad de México
SHP-ORD00003070,ORD00003070,Paquetexpress,TRK9957851074,delivered,2026-03-19 13:51:07,2026-03-25 13:51:07,León
SHP-ORD00003071,ORD00003071,Estafeta,TRK4074603609,returned,2025-03-17 04:52:57,2025-03-20 04:52:57,Monterrey
SHP-ORD00003072,ORD00003072,DHL,TRK5581572694,delivered,2026-01-27 07:10:25,2026-02-01 07:10:25,Oaxaca
SHP-ORD00003073,ORD00003073,DHL,TRK7193618848,delivered,2026-03-18 18:14:34,2026-03-20 18:14:34,Querétaro
SHP-ORD00003074,ORD00003074,Paquetexpress,TRK5365035871,failed,2025-09-13 02:34:20,2025-09-15 02:34:20,Mérida
SHP-ORD00003075,ORD00003075,Redpack,TRK9462596807,delivered,2025-02-16 14:27:59,2025-02-21 14:27:59,Querétaro
SHP-ORD00003078,ORD00003078,Estafeta,TRK8910773888,delivered,2025-02-28 15:35:39,2025-03-07 15:35:39,Mérida
SHP-ORD00003079,ORD00003079,FedEx,TRK1567581159,delivered,2025-08-03 02:09:02,2025-08-07 02:09:02,Oaxaca
SHP-ORD00003087,ORD00003087,Redpack,TRK3626602239,delivered,2025-05-21 15:37:16,2025-05-22 15:37:16,León
SHP-ORD00003088,ORD00003088,Paquetexpress,TRK7379698883,delivered,2026-05-09 01:58:15,2026-05-10 01:58:15,León
SHP-ORD00003090,ORD00003090,FedEx,TRK6401685367,pending,2025-01-03 01:47:33,2025-01-05 01:47:33,Guadalajara
SHP-ORD00003092,ORD00003092,DHL,TRK1582580338,delivered,2026-04-25 16:49:38,2026-04-27 16:49:38,Tijuana
SHP-ORD00003093,ORD00003093,DHL,TRK8679301407,pending,2025-08-28 04:02:39,2025-09-02 04:02:39,Oaxaca
SHP-ORD00003094,ORD00003094,Estafeta,TRK8413652840,delivered,2025-08-22 18:03:37,2025-08-25 18:03:37,Tijuana
SHP-ORD00003096,ORD00003096,FedEx,TRK8866788785,returned,2025-11-14 09:41:15,2025-11-21 09:41:15,Mérida
SHP-ORD00003098,ORD00003098,Estafeta,TRK5047040185,delivered,2025-11-30 22:56:28,2025-12-04 22:56:28,Mérida
SHP-ORD00003099,ORD00003099,Paquetexpress,TRK3914538879,delivered,2025-10-29 05:11:42,2025-11-03 05:11:42,León
SHP-ORD00003100,ORD00003100,DHL,TRK2372075757,delivered,2026-02-12 04:22:35,2026-02-15 04:22:35,Querétaro
SHP-ORD00003102,ORD00003102,Paquetexpress,TRK8693368062,delivered,2025-10-07 13:50:48,2025-10-11 13:50:48,Querétaro
SHP-ORD00003103,ORD00003103,Estafeta,TRK5396437596,delivered,2026-03-27 06:22:01,2026-03-31 06:22:01,Oaxaca
SHP-ORD00003104,ORD00003104,FedEx,TRK1119507986,delivered,2025-01-24 22:12:39,2025-01-29 22:12:39,Tijuana
SHP-ORD00003105,ORD00003105,DHL,TRK9716633346,delivered,2025-11-07 05:14:30,2025-11-14 05:14:30,Querétaro
SHP-ORD00003109,ORD00003109,FedEx,TRK8296188489,delivered,2026-02-26 00:19:59,2026-03-03 00:19:59,Oaxaca
SHP-ORD00003112,ORD00003112,FedEx,TRK3762893999,delivered,2025-03-28 12:31:19,2025-03-29 12:31:19,León
SHP-ORD00003113,ORD00003113,Estafeta,TRK2149774096,failed,2025-04-11 17:04:32,2025-04-15 17:04:32,León
SHP-ORD00003114,ORD00003114,Paquetexpress,TRK9068681535,failed,2026-04-09 23:44:16,2026-04-10 23:44:16,Querétaro
SHP-ORD00003116,ORD00003116,Estafeta,TRK8302324507,delivered,2025-07-06 13:29:00,2025-07-10 13:29:00,Querétaro
SHP-ORD00003117,ORD00003117,DHL,TRK6963126599,delivered,2025-11-30 21:17:48,2025-12-05 21:17:48,Puebla
SHP-ORD00003118,ORD00003118,Paquetexpress,TRK5554178497,delivered,2026-02-06 09:19:20,2026-02-08 09:19:20,Guadalajara
SHP-ORD00003121,ORD00003121,Paquetexpress,TRK9074085611,delivered,2025-10-21 05:50:16,2025-10-24 05:50:16,Ciudad de México
SHP-ORD00003122,ORD00003122,Estafeta,TRK7772503836,failed,2026-02-09 21:58:53,2026-02-10 21:58:53,Guadalajara
SHP-ORD00003123,ORD00003123,Paquetexpress,TRK6796875710,pending,2025-09-07 15:34:12,2025-09-11 15:34:12,Monterrey
SHP-ORD00003124,ORD00003124,Paquetexpress,TRK7170278461,in_transit,2025-02-03 00:39:42,2025-02-09 00:39:42,Guadalajara
SHP-ORD00003125,ORD00003125,DHL,TRK7307607908,delivered,2025-04-08 13:48:18,2025-04-14 13:48:18,Guadalajara
SHP-ORD00003126,ORD00003126,FedEx,TRK9328389880,delivered,2025-07-07 12:20:26,2025-07-14 12:20:26,Querétaro
SHP-ORD00003127,ORD00003127,Estafeta,TRK8903289330,pending,2026-01-17 01:07:41,2026-01-20 01:07:41,Oaxaca
SHP-ORD00003129,ORD00003129,Paquetexpress,TRK7390127419,pending,2025-10-24 22:58:04,2025-10-29 22:58:04,Querétaro
SHP-ORD00003130,ORD00003130,Redpack,TRK4469541650,in_transit,2025-10-25 22:06:55,2025-10-28 22:06:55,Monterrey
SHP-ORD00003132,ORD00003132,Redpack,TRK6323781907,delivered,2025-10-28 09:05:02,2025-10-30 09:05:02,Querétaro
SHP-ORD00003133,ORD00003133,Paquetexpress,TRK1402676820,in_transit,2025-12-06 16:43:37,2025-12-10 16:43:37,Cancún
SHP-ORD00003135,ORD00003135,FedEx,TRK4650109022,returned,2025-03-24 19:58:13,2025-03-31 19:58:13,Querétaro
SHP-ORD00003136,ORD00003136,Estafeta,TRK9717510341,delivered,2025-09-06 08:10:26,2025-09-09 08:10:26,Querétaro
SHP-ORD00003138,ORD00003138,DHL,TRK1339050480,in_transit,2025-07-08 19:40:41,2025-07-10 19:40:41,Puebla
SHP-ORD00003139,ORD00003139,Estafeta,TRK8443220526,delivered,2025-12-07 18:44:56,2025-12-11 18:44:56,Ciudad de México
SHP-ORD00003140,ORD00003140,Redpack,TRK4199755345,failed,2025-05-15 16:12:14,2025-05-20 16:12:14,Cancún
SHP-ORD00003141,ORD00003141,DHL,TRK8381007614,delivered,2025-01-12 15:41:28,2025-01-16 15:41:28,Monterrey
SHP-ORD00003142,ORD00003142,Redpack,TRK1056334134,delivered,2025-08-28 07:32:04,2025-08-29 07:32:04,Mérida
SHP-ORD00003144,ORD00003144,Redpack,TRK9818980441,in_transit,2025-02-13 22:31:10,2025-02-20 22:31:10,Querétaro
SHP-ORD00003146,ORD00003146,DHL,TRK7287678390,delivered,2026-04-22 11:34:31,2026-04-23 11:34:31,Guadalajara
SHP-ORD00003148,ORD00003148,Redpack,TRK4040271155,in_transit,2025-03-31 19:18:15,2025-04-02 19:18:15,Guadalajara
SHP-ORD00003149,ORD00003149,Paquetexpress,TRK4268503776,delivered,2025-09-21 05:02:22,2025-09-27 05:02:22,Ciudad de México
SHP-ORD00003152,ORD00003152,Redpack,TRK2058779473,delivered,2026-05-13 13:41:04,2026-05-14 13:41:04,Querétaro
SHP-ORD00003153,ORD00003153,Redpack,TRK5083822235,delivered,2026-04-19 02:54:08,2026-04-25 02:54:08,León
SHP-ORD00003155,ORD00003155,Estafeta,TRK6269790799,delivered,2025-03-16 14:25:55,2025-03-20 14:25:55,Querétaro
SHP-ORD00003157,ORD00003157,DHL,TRK4057590149,delivered,2025-12-14 13:52:14,2025-12-15 13:52:14,Ciudad de México
SHP-ORD00003158,ORD00003158,Estafeta,TRK5252981452,delivered,2025-08-23 12:48:09,2025-08-27 12:48:09,Mérida
SHP-ORD00003159,ORD00003159,Paquetexpress,TRK9066134129,pending,2025-01-28 15:23:54,2025-01-29 15:23:54,Ciudad de México
SHP-ORD00003160,ORD00003160,FedEx,TRK7218999346,delivered,2025-11-13 00:33:14,2025-11-19 00:33:14,Puebla
SHP-ORD00003162,ORD00003162,Estafeta,TRK7234829953,returned,2025-04-17 05:14:01,2025-04-18 05:14:01,Querétaro
SHP-ORD00003164,ORD00003164,FedEx,TRK5400084992,delivered,2025-05-17 06:43:08,2025-05-20 06:43:08,Querétaro
SHP-ORD00003165,ORD00003165,Estafeta,TRK7933982944,in_transit,2025-12-12 15:53:27,2025-12-13 15:53:27,Puebla
SHP-ORD00003166,ORD00003166,Redpack,TRK8710584984,delivered,2026-01-17 15:09:22,2026-01-20 15:09:22,Puebla
SHP-ORD00003167,ORD00003167,Redpack,TRK7750115182,returned,2025-08-04 21:05:41,2025-08-05 21:05:41,León
SHP-ORD00003168,ORD00003168,Redpack,TRK3424202787,delivered,2026-05-12 10:54:18,2026-05-18 10:54:18,Cancún
SHP-ORD00003169,ORD00003169,Estafeta,TRK1290960938,delivered,2026-04-14 23:11:08,2026-04-20 23:11:08,Guadalajara
SHP-ORD00003173,ORD00003173,Paquetexpress,TRK5144743055,delivered,2025-04-29 07:06:05,2025-05-05 07:06:05,León
SHP-ORD00003175,ORD00003175,Paquetexpress,TRK3131109918,delivered,2026-04-13 00:06:44,2026-04-17 00:06:44,Ciudad de México
SHP-ORD00003179,ORD00003179,FedEx,TRK7343884619,pending,2026-05-07 16:00:24,2026-05-10 16:00:24,Monterrey
SHP-ORD00003180,ORD00003180,Estafeta,TRK7811615255,delivered,2025-10-08 07:03:38,2025-10-13 07:03:38,León
SHP-ORD00003181,ORD00003181,DHL,TRK9368853161,in_transit,2025-04-22 22:07:06,2025-04-26 22:07:06,Oaxaca
SHP-ORD00003182,ORD00003182,Redpack,TRK6997816179,pending,2025-05-29 13:56:57,2025-06-01 13:56:57,Monterrey
SHP-ORD00003185,ORD00003185,Redpack,TRK6171885158,delivered,2026-05-17 15:18:03,2026-05-24 15:18:03,Tijuana
SHP-ORD00003189,ORD00003189,FedEx,TRK3924711106,in_transit,2026-04-22 18:10:51,2026-04-26 18:10:51,Monterrey
SHP-ORD00003190,ORD00003190,Estafeta,TRK6958697206,returned,2025-12-06 12:58:06,2025-12-13 12:58:06,Oaxaca
SHP-ORD00003191,ORD00003191,Paquetexpress,TRK3388507186,failed,2025-01-21 13:34:33,2025-01-28 13:34:33,Querétaro
SHP-ORD00003193,ORD00003193,Redpack,TRK1206668091,delivered,2025-03-06 05:12:31,2025-03-07 05:12:31,León
SHP-ORD00003197,ORD00003197,FedEx,TRK5353328994,delivered,2025-07-25 22:57:40,2025-07-28 22:57:40,Cancún
SHP-ORD00003198,ORD00003198,Estafeta,TRK6819159368,in_transit,2026-02-01 18:34:37,2026-02-08 18:34:37,Puebla
SHP-ORD00003200,ORD00003200,Paquetexpress,TRK4899683339,delivered,2025-02-13 13:46:04,2025-02-17 13:46:04,Oaxaca
SHP-ORD00003202,ORD00003202,Redpack,TRK1511629981,delivered,2025-03-06 11:41:25,2025-03-10 11:41:25,Guadalajara
SHP-ORD00003207,ORD00003207,Redpack,TRK3254183891,delivered,2026-01-01 04:01:20,2026-01-06 04:01:20,Monterrey
SHP-ORD00003209,ORD00003209,DHL,TRK1062404128,in_transit,2026-02-18 01:18:24,2026-02-22 01:18:24,Monterrey
SHP-ORD00003211,ORD00003211,DHL,TRK2753422948,delivered,2025-09-04 14:50:12,2025-09-09 14:50:12,Cancún
SHP-ORD00003212,ORD00003212,Paquetexpress,TRK1638723307,delivered,2026-04-28 11:38:39,2026-05-04 11:38:39,Ciudad de México
SHP-ORD00003214,ORD00003214,FedEx,TRK6060944389,delivered,2025-06-20 01:23:09,2025-06-26 01:23:09,Querétaro
SHP-ORD00003217,ORD00003217,Estafeta,TRK2477619773,delivered,2026-05-11 11:36:36,2026-05-14 11:36:36,León
SHP-ORD00003218,ORD00003218,FedEx,TRK6675410492,delivered,2025-04-29 21:49:59,2025-05-03 21:49:59,Cancún
SHP-ORD00003220,ORD00003220,Estafeta,TRK4909075056,in_transit,2025-02-24 16:52:12,2025-02-28 16:52:12,Cancún
SHP-ORD00003221,ORD00003221,FedEx,TRK8274820535,delivered,2025-08-26 02:18:29,2025-08-31 02:18:29,Tijuana
SHP-ORD00003224,ORD00003224,Redpack,TRK3902562620,delivered,2025-09-01 23:10:29,2025-09-06 23:10:29,Monterrey
SHP-ORD00003226,ORD00003226,Paquetexpress,TRK4122103287,delivered,2026-02-27 07:43:05,2026-03-05 07:43:05,León
SHP-ORD00003227,ORD00003227,Estafeta,TRK4361754319,delivered,2025-01-16 18:57:35,2025-01-21 18:57:35,Ciudad de México
SHP-ORD00003230,ORD00003230,Estafeta,TRK7502804692,delivered,2025-06-14 15:25:20,2025-06-21 15:25:20,Querétaro
SHP-ORD00003231,ORD00003231,Redpack,TRK9577889905,failed,2025-06-13 09:06:10,2025-06-18 09:06:10,León
SHP-ORD00003232,ORD00003232,Redpack,TRK1044104005,delivered,2026-04-20 14:24:22,2026-04-27 14:24:22,Cancún
SHP-ORD00003233,ORD00003233,DHL,TRK3289189679,returned,2025-12-04 17:15:08,2025-12-05 17:15:08,Puebla
SHP-ORD00003234,ORD00003234,FedEx,TRK7733320681,delivered,2026-05-18 02:58:33,2026-05-22 02:58:33,León
SHP-ORD00003235,ORD00003235,Redpack,TRK1277515414,delivered,2026-05-19 07:28:43,2026-05-20 07:28:43,Oaxaca
SHP-ORD00003236,ORD00003236,Estafeta,TRK3101633790,pending,2025-10-06 20:32:22,2025-10-12 20:32:22,Tijuana
SHP-ORD00003237,ORD00003237,FedEx,TRK2913665448,delivered,2025-09-30 08:36:06,2025-10-02 08:36:06,Puebla
SHP-ORD00003238,ORD00003238,Paquetexpress,TRK9899180919,delivered,2025-04-10 14:00:50,2025-04-15 14:00:50,León
SHP-ORD00003245,ORD00003245,FedEx,TRK1123612094,delivered,2025-11-19 02:48:55,2025-11-21 02:48:55,Guadalajara
SHP-ORD00003246,ORD00003246,DHL,TRK1519651041,delivered,2025-07-29 07:07:34,2025-08-01 07:07:34,Tijuana
SHP-ORD00003248,ORD00003248,Paquetexpress,TRK8334045422,delivered,2025-05-31 10:52:50,2025-06-06 10:52:50,Querétaro
SHP-ORD00003249,ORD00003249,Estafeta,TRK6363015974,pending,2025-04-19 10:54:18,2025-04-20 10:54:18,Querétaro
SHP-ORD00003250,ORD00003250,DHL,TRK7154432697,in_transit,2026-04-19 15:56:02,2026-04-20 15:56:02,Cancún
SHP-ORD00003254,ORD00003254,FedEx,TRK2698114794,delivered,2025-08-26 07:57:24,2025-09-02 07:57:24,Ciudad de México
SHP-ORD00003255,ORD00003255,Paquetexpress,TRK2670677804,delivered,2025-12-10 22:34:21,2025-12-16 22:34:21,Guadalajara
SHP-ORD00003256,ORD00003256,FedEx,TRK6169089424,failed,2026-03-24 03:32:10,2026-03-25 03:32:10,León
SHP-ORD00003257,ORD00003257,Estafeta,TRK6455212106,delivered,2025-05-12 18:22:34,2025-05-18 18:22:34,Tijuana
SHP-ORD00003258,ORD00003258,FedEx,TRK4793949917,delivered,2025-02-07 08:43:23,2025-02-12 08:43:23,Oaxaca
SHP-ORD00003260,ORD00003260,FedEx,TRK2308281344,delivered,2026-01-11 02:54:58,2026-01-18 02:54:58,León
SHP-ORD00003261,ORD00003261,Estafeta,TRK8154987858,returned,2025-08-26 05:12:18,2025-08-30 05:12:18,Tijuana
SHP-ORD00003264,ORD00003264,Redpack,TRK7104571018,failed,2026-04-18 15:39:54,2026-04-20 15:39:54,Monterrey
SHP-ORD00003266,ORD00003266,FedEx,TRK3215022544,pending,2025-01-04 17:46:06,2025-01-09 17:46:06,Ciudad de México
SHP-ORD00003270,ORD00003270,DHL,TRK4839104393,delivered,2026-02-26 17:51:38,2026-02-28 17:51:38,Mérida
SHP-ORD00003271,ORD00003271,DHL,TRK6709459865,delivered,2025-06-11 08:33:05,2025-06-17 08:33:05,Guadalajara
SHP-ORD00003273,ORD00003273,FedEx,TRK1539479195,delivered,2025-09-13 09:55:44,2025-09-18 09:55:44,Puebla
SHP-ORD00003274,ORD00003274,FedEx,TRK6943867741,returned,2025-12-08 07:15:35,2025-12-13 07:15:35,Tijuana
SHP-ORD00003278,ORD00003278,Paquetexpress,TRK2053445743,returned,2025-06-09 17:35:11,2025-06-15 17:35:11,Ciudad de México
SHP-ORD00003281,ORD00003281,Paquetexpress,TRK8032147859,delivered,2026-04-16 10:14:22,2026-04-17 10:14:22,Monterrey
SHP-ORD00003282,ORD00003282,Estafeta,TRK7410270183,delivered,2025-08-28 18:10:28,2025-09-02 18:10:28,Ciudad de México
SHP-ORD00003283,ORD00003283,Redpack,TRK4185862734,failed,2025-11-23 20:42:51,2025-11-25 20:42:51,Tijuana
SHP-ORD00003285,ORD00003285,Redpack,TRK3882715313,delivered,2025-11-26 13:43:56,2025-11-29 13:43:56,Guadalajara
SHP-ORD00003287,ORD00003287,Estafeta,TRK6561502704,failed,2025-01-28 21:02:26,2025-01-31 21:02:26,Querétaro
SHP-ORD00003288,ORD00003288,Estafeta,TRK1291438558,delivered,2025-06-25 03:25:17,2025-06-29 03:25:17,Cancún
SHP-ORD00003289,ORD00003289,Paquetexpress,TRK4375175466,failed,2026-01-02 04:02:21,2026-01-05 04:02:21,Puebla
SHP-ORD00003290,ORD00003290,Estafeta,TRK3559430791,delivered,2025-07-21 04:11:32,2025-07-28 04:11:32,Mérida
SHP-ORD00003293,ORD00003293,DHL,TRK2784580908,in_transit,2026-05-10 08:29:06,2026-05-13 08:29:06,Ciudad de México
SHP-ORD00003295,ORD00003295,Estafeta,TRK1867657141,delivered,2026-02-14 07:40:50,2026-02-16 07:40:50,León
SHP-ORD00003297,ORD00003297,DHL,TRK3788094128,in_transit,2025-07-09 08:57:53,2025-07-11 08:57:53,Querétaro
SHP-ORD00003299,ORD00003299,Paquetexpress,TRK5924831591,delivered,2025-11-16 05:03:35,2025-11-20 05:03:35,Mérida
SHP-ORD00003300,ORD00003300,Estafeta,TRK1121367603,delivered,2025-09-23 04:35:50,2025-09-27 04:35:50,Querétaro
SHP-ORD00003302,ORD00003302,Paquetexpress,TRK2932683472,delivered,2026-05-10 03:45:50,2026-05-11 03:45:50,Guadalajara
SHP-ORD00003303,ORD00003303,Paquetexpress,TRK1802880598,delivered,2025-06-29 01:36:32,2025-07-05 01:36:32,Ciudad de México
SHP-ORD00003304,ORD00003304,DHL,TRK2935125692,delivered,2026-02-04 01:15:41,2026-02-05 01:15:41,Querétaro
SHP-ORD00003305,ORD00003305,FedEx,TRK2386792840,failed,2025-07-02 12:52:14,2025-07-04 12:52:14,Querétaro
SHP-ORD00003306,ORD00003306,Redpack,TRK8789574015,delivered,2025-08-02 06:17:06,2025-08-09 06:17:06,Puebla
SHP-ORD00003307,ORD00003307,DHL,TRK2406454947,delivered,2025-03-15 17:30:45,2025-03-19 17:30:45,Mérida
SHP-ORD00003309,ORD00003309,Paquetexpress,TRK8187722614,delivered,2026-04-13 05:01:46,2026-04-15 05:01:46,León
SHP-ORD00003310,ORD00003310,Paquetexpress,TRK3209615419,delivered,2025-06-26 01:59:26,2025-06-29 01:59:26,León
SHP-ORD00003311,ORD00003311,Paquetexpress,TRK9740575347,pending,2026-03-23 03:44:24,2026-03-28 03:44:24,Tijuana
SHP-ORD00003312,ORD00003312,Redpack,TRK1639012885,in_transit,2025-08-20 02:43:44,2025-08-22 02:43:44,Tijuana
SHP-ORD00003314,ORD00003314,Estafeta,TRK6580229985,in_transit,2025-09-28 08:29:23,2025-09-30 08:29:23,Monterrey
SHP-ORD00003316,ORD00003316,Redpack,TRK8253275603,pending,2025-05-23 21:34:14,2025-05-26 21:34:14,Monterrey
SHP-ORD00003317,ORD00003317,FedEx,TRK5721524357,delivered,2025-02-07 14:19:22,2025-02-12 14:19:22,León
SHP-ORD00003319,ORD00003319,Paquetexpress,TRK6048914094,delivered,2026-02-28 16:22:31,2026-03-06 16:22:31,Oaxaca
SHP-ORD00003320,ORD00003320,DHL,TRK4135038041,delivered,2026-03-10 09:00:31,2026-03-14 09:00:31,Ciudad de México
SHP-ORD00003322,ORD00003322,DHL,TRK3154696022,delivered,2026-02-18 13:40:35,2026-02-22 13:40:35,Querétaro
SHP-ORD00003323,ORD00003323,FedEx,TRK9925577131,delivered,2025-12-13 03:48:56,2025-12-18 03:48:56,Tijuana
SHP-ORD00003325,ORD00003325,FedEx,TRK8738937617,delivered,2026-02-20 19:58:11,2026-02-26 19:58:11,Puebla
SHP-ORD00003327,ORD00003327,Redpack,TRK5805811643,returned,2026-03-07 14:00:05,2026-03-12 14:00:05,León
SHP-ORD00003328,ORD00003328,Redpack,TRK2257904881,delivered,2026-02-20 10:52:46,2026-02-26 10:52:46,Querétaro
SHP-ORD00003333,ORD00003333,Estafeta,TRK4087287940,delivered,2025-10-19 23:47:57,2025-10-25 23:47:57,Puebla
SHP-ORD00003334,ORD00003334,Estafeta,TRK8998494772,returned,2025-09-06 15:29:34,2025-09-07 15:29:34,Querétaro
SHP-ORD00003335,ORD00003335,Paquetexpress,TRK9688578448,delivered,2025-06-28 06:22:32,2025-07-02 06:22:32,Guadalajara
SHP-ORD00003336,ORD00003336,Redpack,TRK6305850238,delivered,2026-01-08 14:33:16,2026-01-15 14:33:16,Querétaro
SHP-ORD00003337,ORD00003337,DHL,TRK7892713304,delivered,2025-11-22 14:43:05,2025-11-27 14:43:05,Mérida
SHP-ORD00003339,ORD00003339,FedEx,TRK4512276708,failed,2025-11-08 02:48:17,2025-11-11 02:48:17,Mérida
SHP-ORD00003340,ORD00003340,Paquetexpress,TRK5618514600,in_transit,2026-02-17 22:24:51,2026-02-20 22:24:51,Cancún
SHP-ORD00003341,ORD00003341,DHL,TRK3965730355,returned,2026-03-31 23:06:16,2026-04-04 23:06:16,Mérida
SHP-ORD00003342,ORD00003342,DHL,TRK7135211229,delivered,2026-01-24 18:27:01,2026-01-26 18:27:01,León
SHP-ORD00003344,ORD00003344,Paquetexpress,TRK4909661125,delivered,2026-02-18 02:36:49,2026-02-20 02:36:49,Guadalajara
SHP-ORD00003345,ORD00003345,DHL,TRK9184189011,delivered,2026-05-16 18:58:30,2026-05-19 18:58:30,Monterrey
SHP-ORD00003347,ORD00003347,Paquetexpress,TRK4912704372,in_transit,2026-04-14 19:14:52,2026-04-20 19:14:52,Monterrey
SHP-ORD00003348,ORD00003348,Redpack,TRK1076890829,delivered,2025-06-18 06:04:53,2025-06-20 06:04:53,Puebla
SHP-ORD00003349,ORD00003349,Paquetexpress,TRK8103989553,delivered,2025-08-17 05:05:54,2025-08-21 05:05:54,Mérida
SHP-ORD00003351,ORD00003351,Redpack,TRK9702618491,delivered,2025-04-19 10:24:28,2025-04-23 10:24:28,Tijuana
SHP-ORD00003352,ORD00003352,DHL,TRK2401079419,returned,2025-08-05 07:24:53,2025-08-06 07:24:53,Monterrey
SHP-ORD00003354,ORD00003354,FedEx,TRK4404715129,delivered,2025-02-05 19:34:15,2025-02-09 19:34:15,Puebla
SHP-ORD00003355,ORD00003355,Paquetexpress,TRK5661834962,delivered,2025-09-25 01:04:06,2025-09-28 01:04:06,Guadalajara
SHP-ORD00003356,ORD00003356,Estafeta,TRK2385478214,delivered,2025-08-15 23:12:33,2025-08-21 23:12:33,Cancún
SHP-ORD00003358,ORD00003358,Paquetexpress,TRK7414623486,delivered,2025-08-02 17:31:28,2025-08-06 17:31:28,Ciudad de México
SHP-ORD00003359,ORD00003359,DHL,TRK8624699187,returned,2025-07-11 01:22:14,2025-07-14 01:22:14,Guadalajara
SHP-ORD00003361,ORD00003361,DHL,TRK9669770916,delivered,2026-01-26 14:36:16,2026-02-02 14:36:16,Oaxaca
SHP-ORD00003363,ORD00003363,DHL,TRK3356818732,in_transit,2025-09-27 08:09:31,2025-10-04 08:09:31,Monterrey
SHP-ORD00003364,ORD00003364,FedEx,TRK2699556099,failed,2025-05-05 09:32:09,2025-05-10 09:32:09,León
SHP-ORD00003365,ORD00003365,Redpack,TRK1874569813,delivered,2025-01-13 08:08:45,2025-01-18 08:08:45,Puebla
SHP-ORD00003369,ORD00003369,Redpack,TRK5554521253,delivered,2026-05-22 19:51:11,2026-05-29 19:51:11,Puebla
SHP-ORD00003374,ORD00003374,Paquetexpress,TRK6482513499,delivered,2025-12-02 17:29:06,2025-12-04 17:29:06,Tijuana
SHP-ORD00003376,ORD00003376,FedEx,TRK8697039827,delivered,2026-04-19 02:42:45,2026-04-25 02:42:45,Cancún
SHP-ORD00003378,ORD00003378,DHL,TRK2105157636,returned,2025-07-07 11:36:22,2025-07-10 11:36:22,Mérida
SHP-ORD00003379,ORD00003379,FedEx,TRK3081795207,delivered,2026-05-16 10:26:48,2026-05-17 10:26:48,Monterrey
SHP-ORD00003380,ORD00003380,Estafeta,TRK9170801998,pending,2026-01-21 07:18:52,2026-01-24 07:18:52,Monterrey
SHP-ORD00003382,ORD00003382,Redpack,TRK8798801997,delivered,2026-04-05 12:47:55,2026-04-07 12:47:55,Guadalajara
SHP-ORD00003387,ORD00003387,FedEx,TRK5540853755,in_transit,2025-05-25 04:04:57,2025-05-29 04:04:57,Ciudad de México
SHP-ORD00003388,ORD00003388,Paquetexpress,TRK8941206979,delivered,2025-11-23 10:33:06,2025-11-26 10:33:06,Querétaro
SHP-ORD00003389,ORD00003389,Estafeta,TRK8650679519,delivered,2025-05-27 22:31:34,2025-05-29 22:31:34,Ciudad de México
SHP-ORD00003391,ORD00003391,Paquetexpress,TRK9262055235,delivered,2026-01-06 07:08:32,2026-01-11 07:08:32,Cancún
SHP-ORD00003392,ORD00003392,Estafeta,TRK7921937561,delivered,2026-03-24 05:41:00,2026-03-26 05:41:00,Tijuana
SHP-ORD00003393,ORD00003393,Redpack,TRK6271002784,delivered,2025-11-14 19:05:15,2025-11-21 19:05:15,Ciudad de México
SHP-ORD00003394,ORD00003394,FedEx,TRK9832984314,failed,2025-08-16 14:51:05,2025-08-18 14:51:05,Oaxaca
SHP-ORD00003397,ORD00003397,Paquetexpress,TRK8019560547,failed,2025-03-26 10:22:26,2025-03-28 10:22:26,Ciudad de México
SHP-ORD00003399,ORD00003399,FedEx,TRK8699954526,delivered,2025-10-04 11:52:49,2025-10-10 11:52:49,Tijuana
SHP-ORD00003400,ORD00003400,Paquetexpress,TRK3084298915,delivered,2026-03-13 05:28:33,2026-03-15 05:28:33,Querétaro
SHP-ORD00003401,ORD00003401,FedEx,TRK4785541877,failed,2025-08-31 10:47:10,2025-09-01 10:47:10,Ciudad de México
SHP-ORD00003403,ORD00003403,Estafeta,TRK1033973692,failed,2025-11-11 17:34:46,2025-11-12 17:34:46,Querétaro
SHP-ORD00003404,ORD00003404,Paquetexpress,TRK1621784248,in_transit,2026-04-12 17:31:31,2026-04-14 17:31:31,Guadalajara
SHP-ORD00003405,ORD00003405,FedEx,TRK9686507153,in_transit,2025-11-17 09:28:26,2025-11-23 09:28:26,Oaxaca
SHP-ORD00003406,ORD00003406,FedEx,TRK9661197723,delivered,2025-08-10 22:41:22,2025-08-11 22:41:22,León
SHP-ORD00003407,ORD00003407,FedEx,TRK5559412930,delivered,2025-07-13 00:36:54,2025-07-18 00:36:54,Mérida
SHP-ORD00003409,ORD00003409,FedEx,TRK2571968224,in_transit,2025-01-28 02:20:06,2025-02-03 02:20:06,Querétaro
SHP-ORD00003410,ORD00003410,FedEx,TRK9770924063,delivered,2025-01-05 12:54:13,2025-01-11 12:54:13,Guadalajara
SHP-ORD00003414,ORD00003414,Paquetexpress,TRK8682185658,returned,2026-02-03 09:12:21,2026-02-04 09:12:21,Tijuana
SHP-ORD00003415,ORD00003415,Estafeta,TRK4578193562,failed,2025-03-24 05:31:56,2025-03-26 05:31:56,Monterrey
SHP-ORD00003416,ORD00003416,Paquetexpress,TRK2379740649,failed,2025-08-05 22:41:11,2025-08-11 22:41:11,Cancún
SHP-ORD00003417,ORD00003417,Paquetexpress,TRK8843084519,delivered,2025-08-24 01:59:24,2025-08-29 01:59:24,Mérida
SHP-ORD00003419,ORD00003419,DHL,TRK6552570309,returned,2025-03-11 22:34:27,2025-03-17 22:34:27,Querétaro
SHP-ORD00003420,ORD00003420,DHL,TRK9572659731,returned,2026-01-15 14:20:58,2026-01-17 14:20:58,Querétaro
SHP-ORD00003422,ORD00003422,Estafeta,TRK6058653810,returned,2025-06-04 13:56:50,2025-06-06 13:56:50,Monterrey
SHP-ORD00003423,ORD00003423,DHL,TRK2193533164,delivered,2026-04-15 01:23:01,2026-04-20 01:23:01,Puebla
SHP-ORD00003425,ORD00003425,Estafeta,TRK7207296955,failed,2025-04-10 14:51:56,2025-04-11 14:51:56,Querétaro
SHP-ORD00003426,ORD00003426,FedEx,TRK1007290181,delivered,2026-03-25 01:06:48,2026-03-26 01:06:48,Oaxaca
SHP-ORD00003431,ORD00003431,DHL,TRK7837442861,pending,2026-04-22 03:12:31,2026-04-28 03:12:31,Querétaro
SHP-ORD00003432,ORD00003432,FedEx,TRK2197351192,delivered,2025-05-08 16:09:41,2025-05-12 16:09:41,Guadalajara
SHP-ORD00003433,ORD00003433,Redpack,TRK1848425107,returned,2025-06-16 06:43:56,2025-06-20 06:43:56,Querétaro
SHP-ORD00003434,ORD00003434,Estafeta,TRK6904055558,pending,2025-12-19 20:26:53,2025-12-24 20:26:53,Monterrey
SHP-ORD00003435,ORD00003435,Redpack,TRK8432331287,in_transit,2025-07-23 12:31:48,2025-07-24 12:31:48,León
SHP-ORD00003437,ORD00003437,Estafeta,TRK3316039155,delivered,2025-08-22 09:00:57,2025-08-27 09:00:57,Oaxaca
SHP-ORD00003439,ORD00003439,Estafeta,TRK6023440574,delivered,2025-07-22 10:00:39,2025-07-29 10:00:39,Oaxaca
SHP-ORD00003441,ORD00003441,Estafeta,TRK6072189348,delivered,2025-01-30 07:13:19,2025-02-02 07:13:19,León
SHP-ORD00003442,ORD00003442,Redpack,TRK5262093780,delivered,2025-06-03 23:56:44,2025-06-10 23:56:44,Monterrey
SHP-ORD00003444,ORD00003444,Estafeta,TRK6576574491,delivered,2025-12-28 00:22:25,2026-01-01 00:22:25,Monterrey
SHP-ORD00003446,ORD00003446,Redpack,TRK9132702695,pending,2025-08-18 16:42:31,2025-08-22 16:42:31,Puebla
SHP-ORD00003447,ORD00003447,Estafeta,TRK5032051192,delivered,2026-04-01 12:59:52,2026-04-07 12:59:52,Guadalajara
SHP-ORD00003448,ORD00003448,FedEx,TRK4278268968,delivered,2025-04-10 22:40:36,2025-04-13 22:40:36,Querétaro
SHP-ORD00003449,ORD00003449,Estafeta,TRK3772105797,delivered,2025-03-02 03:03:56,2025-03-04 03:03:56,Ciudad de México
SHP-ORD00003452,ORD00003452,DHL,TRK9568471954,delivered,2025-07-12 20:39:24,2025-07-14 20:39:24,Puebla
SHP-ORD00003454,ORD00003454,Estafeta,TRK8963805921,pending,2026-03-30 22:15:12,2026-04-03 22:15:12,Monterrey
SHP-ORD00003455,ORD00003455,Redpack,TRK9868752261,delivered,2025-01-01 19:25:38,2025-01-05 19:25:38,Oaxaca
SHP-ORD00003456,ORD00003456,Redpack,TRK2957809248,delivered,2026-02-06 08:41:25,2026-02-09 08:41:25,Monterrey
SHP-ORD00003457,ORD00003457,Estafeta,TRK2936581646,in_transit,2025-07-30 04:54:53,2025-08-02 04:54:53,Monterrey
SHP-ORD00003458,ORD00003458,DHL,TRK5639263957,delivered,2025-11-22 12:14:34,2025-11-28 12:14:34,Mérida
SHP-ORD00003459,ORD00003459,DHL,TRK7366415796,delivered,2025-07-05 14:11:31,2025-07-08 14:11:31,Cancún
SHP-ORD00003460,ORD00003460,Estafeta,TRK8329737902,delivered,2025-02-15 16:45:37,2025-02-21 16:45:37,Monterrey
SHP-ORD00003463,ORD00003463,FedEx,TRK5994464856,delivered,2025-02-01 07:14:06,2025-02-06 07:14:06,Querétaro
SHP-ORD00003464,ORD00003464,FedEx,TRK8544410358,returned,2025-05-17 09:15:54,2025-05-23 09:15:54,Puebla
SHP-ORD00003468,ORD00003468,Redpack,TRK8649935287,returned,2026-03-30 08:30:33,2026-04-01 08:30:33,Mérida
SHP-ORD00003469,ORD00003469,DHL,TRK5537782944,delivered,2025-05-01 11:41:43,2025-05-06 11:41:43,Monterrey
SHP-ORD00003472,ORD00003472,Estafeta,TRK3783298219,returned,2025-03-09 06:01:32,2025-03-13 06:01:32,Guadalajara
SHP-ORD00003474,ORD00003474,Redpack,TRK3658423130,delivered,2025-01-15 07:16:17,2025-01-17 07:16:17,Mérida
SHP-ORD00003475,ORD00003475,DHL,TRK6838764109,failed,2025-09-24 17:19:47,2025-09-27 17:19:47,Ciudad de México
SHP-ORD00003476,ORD00003476,DHL,TRK8755109266,delivered,2025-04-29 09:17:33,2025-04-30 09:17:33,León
SHP-ORD00003477,ORD00003477,Redpack,TRK7784428077,delivered,2026-03-08 17:32:02,2026-03-12 17:32:02,Mérida
SHP-ORD00003479,ORD00003479,Paquetexpress,TRK8153343007,delivered,2026-05-07 12:43:22,2026-05-08 12:43:22,Guadalajara
SHP-ORD00003480,ORD00003480,FedEx,TRK9594526908,failed,2025-06-30 03:06:41,2025-07-05 03:06:41,Ciudad de México
SHP-ORD00003482,ORD00003482,Redpack,TRK7154895171,pending,2025-06-28 00:04:29,2025-07-04 00:04:29,Monterrey
SHP-ORD00003483,ORD00003483,Paquetexpress,TRK6203292289,in_transit,2025-02-26 03:51:37,2025-02-27 03:51:37,Tijuana
SHP-ORD00003485,ORD00003485,FedEx,TRK3773384839,delivered,2025-02-08 12:43:43,2025-02-12 12:43:43,Puebla
SHP-ORD00003487,ORD00003487,DHL,TRK8078532585,delivered,2026-02-27 18:06:03,2026-03-04 18:06:03,Oaxaca
SHP-ORD00003488,ORD00003488,DHL,TRK7253072151,delivered,2026-01-06 10:32:46,2026-01-09 10:32:46,Tijuana
SHP-ORD00003490,ORD00003490,DHL,TRK9177897832,delivered,2025-07-28 03:45:22,2025-08-03 03:45:22,Ciudad de México
SHP-ORD00003491,ORD00003491,Paquetexpress,TRK2462713406,failed,2025-08-25 07:36:56,2025-08-27 07:36:56,Monterrey
SHP-ORD00003492,ORD00003492,FedEx,TRK3207819908,returned,2025-04-16 11:06:34,2025-04-17 11:06:34,Oaxaca
SHP-ORD00003496,ORD00003496,FedEx,TRK6338313736,delivered,2025-11-10 17:45:34,2025-11-15 17:45:34,Tijuana
SHP-ORD00003497,ORD00003497,FedEx,TRK4138346373,pending,2025-05-06 08:05:10,2025-05-12 08:05:10,Tijuana
SHP-ORD00003498,ORD00003498,Paquetexpress,TRK9660581114,delivered,2025-03-17 02:51:36,2025-03-22 02:51:36,Monterrey
SHP-ORD00003499,ORD00003499,Estafeta,TRK4362801922,delivered,2025-05-07 22:57:35,2025-05-08 22:57:35,León
SHP-ORD00003500,ORD00003500,Redpack,TRK3671397327,delivered,2025-03-08 11:30:56,2025-03-10 11:30:56,Ciudad de México
SHP-ORD00003501,ORD00003501,DHL,TRK9011535474,delivered,2025-07-26 01:45:29,2025-08-01 01:45:29,Guadalajara
SHP-ORD00003502,ORD00003502,FedEx,TRK8761072708,delivered,2025-04-11 17:44:55,2025-04-13 17:44:55,Puebla
SHP-ORD00003503,ORD00003503,DHL,TRK2959855119,delivered,2025-05-10 11:20:52,2025-05-15 11:20:52,Cancún
SHP-ORD00003504,ORD00003504,Estafeta,TRK3527812388,failed,2025-05-09 20:00:25,2025-05-11 20:00:25,Puebla
SHP-ORD00003505,ORD00003505,Estafeta,TRK5117188355,delivered,2025-10-14 07:34:02,2025-10-19 07:34:02,Guadalajara
SHP-ORD00003506,ORD00003506,Estafeta,TRK1748059849,pending,2025-07-23 05:54:02,2025-07-30 05:54:02,Tijuana
SHP-ORD00003513,ORD00003513,Estafeta,TRK1155917551,delivered,2026-02-04 04:32:34,2026-02-07 04:32:34,Puebla
SHP-ORD00003516,ORD00003516,FedEx,TRK2887911975,delivered,2025-01-29 20:23:42,2025-01-30 20:23:42,Monterrey
SHP-ORD00003517,ORD00003517,FedEx,TRK2773833016,delivered,2026-05-14 08:26:55,2026-05-17 08:26:55,Querétaro
SHP-ORD00003520,ORD00003520,DHL,TRK3900416369,failed,2026-01-17 18:07:32,2026-01-21 18:07:32,Mérida
SHP-ORD00003521,ORD00003521,Redpack,TRK9831532643,returned,2026-03-10 17:08:46,2026-03-15 17:08:46,Querétaro
SHP-ORD00003522,ORD00003522,Estafeta,TRK2674459067,delivered,2025-03-13 19:57:41,2025-03-18 19:57:41,Cancún
SHP-ORD00003523,ORD00003523,DHL,TRK8451413511,delivered,2025-03-15 11:11:28,2025-03-22 11:11:28,Monterrey
SHP-ORD00003524,ORD00003524,Estafeta,TRK2686870719,delivered,2026-01-09 15:32:05,2026-01-16 15:32:05,Ciudad de México
SHP-ORD00003526,ORD00003526,Estafeta,TRK9807714376,failed,2025-01-05 02:59:32,2025-01-11 02:59:32,Tijuana
SHP-ORD00003528,ORD00003528,DHL,TRK2541385582,returned,2025-02-07 23:22:38,2025-02-12 23:22:38,Cancún
SHP-ORD00003529,ORD00003529,Estafeta,TRK2886835156,delivered,2025-04-13 19:23:31,2025-04-14 19:23:31,Querétaro
SHP-ORD00003531,ORD00003531,DHL,TRK8070538329,delivered,2026-05-13 05:38:54,2026-05-15 05:38:54,Oaxaca
SHP-ORD00003532,ORD00003532,Redpack,TRK2608677975,delivered,2025-09-07 13:51:28,2025-09-13 13:51:28,Mérida
SHP-ORD00003538,ORD00003538,Paquetexpress,TRK2675268706,returned,2025-07-17 00:29:26,2025-07-24 00:29:26,Oaxaca
SHP-ORD00003539,ORD00003539,Paquetexpress,TRK2551396639,delivered,2025-01-05 05:36:18,2025-01-11 05:36:18,Puebla
SHP-ORD00003541,ORD00003541,Redpack,TRK2491906554,delivered,2026-04-08 18:37:36,2026-04-13 18:37:36,Puebla
SHP-ORD00003542,ORD00003542,Redpack,TRK1539920269,pending,2025-08-08 06:02:18,2025-08-10 06:02:18,Monterrey
SHP-ORD00003545,ORD00003545,Paquetexpress,TRK9531651153,in_transit,2025-01-04 19:06:40,2025-01-11 19:06:40,Monterrey
SHP-ORD00003546,ORD00003546,Estafeta,TRK7114172467,delivered,2026-01-10 00:25:11,2026-01-14 00:25:11,Monterrey
SHP-ORD00003547,ORD00003547,Estafeta,TRK3762383883,delivered,2025-02-15 02:02:25,2025-02-20 02:02:25,Oaxaca
SHP-ORD00003550,ORD00003550,Estafeta,TRK6677232231,delivered,2025-02-03 22:26:33,2025-02-06 22:26:33,Guadalajara
SHP-ORD00003551,ORD00003551,FedEx,TRK8948191002,returned,2025-04-05 17:58:18,2025-04-08 17:58:18,Ciudad de México
SHP-ORD00003552,ORD00003552,Redpack,TRK5091994731,failed,2025-05-19 02:34:20,2025-05-25 02:34:20,Tijuana
SHP-ORD00003553,ORD00003553,Estafeta,TRK2860945714,delivered,2025-05-07 08:00:35,2025-05-12 08:00:35,Oaxaca
SHP-ORD00003555,ORD00003555,Redpack,TRK2389507108,returned,2026-03-23 23:43:06,2026-03-25 23:43:06,Ciudad de México
SHP-ORD00003558,ORD00003558,DHL,TRK5270999881,delivered,2025-07-03 21:51:15,2025-07-09 21:51:15,Mérida
SHP-ORD00003560,ORD00003560,DHL,TRK1875713841,delivered,2025-07-21 09:06:16,2025-07-27 09:06:16,Puebla
SHP-ORD00003561,ORD00003561,Estafeta,TRK1484891982,delivered,2025-08-10 11:43:46,2025-08-11 11:43:46,Mérida
SHP-ORD00003562,ORD00003562,FedEx,TRK3263530007,in_transit,2025-06-22 18:51:21,2025-06-28 18:51:21,Mérida
SHP-ORD00003563,ORD00003563,Paquetexpress,TRK4623436195,failed,2025-05-21 05:33:33,2025-05-24 05:33:33,Guadalajara
SHP-ORD00003567,ORD00003567,Redpack,TRK6876201259,pending,2025-11-22 19:00:50,2025-11-26 19:00:50,Oaxaca
SHP-ORD00003568,ORD00003568,Estafeta,TRK2614997634,returned,2026-01-16 05:42:44,2026-01-18 05:42:44,Mérida
SHP-ORD00003569,ORD00003569,Redpack,TRK9924439129,delivered,2026-02-02 02:49:04,2026-02-08 02:49:04,Monterrey
SHP-ORD00003570,ORD00003570,Paquetexpress,TRK4962492394,delivered,2025-08-16 17:33:07,2025-08-20 17:33:07,León
SHP-ORD00003573,ORD00003573,Paquetexpress,TRK5961695769,returned,2025-04-14 08:12:17,2025-04-15 08:12:17,Mérida
SHP-ORD00003574,ORD00003574,DHL,TRK4916878525,in_transit,2025-06-08 18:22:31,2025-06-11 18:22:31,Guadalajara
SHP-ORD00003575,ORD00003575,Estafeta,TRK1824119363,delivered,2026-01-24 18:58:47,2026-01-31 18:58:47,Puebla
SHP-ORD00003576,ORD00003576,DHL,TRK6447555062,delivered,2025-01-17 15:19:47,2025-01-23 15:19:47,Querétaro
SHP-ORD00003578,ORD00003578,Paquetexpress,TRK7251876180,delivered,2026-05-11 22:26:36,2026-05-18 22:26:36,Querétaro
SHP-ORD00003579,ORD00003579,DHL,TRK2236937779,returned,2025-03-24 13:37:48,2025-03-28 13:37:48,Guadalajara
SHP-ORD00003580,ORD00003580,DHL,TRK7365350829,pending,2025-05-21 11:00:58,2025-05-25 11:00:58,Tijuana
SHP-ORD00003581,ORD00003581,Estafeta,TRK1413649041,delivered,2026-01-05 02:36:03,2026-01-11 02:36:03,Oaxaca
SHP-ORD00003583,ORD00003583,FedEx,TRK1799026377,delivered,2026-01-30 23:48:50,2026-02-01 23:48:50,Querétaro
SHP-ORD00003584,ORD00003584,DHL,TRK9354316592,delivered,2025-11-29 12:15:22,2025-12-05 12:15:22,Mérida
SHP-ORD00003585,ORD00003585,Paquetexpress,TRK8550635579,pending,2025-12-19 23:40:53,2025-12-25 23:40:53,Oaxaca
SHP-ORD00003587,ORD00003587,Redpack,TRK8867046337,delivered,2025-06-26 14:39:40,2025-06-30 14:39:40,Querétaro
SHP-ORD00003588,ORD00003588,FedEx,TRK9690677419,pending,2025-11-03 17:10:52,2025-11-05 17:10:52,Monterrey
SHP-ORD00003590,ORD00003590,FedEx,TRK1758679018,delivered,2025-11-17 00:48:49,2025-11-21 00:48:49,Monterrey
SHP-ORD00003592,ORD00003592,Estafeta,TRK9695071415,failed,2026-04-08 03:03:36,2026-04-09 03:03:36,Cancún
SHP-ORD00003593,ORD00003593,Paquetexpress,TRK9641701683,failed,2025-04-02 23:29:53,2025-04-07 23:29:53,Ciudad de México
SHP-ORD00003596,ORD00003596,DHL,TRK1956207400,delivered,2026-04-20 12:40:45,2026-04-26 12:40:45,Mérida
SHP-ORD00003599,ORD00003599,DHL,TRK2547064581,delivered,2025-09-22 06:13:13,2025-09-28 06:13:13,Cancún
SHP-ORD00003600,ORD00003600,FedEx,TRK5898214930,in_transit,2026-05-08 17:32:05,2026-05-13 17:32:05,Ciudad de México
SHP-ORD00003602,ORD00003602,FedEx,TRK7587685198,delivered,2025-10-27 09:56:28,2025-11-03 09:56:28,Monterrey
SHP-ORD00003604,ORD00003604,Paquetexpress,TRK3347488991,delivered,2026-05-20 11:37:29,2026-05-23 11:37:29,Monterrey
SHP-ORD00003605,ORD00003605,FedEx,TRK1519831020,failed,2025-02-15 03:46:32,2025-02-18 03:46:32,Mérida
SHP-ORD00003606,ORD00003606,Estafeta,TRK8986452286,in_transit,2025-06-18 06:45:17,2025-06-20 06:45:17,Monterrey
SHP-ORD00003607,ORD00003607,DHL,TRK6028910399,returned,2025-06-15 08:38:44,2025-06-20 08:38:44,Mérida
SHP-ORD00003609,ORD00003609,Paquetexpress,TRK2425420886,delivered,2025-09-03 23:53:06,2025-09-07 23:53:06,Cancún
SHP-ORD00003610,ORD00003610,Paquetexpress,TRK4469501708,delivered,2025-08-05 01:40:50,2025-08-12 01:40:50,Oaxaca
SHP-ORD00003611,ORD00003611,FedEx,TRK5252025346,delivered,2025-02-02 14:46:05,2025-02-06 14:46:05,Tijuana
SHP-ORD00003612,ORD00003612,DHL,TRK1375301083,in_transit,2025-05-10 06:02:55,2025-05-12 06:02:55,Monterrey
SHP-ORD00003614,ORD00003614,DHL,TRK1353955841,in_transit,2025-05-30 10:36:17,2025-06-04 10:36:17,Oaxaca
SHP-ORD00003615,ORD00003615,Paquetexpress,TRK6552387457,delivered,2025-06-23 23:54:27,2025-06-28 23:54:27,Guadalajara
SHP-ORD00003616,ORD00003616,Estafeta,TRK9307946270,delivered,2025-04-27 00:53:19,2025-05-01 00:53:19,Cancún
SHP-ORD00003618,ORD00003618,FedEx,TRK3998218713,pending,2025-12-03 15:23:59,2025-12-07 15:23:59,Tijuana
SHP-ORD00003622,ORD00003622,Paquetexpress,TRK1456303240,delivered,2025-10-05 14:37:03,2025-10-06 14:37:03,Guadalajara
SHP-ORD00003623,ORD00003623,FedEx,TRK5757561024,delivered,2025-11-13 13:00:56,2025-11-20 13:00:56,Puebla
SHP-ORD00003624,ORD00003624,FedEx,TRK1864112366,delivered,2026-03-30 09:44:03,2026-03-31 09:44:03,Querétaro
SHP-ORD00003625,ORD00003625,Estafeta,TRK9127891776,in_transit,2025-09-25 02:44:59,2025-09-26 02:44:59,León
SHP-ORD00003626,ORD00003626,DHL,TRK3893860769,delivered,2025-11-16 01:35:46,2025-11-22 01:35:46,Guadalajara
SHP-ORD00003627,ORD00003627,Paquetexpress,TRK1423247170,delivered,2025-02-23 19:58:33,2025-02-25 19:58:33,Guadalajara
SHP-ORD00003628,ORD00003628,Paquetexpress,TRK3974302164,pending,2025-03-29 03:31:56,2025-04-05 03:31:56,Puebla
SHP-ORD00003629,ORD00003629,Estafeta,TRK7659112154,delivered,2025-07-19 22:30:35,2025-07-22 22:30:35,Puebla
SHP-ORD00003630,ORD00003630,Estafeta,TRK3196129765,delivered,2025-03-27 18:30:50,2025-03-30 18:30:50,Monterrey
SHP-ORD00003631,ORD00003631,Redpack,TRK8653970157,delivered,2025-01-19 02:11:32,2025-01-21 02:11:32,Guadalajara
SHP-ORD00003633,ORD00003633,FedEx,TRK1860740230,in_transit,2025-12-11 12:11:11,2025-12-18 12:11:11,Tijuana
SHP-ORD00003634,ORD00003634,Paquetexpress,TRK8960875907,delivered,2025-06-07 21:25:52,2025-06-09 21:25:52,Monterrey
SHP-ORD00003637,ORD00003637,Paquetexpress,TRK6924396984,delivered,2025-06-30 13:32:38,2025-07-04 13:32:38,Oaxaca
SHP-ORD00003639,ORD00003639,Estafeta,TRK1347765231,pending,2026-03-07 14:01:47,2026-03-09 14:01:47,Ciudad de México
SHP-ORD00003640,ORD00003640,Redpack,TRK4868292466,in_transit,2025-06-05 01:57:03,2025-06-08 01:57:03,Mérida
SHP-ORD00003642,ORD00003642,DHL,TRK9845399420,delivered,2025-05-08 02:38:36,2025-05-12 02:38:36,Querétaro
SHP-ORD00003644,ORD00003644,DHL,TRK9135282441,delivered,2026-04-16 16:02:00,2026-04-23 16:02:00,Oaxaca
SHP-ORD00003646,ORD00003646,Paquetexpress,TRK4054570364,failed,2025-06-26 18:19:51,2025-06-28 18:19:51,Guadalajara
SHP-ORD00003647,ORD00003647,Paquetexpress,TRK3462483930,delivered,2025-08-24 23:16:53,2025-08-27 23:16:53,Oaxaca
SHP-ORD00003648,ORD00003648,FedEx,TRK5713268080,in_transit,2025-01-29 12:31:52,2025-02-04 12:31:52,Tijuana
SHP-ORD00003649,ORD00003649,DHL,TRK2696474861,returned,2025-09-02 17:55:52,2025-09-08 17:55:52,Oaxaca
SHP-ORD00003651,ORD00003651,Redpack,TRK6971123254,returned,2026-02-14 23:16:59,2026-02-15 23:16:59,Cancún
SHP-ORD00003652,ORD00003652,Estafeta,TRK5144970985,delivered,2026-01-29 17:43:51,2026-01-30 17:43:51,Querétaro
SHP-ORD00003653,ORD00003653,Estafeta,TRK8232289369,returned,2026-05-09 18:45:41,2026-05-15 18:45:41,Mérida
SHP-ORD00003656,ORD00003656,Redpack,TRK9770785252,delivered,2025-01-25 19:28:14,2025-02-01 19:28:14,Tijuana
SHP-ORD00003662,ORD00003662,DHL,TRK6818369901,in_transit,2025-07-10 20:37:26,2025-07-14 20:37:26,Querétaro
SHP-ORD00003663,ORD00003663,Paquetexpress,TRK6064592452,delivered,2025-09-20 07:09:13,2025-09-25 07:09:13,Cancún
SHP-ORD00003666,ORD00003666,FedEx,TRK5545224064,returned,2025-12-06 08:16:53,2025-12-09 08:16:53,Oaxaca
SHP-ORD00003668,ORD00003668,Estafeta,TRK8681853504,delivered,2025-12-16 23:20:25,2025-12-22 23:20:25,Ciudad de México
SHP-ORD00003671,ORD00003671,Paquetexpress,TRK4178304606,delivered,2025-04-26 01:43:57,2025-04-28 01:43:57,Puebla
SHP-ORD00003672,ORD00003672,Redpack,TRK9191542785,delivered,2025-08-22 17:02:22,2025-08-28 17:02:22,Ciudad de México
SHP-ORD00003675,ORD00003675,Paquetexpress,TRK8091287518,delivered,2025-04-26 15:24:30,2025-04-30 15:24:30,Puebla
SHP-ORD00003677,ORD00003677,FedEx,TRK2633901763,pending,2025-07-25 22:15:59,2025-07-26 22:15:59,Querétaro
SHP-ORD00003680,ORD00003680,Redpack,TRK3657418398,delivered,2025-05-03 22:09:00,2025-05-07 22:09:00,Ciudad de México
SHP-ORD00003681,ORD00003681,DHL,TRK2888877267,pending,2025-01-16 18:54:00,2025-01-23 18:54:00,Guadalajara
SHP-ORD00003682,ORD00003682,FedEx,TRK1137650509,failed,2025-10-30 14:24:30,2025-11-05 14:24:30,León
SHP-ORD00003684,ORD00003684,Estafeta,TRK2736680302,delivered,2026-01-06 04:31:19,2026-01-13 04:31:19,Oaxaca
SHP-ORD00003686,ORD00003686,Redpack,TRK8045370855,returned,2025-05-31 23:27:34,2025-06-02 23:27:34,Oaxaca
SHP-ORD00003688,ORD00003688,DHL,TRK5586247686,delivered,2025-12-31 09:29:14,2026-01-03 09:29:14,Mérida
SHP-ORD00003689,ORD00003689,FedEx,TRK5495329944,pending,2026-02-01 21:41:23,2026-02-08 21:41:23,Oaxaca
SHP-ORD00003690,ORD00003690,FedEx,TRK3847981765,delivered,2025-09-24 05:36:32,2025-09-26 05:36:32,Guadalajara
SHP-ORD00003691,ORD00003691,FedEx,TRK1651028482,delivered,2025-08-14 04:59:07,2025-08-15 04:59:07,Cancún
SHP-ORD00003692,ORD00003692,Paquetexpress,TRK1510306415,delivered,2025-04-03 10:07:54,2025-04-10 10:07:54,Cancún
SHP-ORD00003694,ORD00003694,DHL,TRK4650874818,in_transit,2025-09-21 13:23:37,2025-09-28 13:23:37,Mérida
SHP-ORD00003698,ORD00003698,Paquetexpress,TRK2784342598,delivered,2026-04-19 16:55:17,2026-04-24 16:55:17,Querétaro
SHP-ORD00003699,ORD00003699,FedEx,TRK5631871398,delivered,2025-04-15 20:06:00,2025-04-20 20:06:00,Mérida
SHP-ORD00003700,ORD00003700,Paquetexpress,TRK9033264153,delivered,2025-06-29 08:38:35,2025-07-03 08:38:35,Oaxaca
SHP-ORD00003701,ORD00003701,DHL,TRK2791586152,delivered,2026-02-18 04:35:58,2026-02-22 04:35:58,León
SHP-ORD00003702,ORD00003702,Estafeta,TRK9059977694,in_transit,2025-12-06 04:58:06,2025-12-07 04:58:06,Ciudad de México
SHP-ORD00003703,ORD00003703,DHL,TRK3834095495,delivered,2025-10-31 23:25:31,2025-11-04 23:25:31,Tijuana
SHP-ORD00003704,ORD00003704,Estafeta,TRK9102254182,failed,2025-09-29 03:48:18,2025-10-06 03:48:18,Cancún
SHP-ORD00003706,ORD00003706,FedEx,TRK6016434581,failed,2026-02-08 07:14:12,2026-02-13 07:14:12,Mérida
SHP-ORD00003712,ORD00003712,Paquetexpress,TRK2676052839,pending,2025-04-10 08:58:33,2025-04-17 08:58:33,Cancún
SHP-ORD00003713,ORD00003713,Redpack,TRK4945736369,failed,2026-03-04 14:03:00,2026-03-05 14:03:00,León
SHP-ORD00003715,ORD00003715,Estafeta,TRK9666434933,in_transit,2025-06-28 00:20:32,2025-07-03 00:20:32,Guadalajara
SHP-ORD00003718,ORD00003718,Paquetexpress,TRK5998622432,delivered,2025-08-17 01:44:28,2025-08-22 01:44:28,Monterrey
SHP-ORD00003719,ORD00003719,Redpack,TRK6000339199,failed,2025-03-28 09:33:30,2025-04-02 09:33:30,Monterrey
SHP-ORD00003720,ORD00003720,DHL,TRK7553051690,delivered,2026-04-27 17:29:59,2026-04-28 17:29:59,Monterrey
SHP-ORD00003721,ORD00003721,Estafeta,TRK8052407268,delivered,2025-09-07 01:16:03,2025-09-11 01:16:03,Puebla
SHP-ORD00003722,ORD00003722,Paquetexpress,TRK9546438510,delivered,2025-06-30 14:50:25,2025-07-07 14:50:25,León
SHP-ORD00003723,ORD00003723,Redpack,TRK2093691121,returned,2025-02-11 10:40:45,2025-02-15 10:40:45,Querétaro
SHP-ORD00003724,ORD00003724,Redpack,TRK1941668373,delivered,2025-05-15 06:58:39,2025-05-19 06:58:39,Mérida
SHP-ORD00003725,ORD00003725,Estafeta,TRK7663949693,failed,2025-11-05 07:39:12,2025-11-10 07:39:12,Monterrey
SHP-ORD00003726,ORD00003726,Paquetexpress,TRK1690748561,delivered,2025-01-05 06:27:45,2025-01-08 06:27:45,Puebla
SHP-ORD00003728,ORD00003728,FedEx,TRK7600989091,delivered,2025-10-31 07:09:57,2025-11-03 07:09:57,Guadalajara
SHP-ORD00003730,ORD00003730,DHL,TRK4973927052,in_transit,2025-12-25 13:36:57,2026-01-01 13:36:57,Oaxaca
SHP-ORD00003731,ORD00003731,FedEx,TRK7565480545,delivered,2025-06-19 21:12:10,2025-06-20 21:12:10,Cancún
SHP-ORD00003732,ORD00003732,DHL,TRK2541087058,delivered,2025-10-26 19:19:46,2025-10-29 19:19:46,Querétaro
SHP-ORD00003733,ORD00003733,FedEx,TRK8542266268,delivered,2025-01-31 08:42:51,2025-02-01 08:42:51,Guadalajara
SHP-ORD00003734,ORD00003734,FedEx,TRK1723864046,delivered,2025-12-15 03:25:10,2025-12-16 03:25:10,Monterrey
SHP-ORD00003737,ORD00003737,DHL,TRK6260521045,delivered,2025-04-29 08:09:04,2025-05-05 08:09:04,Guadalajara
SHP-ORD00003739,ORD00003739,Redpack,TRK3325347105,delivered,2025-08-19 20:58:09,2025-08-21 20:58:09,León
SHP-ORD00003741,ORD00003741,Estafeta,TRK3338590212,in_transit,2026-03-11 23:25:45,2026-03-17 23:25:45,Guadalajara
SHP-ORD00003743,ORD00003743,Redpack,TRK6799785319,returned,2025-02-04 08:20:44,2025-02-05 08:20:44,Ciudad de México
SHP-ORD00003744,ORD00003744,Paquetexpress,TRK3193987471,in_transit,2025-11-10 10:39:48,2025-11-13 10:39:48,Oaxaca
SHP-ORD00003745,ORD00003745,DHL,TRK3575304470,pending,2025-12-03 04:28:48,2025-12-04 04:28:48,Cancún
SHP-ORD00003746,ORD00003746,Paquetexpress,TRK7850941769,delivered,2026-04-16 17:57:10,2026-04-20 17:57:10,Ciudad de México
SHP-ORD00003747,ORD00003747,DHL,TRK1807685292,delivered,2025-05-13 01:00:04,2025-05-20 01:00:04,Cancún
SHP-ORD00003748,ORD00003748,DHL,TRK9618174561,pending,2025-11-12 16:19:06,2025-11-18 16:19:06,Tijuana
SHP-ORD00003749,ORD00003749,FedEx,TRK7501700211,delivered,2025-08-25 11:50:11,2025-08-27 11:50:11,Mérida
SHP-ORD00003750,ORD00003750,Paquetexpress,TRK7468336711,delivered,2025-08-13 12:31:24,2025-08-20 12:31:24,Tijuana
SHP-ORD00003752,ORD00003752,DHL,TRK9058379423,delivered,2025-02-17 22:51:41,2025-02-21 22:51:41,Monterrey
SHP-ORD00003754,ORD00003754,Paquetexpress,TRK9624772378,delivered,2026-02-27 04:59:59,2026-03-02 04:59:59,Puebla
SHP-ORD00003758,ORD00003758,Paquetexpress,TRK2127050739,in_transit,2025-11-06 22:30:07,2025-11-09 22:30:07,Tijuana
SHP-ORD00003762,ORD00003762,Estafeta,TRK2235389843,delivered,2026-04-24 18:19:40,2026-04-28 18:19:40,Oaxaca
SHP-ORD00003765,ORD00003765,FedEx,TRK9884338783,returned,2025-10-28 05:33:10,2025-10-29 05:33:10,Guadalajara
SHP-ORD00003766,ORD00003766,FedEx,TRK9512922734,pending,2025-08-19 20:35:19,2025-08-21 20:35:19,Tijuana
SHP-ORD00003767,ORD00003767,Redpack,TRK8427486767,delivered,2025-01-29 23:49:53,2025-02-04 23:49:53,Guadalajara
SHP-ORD00003768,ORD00003768,Estafeta,TRK9019958657,delivered,2025-04-12 21:17:16,2025-04-17 21:17:16,Ciudad de México
SHP-ORD00003769,ORD00003769,FedEx,TRK3485004245,delivered,2025-02-04 10:59:18,2025-02-06 10:59:18,León
SHP-ORD00003770,ORD00003770,Estafeta,TRK4821402140,delivered,2025-07-07 14:39:45,2025-07-10 14:39:45,Puebla
SHP-ORD00003772,ORD00003772,Estafeta,TRK6302242695,failed,2025-06-07 23:12:30,2025-06-13 23:12:30,Oaxaca
SHP-ORD00003776,ORD00003776,Paquetexpress,TRK9114492329,in_transit,2026-01-11 12:36:56,2026-01-16 12:36:56,Tijuana
SHP-ORD00003779,ORD00003779,Paquetexpress,TRK8032056989,failed,2025-11-28 08:39:50,2025-11-29 08:39:50,Oaxaca
SHP-ORD00003781,ORD00003781,Estafeta,TRK2225451849,failed,2025-11-01 17:51:41,2025-11-03 17:51:41,Ciudad de México
SHP-ORD00003782,ORD00003782,Estafeta,TRK2111987792,delivered,2026-02-09 09:22:21,2026-02-15 09:22:21,Monterrey
SHP-ORD00003785,ORD00003785,DHL,TRK5142423608,returned,2025-01-19 06:32:40,2025-01-21 06:32:40,León
SHP-ORD00003786,ORD00003786,FedEx,TRK7491887535,delivered,2025-08-06 15:47:23,2025-08-07 15:47:23,Mérida
SHP-ORD00003788,ORD00003788,DHL,TRK7567483472,pending,2025-05-02 19:54:22,2025-05-08 19:54:22,Oaxaca
SHP-ORD00003790,ORD00003790,DHL,TRK8182619174,delivered,2026-04-17 05:40:08,2026-04-22 05:40:08,León
SHP-ORD00003793,ORD00003793,Redpack,TRK4898196061,in_transit,2025-07-27 11:55:14,2025-08-02 11:55:14,Oaxaca
SHP-ORD00003797,ORD00003797,Estafeta,TRK4922143062,pending,2025-10-10 02:33:36,2025-10-14 02:33:36,Mérida
SHP-ORD00003798,ORD00003798,DHL,TRK3309281373,delivered,2026-05-16 13:30:28,2026-05-21 13:30:28,León
SHP-ORD00003799,ORD00003799,Redpack,TRK7730154893,delivered,2026-02-14 13:19:14,2026-02-17 13:19:14,Puebla
SHP-ORD00003800,ORD00003800,FedEx,TRK8436207910,delivered,2026-02-28 20:19:39,2026-03-02 20:19:39,Ciudad de México
SHP-ORD00003802,ORD00003802,Paquetexpress,TRK8433552041,delivered,2025-08-12 05:02:57,2025-08-17 05:02:57,Monterrey
SHP-ORD00003803,ORD00003803,FedEx,TRK8712692322,delivered,2025-11-05 19:55:43,2025-11-07 19:55:43,Ciudad de México
SHP-ORD00003804,ORD00003804,Redpack,TRK9159643749,delivered,2025-01-04 11:28:06,2025-01-11 11:28:06,Ciudad de México
SHP-ORD00003805,ORD00003805,Paquetexpress,TRK2075357159,delivered,2025-08-11 12:06:13,2025-08-16 12:06:13,Guadalajara
SHP-ORD00003806,ORD00003806,Estafeta,TRK2027651370,delivered,2026-05-02 12:52:29,2026-05-07 12:52:29,Guadalajara
SHP-ORD00003807,ORD00003807,Estafeta,TRK7521962298,delivered,2025-08-19 18:49:00,2025-08-20 18:49:00,Guadalajara
SHP-ORD00003808,ORD00003808,Redpack,TRK9263880169,in_transit,2026-03-26 15:28:59,2026-03-29 15:28:59,Monterrey
SHP-ORD00003810,ORD00003810,FedEx,TRK1506306065,failed,2026-04-15 19:23:41,2026-04-20 19:23:41,Ciudad de México
SHP-ORD00003811,ORD00003811,DHL,TRK8408532871,returned,2026-03-29 21:37:30,2026-03-30 21:37:30,Ciudad de México
SHP-ORD00003814,ORD00003814,Redpack,TRK7525485079,pending,2025-10-18 07:54:54,2025-10-23 07:54:54,Puebla
SHP-ORD00003815,ORD00003815,FedEx,TRK5190034103,in_transit,2025-01-22 19:04:49,2025-01-26 19:04:49,Puebla
SHP-ORD00003816,ORD00003816,FedEx,TRK9497339408,pending,2025-05-10 21:46:36,2025-05-13 21:46:36,Ciudad de México
SHP-ORD00003817,ORD00003817,Estafeta,TRK7090896671,delivered,2025-09-21 05:41:01,2025-09-24 05:41:01,Ciudad de México
SHP-ORD00003818,ORD00003818,Redpack,TRK9455010381,delivered,2025-08-29 04:21:36,2025-08-31 04:21:36,Guadalajara
SHP-ORD00003819,ORD00003819,Paquetexpress,TRK4177381194,pending,2025-10-24 09:58:59,2025-10-26 09:58:59,Puebla
SHP-ORD00003821,ORD00003821,FedEx,TRK8557225036,delivered,2025-11-15 15:18:51,2025-11-18 15:18:51,Tijuana
SHP-ORD00003824,ORD00003824,Estafeta,TRK4202757421,delivered,2025-12-31 01:55:07,2026-01-05 01:55:07,Guadalajara
SHP-ORD00003825,ORD00003825,Paquetexpress,TRK9237480752,delivered,2026-04-14 02:20:35,2026-04-20 02:20:35,Monterrey
SHP-ORD00003827,ORD00003827,Estafeta,TRK3983457268,delivered,2025-03-01 07:02:58,2025-03-02 07:02:58,Tijuana
SHP-ORD00003828,ORD00003828,FedEx,TRK2408507892,delivered,2025-04-12 12:28:53,2025-04-15 12:28:53,Guadalajara
SHP-ORD00003836,ORD00003836,Redpack,TRK9206690960,delivered,2025-04-28 17:54:38,2025-05-01 17:54:38,Tijuana
SHP-ORD00003837,ORD00003837,DHL,TRK8559636425,failed,2025-05-28 18:10:45,2025-06-02 18:10:45,Oaxaca
SHP-ORD00003838,ORD00003838,Estafeta,TRK3808300500,delivered,2025-07-23 20:58:28,2025-07-25 20:58:28,Mérida
SHP-ORD00003840,ORD00003840,Estafeta,TRK8410585067,delivered,2025-06-12 16:26:21,2025-06-14 16:26:21,Tijuana
SHP-ORD00003841,ORD00003841,Paquetexpress,TRK9386117015,failed,2025-07-06 15:27:30,2025-07-07 15:27:30,Monterrey
SHP-ORD00003844,ORD00003844,DHL,TRK1642564635,delivered,2025-07-11 05:09:22,2025-07-13 05:09:22,Ciudad de México
SHP-ORD00003847,ORD00003847,Estafeta,TRK2197380053,delivered,2025-11-07 18:39:37,2025-11-09 18:39:37,Ciudad de México
SHP-ORD00003849,ORD00003849,Redpack,TRK2643771328,delivered,2026-03-14 06:22:31,2026-03-20 06:22:31,Tijuana
SHP-ORD00003852,ORD00003852,DHL,TRK7998610782,pending,2025-09-24 18:27:01,2025-09-25 18:27:01,Oaxaca
SHP-ORD00003854,ORD00003854,FedEx,TRK7041980905,returned,2026-03-06 17:07:57,2026-03-13 17:07:57,Querétaro
SHP-ORD00003858,ORD00003858,DHL,TRK9512010543,delivered,2025-01-24 14:51:58,2025-01-28 14:51:58,Ciudad de México
SHP-ORD00003860,ORD00003860,Estafeta,TRK7996126660,delivered,2026-02-03 04:34:55,2026-02-05 04:34:55,León
SHP-ORD00003861,ORD00003861,FedEx,TRK9384833934,delivered,2025-07-04 15:04:03,2025-07-07 15:04:03,Tijuana
SHP-ORD00003865,ORD00003865,DHL,TRK7295314772,delivered,2026-02-07 23:57:00,2026-02-09 23:57:00,Oaxaca
SHP-ORD00003866,ORD00003866,Estafeta,TRK1483062505,pending,2025-06-11 10:34:05,2025-06-15 10:34:05,Ciudad de México
SHP-ORD00003867,ORD00003867,Redpack,TRK4772859519,delivered,2025-08-11 11:04:04,2025-08-18 11:04:04,Puebla
SHP-ORD00003868,ORD00003868,DHL,TRK9670232996,delivered,2025-01-11 14:41:08,2025-01-13 14:41:08,Puebla
SHP-ORD00003869,ORD00003869,Redpack,TRK3644627939,delivered,2026-01-17 13:53:01,2026-01-22 13:53:01,Oaxaca
SHP-ORD00003870,ORD00003870,Paquetexpress,TRK6693694456,delivered,2025-07-05 23:46:17,2025-07-10 23:46:17,Tijuana
SHP-ORD00003873,ORD00003873,Estafeta,TRK8218182402,delivered,2025-02-16 02:33:49,2025-02-18 02:33:49,Oaxaca
SHP-ORD00003874,ORD00003874,Estafeta,TRK4011006765,failed,2025-10-10 20:16:11,2025-10-11 20:16:11,Puebla
SHP-ORD00003877,ORD00003877,Paquetexpress,TRK3566091719,delivered,2025-12-23 11:17:06,2025-12-29 11:17:06,León
SHP-ORD00003878,ORD00003878,FedEx,TRK1031000515,delivered,2025-11-02 01:45:13,2025-11-03 01:45:13,Mérida
SHP-ORD00003880,ORD00003880,Paquetexpress,TRK2191024877,delivered,2026-02-26 01:56:02,2026-03-03 01:56:02,Querétaro
SHP-ORD00003883,ORD00003883,Redpack,TRK2867102011,delivered,2025-02-13 04:26:50,2025-02-16 04:26:50,Monterrey
SHP-ORD00003884,ORD00003884,Paquetexpress,TRK6644608341,delivered,2025-07-08 08:18:48,2025-07-12 08:18:48,Oaxaca
SHP-ORD00003887,ORD00003887,FedEx,TRK3204034073,delivered,2025-05-28 23:09:41,2025-05-29 23:09:41,Ciudad de México
SHP-ORD00003889,ORD00003889,Estafeta,TRK3918504932,delivered,2025-12-15 07:39:07,2025-12-17 07:39:07,Puebla
SHP-ORD00003891,ORD00003891,Redpack,TRK5298612232,returned,2025-07-12 14:15:22,2025-07-14 14:15:22,Tijuana
SHP-ORD00003893,ORD00003893,FedEx,TRK2283040200,in_transit,2025-03-30 14:43:23,2025-04-06 14:43:23,Monterrey
SHP-ORD00003898,ORD00003898,Estafeta,TRK1679877416,returned,2025-04-14 05:49:48,2025-04-18 05:49:48,Monterrey
SHP-ORD00003899,ORD00003899,DHL,TRK2348197170,delivered,2025-04-12 04:54:21,2025-04-13 04:54:21,Guadalajara
SHP-ORD00003900,ORD00003900,Paquetexpress,TRK4487152179,delivered,2025-02-14 02:39:43,2025-02-16 02:39:43,Tijuana
SHP-ORD00003901,ORD00003901,FedEx,TRK1262379593,delivered,2026-05-04 17:16:48,2026-05-05 17:16:48,Guadalajara
SHP-ORD00003904,ORD00003904,Paquetexpress,TRK1916124583,in_transit,2026-03-20 21:01:06,2026-03-26 21:01:06,Querétaro
SHP-ORD00003905,ORD00003905,Estafeta,TRK3157413417,in_transit,2025-03-16 18:54:01,2025-03-18 18:54:01,León
SHP-ORD00003906,ORD00003906,Paquetexpress,TRK5134737093,delivered,2026-04-01 14:33:00,2026-04-08 14:33:00,Mérida
SHP-ORD00003907,ORD00003907,Redpack,TRK3354971563,delivered,2025-03-05 01:42:12,2025-03-07 01:42:12,León
SHP-ORD00003908,ORD00003908,DHL,TRK4866264327,in_transit,2025-06-23 07:57:37,2025-06-29 07:57:37,León
SHP-ORD00003909,ORD00003909,DHL,TRK5637006695,delivered,2025-07-26 10:15:56,2025-08-02 10:15:56,Querétaro
SHP-ORD00003910,ORD00003910,DHL,TRK5935706288,delivered,2026-03-11 12:38:17,2026-03-12 12:38:17,León
SHP-ORD00003912,ORD00003912,Redpack,TRK1816104442,pending,2025-03-06 18:19:36,2025-03-11 18:19:36,Tijuana
SHP-ORD00003915,ORD00003915,Redpack,TRK7212567620,delivered,2025-02-09 06:44:29,2025-02-16 06:44:29,Mérida
SHP-ORD00003917,ORD00003917,Estafeta,TRK9661231427,delivered,2025-10-25 00:24:47,2025-10-28 00:24:47,Querétaro
SHP-ORD00003918,ORD00003918,Redpack,TRK2277704605,delivered,2025-03-20 18:33:11,2025-03-27 18:33:11,Oaxaca
SHP-ORD00003919,ORD00003919,Paquetexpress,TRK2769752398,delivered,2026-04-04 05:35:29,2026-04-10 05:35:29,Monterrey
SHP-ORD00003921,ORD00003921,DHL,TRK5400173833,pending,2025-06-07 23:15:37,2025-06-14 23:15:37,Ciudad de México
SHP-ORD00003923,ORD00003923,Redpack,TRK2195538206,returned,2025-10-16 00:14:06,2025-10-19 00:14:06,Tijuana
SHP-ORD00003924,ORD00003924,Redpack,TRK6901288403,delivered,2025-11-11 01:59:05,2025-11-16 01:59:05,Ciudad de México
SHP-ORD00003925,ORD00003925,FedEx,TRK8642976084,delivered,2025-04-27 01:54:15,2025-04-28 01:54:15,Puebla
SHP-ORD00003926,ORD00003926,DHL,TRK7013411522,delivered,2025-07-31 05:59:25,2025-08-07 05:59:25,León
SHP-ORD00003927,ORD00003927,Estafeta,TRK9063135336,pending,2025-02-26 15:58:05,2025-03-01 15:58:05,Oaxaca
SHP-ORD00003928,ORD00003928,DHL,TRK9714139234,delivered,2025-06-19 07:35:37,2025-06-21 07:35:37,León
SHP-ORD00003929,ORD00003929,FedEx,TRK2930847506,delivered,2025-01-29 00:27:09,2025-02-02 00:27:09,Cancún
SHP-ORD00003931,ORD00003931,DHL,TRK5983919009,delivered,2025-01-23 02:21:43,2025-01-26 02:21:43,León
SHP-ORD00003934,ORD00003934,FedEx,TRK6123694053,delivered,2025-12-04 07:58:57,2025-12-06 07:58:57,Guadalajara
SHP-ORD00003936,ORD00003936,FedEx,TRK3982114618,delivered,2025-05-22 17:42:14,2025-05-24 17:42:14,Oaxaca
SHP-ORD00003938,ORD00003938,DHL,TRK4004966860,delivered,2026-01-20 20:59:43,2026-01-26 20:59:43,Guadalajara
SHP-ORD00003939,ORD00003939,DHL,TRK2009464740,in_transit,2025-07-29 20:18:10,2025-08-03 20:18:10,Puebla
SHP-ORD00003940,ORD00003940,FedEx,TRK7236615913,delivered,2025-02-27 20:24:56,2025-03-06 20:24:56,Monterrey
SHP-ORD00003942,ORD00003942,FedEx,TRK1583608974,delivered,2025-12-29 12:14:21,2026-01-04 12:14:21,Cancún
SHP-ORD00003945,ORD00003945,DHL,TRK6952087095,pending,2025-04-11 11:39:09,2025-04-15 11:39:09,Guadalajara
SHP-ORD00003946,ORD00003946,Paquetexpress,TRK3720222665,returned,2025-12-01 20:44:27,2025-12-03 20:44:27,Puebla
SHP-ORD00003947,ORD00003947,Paquetexpress,TRK3452817425,delivered,2026-04-22 15:36:46,2026-04-24 15:36:46,Puebla
SHP-ORD00003948,ORD00003948,Redpack,TRK5463709915,delivered,2025-08-26 15:02:24,2025-08-28 15:02:24,Mérida
SHP-ORD00003950,ORD00003950,Paquetexpress,TRK2938366515,failed,2026-03-22 11:28:18,2026-03-24 11:28:18,Puebla
SHP-ORD00003951,ORD00003951,Paquetexpress,TRK2447572751,delivered,2025-11-09 09:33:25,2025-11-15 09:33:25,Cancún
SHP-ORD00003952,ORD00003952,Redpack,TRK3016621198,failed,2025-09-08 11:16:43,2025-09-11 11:16:43,Monterrey
SHP-ORD00003953,ORD00003953,Estafeta,TRK4145885490,returned,2025-12-01 18:11:26,2025-12-06 18:11:26,Puebla
SHP-ORD00003954,ORD00003954,Estafeta,TRK7154162704,delivered,2025-09-18 03:17:16,2025-09-22 03:17:16,Cancún
SHP-ORD00003955,ORD00003955,Paquetexpress,TRK4729213319,in_transit,2026-03-24 05:07:12,2026-03-29 05:07:12,León
SHP-ORD00003957,ORD00003957,DHL,TRK3965214658,failed,2025-11-23 18:54:48,2025-11-26 18:54:48,Ciudad de México
SHP-ORD00003960,ORD00003960,Paquetexpress,TRK9865172467,delivered,2025-05-24 18:14:52,2025-05-28 18:14:52,León
SHP-ORD00003963,ORD00003963,DHL,TRK3039873344,failed,2025-06-15 00:26:44,2025-06-19 00:26:44,Ciudad de México
SHP-ORD00003964,ORD00003964,Paquetexpress,TRK2492200167,delivered,2025-12-16 16:00:34,2025-12-23 16:00:34,Oaxaca
SHP-ORD00003965,ORD00003965,Paquetexpress,TRK1673166402,delivered,2026-01-14 02:43:14,2026-01-17 02:43:14,Cancún
SHP-ORD00003966,ORD00003966,Redpack,TRK5392249070,in_transit,2025-07-15 12:05:57,2025-07-20 12:05:57,Mérida
SHP-ORD00003967,ORD00003967,Redpack,TRK3143708777,delivered,2025-04-04 01:29:16,2025-04-07 01:29:16,Querétaro
SHP-ORD00003968,ORD00003968,FedEx,TRK7648941777,in_transit,2025-12-13 12:12:31,2025-12-14 12:12:31,Ciudad de México
SHP-ORD00003969,ORD00003969,DHL,TRK7499365339,in_transit,2025-01-17 17:33:20,2025-01-21 17:33:20,Cancún
SHP-ORD00003972,ORD00003972,DHL,TRK6125929377,delivered,2025-11-24 09:26:26,2025-11-27 09:26:26,Mérida
SHP-ORD00003973,ORD00003973,Redpack,TRK5200269886,pending,2025-10-30 05:56:11,2025-11-06 05:56:11,Tijuana
SHP-ORD00003974,ORD00003974,Estafeta,TRK1897993826,in_transit,2025-08-12 19:38:20,2025-08-15 19:38:20,Tijuana
SHP-ORD00003975,ORD00003975,Redpack,TRK8502615799,delivered,2025-03-29 16:44:45,2025-04-02 16:44:45,Mérida
SHP-ORD00003976,ORD00003976,DHL,TRK7801982293,in_transit,2026-02-28 10:42:25,2026-03-07 10:42:25,Guadalajara
SHP-ORD00003977,ORD00003977,DHL,TRK3941412656,delivered,2026-01-05 04:37:52,2026-01-09 04:37:52,León
SHP-ORD00003978,ORD00003978,Estafeta,TRK2756022840,pending,2025-10-08 17:09:51,2025-10-15 17:09:51,Puebla
SHP-ORD00003979,ORD00003979,FedEx,TRK4936391987,delivered,2025-08-29 03:33:59,2025-09-01 03:33:59,León
SHP-ORD00003980,ORD00003980,Estafeta,TRK6866548371,delivered,2025-02-05 17:07:01,2025-02-07 17:07:01,Mérida
SHP-ORD00003983,ORD00003983,Estafeta,TRK4973407174,pending,2026-03-20 11:56:04,2026-03-23 11:56:04,Mérida
SHP-ORD00003987,ORD00003987,Redpack,TRK4458073262,delivered,2025-10-01 01:57:09,2025-10-07 01:57:09,Querétaro
SHP-ORD00003988,ORD00003988,Paquetexpress,TRK4127483341,delivered,2025-11-29 11:29:57,2025-12-06 11:29:57,Puebla
SHP-ORD00003989,ORD00003989,Redpack,TRK1551735366,in_transit,2025-12-23 02:31:36,2025-12-28 02:31:36,Ciudad de México
SHP-ORD00003991,ORD00003991,Estafeta,TRK3581390593,delivered,2025-03-10 01:52:19,2025-03-11 01:52:19,Puebla
SHP-ORD00003992,ORD00003992,Estafeta,TRK4540262801,delivered,2025-02-11 10:43:28,2025-02-16 10:43:28,León
SHP-ORD00003995,ORD00003995,DHL,TRK7953903260,delivered,2025-10-03 11:34:08,2025-10-10 11:34:08,Monterrey
SHP-ORD00003999,ORD00003999,Estafeta,TRK5941508671,delivered,2025-08-16 02:41:23,2025-08-20 02:41:23,León
SHP-ORD00004001,ORD00004001,Estafeta,TRK1834144641,delivered,2025-01-24 09:25:26,2025-01-26 09:25:26,Puebla
SHP-ORD00004003,ORD00004003,Paquetexpress,TRK5768088560,pending,2026-03-06 22:35:32,2026-03-11 22:35:32,Tijuana
SHP-ORD00004004,ORD00004004,DHL,TRK5237079855,delivered,2025-01-26 17:23:44,2025-01-30 17:23:44,Cancún
SHP-ORD00004005,ORD00004005,Estafeta,TRK5100513210,delivered,2026-04-25 20:31:02,2026-04-30 20:31:02,Mérida
SHP-ORD00004006,ORD00004006,FedEx,TRK7141937638,failed,2026-01-04 12:09:49,2026-01-06 12:09:49,Tijuana
SHP-ORD00004009,ORD00004009,Paquetexpress,TRK4770521693,delivered,2026-02-15 00:00:35,2026-02-16 00:00:35,Mérida
SHP-ORD00004011,ORD00004011,DHL,TRK7633746932,returned,2026-03-29 06:52:20,2026-04-01 06:52:20,Mérida
SHP-ORD00004013,ORD00004013,Paquetexpress,TRK1686774953,delivered,2025-06-02 23:28:43,2025-06-08 23:28:43,Cancún
SHP-ORD00004014,ORD00004014,Paquetexpress,TRK7415037341,returned,2025-01-17 03:53:25,2025-01-19 03:53:25,Puebla
SHP-ORD00004015,ORD00004015,Estafeta,TRK2893169256,pending,2025-01-27 11:45:29,2025-01-30 11:45:29,Tijuana
SHP-ORD00004016,ORD00004016,Paquetexpress,TRK6576414463,delivered,2025-07-30 22:55:27,2025-07-31 22:55:27,Guadalajara
SHP-ORD00004017,ORD00004017,FedEx,TRK1064369334,delivered,2025-04-03 18:56:41,2025-04-05 18:56:41,Monterrey
SHP-ORD00004018,ORD00004018,Paquetexpress,TRK7814008168,in_transit,2026-02-27 10:43:43,2026-03-02 10:43:43,Querétaro
SHP-ORD00004019,ORD00004019,Redpack,TRK6523114699,delivered,2025-02-26 08:47:21,2025-03-01 08:47:21,Mérida
SHP-ORD00004020,ORD00004020,DHL,TRK5757984675,delivered,2025-08-22 05:52:35,2025-08-23 05:52:35,Tijuana
SHP-ORD00004021,ORD00004021,Paquetexpress,TRK8785298466,delivered,2025-11-29 09:42:15,2025-12-06 09:42:15,Guadalajara
SHP-ORD00004023,ORD00004023,Estafeta,TRK8444292316,in_transit,2025-09-11 14:26:22,2025-09-12 14:26:22,Ciudad de México
SHP-ORD00004024,ORD00004024,Redpack,TRK3457028923,in_transit,2026-01-30 13:22:14,2026-02-02 13:22:14,Querétaro
SHP-ORD00004026,ORD00004026,Redpack,TRK8012825982,pending,2026-02-17 20:21:52,2026-02-20 20:21:52,Ciudad de México
SHP-ORD00004027,ORD00004027,Paquetexpress,TRK8805145549,returned,2025-04-21 10:37:57,2025-04-27 10:37:57,Guadalajara
SHP-ORD00004029,ORD00004029,FedEx,TRK5370777707,delivered,2025-01-16 19:57:28,2025-01-17 19:57:28,Puebla
SHP-ORD00004030,ORD00004030,Paquetexpress,TRK8914389518,returned,2025-01-09 10:31:48,2025-01-12 10:31:48,Querétaro
SHP-ORD00004032,ORD00004032,DHL,TRK3425576367,delivered,2026-03-25 16:47:16,2026-03-28 16:47:16,Guadalajara
SHP-ORD00004033,ORD00004033,FedEx,TRK2968885408,delivered,2025-06-29 00:22:05,2025-07-01 00:22:05,Ciudad de México
SHP-ORD00004034,ORD00004034,FedEx,TRK8286131081,delivered,2026-04-15 04:40:08,2026-04-21 04:40:08,Ciudad de México
SHP-ORD00004035,ORD00004035,FedEx,TRK7934848109,returned,2026-03-03 18:03:41,2026-03-08 18:03:41,Oaxaca
SHP-ORD00004036,ORD00004036,FedEx,TRK7771744597,in_transit,2026-04-06 16:54:50,2026-04-10 16:54:50,Querétaro
SHP-ORD00004041,ORD00004041,Redpack,TRK1939816277,delivered,2025-06-16 19:50:02,2025-06-19 19:50:02,Cancún
SHP-ORD00004043,ORD00004043,Estafeta,TRK6359256108,delivered,2025-10-18 13:21:00,2025-10-24 13:21:00,Guadalajara
SHP-ORD00004047,ORD00004047,DHL,TRK8898245204,delivered,2026-01-31 11:59:45,2026-02-07 11:59:45,Ciudad de México
SHP-ORD00004048,ORD00004048,FedEx,TRK2039491810,in_transit,2025-01-31 22:49:51,2025-02-02 22:49:51,Puebla
SHP-ORD00004050,ORD00004050,Redpack,TRK2438651507,failed,2025-08-25 21:16:49,2025-08-29 21:16:49,Tijuana
SHP-ORD00004052,ORD00004052,DHL,TRK2720214974,delivered,2025-09-27 04:29:39,2025-10-02 04:29:39,Monterrey
SHP-ORD00004053,ORD00004053,DHL,TRK4241079357,delivered,2025-11-15 16:20:39,2025-11-21 16:20:39,Ciudad de México
SHP-ORD00004054,ORD00004054,Paquetexpress,TRK2936304757,failed,2025-02-05 20:18:51,2025-02-08 20:18:51,Cancún
SHP-ORD00004055,ORD00004055,Redpack,TRK2787983197,in_transit,2026-04-05 06:24:43,2026-04-08 06:24:43,Puebla
SHP-ORD00004056,ORD00004056,FedEx,TRK2102638401,in_transit,2025-07-31 15:59:02,2025-08-05 15:59:02,Guadalajara
SHP-ORD00004057,ORD00004057,DHL,TRK5628203720,failed,2026-02-12 12:18:22,2026-02-18 12:18:22,Guadalajara
SHP-ORD00004058,ORD00004058,Paquetexpress,TRK3228642676,delivered,2025-12-29 15:07:03,2026-01-04 15:07:03,Puebla
SHP-ORD00004060,ORD00004060,DHL,TRK5454117692,returned,2026-01-30 07:09:53,2026-02-06 07:09:53,Puebla
SHP-ORD00004062,ORD00004062,FedEx,TRK5581126487,returned,2025-04-20 20:04:54,2025-04-23 20:04:54,Oaxaca
SHP-ORD00004065,ORD00004065,Redpack,TRK8246911760,delivered,2025-06-14 16:17:05,2025-06-15 16:17:05,Cancún
SHP-ORD00004066,ORD00004066,FedEx,TRK3154574792,failed,2025-08-07 02:03:54,2025-08-10 02:03:54,Puebla
SHP-ORD00004068,ORD00004068,Estafeta,TRK2568209083,delivered,2025-03-25 20:16:20,2025-03-26 20:16:20,Mérida
SHP-ORD00004069,ORD00004069,Estafeta,TRK5535375372,delivered,2026-02-25 20:54:08,2026-03-01 20:54:08,Tijuana
SHP-ORD00004070,ORD00004070,Redpack,TRK4854912872,delivered,2025-09-08 05:28:51,2025-09-12 05:28:51,Monterrey
SHP-ORD00004071,ORD00004071,Redpack,TRK4971609022,delivered,2026-02-09 04:22:30,2026-02-15 04:22:30,Cancún
SHP-ORD00004072,ORD00004072,Redpack,TRK2764300018,delivered,2026-02-25 00:25:06,2026-03-03 00:25:06,Oaxaca
SHP-ORD00004073,ORD00004073,Paquetexpress,TRK8918754495,delivered,2026-04-13 08:06:04,2026-04-19 08:06:04,Mérida
SHP-ORD00004076,ORD00004076,FedEx,TRK9021008491,delivered,2025-12-30 23:01:25,2025-12-31 23:01:25,Tijuana
SHP-ORD00004077,ORD00004077,DHL,TRK1063106486,delivered,2025-08-27 21:51:09,2025-09-01 21:51:09,Tijuana
SHP-ORD00004080,ORD00004080,Redpack,TRK1451507211,in_transit,2025-06-24 22:53:45,2025-06-28 22:53:45,Oaxaca
SHP-ORD00004081,ORD00004081,DHL,TRK3304186532,delivered,2026-03-01 03:00:43,2026-03-08 03:00:43,Mérida
SHP-ORD00004082,ORD00004082,Paquetexpress,TRK6946947912,failed,2025-07-31 21:55:06,2025-08-06 21:55:06,Monterrey
SHP-ORD00004083,ORD00004083,Redpack,TRK5515099487,pending,2025-12-28 03:45:11,2026-01-01 03:45:11,Monterrey
SHP-ORD00004084,ORD00004084,DHL,TRK8267736625,failed,2025-08-07 13:48:02,2025-08-11 13:48:02,Ciudad de México
SHP-ORD00004085,ORD00004085,DHL,TRK2711948580,delivered,2025-05-19 01:07:42,2025-05-20 01:07:42,Guadalajara
SHP-ORD00004088,ORD00004088,Paquetexpress,TRK4994266562,pending,2025-08-03 22:15:59,2025-08-05 22:15:59,Mérida
SHP-ORD00004092,ORD00004092,Redpack,TRK6254948082,delivered,2025-03-13 14:23:17,2025-03-18 14:23:17,Ciudad de México
SHP-ORD00004093,ORD00004093,Redpack,TRK7618408984,delivered,2025-03-10 12:02:33,2025-03-11 12:02:33,Ciudad de México
SHP-ORD00004094,ORD00004094,Paquetexpress,TRK9079910487,delivered,2025-04-01 04:33:13,2025-04-04 04:33:13,Querétaro
SHP-ORD00004095,ORD00004095,Paquetexpress,TRK4289081716,delivered,2026-05-19 12:05:13,2026-05-22 12:05:13,Tijuana
SHP-ORD00004096,ORD00004096,Paquetexpress,TRK5132779231,delivered,2025-12-05 03:12:49,2025-12-09 03:12:49,Ciudad de México
SHP-ORD00004097,ORD00004097,Estafeta,TRK4770059314,in_transit,2025-10-25 02:07:58,2025-10-30 02:07:58,Oaxaca
SHP-ORD00004099,ORD00004099,DHL,TRK6068966669,delivered,2025-11-06 12:42:13,2025-11-13 12:42:13,Monterrey
SHP-ORD00004100,ORD00004100,Paquetexpress,TRK3745339996,pending,2025-04-22 00:12:36,2025-04-24 00:12:36,Cancún
SHP-ORD00004101,ORD00004101,Paquetexpress,TRK6291217802,pending,2025-03-21 11:18:49,2025-03-27 11:18:49,Ciudad de México
SHP-ORD00004104,ORD00004104,Estafeta,TRK3955033568,delivered,2026-02-02 18:53:57,2026-02-08 18:53:57,Ciudad de México
SHP-ORD00004105,ORD00004105,FedEx,TRK9768444385,pending,2026-05-16 22:07:54,2026-05-23 22:07:54,Guadalajara
SHP-ORD00004106,ORD00004106,DHL,TRK4135228900,delivered,2026-03-31 03:13:48,2026-04-06 03:13:48,León
SHP-ORD00004107,ORD00004107,Redpack,TRK2806578560,delivered,2026-04-08 02:30:39,2026-04-14 02:30:39,Mérida
SHP-ORD00004109,ORD00004109,Estafeta,TRK2116451037,failed,2025-05-03 12:42:43,2025-05-07 12:42:43,Tijuana
SHP-ORD00004110,ORD00004110,Estafeta,TRK9865118438,delivered,2025-06-04 08:45:25,2025-06-09 08:45:25,Guadalajara
SHP-ORD00004113,ORD00004113,DHL,TRK4199899758,in_transit,2026-04-28 18:31:15,2026-05-04 18:31:15,Ciudad de México
SHP-ORD00004114,ORD00004114,Paquetexpress,TRK9055998176,delivered,2025-07-25 20:57:18,2025-07-30 20:57:18,Querétaro
SHP-ORD00004115,ORD00004115,Redpack,TRK1143327922,pending,2025-09-24 12:49:22,2025-09-27 12:49:22,Puebla
SHP-ORD00004116,ORD00004116,Estafeta,TRK6082512595,failed,2025-11-15 19:21:19,2025-11-20 19:21:19,León
SHP-ORD00004118,ORD00004118,Redpack,TRK5412755591,delivered,2026-04-12 14:41:05,2026-04-13 14:41:05,Monterrey
SHP-ORD00004119,ORD00004119,DHL,TRK3674115160,delivered,2025-10-26 00:31:12,2025-11-02 00:31:12,Mérida
SHP-ORD00004121,ORD00004121,FedEx,TRK6779060836,pending,2025-03-28 10:43:50,2025-04-02 10:43:50,Mérida
SHP-ORD00004123,ORD00004123,Paquetexpress,TRK6997097038,delivered,2025-10-31 05:26:49,2025-11-03 05:26:49,Monterrey
SHP-ORD00004125,ORD00004125,DHL,TRK6720067577,returned,2025-11-17 17:06:00,2025-11-18 17:06:00,Monterrey
SHP-ORD00004127,ORD00004127,DHL,TRK8989985132,delivered,2026-03-28 21:02:13,2026-03-30 21:02:13,Tijuana
SHP-ORD00004128,ORD00004128,Paquetexpress,TRK7002619155,returned,2025-04-03 10:58:09,2025-04-08 10:58:09,Querétaro
SHP-ORD00004130,ORD00004130,Paquetexpress,TRK1306134286,delivered,2026-03-08 15:36:06,2026-03-14 15:36:06,Puebla
SHP-ORD00004131,ORD00004131,DHL,TRK9908478409,returned,2025-02-28 22:28:18,2025-03-07 22:28:18,Tijuana
SHP-ORD00004132,ORD00004132,Paquetexpress,TRK7881080524,delivered,2026-02-15 10:33:33,2026-02-18 10:33:33,Querétaro
SHP-ORD00004133,ORD00004133,Redpack,TRK9483822682,delivered,2025-05-13 15:16:17,2025-05-17 15:16:17,Monterrey
SHP-ORD00004135,ORD00004135,FedEx,TRK7731112554,delivered,2025-10-02 02:17:20,2025-10-03 02:17:20,Querétaro
SHP-ORD00004136,ORD00004136,Paquetexpress,TRK7750750784,delivered,2025-06-04 01:33:11,2025-06-06 01:33:11,Cancún
SHP-ORD00004137,ORD00004137,Estafeta,TRK5383196211,delivered,2025-02-02 20:07:13,2025-02-09 20:07:13,Puebla
SHP-ORD00004140,ORD00004140,DHL,TRK7368343127,in_transit,2026-04-23 04:15:27,2026-04-29 04:15:27,Mérida
SHP-ORD00004145,ORD00004145,DHL,TRK6018994368,failed,2025-06-30 14:38:04,2025-07-05 14:38:04,Ciudad de México
SHP-ORD00004147,ORD00004147,FedEx,TRK7813844532,delivered,2025-09-15 01:23:36,2025-09-17 01:23:36,Tijuana
SHP-ORD00004149,ORD00004149,DHL,TRK8869839200,failed,2025-09-28 01:02:18,2025-10-05 01:02:18,Ciudad de México
SHP-ORD00004150,ORD00004150,DHL,TRK9104878494,delivered,2025-02-14 13:09:29,2025-02-19 13:09:29,Ciudad de México
SHP-ORD00004152,ORD00004152,FedEx,TRK8809112493,delivered,2025-02-08 15:56:58,2025-02-12 15:56:58,Monterrey
SHP-ORD00004153,ORD00004153,Redpack,TRK5472352183,pending,2025-04-06 07:09:32,2025-04-10 07:09:32,Guadalajara
SHP-ORD00004155,ORD00004155,Paquetexpress,TRK1059318275,delivered,2025-06-19 04:28:02,2025-06-26 04:28:02,Querétaro
SHP-ORD00004158,ORD00004158,DHL,TRK4320487238,delivered,2025-11-09 10:48:55,2025-11-10 10:48:55,Monterrey
SHP-ORD00004159,ORD00004159,DHL,TRK9025363318,delivered,2026-03-06 05:39:58,2026-03-09 05:39:58,Mérida
SHP-ORD00004161,ORD00004161,FedEx,TRK7123975215,pending,2025-07-01 18:04:49,2025-07-05 18:04:49,Oaxaca
SHP-ORD00004163,ORD00004163,Paquetexpress,TRK9697269769,delivered,2026-04-04 18:41:00,2026-04-05 18:41:00,Querétaro
SHP-ORD00004164,ORD00004164,DHL,TRK5550296252,delivered,2026-01-18 09:58:47,2026-01-20 09:58:47,Tijuana
SHP-ORD00004165,ORD00004165,FedEx,TRK9640095501,delivered,2025-04-16 04:29:46,2025-04-20 04:29:46,Tijuana
SHP-ORD00004166,ORD00004166,DHL,TRK2934732210,delivered,2025-04-02 00:00:44,2025-04-04 00:00:44,León
SHP-ORD00004167,ORD00004167,DHL,TRK8963862209,failed,2025-04-13 21:37:16,2025-04-18 21:37:16,León
SHP-ORD00004168,ORD00004168,FedEx,TRK9743938136,delivered,2026-05-11 04:45:21,2026-05-12 04:45:21,León
SHP-ORD00004170,ORD00004170,Estafeta,TRK8111133152,failed,2025-09-25 07:03:11,2025-09-30 07:03:11,Ciudad de México
SHP-ORD00004171,ORD00004171,Estafeta,TRK6901547830,delivered,2025-05-28 10:25:14,2025-06-03 10:25:14,Guadalajara
SHP-ORD00004173,ORD00004173,Paquetexpress,TRK8427154314,delivered,2026-02-02 13:54:50,2026-02-09 13:54:50,Oaxaca
SHP-ORD00004176,ORD00004176,Estafeta,TRK5714416003,failed,2025-05-28 18:12:35,2025-06-04 18:12:35,Guadalajara
SHP-ORD00004177,ORD00004177,Estafeta,TRK4705700568,delivered,2026-01-12 19:34:21,2026-01-14 19:34:21,Mérida
SHP-ORD00004178,ORD00004178,DHL,TRK8624393025,delivered,2026-03-11 19:29:06,2026-03-18 19:29:06,Cancún
SHP-ORD00004180,ORD00004180,DHL,TRK8078089127,in_transit,2026-03-25 00:03:43,2026-03-31 00:03:43,Puebla
SHP-ORD00004182,ORD00004182,Redpack,TRK7349023844,returned,2025-11-22 16:42:32,2025-11-23 16:42:32,Ciudad de México
SHP-ORD00004183,ORD00004183,Paquetexpress,TRK3562851401,delivered,2025-04-24 01:01:50,2025-04-26 01:01:50,Mérida
SHP-ORD00004184,ORD00004184,Redpack,TRK4156122178,returned,2025-01-05 04:56:59,2025-01-09 04:56:59,Puebla
SHP-ORD00004185,ORD00004185,DHL,TRK5210041232,delivered,2025-11-01 03:19:43,2025-11-05 03:19:43,Querétaro
SHP-ORD00004186,ORD00004186,Paquetexpress,TRK6094752473,delivered,2026-02-02 17:39:18,2026-02-08 17:39:18,Ciudad de México
SHP-ORD00004187,ORD00004187,Redpack,TRK8700571534,delivered,2026-02-28 18:52:14,2026-03-04 18:52:14,Monterrey
SHP-ORD00004189,ORD00004189,Paquetexpress,TRK3991713705,failed,2026-03-07 15:28:07,2026-03-11 15:28:07,León
SHP-ORD00004191,ORD00004191,Paquetexpress,TRK1528728659,pending,2025-06-07 04:23:59,2025-06-09 04:23:59,Ciudad de México
SHP-ORD00004192,ORD00004192,FedEx,TRK9078615607,returned,2026-03-16 23:42:46,2026-03-20 23:42:46,Guadalajara
SHP-ORD00004196,ORD00004196,DHL,TRK8571625660,delivered,2025-09-01 16:41:22,2025-09-07 16:41:22,Querétaro
SHP-ORD00004197,ORD00004197,Redpack,TRK8178456437,delivered,2026-01-30 17:06:59,2026-01-31 17:06:59,Cancún
SHP-ORD00004201,ORD00004201,FedEx,TRK1421676714,delivered,2025-03-25 08:25:24,2025-04-01 08:25:24,Oaxaca
SHP-ORD00004203,ORD00004203,Redpack,TRK1022508177,delivered,2025-06-17 16:41:05,2025-06-24 16:41:05,Querétaro
SHP-ORD00004205,ORD00004205,Estafeta,TRK8850961786,delivered,2025-06-04 23:43:35,2025-06-09 23:43:35,Puebla
SHP-ORD00004206,ORD00004206,FedEx,TRK8794865868,returned,2025-08-16 21:57:15,2025-08-21 21:57:15,Tijuana
SHP-ORD00004207,ORD00004207,Redpack,TRK7630857159,delivered,2025-03-09 11:38:52,2025-03-10 11:38:52,León
SHP-ORD00004208,ORD00004208,FedEx,TRK1797572329,pending,2025-12-05 21:52:32,2025-12-06 21:52:32,Oaxaca
SHP-ORD00004214,ORD00004214,Paquetexpress,TRK4693564819,delivered,2026-04-20 13:37:45,2026-04-22 13:37:45,Querétaro
SHP-ORD00004215,ORD00004215,DHL,TRK4533844520,delivered,2025-05-07 12:27:14,2025-05-10 12:27:14,Guadalajara
SHP-ORD00004218,ORD00004218,Estafeta,TRK4945347820,in_transit,2025-05-07 00:34:20,2025-05-13 00:34:20,Puebla
SHP-ORD00004219,ORD00004219,DHL,TRK8569838750,returned,2025-08-30 01:03:26,2025-09-06 01:03:26,Monterrey
SHP-ORD00004221,ORD00004221,FedEx,TRK1894460130,pending,2026-01-02 01:09:58,2026-01-04 01:09:58,Mérida
SHP-ORD00004224,ORD00004224,Redpack,TRK4466419926,in_transit,2025-08-21 22:46:43,2025-08-22 22:46:43,León
SHP-ORD00004225,ORD00004225,FedEx,TRK1045301423,delivered,2025-11-18 03:18:46,2025-11-19 03:18:46,Mérida
SHP-ORD00004227,ORD00004227,Redpack,TRK4939075410,delivered,2026-03-24 12:56:55,2026-03-31 12:56:55,Mérida
SHP-ORD00004230,ORD00004230,DHL,TRK9566526332,delivered,2025-10-29 06:40:59,2025-11-01 06:40:59,Oaxaca
SHP-ORD00004231,ORD00004231,Estafeta,TRK8610466774,delivered,2025-10-11 21:46:56,2025-10-14 21:46:56,Monterrey
SHP-ORD00004232,ORD00004232,DHL,TRK7060214805,delivered,2025-04-03 04:32:49,2025-04-07 04:32:49,Tijuana
SHP-ORD00004233,ORD00004233,DHL,TRK6960828279,delivered,2026-01-24 14:34:51,2026-01-26 14:34:51,Mérida
SHP-ORD00004236,ORD00004236,DHL,TRK5900174740,in_transit,2025-04-28 18:52:22,2025-05-02 18:52:22,Ciudad de México
SHP-ORD00004238,ORD00004238,DHL,TRK6993081492,delivered,2025-09-02 09:25:17,2025-09-06 09:25:17,Oaxaca
SHP-ORD00004239,ORD00004239,Estafeta,TRK7710088137,delivered,2025-01-14 17:55:46,2025-01-16 17:55:46,Monterrey
SHP-ORD00004241,ORD00004241,DHL,TRK2995836724,pending,2025-10-10 02:11:05,2025-10-14 02:11:05,Ciudad de México
SHP-ORD00004242,ORD00004242,Redpack,TRK4707824959,delivered,2025-06-04 13:31:26,2025-06-10 13:31:26,Tijuana
SHP-ORD00004243,ORD00004243,Paquetexpress,TRK5160593532,returned,2026-02-08 15:20:26,2026-02-09 15:20:26,Puebla
SHP-ORD00004244,ORD00004244,DHL,TRK8793959925,in_transit,2025-09-04 01:04:50,2025-09-10 01:04:50,Oaxaca
SHP-ORD00004246,ORD00004246,Paquetexpress,TRK6861144785,delivered,2025-04-14 13:12:33,2025-04-15 13:12:33,Mérida
SHP-ORD00004247,ORD00004247,Estafeta,TRK3759552163,delivered,2026-05-17 03:36:26,2026-05-18 03:36:26,Oaxaca
SHP-ORD00004248,ORD00004248,DHL,TRK1467170663,failed,2025-07-23 10:40:40,2025-07-30 10:40:40,Querétaro
SHP-ORD00004250,ORD00004250,FedEx,TRK7566125440,delivered,2025-05-25 14:55:42,2025-05-30 14:55:42,Guadalajara
SHP-ORD00004251,ORD00004251,FedEx,TRK3345606000,delivered,2026-04-21 00:06:56,2026-04-25 00:06:56,León
SHP-ORD00004252,ORD00004252,Redpack,TRK2425422840,delivered,2026-04-01 09:27:34,2026-04-08 09:27:34,Guadalajara
SHP-ORD00004253,ORD00004253,Estafeta,TRK7467456716,delivered,2025-01-23 14:36:03,2025-01-29 14:36:03,Oaxaca
SHP-ORD00004255,ORD00004255,Paquetexpress,TRK8444020920,failed,2025-07-17 22:05:28,2025-07-20 22:05:28,León
SHP-ORD00004260,ORD00004260,Paquetexpress,TRK3555111054,delivered,2025-08-20 07:19:51,2025-08-26 07:19:51,Cancún
SHP-ORD00004261,ORD00004261,Paquetexpress,TRK3855296605,delivered,2025-02-06 18:09:38,2025-02-12 18:09:38,Querétaro
SHP-ORD00004262,ORD00004262,DHL,TRK6857631982,delivered,2025-02-27 03:07:31,2025-03-01 03:07:31,Oaxaca
SHP-ORD00004263,ORD00004263,Redpack,TRK1275232149,failed,2025-07-14 10:08:44,2025-07-16 10:08:44,Tijuana
SHP-ORD00004264,ORD00004264,Paquetexpress,TRK1502207492,delivered,2025-02-20 12:23:47,2025-02-21 12:23:47,Ciudad de México
SHP-ORD00004265,ORD00004265,Redpack,TRK4700904744,delivered,2026-04-08 03:52:30,2026-04-13 03:52:30,Cancún
SHP-ORD00004266,ORD00004266,Paquetexpress,TRK7491815974,pending,2026-02-10 00:35:52,2026-02-17 00:35:52,Mérida
SHP-ORD00004267,ORD00004267,Paquetexpress,TRK1671113548,delivered,2026-03-09 06:59:55,2026-03-13 06:59:55,Oaxaca
SHP-ORD00004268,ORD00004268,FedEx,TRK4249693732,pending,2025-05-13 11:24:39,2025-05-19 11:24:39,León
SHP-ORD00004271,ORD00004271,FedEx,TRK3949597629,delivered,2025-07-31 22:19:18,2025-08-02 22:19:18,Puebla
SHP-ORD00004272,ORD00004272,FedEx,TRK6670240507,delivered,2025-03-07 14:49:33,2025-03-14 14:49:33,Cancún
SHP-ORD00004274,ORD00004274,DHL,TRK4107728283,delivered,2025-01-31 12:40:47,2025-02-01 12:40:47,Monterrey
SHP-ORD00004276,ORD00004276,Estafeta,TRK6110079917,delivered,2025-12-16 08:58:58,2025-12-21 08:58:58,León
SHP-ORD00004278,ORD00004278,DHL,TRK7127076845,delivered,2026-04-29 22:23:26,2026-05-04 22:23:26,Puebla
SHP-ORD00004280,ORD00004280,Redpack,TRK9261769616,pending,2025-03-08 21:38:17,2025-03-12 21:38:17,Ciudad de México
SHP-ORD00004281,ORD00004281,DHL,TRK3028255975,delivered,2025-01-14 19:27:21,2025-01-17 19:27:21,Oaxaca
SHP-ORD00004282,ORD00004282,DHL,TRK2355820161,delivered,2025-04-11 18:17:29,2025-04-12 18:17:29,Tijuana
SHP-ORD00004285,ORD00004285,Estafeta,TRK5464751060,delivered,2025-11-20 10:59:16,2025-11-23 10:59:16,Ciudad de México
SHP-ORD00004287,ORD00004287,FedEx,TRK4138113978,delivered,2025-06-17 11:23:45,2025-06-23 11:23:45,León
SHP-ORD00004289,ORD00004289,Paquetexpress,TRK3133337722,failed,2025-03-18 23:07:29,2025-03-23 23:07:29,Cancún
SHP-ORD00004290,ORD00004290,DHL,TRK5769959360,delivered,2025-08-26 01:39:38,2025-08-29 01:39:38,Cancún
SHP-ORD00004291,ORD00004291,Redpack,TRK3906984295,delivered,2025-11-12 12:42:39,2025-11-17 12:42:39,Querétaro
SHP-ORD00004292,ORD00004292,Estafeta,TRK4857690033,delivered,2025-09-13 02:17:55,2025-09-14 02:17:55,Cancún
SHP-ORD00004294,ORD00004294,FedEx,TRK5726924136,in_transit,2025-07-23 01:08:46,2025-07-28 01:08:46,Ciudad de México
SHP-ORD00004295,ORD00004295,Paquetexpress,TRK7620467875,delivered,2025-01-08 07:19:58,2025-01-11 07:19:58,Ciudad de México
SHP-ORD00004296,ORD00004296,Paquetexpress,TRK1386863090,delivered,2025-06-25 16:12:56,2025-07-02 16:12:56,Guadalajara
SHP-ORD00004299,ORD00004299,Paquetexpress,TRK9545370837,delivered,2025-06-27 02:31:44,2025-07-04 02:31:44,Ciudad de México
SHP-ORD00004302,ORD00004302,Paquetexpress,TRK2460551629,delivered,2025-03-21 20:17:39,2025-03-24 20:17:39,Puebla
SHP-ORD00004305,ORD00004305,Paquetexpress,TRK2458679544,delivered,2025-08-17 06:42:45,2025-08-21 06:42:45,Mérida
SHP-ORD00004306,ORD00004306,Paquetexpress,TRK1573857377,delivered,2025-07-14 12:24:52,2025-07-15 12:24:52,Querétaro
SHP-ORD00004307,ORD00004307,Redpack,TRK2040672228,delivered,2025-08-14 05:47:22,2025-08-18 05:47:22,Cancún
SHP-ORD00004308,ORD00004308,DHL,TRK7107643530,delivered,2025-12-20 23:27:38,2025-12-25 23:27:38,Ciudad de México
SHP-ORD00004310,ORD00004310,Paquetexpress,TRK1679176035,delivered,2026-03-21 13:59:29,2026-03-27 13:59:29,Mérida
SHP-ORD00004311,ORD00004311,FedEx,TRK1721247993,returned,2026-04-09 13:43:04,2026-04-10 13:43:04,Puebla
SHP-ORD00004312,ORD00004312,Redpack,TRK7200287331,delivered,2025-11-26 12:42:36,2025-12-03 12:42:36,Ciudad de México
SHP-ORD00004314,ORD00004314,DHL,TRK2491922484,in_transit,2025-06-11 08:55:26,2025-06-18 08:55:26,Tijuana
SHP-ORD00004316,ORD00004316,Redpack,TRK1637894077,returned,2025-11-06 19:37:27,2025-11-10 19:37:27,Mérida
SHP-ORD00004317,ORD00004317,FedEx,TRK2527667163,delivered,2026-04-07 18:38:15,2026-04-08 18:38:15,Guadalajara
SHP-ORD00004318,ORD00004318,Redpack,TRK1598068081,delivered,2026-04-24 23:24:09,2026-04-27 23:24:09,Mérida
SHP-ORD00004319,ORD00004319,Redpack,TRK2221946748,returned,2026-03-12 04:22:58,2026-03-18 04:22:58,Monterrey
SHP-ORD00004323,ORD00004323,Paquetexpress,TRK2347260122,returned,2025-10-11 19:30:57,2025-10-12 19:30:57,Puebla
SHP-ORD00004324,ORD00004324,Redpack,TRK7689403619,delivered,2025-01-15 22:00:48,2025-01-17 22:00:48,Guadalajara
SHP-ORD00004325,ORD00004325,Paquetexpress,TRK8744226184,returned,2025-11-18 05:07:35,2025-11-20 05:07:35,Puebla
SHP-ORD00004326,ORD00004326,Redpack,TRK8794232769,returned,2025-03-08 10:46:10,2025-03-09 10:46:10,Monterrey
SHP-ORD00004327,ORD00004327,Redpack,TRK2091579958,failed,2025-04-18 16:35:08,2025-04-25 16:35:08,Monterrey
SHP-ORD00004331,ORD00004331,Estafeta,TRK8422276477,returned,2026-02-12 10:35:19,2026-02-18 10:35:19,Puebla
SHP-ORD00004332,ORD00004332,DHL,TRK6590122751,in_transit,2025-12-30 02:31:13,2026-01-01 02:31:13,Cancún
SHP-ORD00004334,ORD00004334,Paquetexpress,TRK1769230973,pending,2025-01-29 03:14:00,2025-02-03 03:14:00,Mérida
SHP-ORD00004335,ORD00004335,FedEx,TRK8358575534,delivered,2025-04-15 01:00:00,2025-04-16 01:00:00,Guadalajara
SHP-ORD00004337,ORD00004337,DHL,TRK7915153102,delivered,2025-11-24 15:59:23,2025-11-29 15:59:23,Guadalajara
SHP-ORD00004338,ORD00004338,Estafeta,TRK7747183242,failed,2025-07-09 06:26:55,2025-07-15 06:26:55,Querétaro
SHP-ORD00004340,ORD00004340,Paquetexpress,TRK1151673873,delivered,2025-02-24 01:08:33,2025-02-28 01:08:33,Monterrey
SHP-ORD00004342,ORD00004342,FedEx,TRK1642987942,delivered,2025-08-20 11:20:41,2025-08-24 11:20:41,Querétaro
SHP-ORD00004345,ORD00004345,Paquetexpress,TRK4427424760,delivered,2025-02-25 02:48:12,2025-02-27 02:48:12,Querétaro
SHP-ORD00004346,ORD00004346,FedEx,TRK9214908994,delivered,2025-09-27 18:50:40,2025-09-28 18:50:40,Mérida
SHP-ORD00004347,ORD00004347,Estafeta,TRK5899257148,delivered,2025-05-18 08:56:46,2025-05-25 08:56:46,Monterrey
SHP-ORD00004349,ORD00004349,Paquetexpress,TRK3408397277,delivered,2026-01-07 01:26:57,2026-01-13 01:26:57,Mérida
SHP-ORD00004354,ORD00004354,Redpack,TRK3886552932,delivered,2026-04-20 13:12:37,2026-04-21 13:12:37,Querétaro
SHP-ORD00004356,ORD00004356,Redpack,TRK2924753446,delivered,2026-02-11 22:30:28,2026-02-15 22:30:28,Monterrey
SHP-ORD00004357,ORD00004357,Estafeta,TRK3155779282,delivered,2026-04-24 05:36:45,2026-04-28 05:36:45,Oaxaca
SHP-ORD00004358,ORD00004358,FedEx,TRK5419004396,in_transit,2026-03-20 15:05:15,2026-03-21 15:05:15,Monterrey
SHP-ORD00004360,ORD00004360,Paquetexpress,TRK5670840337,delivered,2025-01-27 13:01:39,2025-01-28 13:01:39,Cancún
SHP-ORD00004362,ORD00004362,Redpack,TRK5803123288,delivered,2026-04-16 02:54:48,2026-04-17 02:54:48,Cancún
SHP-ORD00004366,ORD00004366,Paquetexpress,TRK2433822916,delivered,2025-08-15 06:36:37,2025-08-22 06:36:37,Mérida
SHP-ORD00004367,ORD00004367,Estafeta,TRK7300872088,failed,2025-05-09 13:12:46,2025-05-12 13:12:46,León
SHP-ORD00004368,ORD00004368,Paquetexpress,TRK1832320276,failed,2025-01-28 20:56:09,2025-02-02 20:56:09,Querétaro
SHP-ORD00004370,ORD00004370,Estafeta,TRK6272126162,returned,2025-11-10 08:21:25,2025-11-15 08:21:25,Monterrey
SHP-ORD00004371,ORD00004371,DHL,TRK7194024503,delivered,2025-10-12 19:39:48,2025-10-13 19:39:48,León
SHP-ORD00004376,ORD00004376,Paquetexpress,TRK6401302408,delivered,2025-10-08 06:13:40,2025-10-09 06:13:40,Mérida
SHP-ORD00004378,ORD00004378,Redpack,TRK4834949488,delivered,2026-04-04 20:43:23,2026-04-10 20:43:23,Oaxaca
SHP-ORD00004379,ORD00004379,FedEx,TRK7108105127,delivered,2026-03-14 07:33:14,2026-03-16 07:33:14,Oaxaca
SHP-ORD00004381,ORD00004381,Paquetexpress,TRK6952164998,delivered,2025-02-26 17:41:56,2025-03-05 17:41:56,León
SHP-ORD00004383,ORD00004383,Redpack,TRK6977657157,delivered,2025-04-23 01:40:21,2025-04-26 01:40:21,Ciudad de México
SHP-ORD00004387,ORD00004387,Paquetexpress,TRK4853002099,pending,2025-10-21 00:50:18,2025-10-27 00:50:18,León
SHP-ORD00004388,ORD00004388,Paquetexpress,TRK7455617912,returned,2025-10-28 06:02:21,2025-11-01 06:02:21,Tijuana
SHP-ORD00004389,ORD00004389,Estafeta,TRK3064669792,returned,2025-09-16 05:41:21,2025-09-23 05:41:21,Tijuana
SHP-ORD00004390,ORD00004390,DHL,TRK5403679797,delivered,2025-08-05 14:09:32,2025-08-09 14:09:32,Guadalajara
SHP-ORD00004391,ORD00004391,FedEx,TRK8606377304,delivered,2025-03-05 16:07:45,2025-03-11 16:07:45,Monterrey
SHP-ORD00004392,ORD00004392,DHL,TRK5529726962,delivered,2025-11-30 11:09:51,2025-12-06 11:09:51,Puebla
SHP-ORD00004393,ORD00004393,DHL,TRK3745730290,delivered,2025-12-28 22:26:18,2025-12-30 22:26:18,Oaxaca
SHP-ORD00004394,ORD00004394,DHL,TRK9954269334,delivered,2026-03-11 14:22:15,2026-03-17 14:22:15,Puebla
SHP-ORD00004395,ORD00004395,Estafeta,TRK1802593128,failed,2025-08-03 15:17:00,2025-08-08 15:17:00,Monterrey
SHP-ORD00004396,ORD00004396,Paquetexpress,TRK5410776563,delivered,2026-01-06 13:48:13,2026-01-11 13:48:13,Monterrey
SHP-ORD00004397,ORD00004397,FedEx,TRK6682134558,delivered,2025-09-14 21:31:39,2025-09-21 21:31:39,León
SHP-ORD00004400,ORD00004400,Redpack,TRK8850857456,delivered,2026-03-03 19:16:04,2026-03-08 19:16:04,Ciudad de México
SHP-ORD00004401,ORD00004401,Estafeta,TRK2968109919,in_transit,2025-09-19 11:05:14,2025-09-23 11:05:14,Puebla
SHP-ORD00004402,ORD00004402,Estafeta,TRK9722653745,pending,2026-02-11 09:25:16,2026-02-15 09:25:16,Guadalajara
SHP-ORD00004403,ORD00004403,DHL,TRK5001502362,in_transit,2026-01-28 06:21:21,2026-02-01 06:21:21,Cancún
SHP-ORD00004404,ORD00004404,Estafeta,TRK4430021786,delivered,2025-03-02 14:12:29,2025-03-03 14:12:29,Ciudad de México
SHP-ORD00004407,ORD00004407,DHL,TRK2422390028,delivered,2026-04-25 10:18:30,2026-04-26 10:18:30,Mérida
SHP-ORD00004409,ORD00004409,DHL,TRK9804027490,delivered,2026-03-24 07:48:26,2026-03-26 07:48:26,Querétaro
SHP-ORD00004410,ORD00004410,Paquetexpress,TRK8850801942,delivered,2026-04-15 11:22:05,2026-04-22 11:22:05,Ciudad de México
SHP-ORD00004412,ORD00004412,DHL,TRK3884753332,in_transit,2025-03-20 05:12:53,2025-03-27 05:12:53,Mérida
SHP-ORD00004414,ORD00004414,Redpack,TRK9386955645,delivered,2026-01-01 08:35:36,2026-01-06 08:35:36,Mérida
SHP-ORD00004417,ORD00004417,FedEx,TRK8413893836,delivered,2026-03-17 06:03:19,2026-03-21 06:03:19,León
SHP-ORD00004418,ORD00004418,DHL,TRK4876942163,delivered,2025-02-20 05:43:16,2025-02-21 05:43:16,Puebla
SHP-ORD00004419,ORD00004419,Estafeta,TRK4003167654,delivered,2025-06-14 21:24:27,2025-06-17 21:24:27,Tijuana
SHP-ORD00004421,ORD00004421,DHL,TRK7066013758,delivered,2025-02-20 09:08:36,2025-02-25 09:08:36,Querétaro
SHP-ORD00004422,ORD00004422,DHL,TRK5654455031,delivered,2025-10-02 16:03:37,2025-10-05 16:03:37,Oaxaca
SHP-ORD00004424,ORD00004424,Redpack,TRK8869056789,pending,2026-02-24 01:17:54,2026-03-01 01:17:54,León
SHP-ORD00004426,ORD00004426,FedEx,TRK1276757085,returned,2026-04-29 00:34:08,2026-05-01 00:34:08,León
SHP-ORD00004429,ORD00004429,DHL,TRK8214862130,failed,2025-05-29 19:58:10,2025-06-01 19:58:10,Cancún
SHP-ORD00004430,ORD00004430,Paquetexpress,TRK6747824911,delivered,2026-02-27 19:39:02,2026-03-01 19:39:02,Monterrey
SHP-ORD00004432,ORD00004432,Paquetexpress,TRK5064940252,in_transit,2026-03-30 20:56:21,2026-04-01 20:56:21,Monterrey
SHP-ORD00004433,ORD00004433,DHL,TRK3279554932,delivered,2026-01-29 20:56:13,2026-02-03 20:56:13,Guadalajara
SHP-ORD00004443,ORD00004443,FedEx,TRK5129892054,pending,2025-10-16 01:03:02,2025-10-23 01:03:02,Querétaro
SHP-ORD00004446,ORD00004446,Redpack,TRK4352532809,in_transit,2026-01-03 22:45:29,2026-01-06 22:45:29,Querétaro
SHP-ORD00004447,ORD00004447,Redpack,TRK1441163850,delivered,2026-05-06 16:38:27,2026-05-13 16:38:27,Ciudad de México
SHP-ORD00004456,ORD00004456,Estafeta,TRK1935159029,in_transit,2026-02-02 23:41:06,2026-02-09 23:41:06,Puebla
SHP-ORD00004457,ORD00004457,Paquetexpress,TRK4050067133,delivered,2025-07-18 16:14:34,2025-07-23 16:14:34,Monterrey
SHP-ORD00004458,ORD00004458,DHL,TRK9055530261,in_transit,2025-11-27 16:21:26,2025-12-04 16:21:26,Ciudad de México
SHP-ORD00004461,ORD00004461,FedEx,TRK6808172126,delivered,2026-04-21 09:07:23,2026-04-26 09:07:23,Mérida
SHP-ORD00004464,ORD00004464,Estafeta,TRK4026775288,delivered,2025-07-09 02:25:44,2025-07-14 02:25:44,Mérida
SHP-ORD00004465,ORD00004465,Paquetexpress,TRK4089129846,delivered,2025-02-22 00:30:11,2025-03-01 00:30:11,Cancún
SHP-ORD00004468,ORD00004468,FedEx,TRK2111483731,in_transit,2025-06-13 21:50:39,2025-06-18 21:50:39,Querétaro
SHP-ORD00004470,ORD00004470,Estafeta,TRK8266964200,delivered,2025-03-30 16:45:11,2025-04-04 16:45:11,Querétaro
SHP-ORD00004472,ORD00004472,Paquetexpress,TRK4694111081,delivered,2025-10-22 15:28:29,2025-10-23 15:28:29,Ciudad de México
SHP-ORD00004475,ORD00004475,DHL,TRK8076772770,delivered,2025-01-04 13:32:13,2025-01-05 13:32:13,León
SHP-ORD00004476,ORD00004476,DHL,TRK6629266464,failed,2025-10-24 23:59:56,2025-10-27 23:59:56,Guadalajara
SHP-ORD00004477,ORD00004477,Estafeta,TRK4414279312,delivered,2025-04-06 09:00:40,2025-04-08 09:00:40,Puebla
SHP-ORD00004479,ORD00004479,Paquetexpress,TRK3191477919,delivered,2026-03-22 08:56:44,2026-03-29 08:56:44,Ciudad de México
SHP-ORD00004480,ORD00004480,FedEx,TRK7613121231,returned,2025-08-27 21:42:21,2025-08-28 21:42:21,Cancún
SHP-ORD00004484,ORD00004484,DHL,TRK9628313623,delivered,2025-02-25 03:20:10,2025-03-04 03:20:10,Mérida
SHP-ORD00004485,ORD00004485,DHL,TRK8472468956,delivered,2025-03-23 08:48:32,2025-03-25 08:48:32,Mérida
SHP-ORD00004487,ORD00004487,Estafeta,TRK8238147722,pending,2026-04-30 14:40:49,2026-05-03 14:40:49,Cancún
SHP-ORD00004488,ORD00004488,Paquetexpress,TRK5353511227,delivered,2026-02-14 19:38:10,2026-02-17 19:38:10,Querétaro
SHP-ORD00004491,ORD00004491,Estafeta,TRK8618723309,pending,2025-07-22 22:14:35,2025-07-24 22:14:35,Tijuana
SHP-ORD00004494,ORD00004494,DHL,TRK5239177957,pending,2025-06-29 00:52:21,2025-06-30 00:52:21,Mérida
SHP-ORD00004495,ORD00004495,Paquetexpress,TRK4951115251,delivered,2025-04-28 11:36:31,2025-05-01 11:36:31,Monterrey
SHP-ORD00004496,ORD00004496,Paquetexpress,TRK3763382170,returned,2026-01-15 05:22:21,2026-01-19 05:22:21,Tijuana
SHP-ORD00004497,ORD00004497,Redpack,TRK8593351235,delivered,2025-06-15 08:24:19,2025-06-17 08:24:19,León
SHP-ORD00004499,ORD00004499,FedEx,TRK9877554983,delivered,2025-06-06 13:33:59,2025-06-09 13:33:59,Mérida
