snapshot_date,product_id,warehouse_id,stock_on_hand,reserved_stock,reorder_point
2026-05-01,PROD00230,WH-CDMX-01,329,39,60
2026-05-01,PROD00019,WH-GDL-01,76,30,59
2026-05-01,PROD00057,WH-OAX-01,106,20,15
2026-05-01,PROD00195,WH-OAX-01,475,19,38
2026-05-01,PROD00334,WH-GDL-01,347,11,76
2026-05-01,PROD00124,WH-MTY-01,476,5,43
2026-05-01,PROD00310,WH-OAX-01,209,8,71
2026-05-01,PROD00151,WH-OAX-01,173,15,23
2026-05-01,PROD00113,WH-MTY-01,259,35,34
2026-05-01,PROD00202,WH-OAX-01,402,12,26
2026-05-01,PROD00208,WH-CDMX-01,40,6,25
2026-05-01,PROD00163,WH-OAX-01,339,13,75
2026-05-01,PROD00053,WH-MTY-01,458,35,21
2026-05-01,PROD00041,WH-CDMX-01,201,36,56
2026-05-01,PROD00065,WH-MTY-01,235,20,59
2026-05-01,PROD00336,WH-CDMX-01,317,37,72
2026-05-01,PROD00242,WH-CDMX-01,310,13,19
2026-05-01,PROD00157,WH-CDMX-01,479,42,34
2026-05-01,PROD00350,WH-MTY-01,207,32,33
2026-05-01,PROD00106,WH-MTY-01,13,21,65
2026-05-01,PROD00036,WH-MTY-01,65,31,19
2026-05-01,PROD00344,WH-GDL-01,454,38,42
2026-05-01,PROD00271,WH-MTY-01,30,48,60
2026-05-01,PROD00248,WH-CDMX-01,72,15,68
2026-05-01,PROD00148,WH-MTY-01,423,49,13
2026-05-01,PROD00013,WH-OAX-01,185,39,49
2026-05-01,PROD00205,WH-CDMX-01,455,14,36
2026-05-01,PROD00071,WH-MTY-01,82,45,11
2026-05-01,PROD00338,WH-GDL-01,407,37,10
2026-05-01,PROD00179,WH-MTY-01,396,50,28
2026-05-01,PROD00069,WH-CDMX-01,358,46,28
2026-05-01,PROD00255,WH-CDMX-01,396,48,59
2026-05-01,PROD00126,WH-CDMX-01,398,5,28
2026-05-01,PROD00278,WH-OAX-01,368,16,30
2026-05-01,PROD00045,WH-GDL-01,399,15,48
2026-05-01,PROD00317,WH-GDL-01,389,49,18
2026-05-01,PROD00186,WH-CDMX-01,0,45,64
2026-05-01,PROD00173,WH-OAX-01,43,3,69
2026-05-01,PROD00207,WH-CDMX-01,406,42,59
2026-05-01,PROD00289,WH-OAX-01,501,25,79
2026-05-01,PROD00172,WH-CDMX-01,261,29,12
2026-05-01,PROD00159,WH-OAX-01,415,44,71
2026-05-01,PROD00190,WH-MTY-01,71,21,62
2026-05-01,PROD00231,WH-CDMX-01,326,6,45
2026-05-01,PROD00051,WH-CDMX-01,441,5,46
2026-05-01,PROD00256,WH-CDMX-01,325,4,46
2026-05-01,PROD00185,WH-MTY-01,367,31,53
2026-05-01,PROD00087,WH-MTY-01,62,43,79
2026-05-01,PROD00324,WH-CDMX-01,360,13,35
2026-05-01,PROD00048,WH-CDMX-01,370,38,41
2026-05-01,PROD00140,WH-CDMX-01,60,50,79
2026-05-01,PROD00081,WH-CDMX-01,63,42,48
2026-05-01,PROD00094,WH-MTY-01,113,1,34
2026-05-01,PROD00021,WH-MTY-01,401,15,27
2026-05-01,PROD00226,WH-CDMX-01,166,3,24
2026-05-01,PROD00258,WH-GDL-01,301,44,16
2026-05-01,PROD00089,WH-MTY-01,31,22,31
2026-05-01,PROD00252,WH-OAX-01,274,7,77
2026-05-01,PROD00114,WH-MTY-01,79,15,28
2026-05-01,PROD00018,WH-OAX-01,482,19,61
2026-05-01,PROD00237,WH-GDL-01,6,18,77
2026-05-01,PROD00078,WH-MTY-01,416,2,60
2026-05-01,PROD00076,WH-GDL-01,407,10,70
2026-05-01,PROD00020,WH-CDMX-01,406,19,41
2026-05-01,PROD00234,WH-OAX-01,58,5,29
2026-05-01,PROD00010,WH-OAX-01,119,23,52
2026-05-01,PROD00183,WH-MTY-01,373,18,45
2026-05-01,PROD00103,WH-GDL-01,490,42,68
2026-05-01,PROD00130,WH-CDMX-01,407,0,12
2026-05-01,PROD00090,WH-GDL-01,170,42,75
2026-05-01,PROD00003,WH-OAX-01,416,22,78
2026-05-01,PROD00080,WH-GDL-01,0,9,74
2026-05-01,PROD00220,WH-GDL-01,0,13,21
2026-05-01,PROD00117,WH-GDL-01,69,37,76
2026-05-01,PROD00145,WH-CDMX-01,328,8,28
2026-05-01,PROD00194,WH-GDL-01,239,10,80
2026-05-01,PROD00022,WH-GDL-01,309,28,36
2026-05-01,PROD00251,WH-MTY-01,93,25,18
2026-05-01,PROD00012,WH-MTY-01,513,1,19
2026-05-01,PROD00266,WH-OAX-01,395,39,49
2026-05-01,PROD00169,WH-GDL-01,288,39,79
2026-05-01,PROD00306,WH-GDL-01,323,39,21
2026-05-01,PROD00153,WH-GDL-01,127,30,55
2026-05-01,PROD00042,WH-MTY-01,233,4,51
2026-05-01,PROD00086,WH-MTY-01,73,6,71
2026-05-01,PROD00316,WH-GDL-01,381,0,29
2026-05-01,PROD00287,WH-MTY-01,260,25,72
2026-05-01,PROD00116,WH-MTY-01,279,17,38
2026-05-01,PROD00063,WH-GDL-01,57,32,14
2026-05-01,PROD00162,WH-GDL-01,386,12,43
2026-05-01,PROD00165,WH-CDMX-01,276,24,53
2026-05-01,PROD00107,WH-CDMX-01,390,26,74
2026-05-01,PROD00098,WH-OAX-01,29,22,11
2026-05-01,PROD00348,WH-GDL-01,349,3,31
2026-05-01,PROD00275,WH-OAX-01,335,31,67
2026-05-01,PROD00031,WH-MTY-01,398,34,27
2026-05-01,PROD00091,WH-OAX-01,493,29,28
2026-05-01,PROD00062,WH-MTY-01,38,23,79
2026-05-01,PROD00197,WH-MTY-01,232,19,28
2026-05-01,PROD00146,WH-OAX-01,420,21,76
2026-05-01,PROD00213,WH-MTY-01,93,6,52
2026-05-01,PROD00011,WH-OAX-01,30,12,10
2026-05-01,PROD00133,WH-OAX-01,129,15,70
2026-05-01,PROD00052,WH-OAX-01,476,10,78
2026-05-01,PROD00325,WH-CDMX-01,307,38,14
2026-05-01,PROD00235,WH-OAX-01,299,9,72
2026-05-01,PROD00267,WH-CDMX-01,106,27,38
2026-05-01,PROD00312,WH-MTY-01,357,37,38
2026-05-01,PROD00244,WH-GDL-01,324,34,46
2026-05-01,PROD00054,WH-GDL-01,220,5,43
2026-05-01,PROD00342,WH-CDMX-01,112,9,53
2026-05-01,PROD00199,WH-GDL-01,242,17,23
2026-05-01,PROD00177,WH-CDMX-01,378,32,28
2026-05-01,PROD00123,WH-GDL-01,430,2,32
2026-05-01,PROD00155,WH-MTY-01,136,17,43
2026-05-01,PROD00105,WH-OAX-01,164,45,14
2026-05-01,PROD00079,WH-MTY-01,21,49,76
2026-05-01,PROD00320,WH-CDMX-01,244,2,39
2026-05-01,PROD00341,WH-CDMX-01,464,38,59
2026-05-01,PROD00247,WH-MTY-01,405,26,68
2026-05-01,PROD00160,WH-OAX-01,148,9,34
2026-05-01,PROD00175,WH-MTY-01,124,36,27
2026-05-01,PROD00261,WH-CDMX-01,68,13,17
2026-05-01,PROD00203,WH-MTY-01,319,23,12
2026-05-01,PROD00024,WH-GDL-01,234,46,70
2026-05-01,PROD00265,WH-OAX-01,135,27,64
2026-05-01,PROD00002,WH-OAX-01,244,36,14
2026-05-01,PROD00304,WH-CDMX-01,375,33,15
2026-05-01,PROD00343,WH-MTY-01,377,5,30
2026-05-01,PROD00223,WH-OAX-01,473,1,49
2026-05-01,PROD00166,WH-OAX-01,97,50,30
2026-05-01,PROD00219,WH-MTY-01,151,21,16
2026-05-01,PROD00033,WH-OAX-01,424,39,18
2026-05-01,PROD00059,WH-GDL-01,381,34,35
2026-05-01,PROD00313,WH-GDL-01,69,17,67
2026-05-01,PROD00263,WH-OAX-01,469,42,25
2026-05-01,PROD00201,WH-CDMX-01,190,41,23
2026-05-01,PROD00029,WH-CDMX-01,89,22,28
2026-05-01,PROD00125,WH-MTY-01,337,50,43
2026-05-01,PROD00246,WH-MTY-01,90,6,64
2026-05-01,PROD00257,WH-CDMX-01,441,9,65
2026-05-01,PROD00298,WH-CDMX-01,405,5,54
2026-05-01,PROD00073,WH-MTY-01,499,5,44
2026-05-01,PROD00132,WH-OAX-01,21,38,31
2026-05-01,PROD00224,WH-GDL-01,77,31,25
2026-05-01,PROD00345,WH-OAX-01,463,15,53
2026-05-01,PROD00349,WH-OAX-01,361,14,53
2026-05-01,PROD00149,WH-GDL-01,4,9,49
2026-05-01,PROD00332,WH-GDL-01,444,38,34
2026-05-01,PROD00152,WH-MTY-01,447,41,34
2026-05-02,PROD00035,WH-MTY-01,172,6,68
2026-05-02,PROD00104,WH-OAX-01,155,12,33
2026-05-02,PROD00040,WH-OAX-01,398,41,28
2026-05-02,PROD00029,WH-CDMX-01,101,49,33
2026-05-02,PROD00278,WH-MTY-01,358,30,32
2026-05-02,PROD00190,WH-CDMX-01,90,43,61
2026-05-02,PROD00327,WH-MTY-01,414,14,30
2026-05-02,PROD00180,WH-CDMX-01,411,10,10
2026-05-02,PROD00221,WH-MTY-01,442,43,65
2026-05-02,PROD00024,WH-OAX-01,218,35,19
2026-05-02,PROD00160,WH-GDL-01,157,30,67
2026-05-02,PROD00299,WH-GDL-01,260,16,66
2026-05-02,PROD00300,WH-MTY-01,269,38,62
2026-05-02,PROD00044,WH-OAX-01,201,39,14
2026-05-02,PROD00253,WH-OAX-01,246,38,32
2026-05-02,PROD00203,WH-OAX-01,262,39,78
2026-05-02,PROD00178,WH-CDMX-01,257,3,28
2026-05-02,PROD00152,WH-GDL-01,477,22,15
2026-05-02,PROD00332,WH-OAX-01,415,39,61
2026-05-02,PROD00319,WH-MTY-01,275,41,16
2026-05-02,PROD00155,WH-CDMX-01,104,44,22
2026-05-02,PROD00036,WH-MTY-01,98,48,26
2026-05-02,PROD00231,WH-CDMX-01,279,28,16
2026-05-02,PROD00242,WH-OAX-01,320,11,61
2026-05-02,PROD00226,WH-OAX-01,139,27,54
2026-05-02,PROD00345,WH-CDMX-01,502,19,38
2026-05-02,PROD00276,WH-CDMX-01,427,21,17
2026-05-02,PROD00072,WH-MTY-01,260,16,60
2026-05-02,PROD00119,WH-OAX-01,189,5,57
2026-05-02,PROD00052,WH-GDL-01,437,25,65
2026-05-02,PROD00219,WH-OAX-01,127,11,78
2026-05-02,PROD00171,WH-MTY-01,109,32,39
2026-05-02,PROD00274,WH-OAX-01,199,32,38
2026-05-02,PROD00215,WH-MTY-01,74,41,48
2026-05-02,PROD00139,WH-OAX-01,286,26,57
2026-05-02,PROD00236,WH-OAX-01,248,30,59
2026-05-02,PROD00341,WH-GDL-01,439,30,40
2026-05-02,PROD00092,WH-GDL-01,120,23,18
2026-05-02,PROD00220,WH-MTY-01,0,18,55
2026-05-02,PROD00015,WH-CDMX-01,54,19,18
2026-05-02,PROD00337,WH-GDL-01,437,42,24
2026-05-02,PROD00342,WH-OAX-01,141,36,12
2026-05-02,PROD00281,WH-GDL-01,515,13,12
2026-05-02,PROD00023,WH-GDL-01,188,3,44
2026-05-02,PROD00129,WH-GDL-01,49,6,80
2026-05-02,PROD00244,WH-OAX-01,330,29,64
2026-05-02,PROD00137,WH-CDMX-01,122,3,80
2026-05-02,PROD00102,WH-CDMX-01,440,30,14
2026-05-02,PROD00211,WH-OAX-01,403,25,50
2026-05-02,PROD00339,WH-MTY-01,152,32,33
2026-05-02,PROD00148,WH-CDMX-01,419,46,38
2026-05-02,PROD00196,WH-MTY-01,89,9,12
2026-05-02,PROD00287,WH-MTY-01,228,34,13
2026-05-02,PROD00031,WH-MTY-01,427,25,62
2026-05-02,PROD00186,WH-MTY-01,0,38,14
2026-05-02,PROD00338,WH-OAX-01,397,17,40
2026-05-02,PROD00205,WH-GDL-01,448,33,29
2026-05-02,PROD00118,WH-CDMX-01,105,27,39
2026-05-02,PROD00173,WH-OAX-01,31,45,40
2026-05-02,PROD00141,WH-MTY-01,0,20,26
2026-05-02,PROD00310,WH-MTY-01,221,32,35
2026-05-02,PROD00167,WH-MTY-01,488,15,52
2026-05-02,PROD00126,WH-GDL-01,430,33,59
2026-05-02,PROD00314,WH-MTY-01,50,36,22
2026-05-02,PROD00161,WH-GDL-01,455,8,50
2026-05-02,PROD00098,WH-GDL-01,0,9,51
2026-05-02,PROD00271,WH-GDL-01,35,43,29
2026-05-02,PROD00309,WH-GDL-01,310,15,35
2026-05-02,PROD00124,WH-MTY-01,464,20,71
2026-05-02,PROD00246,WH-GDL-01,90,9,42
2026-05-02,PROD00238,WH-OAX-01,122,14,43
2026-05-02,PROD00085,WH-OAX-01,293,32,53
2026-05-02,PROD00192,WH-CDMX-01,42,12,59
2026-05-02,PROD00112,WH-MTY-01,19,21,57
2026-05-02,PROD00083,WH-CDMX-01,7,46,75
2026-05-02,PROD00034,WH-CDMX-01,344,36,23
2026-05-02,PROD00156,WH-GDL-01,93,22,12
2026-05-02,PROD00223,WH-MTY-01,495,6,64
2026-05-02,PROD00218,WH-CDMX-01,305,32,57
2026-05-02,PROD00270,WH-GDL-01,321,17,28
2026-05-02,PROD00334,WH-OAX-01,325,30,77
2026-05-02,PROD00348,WH-GDL-01,387,33,43
2026-05-02,PROD00073,WH-CDMX-01,497,39,52
2026-05-02,PROD00207,WH-CDMX-01,387,39,62
2026-05-02,PROD00249,WH-MTY-01,217,24,59
2026-05-02,PROD00116,WH-OAX-01,297,40,22
2026-05-02,PROD00009,WH-CDMX-01,452,49,79
2026-05-02,PROD00283,WH-OAX-01,304,2,76
2026-05-02,PROD00132,WH-CDMX-01,10,20,12
2026-05-02,PROD00293,WH-GDL-01,351,22,77
2026-05-02,PROD00099,WH-GDL-01,491,48,36
2026-05-02,PROD00250,WH-MTY-01,38,12,53
2026-05-02,PROD00306,WH-OAX-01,311,39,17
2026-05-02,PROD00022,WH-CDMX-01,326,41,55
2026-05-02,PROD00081,WH-CDMX-01,41,45,56
2026-05-02,PROD00094,WH-MTY-01,104,32,80
2026-05-02,PROD00177,WH-GDL-01,430,24,79
2026-05-02,PROD00084,WH-GDL-01,281,43,21
2026-05-02,PROD00045,WH-CDMX-01,424,22,55
2026-05-02,PROD00210,WH-MTY-01,30,19,31
2026-05-02,PROD00195,WH-CDMX-01,445,50,68
2026-05-02,PROD00202,WH-CDMX-01,357,25,80
2026-05-02,PROD00304,WH-OAX-01,393,15,20
2026-05-02,PROD00217,WH-GDL-01,400,19,26
2026-05-02,PROD00070,WH-OAX-01,195,10,49
2026-05-02,PROD00181,WH-CDMX-01,112,38,68
2026-05-02,PROD00264,WH-MTY-01,419,16,76
2026-05-02,PROD00170,WH-GDL-01,420,1,15
2026-05-02,PROD00326,WH-OAX-01,14,43,15
2026-05-02,PROD00311,WH-CDMX-01,362,46,33
2026-05-02,PROD00209,WH-MTY-01,243,35,36
2026-05-02,PROD00057,WH-OAX-01,146,49,49
2026-05-02,PROD00162,WH-GDL-01,398,44,64
2026-05-02,PROD00093,WH-CDMX-01,227,11,77
2026-05-02,PROD00056,WH-CDMX-01,276,22,23
2026-05-02,PROD00037,WH-MTY-01,481,47,58
2026-05-02,PROD00069,WH-GDL-01,366,41,10
2026-05-02,PROD00263,WH-OAX-01,457,12,78
2026-05-02,PROD00268,WH-GDL-01,270,16,13
2026-05-02,PROD00082,WH-GDL-01,241,45,67
2026-05-02,PROD00113,WH-GDL-01,227,23,31
2026-05-02,PROD00105,WH-GDL-01,164,24,33
2026-05-02,PROD00258,WH-GDL-01,334,9,55
2026-05-02,PROD00248,WH-CDMX-01,61,2,32
2026-05-02,PROD00191,WH-OAX-01,489,30,34
2026-05-02,PROD00212,WH-OAX-01,113,28,62
2026-05-02,PROD00247,WH-MTY-01,412,47,70
2026-05-02,PROD00064,WH-CDMX-01,74,3,20
2026-05-02,PROD00054,WH-CDMX-01,221,50,77
2026-05-02,PROD00324,WH-GDL-01,382,17,17
2026-05-02,PROD00298,WH-CDMX-01,421,50,17
2026-05-02,PROD00101,WH-OAX-01,55,12,47
2026-05-02,PROD00303,WH-OAX-01,341,11,52
2026-05-02,PROD00010,WH-GDL-01,140,3,61
2026-05-02,PROD00128,WH-OAX-01,507,33,70
2026-05-02,PROD00123,WH-CDMX-01,391,13,55
2026-05-02,PROD00049,WH-CDMX-01,489,3,38
2026-05-02,PROD00134,WH-CDMX-01,446,30,80
2026-05-02,PROD00110,WH-CDMX-01,336,32,22
2026-05-02,PROD00320,WH-MTY-01,241,48,20
2026-05-02,PROD00117,WH-CDMX-01,59,41,76
2026-05-02,PROD00050,WH-OAX-01,342,40,78
2026-05-02,PROD00204,WH-CDMX-01,456,19,34
2026-05-02,PROD00322,WH-CDMX-01,370,47,37
2026-05-02,PROD00262,WH-CDMX-01,247,20,68
2026-05-02,PROD00227,WH-GDL-01,380,19,52
2026-05-02,PROD00229,WH-MTY-01,330,15,57
2026-05-02,PROD00184,WH-CDMX-01,108,16,19
2026-05-02,PROD00245,WH-OAX-01,118,12,31
2026-05-02,PROD00140,WH-MTY-01,74,35,80
2026-05-03,PROD00233,WH-MTY-01,179,43,69
2026-05-03,PROD00308,WH-OAX-01,157,8,29
2026-05-03,PROD00217,WH-OAX-01,404,45,46
2026-05-03,PROD00216,WH-CDMX-01,332,7,58
2026-05-03,PROD00061,WH-MTY-01,441,50,15
2026-05-03,PROD00064,WH-MTY-01,46,38,75
2026-05-03,PROD00122,WH-GDL-01,152,12,46
2026-05-03,PROD00002,WH-GDL-01,245,22,60
2026-05-03,PROD00051,WH-CDMX-01,435,33,33
2026-05-03,PROD00129,WH-CDMX-01,61,30,77
2026-05-03,PROD00146,WH-CDMX-01,390,33,42
2026-05-03,PROD00154,WH-CDMX-01,328,13,34
2026-05-03,PROD00149,WH-MTY-01,0,17,75
2026-05-03,PROD00059,WH-OAX-01,407,0,12
2026-05-03,PROD00025,WH-OAX-01,387,38,13
2026-05-03,PROD00158,WH-CDMX-01,167,30,62
2026-05-03,PROD00288,WH-OAX-01,347,42,49
2026-05-03,PROD00214,WH-MTY-01,182,13,33
2026-05-03,PROD00272,WH-CDMX-01,93,42,61
2026-05-03,PROD00318,WH-CDMX-01,333,14,57
2026-05-03,PROD00011,WH-CDMX-01,0,6,10
2026-05-03,PROD00219,WH-CDMX-01,147,49,43
2026-05-03,PROD00114,WH-GDL-01,99,44,54
2026-05-03,PROD00235,WH-OAX-01,304,16,53
2026-05-03,PROD00204,WH-CDMX-01,418,43,72
2026-05-03,PROD00203,WH-CDMX-01,309,3,13
2026-05-03,PROD00036,WH-CDMX-01,55,37,10
2026-05-03,PROD00136,WH-OAX-01,316,28,66
2026-05-03,PROD00131,WH-CDMX-01,154,42,65
2026-05-03,PROD00332,WH-GDL-01,419,23,14
2026-05-03,PROD00304,WH-GDL-01,392,19,60
2026-05-03,PROD00028,WH-CDMX-01,180,0,34
2026-05-03,PROD00200,WH-MTY-01,478,38,52
2026-05-03,PROD00162,WH-MTY-01,419,22,41
2026-05-03,PROD00298,WH-OAX-01,436,41,32
2026-05-03,PROD00118,WH-OAX-01,114,50,33
2026-05-03,PROD00350,WH-OAX-01,159,33,16
2026-05-03,PROD00116,WH-CDMX-01,263,14,32
2026-05-03,PROD00001,WH-MTY-01,255,45,10
2026-05-03,PROD00033,WH-OAX-01,456,6,60
2026-05-03,PROD00109,WH-MTY-01,170,32,29
2026-05-03,PROD00052,WH-MTY-01,466,41,40
2026-05-03,PROD00031,WH-OAX-01,410,5,55
2026-05-03,PROD00171,WH-GDL-01,111,2,69
2026-05-03,PROD00236,WH-MTY-01,203,50,41
2026-05-03,PROD00056,WH-OAX-01,269,20,75
2026-05-03,PROD00221,WH-GDL-01,422,43,16
2026-05-03,PROD00291,WH-OAX-01,264,28,64
2026-05-03,PROD00156,WH-CDMX-01,116,2,15
2026-05-03,PROD00313,WH-MTY-01,66,48,68
2026-05-03,PROD00289,WH-OAX-01,502,39,11
2026-05-03,PROD00045,WH-GDL-01,428,9,53
2026-05-03,PROD00270,WH-GDL-01,316,12,14
2026-05-03,PROD00168,WH-MTY-01,140,27,58
2026-05-03,PROD00331,WH-CDMX-01,74,18,34
2026-05-03,PROD00334,WH-GDL-01,309,15,43
2026-05-03,PROD00223,WH-CDMX-01,508,21,55
2026-05-03,PROD00242,WH-GDL-01,310,22,57
2026-05-03,PROD00339,WH-CDMX-01,143,39,29
2026-05-03,PROD00280,WH-OAX-01,240,46,72
2026-05-03,PROD00145,WH-CDMX-01,293,44,41
2026-05-03,PROD00230,WH-GDL-01,323,11,80
2026-05-03,PROD00170,WH-MTY-01,418,42,56
2026-05-03,PROD00266,WH-MTY-01,378,27,40
2026-05-03,PROD00201,WH-MTY-01,190,38,51
2026-05-03,PROD00075,WH-CDMX-01,271,17,58
2026-05-03,PROD00048,WH-MTY-01,400,37,61
2026-05-03,PROD00269,WH-MTY-01,24,44,19
2026-05-03,PROD00252,WH-CDMX-01,247,5,68
2026-05-03,PROD00295,WH-CDMX-01,92,49,62
2026-05-03,PROD00340,WH-GDL-01,313,3,35
2026-05-03,PROD00330,WH-GDL-01,248,48,75
2026-05-03,PROD00320,WH-MTY-01,263,19,27
2026-05-03,PROD00163,WH-OAX-01,308,37,35
2026-05-03,PROD00249,WH-OAX-01,225,12,21
2026-05-03,PROD00004,WH-OAX-01,482,44,39
2026-05-03,PROD00078,WH-OAX-01,435,5,28
2026-05-03,PROD00079,WH-OAX-01,43,22,56
2026-05-03,PROD00151,WH-OAX-01,156,7,70
2026-05-03,PROD00172,WH-CDMX-01,234,20,64
2026-05-03,PROD00177,WH-MTY-01,411,17,19
2026-05-03,PROD00273,WH-MTY-01,163,50,43
2026-05-03,PROD00234,WH-CDMX-01,78,17,80
2026-05-03,PROD00254,WH-OAX-01,57,17,15
2026-05-03,PROD00345,WH-MTY-01,487,48,51
2026-05-03,PROD00121,WH-OAX-01,290,42,59
2026-05-03,PROD00007,WH-GDL-01,78,19,56
2026-05-03,PROD00180,WH-MTY-01,395,22,76
2026-05-03,PROD00241,WH-CDMX-01,111,15,29
2026-05-03,PROD00329,WH-GDL-01,153,4,21
2026-05-03,PROD00305,WH-GDL-01,394,8,67
2026-05-03,PROD00020,WH-MTY-01,412,0,79
2026-05-03,PROD00337,WH-OAX-01,419,41,48
2026-05-03,PROD00188,WH-CDMX-01,22,23,34
2026-05-03,PROD00192,WH-OAX-01,5,25,65
2026-05-03,PROD00032,WH-MTY-01,0,11,80
2026-05-03,PROD00314,WH-OAX-01,51,24,45
2026-05-03,PROD00054,WH-OAX-01,191,11,13
2026-05-03,PROD00049,WH-MTY-01,455,40,50
2026-05-03,PROD00076,WH-MTY-01,446,36,29
2026-05-03,PROD00232,WH-OAX-01,279,39,52
2026-05-03,PROD00238,WH-OAX-01,114,0,39
2026-05-03,PROD00026,WH-OAX-01,169,41,31
2026-05-03,PROD00044,WH-OAX-01,175,8,57
2026-05-03,PROD00342,WH-MTY-01,139,18,24
2026-05-03,PROD00185,WH-CDMX-01,332,50,20
2026-05-03,PROD00178,WH-GDL-01,223,50,44
2026-05-03,PROD00017,WH-MTY-01,0,39,21
2026-05-03,PROD00092,WH-MTY-01,124,29,52
2026-05-03,PROD00013,WH-CDMX-01,213,28,34
2026-05-03,PROD00174,WH-GDL-01,181,26,32
2026-05-03,PROD00333,WH-CDMX-01,123,24,24
2026-05-03,PROD00253,WH-OAX-01,220,11,70
2026-05-03,PROD00287,WH-OAX-01,228,7,49
2026-05-03,PROD00344,WH-GDL-01,460,10,54
2026-05-03,PROD00215,WH-OAX-01,51,47,24
2026-05-03,PROD00165,WH-OAX-01,269,38,11
2026-05-03,PROD00125,WH-OAX-01,345,23,36
2026-05-03,PROD00124,WH-MTY-01,442,42,75
2026-05-03,PROD00307,WH-MTY-01,255,42,25
2026-05-03,PROD00176,WH-MTY-01,256,45,32
2026-05-03,PROD00327,WH-CDMX-01,413,8,77
2026-05-03,PROD00326,WH-CDMX-01,38,31,47
2026-05-03,PROD00066,WH-MTY-01,190,11,31
2026-05-03,PROD00257,WH-OAX-01,470,3,67
2026-05-03,PROD00228,WH-CDMX-01,379,39,72
2026-05-03,PROD00265,WH-OAX-01,157,20,69
2026-05-03,PROD00261,WH-MTY-01,77,32,37
2026-05-03,PROD00077,WH-MTY-01,397,24,73
2026-05-03,PROD00206,WH-GDL-01,312,24,61
2026-05-03,PROD00112,WH-CDMX-01,60,29,60
2026-05-03,PROD00306,WH-CDMX-01,354,28,35
2026-05-03,PROD00346,WH-CDMX-01,428,21,42
2026-05-03,PROD00190,WH-MTY-01,69,48,45
2026-05-03,PROD00133,WH-OAX-01,93,33,18
2026-05-03,PROD00302,WH-GDL-01,443,45,22
2026-05-03,PROD00107,WH-OAX-01,395,43,53
2026-05-03,PROD00186,WH-MTY-01,33,47,78
2026-05-03,PROD00006,WH-MTY-01,285,7,52
2026-05-03,PROD00003,WH-GDL-01,423,50,34
2026-05-03,PROD00262,WH-GDL-01,285,4,40
2026-05-03,PROD00050,WH-GDL-01,378,46,30
2026-05-03,PROD00296,WH-OAX-01,294,25,63
2026-05-03,PROD00311,WH-MTY-01,391,33,76
2026-05-03,PROD00009,WH-MTY-01,472,16,27
2026-05-03,PROD00097,WH-MTY-01,77,47,47
2026-05-03,PROD00102,WH-MTY-01,444,25,26
2026-05-03,PROD00258,WH-CDMX-01,298,17,60
2026-05-03,PROD00259,WH-CDMX-01,317,29,79
2026-05-03,PROD00317,WH-MTY-01,401,5,76
2026-05-04,PROD00247,WH-OAX-01,386,21,78
2026-05-04,PROD00004,WH-CDMX-01,473,11,24
2026-05-04,PROD00180,WH-OAX-01,416,14,55
2026-05-04,PROD00245,WH-OAX-01,113,25,23
2026-05-04,PROD00016,WH-CDMX-01,92,49,54
2026-05-04,PROD00269,WH-MTY-01,0,20,47
2026-05-04,PROD00062,WH-CDMX-01,67,50,31
2026-05-04,PROD00032,WH-GDL-01,8,35,34
2026-05-04,PROD00297,WH-GDL-01,168,6,62
2026-05-04,PROD00039,WH-CDMX-01,453,43,40
2026-05-04,PROD00107,WH-CDMX-01,411,41,65
2026-05-04,PROD00156,WH-OAX-01,77,36,15
2026-05-04,PROD00102,WH-MTY-01,406,27,64
2026-05-04,PROD00339,WH-MTY-01,112,26,27
2026-05-04,PROD00074,WH-GDL-01,0,9,58
2026-05-04,PROD00300,WH-MTY-01,272,22,71
2026-05-04,PROD00215,WH-OAX-01,72,23,68
2026-05-04,PROD00334,WH-GDL-01,353,23,75
2026-05-04,PROD00159,WH-OAX-01,369,32,26
2026-05-04,PROD00109,WH-GDL-01,164,46,27
2026-05-04,PROD00049,WH-OAX-01,444,5,32
2026-05-04,PROD00079,WH-CDMX-01,39,29,16
2026-05-04,PROD00060,WH-CDMX-01,200,26,60
2026-05-04,PROD00258,WH-OAX-01,334,38,24
2026-05-04,PROD00279,WH-GDL-01,144,10,59
2026-05-04,PROD00166,WH-GDL-01,100,42,22
2026-05-04,PROD00058,WH-CDMX-01,27,22,30
2026-05-04,PROD00270,WH-GDL-01,303,36,48
2026-05-04,PROD00078,WH-CDMX-01,429,21,64
2026-05-04,PROD00045,WH-GDL-01,418,1,14
2026-05-04,PROD00207,WH-MTY-01,417,45,54
2026-05-04,PROD00136,WH-MTY-01,278,21,74
2026-05-04,PROD00076,WH-GDL-01,446,14,53
2026-05-04,PROD00025,WH-OAX-01,346,39,18
2026-05-04,PROD00006,WH-CDMX-01,245,13,65
2026-05-04,PROD00027,WH-MTY-01,165,44,14
2026-05-04,PROD00310,WH-OAX-01,251,24,62
2026-05-04,PROD00001,WH-CDMX-01,248,31,73
2026-05-04,PROD00302,WH-OAX-01,448,9,23
2026-05-04,PROD00276,WH-OAX-01,398,3,72
2026-05-04,PROD00229,WH-GDL-01,308,45,26
2026-05-04,PROD00311,WH-OAX-01,356,21,65
2026-05-04,PROD00195,WH-OAX-01,470,7,66
2026-05-04,PROD00307,WH-OAX-01,237,17,57
2026-05-04,PROD00226,WH-GDL-01,130,7,22
2026-05-04,PROD00082,WH-CDMX-01,261,21,19
2026-05-04,PROD00309,WH-MTY-01,280,50,76
2026-05-04,PROD00003,WH-GDL-01,405,41,72
2026-05-04,PROD00189,WH-GDL-01,463,42,33
2026-05-04,PROD00232,WH-CDMX-01,300,34,38
2026-05-04,PROD00271,WH-OAX-01,20,24,53
2026-05-04,PROD00059,WH-CDMX-01,372,23,34
2026-05-04,PROD00011,WH-CDMX-01,17,10,17
2026-05-04,PROD00051,WH-OAX-01,431,10,45
2026-05-04,PROD00313,WH-OAX-01,103,1,67
2026-05-04,PROD00122,WH-CDMX-01,174,48,23
2026-05-04,PROD00190,WH-CDMX-01,66,33,67
2026-05-04,PROD00128,WH-GDL-01,471,41,32
2026-05-04,PROD00343,WH-MTY-01,342,11,12
2026-05-04,PROD00135,WH-GDL-01,222,21,68
2026-05-04,PROD00323,WH-GDL-01,298,27,35
2026-05-04,PROD00133,WH-OAX-01,137,18,40
2026-05-04,PROD00246,WH-CDMX-01,62,43,64
2026-05-04,PROD00210,WH-CDMX-01,0,29,66
2026-05-04,PROD00256,WH-GDL-01,313,28,52
2026-05-04,PROD00098,WH-CDMX-01,0,47,14
2026-05-04,PROD00350,WH-MTY-01,192,6,34
2026-05-04,PROD00064,WH-GDL-01,89,7,31
2026-05-04,PROD00208,WH-MTY-01,0,12,38
2026-05-04,PROD00150,WH-MTY-01,84,16,53
2026-05-04,PROD00249,WH-OAX-01,217,7,47
2026-05-04,PROD00005,WH-GDL-01,323,6,21
2026-05-04,PROD00253,WH-GDL-01,256,30,48
2026-05-04,PROD00146,WH-MTY-01,409,40,65
2026-05-04,PROD00073,WH-MTY-01,467,12,23
2026-05-04,PROD00304,WH-CDMX-01,347,25,19
2026-05-04,PROD00126,WH-GDL-01,401,21,17
2026-05-04,PROD00185,WH-CDMX-01,343,17,10
2026-05-04,PROD00019,WH-CDMX-01,92,22,19
2026-05-04,PROD00085,WH-CDMX-01,307,6,51
2026-05-04,PROD00344,WH-MTY-01,415,38,53
2026-05-04,PROD00100,WH-CDMX-01,176,13,58
2026-05-04,PROD00116,WH-CDMX-01,287,17,32
2026-05-04,PROD00292,WH-CDMX-01,297,35,50
2026-05-04,PROD00096,WH-CDMX-01,439,26,40
2026-05-04,PROD00112,WH-GDL-01,17,9,77
2026-05-04,PROD00083,WH-CDMX-01,22,42,53
2026-05-04,PROD00036,WH-GDL-01,77,0,77
2026-05-04,PROD00153,WH-MTY-01,128,16,67
2026-05-04,PROD00220,WH-MTY-01,34,20,27
2026-05-04,PROD00238,WH-MTY-01,122,13,79
2026-05-04,PROD00121,WH-GDL-01,246,10,45
2026-05-04,PROD00110,WH-MTY-01,377,41,64
2026-05-04,PROD00321,WH-OAX-01,358,4,49
2026-05-04,PROD00022,WH-CDMX-01,288,14,75
2026-05-04,PROD00104,WH-CDMX-01,124,23,13
2026-05-04,PROD00316,WH-MTY-01,355,36,71
2026-05-04,PROD00349,WH-GDL-01,350,43,42
2026-05-04,PROD00211,WH-MTY-01,406,35,68
2026-05-04,PROD00281,WH-OAX-01,488,17,10
2026-05-04,PROD00204,WH-GDL-01,469,20,30
2026-05-04,PROD00287,WH-OAX-01,244,5,72
2026-05-04,PROD00338,WH-MTY-01,418,23,36
2026-05-04,PROD00040,WH-CDMX-01,364,28,10
2026-05-04,PROD00023,WH-OAX-01,192,31,70
2026-05-04,PROD00093,WH-MTY-01,254,42,46
2026-05-04,PROD00251,WH-MTY-01,86,46,58
2026-05-04,PROD00168,WH-GDL-01,154,42,75
2026-05-04,PROD00164,WH-GDL-01,372,9,19
2026-05-04,PROD00070,WH-GDL-01,210,23,78
2026-05-04,PROD00194,WH-GDL-01,212,3,42
2026-05-04,PROD00139,WH-OAX-01,268,49,30
2026-05-04,PROD00009,WH-MTY-01,457,40,36
2026-05-04,PROD00264,WH-MTY-01,425,41,14
2026-05-04,PROD00289,WH-CDMX-01,490,23,76
2026-05-04,PROD00265,WH-GDL-01,176,21,33
2026-05-04,PROD00203,WH-GDL-01,265,26,25
2026-05-04,PROD00183,WH-CDMX-01,399,37,51
2026-05-04,PROD00176,WH-GDL-01,249,5,67
2026-05-04,PROD00151,WH-GDL-01,177,36,76
2026-05-04,PROD00028,WH-CDMX-01,185,12,71
2026-05-04,PROD00243,WH-OAX-01,219,18,18
2026-05-04,PROD00158,WH-OAX-01,154,10,74
2026-05-04,PROD00237,WH-CDMX-01,13,39,62
2026-05-04,PROD00097,WH-CDMX-01,68,3,16
2026-05-04,PROD00290,WH-CDMX-01,364,28,43
2026-05-04,PROD00147,WH-OAX-01,355,11,71
2026-05-04,PROD00196,WH-OAX-01,67,48,71
2026-05-04,PROD00205,WH-MTY-01,474,1,60
2026-05-04,PROD00213,WH-OAX-01,68,44,16
2026-05-04,PROD00052,WH-OAX-01,452,35,23
2026-05-04,PROD00282,WH-CDMX-01,423,33,70
2026-05-04,PROD00163,WH-OAX-01,318,28,34
2026-05-04,PROD00252,WH-CDMX-01,222,44,12
2026-05-04,PROD00129,WH-CDMX-01,79,17,29
2026-05-04,PROD00314,WH-MTY-01,36,50,36
2026-05-04,PROD00106,WH-MTY-01,0,11,60
2026-05-04,PROD00088,WH-OAX-01,158,33,45
2026-05-04,PROD00230,WH-MTY-01,349,47,11
2026-05-04,PROD00101,WH-MTY-01,90,42,40
2026-05-04,PROD00260,WH-MTY-01,445,44,31
2026-05-04,PROD00066,WH-OAX-01,221,14,50
2026-05-04,PROD00137,WH-CDMX-01,135,17,24
2026-05-04,PROD00162,WH-CDMX-01,402,14,25
2026-05-04,PROD00255,WH-OAX-01,390,47,34
2026-05-04,PROD00148,WH-OAX-01,412,21,25
2026-05-04,PROD00240,WH-OAX-01,108,49,45
2026-05-04,PROD00030,WH-MTY-01,230,30,71
2026-05-04,PROD00042,WH-OAX-01,224,10,73
2026-05-04,PROD00157,WH-OAX-01,422,40,32
2026-05-05,PROD00061,WH-CDMX-01,441,3,43
2026-05-05,PROD00003,WH-CDMX-01,429,44,27
2026-05-05,PROD00015,WH-OAX-01,65,22,15
2026-05-05,PROD00339,WH-CDMX-01,145,40,65
2026-05-05,PROD00175,WH-OAX-01,117,4,62
2026-05-05,PROD00282,WH-CDMX-01,387,34,68
2026-05-05,PROD00016,WH-GDL-01,69,24,42
2026-05-05,PROD00299,WH-CDMX-01,251,10,15
2026-05-05,PROD00312,WH-MTY-01,332,50,57
2026-05-05,PROD00272,WH-GDL-01,115,8,14
2026-05-05,PROD00088,WH-CDMX-01,143,41,26
2026-05-05,PROD00200,WH-GDL-01,476,18,57
2026-05-05,PROD00084,WH-OAX-01,278,40,19
2026-05-05,PROD00220,WH-GDL-01,19,40,77
2026-05-05,PROD00209,WH-GDL-01,254,30,15
2026-05-05,PROD00161,WH-MTY-01,409,45,73
2026-05-05,PROD00213,WH-CDMX-01,108,1,33
2026-05-05,PROD00285,WH-OAX-01,437,25,13
2026-05-05,PROD00019,WH-OAX-01,86,47,42
2026-05-05,PROD00146,WH-MTY-01,399,21,75
2026-05-05,PROD00075,WH-GDL-01,285,29,61
2026-05-05,PROD00279,WH-CDMX-01,117,44,15
2026-05-05,PROD00184,WH-GDL-01,95,1,65
2026-05-05,PROD00007,WH-OAX-01,117,0,63
2026-05-05,PROD00104,WH-MTY-01,115,12,80
2026-05-05,PROD00273,WH-MTY-01,155,15,46
2026-05-05,PROD00278,WH-CDMX-01,347,50,71
2026-05-05,PROD00189,WH-OAX-01,506,5,12
2026-05-05,PROD00116,WH-CDMX-01,306,14,49
2026-05-05,PROD00223,WH-MTY-01,477,44,16
2026-05-05,PROD00242,WH-GDL-01,303,46,27
2026-05-05,PROD00037,WH-OAX-01,513,10,34
2026-05-05,PROD00234,WH-OAX-01,81,13,37
2026-05-05,PROD00347,WH-MTY-01,329,36,79
2026-05-05,PROD00164,WH-OAX-01,369,31,60
2026-05-05,PROD00108,WH-CDMX-01,255,9,22
2026-05-05,PROD00140,WH-OAX-01,78,47,21
2026-05-05,PROD00244,WH-GDL-01,340,16,15
2026-05-05,PROD00117,WH-CDMX-01,91,1,62
2026-05-05,PROD00265,WH-GDL-01,161,11,71
2026-05-05,PROD00125,WH-CDMX-01,332,5,42
2026-05-05,PROD00187,WH-GDL-01,403,15,47
2026-05-05,PROD00091,WH-MTY-01,463,28,70
2026-05-05,PROD00055,WH-OAX-01,357,49,30
2026-05-05,PROD00152,WH-GDL-01,442,49,59
2026-05-05,PROD00035,WH-CDMX-01,158,3,73
2026-05-05,PROD00270,WH-CDMX-01,320,41,37
2026-05-05,PROD00017,WH-OAX-01,0,47,53
2026-05-05,PROD00133,WH-MTY-01,125,49,59
2026-05-05,PROD00237,WH-MTY-01,0,45,46
2026-05-05,PROD00307,WH-MTY-01,269,38,55
2026-05-05,PROD00264,WH-MTY-01,393,16,31
2026-05-05,PROD00277,WH-MTY-01,520,26,17
2026-05-05,PROD00118,WH-GDL-01,82,12,31
2026-05-05,PROD00013,WH-OAX-01,167,14,10
2026-05-05,PROD00120,WH-OAX-01,216,34,78
2026-05-05,PROD00053,WH-CDMX-01,461,25,24
2026-05-05,PROD00018,WH-GDL-01,494,19,47
2026-05-05,PROD00300,WH-CDMX-01,272,16,26
2026-05-05,PROD00041,WH-OAX-01,213,41,25
2026-05-05,PROD00086,WH-GDL-01,118,25,33
2026-05-05,PROD00238,WH-CDMX-01,87,7,16
2026-05-05,PROD00134,WH-MTY-01,428,11,78
2026-05-05,PROD00254,WH-MTY-01,40,47,20
2026-05-05,PROD00293,WH-MTY-01,359,33,76
2026-05-05,PROD00335,WH-MTY-01,486,43,78
2026-05-05,PROD00149,WH-CDMX-01,0,41,72
2026-05-05,PROD00030,WH-CDMX-01,266,11,13
2026-05-05,PROD00304,WH-CDMX-01,358,13,52
2026-05-05,PROD00168,WH-CDMX-01,160,26,50
2026-05-05,PROD00202,WH-GDL-01,345,11,69
2026-05-05,PROD00235,WH-MTY-01,350,21,63
2026-05-05,PROD00021,WH-OAX-01,375,17,19
2026-05-05,PROD00195,WH-MTY-01,449,33,20
2026-05-05,PROD00096,WH-OAX-01,417,18,62
2026-05-05,PROD00044,WH-GDL-01,159,39,80
2026-05-05,PROD00191,WH-GDL-01,486,12,77
2026-05-05,PROD00130,WH-CDMX-01,455,6,72
2026-05-05,PROD00129,WH-GDL-01,93,40,17
2026-05-05,PROD00201,WH-OAX-01,224,47,52
2026-05-05,PROD00151,WH-MTY-01,194,5,43
2026-05-05,PROD00245,WH-OAX-01,115,4,37
2026-05-05,PROD00239,WH-GDL-01,451,18,40
2026-05-05,PROD00205,WH-MTY-01,497,5,39
2026-05-05,PROD00292,WH-GDL-01,296,15,24
2026-05-05,PROD00163,WH-GDL-01,342,49,37
2026-05-05,PROD00246,WH-MTY-01,86,22,39
2026-05-05,PROD00150,WH-GDL-01,81,16,65
2026-05-05,PROD00124,WH-GDL-01,459,30,55
2026-05-05,PROD00259,WH-CDMX-01,354,27,30
2026-05-05,PROD00224,WH-OAX-01,79,48,34
2026-05-05,PROD00210,WH-CDMX-01,37,35,71
2026-05-05,PROD00066,WH-MTY-01,186,9,11
2026-05-05,PROD00328,WH-GDL-01,471,20,53
2026-05-05,PROD00026,WH-CDMX-01,194,3,24
2026-05-05,PROD00275,WH-OAX-01,323,50,62
2026-05-05,PROD00196,WH-GDL-01,102,48,65
2026-05-05,PROD00198,WH-CDMX-01,399,11,18
2026-05-05,PROD00341,WH-CDMX-01,448,15,38
2026-05-05,PROD00072,WH-OAX-01,218,45,16
2026-05-05,PROD00287,WH-MTY-01,267,37,28
2026-05-05,PROD00083,WH-GDL-01,0,8,44
2026-05-05,PROD00023,WH-OAX-01,223,11,18
2026-05-05,PROD00314,WH-OAX-01,0,42,13
2026-05-05,PROD00165,WH-OAX-01,282,49,26
2026-05-05,PROD00194,WH-GDL-01,196,4,23
2026-05-05,PROD00022,WH-CDMX-01,326,37,16
2026-05-05,PROD00325,WH-GDL-01,305,44,31
2026-05-05,PROD00340,WH-MTY-01,343,0,11
2026-05-05,PROD00336,WH-CDMX-01,338,41,23
2026-05-05,PROD00062,WH-GDL-01,27,12,31
2026-05-05,PROD00132,WH-GDL-01,38,1,56
2026-05-05,PROD00286,WH-CDMX-01,450,1,38
2026-05-05,PROD00281,WH-GDL-01,485,21,75
2026-05-05,PROD00046,WH-GDL-01,452,23,13
2026-05-05,PROD00068,WH-CDMX-01,382,18,39
2026-05-05,PROD00063,WH-MTY-01,47,19,23
2026-05-05,PROD00144,WH-OAX-01,261,2,41
2026-05-05,PROD00176,WH-MTY-01,300,42,42
2026-05-05,PROD00052,WH-OAX-01,465,27,16
2026-05-05,PROD00248,WH-OAX-01,30,40,51
2026-05-05,PROD00261,WH-OAX-01,74,24,64
2026-05-05,PROD00027,WH-GDL-01,181,30,44
2026-05-05,PROD00070,WH-GDL-01,236,43,38
2026-05-05,PROD00028,WH-MTY-01,215,24,24
2026-05-05,PROD00001,WH-OAX-01,275,49,29
2026-05-05,PROD00011,WH-GDL-01,25,36,45
2026-05-05,PROD00154,WH-GDL-01,339,10,78
2026-05-05,PROD00177,WH-MTY-01,423,37,23
2026-05-05,PROD00089,WH-GDL-01,33,33,19
2026-05-05,PROD00295,WH-CDMX-01,85,50,22
2026-05-05,PROD00136,WH-GDL-01,305,46,22
2026-05-05,PROD00291,WH-CDMX-01,258,5,32
2026-05-05,PROD00185,WH-MTY-01,358,17,72
2026-05-05,PROD00284,WH-OAX-01,432,40,72
2026-05-05,PROD00069,WH-OAX-01,356,2,15
2026-05-05,PROD00192,WH-MTY-01,44,35,55
2026-05-05,PROD00174,WH-OAX-01,195,36,32
2026-05-05,PROD00230,WH-OAX-01,356,3,44
2026-05-05,PROD00178,WH-CDMX-01,248,50,65
2026-05-05,PROD00203,WH-CDMX-01,301,31,25
2026-05-05,PROD00208,WH-MTY-01,19,37,35
2026-05-05,PROD00298,WH-GDL-01,390,7,71
2026-05-05,PROD00180,WH-GDL-01,366,14,14
2026-05-05,PROD00159,WH-CDMX-01,406,23,29
2026-05-05,PROD00155,WH-MTY-01,121,0,33
2026-05-05,PROD00121,WH-GDL-01,266,27,58
2026-05-05,PROD00326,WH-MTY-01,48,15,54
2026-05-05,PROD00082,WH-MTY-01,225,48,49
2026-05-05,PROD00211,WH-MTY-01,362,14,33
2026-05-06,PROD00345,WH-OAX-01,503,10,70
2026-05-06,PROD00045,WH-MTY-01,407,17,16
2026-05-06,PROD00203,WH-OAX-01,286,49,74
2026-05-06,PROD00271,WH-MTY-01,70,9,67
2026-05-06,PROD00087,WH-GDL-01,50,22,58
2026-05-06,PROD00148,WH-OAX-01,377,24,59
2026-05-06,PROD00051,WH-CDMX-01,443,11,66
2026-05-06,PROD00299,WH-CDMX-01,223,18,79
2026-05-06,PROD00226,WH-MTY-01,137,50,26
2026-05-06,PROD00169,WH-OAX-01,324,43,76
2026-05-06,PROD00128,WH-CDMX-01,502,4,20
2026-05-06,PROD00109,WH-CDMX-01,168,31,74
2026-05-06,PROD00071,WH-GDL-01,85,45,11
2026-05-06,PROD00286,WH-OAX-01,404,25,11
2026-05-06,PROD00143,WH-CDMX-01,93,13,30
2026-05-06,PROD00017,WH-GDL-01,16,18,12
2026-05-06,PROD00300,WH-GDL-01,262,48,25
2026-05-06,PROD00114,WH-GDL-01,108,1,29
2026-05-06,PROD00309,WH-MTY-01,326,23,17
2026-05-06,PROD00132,WH-MTY-01,13,49,79
2026-05-06,PROD00074,WH-CDMX-01,30,12,73
2026-05-06,PROD00125,WH-MTY-01,296,44,38
2026-05-06,PROD00187,WH-GDL-01,410,33,33
2026-05-06,PROD00016,WH-MTY-01,114,5,34
2026-05-06,PROD00108,WH-CDMX-01,281,18,20
2026-05-06,PROD00118,WH-OAX-01,73,45,62
2026-05-06,PROD00097,WH-MTY-01,80,40,77
2026-05-06,PROD00217,WH-OAX-01,421,19,54
2026-05-06,PROD00167,WH-OAX-01,475,32,16
2026-05-06,PROD00209,WH-GDL-01,207,22,15
2026-05-06,PROD00141,WH-CDMX-01,19,10,72
2026-05-06,PROD00046,WH-MTY-01,439,34,60
2026-05-06,PROD00277,WH-MTY-01,484,49,46
2026-05-06,PROD00064,WH-GDL-01,93,40,39
2026-05-06,PROD00197,WH-OAX-01,204,17,73
2026-05-06,PROD00079,WH-OAX-01,7,50,25
2026-05-06,PROD00107,WH-GDL-01,404,6,58
2026-05-06,PROD00003,WH-GDL-01,446,46,44
2026-05-06,PROD00305,WH-GDL-01,427,12,39
2026-05-06,PROD00085,WH-GDL-01,306,49,48
2026-05-06,PROD00232,WH-CDMX-01,289,27,66
2026-05-06,PROD00021,WH-OAX-01,395,50,80
2026-05-06,PROD00256,WH-GDL-01,348,20,11
2026-05-06,PROD00262,WH-GDL-01,241,31,35
2026-05-06,PROD00199,WH-MTY-01,209,42,26
2026-05-06,PROD00273,WH-GDL-01,131,36,79
2026-05-06,PROD00042,WH-OAX-01,188,0,42
2026-05-06,PROD00023,WH-MTY-01,226,18,78
2026-05-06,PROD00006,WH-GDL-01,282,15,23
2026-05-06,PROD00287,WH-CDMX-01,235,44,63
2026-05-06,PROD00238,WH-MTY-01,90,6,68
2026-05-06,PROD00082,WH-OAX-01,227,22,43
2026-05-06,PROD00093,WH-CDMX-01,215,5,78
2026-05-06,PROD00331,WH-OAX-01,72,8,63
2026-05-06,PROD00069,WH-GDL-01,359,22,15
2026-05-06,PROD00295,WH-MTY-01,105,21,62
2026-05-06,PROD00025,WH-MTY-01,381,48,56
2026-05-06,PROD00195,WH-MTY-01,442,36,18
2026-05-06,PROD00103,WH-CDMX-01,462,6,38
2026-05-06,PROD00215,WH-GDL-01,80,13,47
2026-05-06,PROD00251,WH-CDMX-01,76,36,75
2026-05-06,PROD00310,WH-CDMX-01,254,24,62
2026-05-06,PROD00115,WH-OAX-01,452,41,51
2026-05-06,PROD00091,WH-CDMX-01,473,16,57
2026-05-06,PROD00288,WH-MTY-01,315,32,22
2026-05-06,PROD00094,WH-CDMX-01,116,8,28
2026-05-06,PROD00172,WH-MTY-01,286,27,69
2026-05-06,PROD00061,WH-CDMX-01,415,45,15
2026-05-06,PROD00317,WH-GDL-01,437,16,19
2026-05-06,PROD00086,WH-CDMX-01,118,12,24
2026-05-06,PROD00213,WH-MTY-01,94,47,46
2026-05-06,PROD00259,WH-MTY-01,318,15,77
2026-05-06,PROD00110,WH-CDMX-01,369,26,36
2026-05-06,PROD00124,WH-MTY-01,475,0,53
2026-05-06,PROD00048,WH-OAX-01,396,14,18
2026-05-06,PROD00228,WH-GDL-01,392,47,22
2026-05-06,PROD00145,WH-CDMX-01,286,18,66
2026-05-06,PROD00325,WH-GDL-01,301,15,52
2026-05-06,PROD00303,WH-CDMX-01,346,25,59
2026-05-06,PROD00349,WH-CDMX-01,378,9,20
2026-05-06,PROD00250,WH-MTY-01,7,13,74
2026-05-06,PROD00038,WH-OAX-01,488,0,67
2026-05-06,PROD00036,WH-CDMX-01,98,25,51
2026-05-06,PROD00272,WH-OAX-01,95,13,35
2026-05-06,PROD00321,WH-CDMX-01,329,17,43
2026-05-06,PROD00165,WH-MTY-01,307,23,15
2026-05-06,PROD00033,WH-OAX-01,468,19,77
2026-05-06,PROD00241,WH-CDMX-01,128,48,21
2026-05-06,PROD00155,WH-OAX-01,121,50,66
2026-05-06,PROD00175,WH-OAX-01,150,4,44
2026-05-06,PROD00332,WH-CDMX-01,451,31,41
2026-05-06,PROD00263,WH-GDL-01,446,17,11
2026-05-06,PROD00154,WH-OAX-01,374,40,22
2026-05-06,PROD00044,WH-CDMX-01,163,27,38
2026-05-06,PROD00323,WH-CDMX-01,304,42,16
2026-05-06,PROD00073,WH-OAX-01,497,4,31
2026-05-06,PROD00190,WH-OAX-01,99,9,80
2026-05-06,PROD00157,WH-CDMX-01,423,2,55
2026-05-06,PROD00347,WH-GDL-01,322,34,55
2026-05-06,PROD00337,WH-MTY-01,429,5,74
2026-05-06,PROD00059,WH-MTY-01,409,44,57
2026-05-06,PROD00007,WH-GDL-01,87,11,63
2026-05-06,PROD00088,WH-OAX-01,113,10,29
2026-05-06,PROD00240,WH-OAX-01,90,50,77
2026-05-06,PROD00089,WH-CDMX-01,34,0,20
2026-05-06,PROD00150,WH-MTY-01,53,6,70
2026-05-06,PROD00054,WH-CDMX-01,223,1,10
2026-05-06,PROD00030,WH-CDMX-01,246,4,40
2026-05-06,PROD00158,WH-GDL-01,180,27,26
2026-05-06,PROD00330,WH-GDL-01,236,34,45
2026-05-06,PROD00264,WH-GDL-01,400,27,65
2026-05-06,PROD00233,WH-GDL-01,182,9,17
2026-05-06,PROD00237,WH-GDL-01,0,0,32
2026-05-06,PROD00106,WH-MTY-01,28,33,12
2026-05-06,PROD00015,WH-CDMX-01,59,2,68
2026-05-06,PROD00163,WH-MTY-01,346,39,55
2026-05-06,PROD00269,WH-OAX-01,1,35,69
2026-05-06,PROD00027,WH-CDMX-01,188,15,36
2026-05-06,PROD00142,WH-GDL-01,262,30,78
2026-05-06,PROD00294,WH-OAX-01,165,4,43
2026-05-06,PROD00186,WH-CDMX-01,0,11,29
2026-05-06,PROD00319,WH-CDMX-01,272,34,74
2026-05-06,PROD00151,WH-OAX-01,192,35,26
2026-05-06,PROD00275,WH-MTY-01,297,45,26
2026-05-06,PROD00285,WH-GDL-01,448,9,64
2026-05-06,PROD00168,WH-CDMX-01,138,17,77
2026-05-06,PROD00120,WH-MTY-01,190,38,75
2026-05-06,PROD00221,WH-MTY-01,451,45,22
2026-05-06,PROD00297,WH-GDL-01,192,21,25
2026-05-06,PROD00301,WH-OAX-01,452,2,25
2026-05-06,PROD00320,WH-OAX-01,264,46,39
2026-05-06,PROD00242,WH-GDL-01,300,30,29
2026-05-06,PROD00002,WH-OAX-01,235,11,45
2026-05-06,PROD00010,WH-OAX-01,138,14,78
2026-05-06,PROD00261,WH-CDMX-01,120,22,27
2026-05-06,PROD00020,WH-MTY-01,457,20,61
2026-05-06,PROD00326,WH-OAX-01,18,5,35
2026-05-06,PROD00116,WH-MTY-01,317,43,58
2026-05-06,PROD00144,WH-MTY-01,217,48,69
2026-05-06,PROD00005,WH-MTY-01,308,17,20
2026-05-06,PROD00210,WH-CDMX-01,45,20,61
2026-05-06,PROD00113,WH-CDMX-01,270,16,75
2026-05-06,PROD00053,WH-MTY-01,474,33,19
2026-05-06,PROD00156,WH-CDMX-01,79,49,70
2026-05-06,PROD00346,WH-CDMX-01,424,22,62
2026-05-06,PROD00292,WH-CDMX-01,308,0,15
2026-05-06,PROD00235,WH-CDMX-01,318,7,30
2026-05-06,PROD00194,WH-CDMX-01,218,50,18
2026-05-06,PROD00234,WH-MTY-01,51,50,64
2026-05-06,PROD00058,WH-CDMX-01,41,14,64
2026-05-07,PROD00180,WH-CDMX-01,372,44,50
2026-05-07,PROD00109,WH-MTY-01,188,45,57
2026-05-07,PROD00347,WH-MTY-01,370,9,64
2026-05-07,PROD00267,WH-CDMX-01,114,22,62
2026-05-07,PROD00142,WH-CDMX-01,281,50,55
2026-05-07,PROD00249,WH-GDL-01,243,24,28
2026-05-07,PROD00237,WH-GDL-01,15,42,15
2026-05-07,PROD00229,WH-OAX-01,293,35,51
2026-05-07,PROD00121,WH-MTY-01,286,50,80
2026-05-07,PROD00124,WH-OAX-01,439,19,55
2026-05-07,PROD00336,WH-CDMX-01,311,5,60
2026-05-07,PROD00198,WH-OAX-01,420,42,62
2026-05-07,PROD00083,WH-GDL-01,37,17,40
2026-05-07,PROD00107,WH-CDMX-01,398,0,70
2026-05-07,PROD00146,WH-MTY-01,394,35,26
2026-05-07,PROD00092,WH-GDL-01,147,45,46
2026-05-07,PROD00321,WH-MTY-01,357,29,44
2026-05-07,PROD00350,WH-GDL-01,167,47,78
2026-05-07,PROD00077,WH-GDL-01,362,25,69
2026-05-07,PROD00276,WH-OAX-01,404,18,65
2026-05-07,PROD00306,WH-GDL-01,360,43,47
2026-05-07,PROD00220,WH-GDL-01,28,37,29
2026-05-07,PROD00218,WH-GDL-01,311,41,54
2026-05-07,PROD00001,WH-OAX-01,295,2,65
2026-05-07,PROD00207,WH-OAX-01,391,42,39
2026-05-07,PROD00133,WH-GDL-01,103,14,61
2026-05-07,PROD00231,WH-MTY-01,299,6,32
2026-05-07,PROD00173,WH-OAX-01,65,3,66
2026-05-07,PROD00112,WH-OAX-01,17,50,76
2026-05-07,PROD00080,WH-GDL-01,34,32,27
2026-05-07,PROD00178,WH-GDL-01,217,31,46
2026-05-07,PROD00183,WH-MTY-01,390,48,57
2026-05-07,PROD00236,WH-CDMX-01,250,50,33
2026-05-07,PROD00105,WH-GDL-01,162,25,31
2026-05-07,PROD00285,WH-GDL-01,426,43,36
2026-05-07,PROD00068,WH-OAX-01,374,23,38
2026-05-07,PROD00148,WH-OAX-01,385,5,39
2026-05-07,PROD00011,WH-CDMX-01,7,0,74
2026-05-07,PROD00324,WH-MTY-01,387,11,51
2026-05-07,PROD00303,WH-GDL-01,389,25,60
2026-05-07,PROD00099,WH-CDMX-01,457,14,15
2026-05-07,PROD00193,WH-MTY-01,460,7,52
2026-05-07,PROD00171,WH-CDMX-01,110,3,70
2026-05-07,PROD00096,WH-OAX-01,415,12,35
2026-05-07,PROD00260,WH-GDL-01,477,43,69
2026-05-07,PROD00297,WH-GDL-01,176,13,56
2026-05-07,PROD00259,WH-MTY-01,346,24,57
2026-05-07,PROD00278,WH-CDMX-01,332,19,21
2026-05-07,PROD00186,WH-MTY-01,0,29,70
2026-05-07,PROD00168,WH-GDL-01,162,29,45
2026-05-07,PROD00021,WH-OAX-01,383,14,59
2026-05-07,PROD00185,WH-OAX-01,334,19,28
2026-05-07,PROD00338,WH-OAX-01,377,5,66
2026-05-07,PROD00022,WH-OAX-01,280,20,59
2026-05-07,PROD00203,WH-CDMX-01,274,24,49
2026-05-07,PROD00317,WH-OAX-01,403,47,36
2026-05-07,PROD00127,WH-MTY-01,152,13,64
2026-05-07,PROD00250,WH-OAX-01,64,23,71
2026-05-07,PROD00031,WH-GDL-01,406,2,66
2026-05-07,PROD00199,WH-MTY-01,235,3,41
2026-05-07,PROD00234,WH-OAX-01,42,2,52
2026-05-07,PROD00060,WH-OAX-01,150,5,31
2026-05-07,PROD00015,WH-MTY-01,90,29,65
2026-05-07,PROD00141,WH-OAX-01,0,32,61
2026-05-07,PROD00070,WH-MTY-01,188,37,38
2026-05-07,PROD00167,WH-CDMX-01,491,42,55
2026-05-07,PROD00162,WH-MTY-01,395,23,78
2026-05-07,PROD00345,WH-OAX-01,504,8,74
2026-05-07,PROD00246,WH-GDL-01,89,42,51
2026-05-07,PROD00103,WH-GDL-01,462,20,65
2026-05-07,PROD00332,WH-CDMX-01,419,45,38
2026-05-07,PROD00062,WH-OAX-01,67,26,66
2026-05-07,PROD00206,WH-MTY-01,267,35,47
2026-05-07,PROD00280,WH-OAX-01,217,1,66
2026-05-07,PROD00335,WH-CDMX-01,493,19,28
2026-05-07,PROD00349,WH-GDL-01,382,24,46
2026-05-07,PROD00016,WH-OAX-01,114,5,72
2026-05-07,PROD00273,WH-OAX-01,160,14,34
2026-05-07,PROD00018,WH-MTY-01,476,3,74
2026-05-07,PROD00119,WH-GDL-01,220,8,54
2026-05-07,PROD00188,WH-CDMX-01,41,33,28
2026-05-07,PROD00189,WH-OAX-01,472,9,76
2026-05-07,PROD00343,WH-OAX-01,369,47,24
2026-05-07,PROD00045,WH-CDMX-01,431,42,37
2026-05-07,PROD00136,WH-CDMX-01,323,10,42
2026-05-07,PROD00088,WH-OAX-01,136,17,59
2026-05-07,PROD00064,WH-OAX-01,80,0,71
2026-05-07,PROD00087,WH-GDL-01,22,33,23
2026-05-07,PROD00120,WH-GDL-01,223,29,72
2026-05-07,PROD00219,WH-GDL-01,99,17,21
2026-05-07,PROD00134,WH-OAX-01,459,0,51
2026-05-07,PROD00291,WH-OAX-01,252,33,37
2026-05-07,PROD00204,WH-OAX-01,425,25,31
2026-05-07,PROD00205,WH-CDMX-01,485,12,64
2026-05-07,PROD00030,WH-MTY-01,251,30,26
2026-05-07,PROD00073,WH-CDMX-01,475,15,25
2026-05-07,PROD00320,WH-MTY-01,247,27,79
2026-05-07,PROD00095,WH-OAX-01,131,42,74
2026-05-07,PROD00346,WH-CDMX-01,414,13,17
2026-05-07,PROD00153,WH-OAX-01,128,22,28
2026-05-07,PROD00065,WH-CDMX-01,191,32,30
2026-05-07,PROD00086,WH-GDL-01,66,47,30
2026-05-07,PROD00264,WH-GDL-01,437,48,63
2026-05-07,PROD00326,WH-CDMX-01,19,16,71
2026-05-07,PROD00039,WH-MTY-01,468,9,65
2026-05-07,PROD00140,WH-MTY-01,49,32,48
2026-05-07,PROD00069,WH-OAX-01,399,40,73
2026-05-07,PROD00299,WH-OAX-01,257,34,73
2026-05-07,PROD00228,WH-CDMX-01,404,4,22
2026-05-07,PROD00187,WH-MTY-01,383,31,42
2026-05-07,PROD00257,WH-OAX-01,456,23,29
2026-05-07,PROD00344,WH-MTY-01,413,1,77
2026-05-07,PROD00058,WH-MTY-01,32,0,37
2026-05-07,PROD00094,WH-CDMX-01,107,0,71
2026-05-07,PROD00115,WH-OAX-01,441,11,77
2026-05-07,PROD00240,WH-CDMX-01,80,31,53
2026-05-07,PROD00329,WH-GDL-01,157,1,10
2026-05-07,PROD00131,WH-CDMX-01,163,5,44
2026-05-07,PROD00247,WH-MTY-01,415,31,31
2026-05-07,PROD00232,WH-MTY-01,270,34,63
2026-05-07,PROD00202,WH-OAX-01,349,24,13
2026-05-07,PROD00333,WH-MTY-01,172,8,33
2026-05-07,PROD00266,WH-CDMX-01,398,49,67
2026-05-07,PROD00315,WH-OAX-01,210,50,53
2026-05-07,PROD00117,WH-CDMX-01,81,2,75
2026-05-07,PROD00339,WH-OAX-01,155,7,49
2026-05-07,PROD00191,WH-OAX-01,518,41,15
2026-05-07,PROD00029,WH-OAX-01,98,50,80
2026-05-07,PROD00307,WH-MTY-01,261,5,17
2026-05-07,PROD00254,WH-OAX-01,44,40,63
2026-05-07,PROD00196,WH-MTY-01,76,4,79
2026-05-07,PROD00072,WH-OAX-01,253,10,77
2026-05-07,PROD00223,WH-CDMX-01,490,5,11
2026-05-07,PROD00093,WH-CDMX-01,213,36,36
2026-05-07,PROD00156,WH-OAX-01,57,43,40
2026-05-07,PROD00128,WH-GDL-01,483,19,24
2026-05-07,PROD00327,WH-CDMX-01,418,4,52
2026-05-07,PROD00316,WH-MTY-01,350,0,72
2026-05-07,PROD00091,WH-CDMX-01,466,0,19
2026-05-07,PROD00066,WH-CDMX-01,221,31,27
2026-05-07,PROD00304,WH-OAX-01,351,7,15
2026-05-07,PROD00305,WH-CDMX-01,423,5,59
2026-05-07,PROD00057,WH-CDMX-01,159,1,79
2026-05-07,PROD00079,WH-GDL-01,40,3,74
2026-05-07,PROD00090,WH-MTY-01,182,2,41
2026-05-07,PROD00059,WH-MTY-01,406,18,50
2026-05-07,PROD00010,WH-GDL-01,129,37,34
2026-05-07,PROD00277,WH-GDL-01,485,2,66
2026-05-07,PROD00243,WH-GDL-01,243,26,23
2026-05-07,PROD00331,WH-CDMX-01,70,7,29
2026-05-08,PROD00300,WH-CDMX-01,237,4,59
2026-05-08,PROD00103,WH-MTY-01,515,4,78
2026-05-08,PROD00041,WH-GDL-01,181,26,24
2026-05-08,PROD00297,WH-CDMX-01,183,47,27
2026-05-08,PROD00261,WH-MTY-01,75,33,25
2026-05-08,PROD00068,WH-CDMX-01,376,30,79
2026-05-08,PROD00219,WH-GDL-01,108,24,45
2026-05-08,PROD00334,WH-CDMX-01,343,45,57
2026-05-08,PROD00108,WH-GDL-01,268,47,33
2026-05-08,PROD00021,WH-GDL-01,352,16,19
2026-05-08,PROD00097,WH-MTY-01,60,24,59
2026-05-08,PROD00174,WH-CDMX-01,170,31,33
2026-05-08,PROD00307,WH-CDMX-01,248,22,20
2026-05-08,PROD00292,WH-MTY-01,321,17,50
2026-05-08,PROD00133,WH-OAX-01,139,34,44
2026-05-08,PROD00003,WH-OAX-01,415,9,65
2026-05-08,PROD00056,WH-MTY-01,277,12,36
2026-05-08,PROD00080,WH-GDL-01,0,7,63
2026-05-08,PROD00117,WH-CDMX-01,63,35,28
2026-05-08,PROD00223,WH-MTY-01,471,18,56
2026-05-08,PROD00050,WH-CDMX-01,366,50,72
2026-05-08,PROD00218,WH-OAX-01,319,40,35
2026-05-08,PROD00202,WH-CDMX-01,346,43,35
2026-05-08,PROD00020,WH-OAX-01,417,14,24
2026-05-08,PROD00105,WH-OAX-01,153,13,67
2026-05-08,PROD00113,WH-CDMX-01,268,47,39
2026-05-08,PROD00128,WH-MTY-01,458,37,19
2026-05-08,PROD00290,WH-CDMX-01,363,19,39
2026-05-08,PROD00231,WH-OAX-01,296,38,24
2026-05-08,PROD00347,WH-MTY-01,372,13,34
2026-05-08,PROD00008,WH-CDMX-01,280,22,51
2026-05-08,PROD00161,WH-OAX-01,411,4,80
2026-05-08,PROD00271,WH-GDL-01,22,34,68
2026-05-08,PROD00257,WH-MTY-01,465,43,40
2026-05-08,PROD00210,WH-CDMX-01,10,12,14
2026-05-08,PROD00048,WH-MTY-01,414,29,64
2026-05-08,PROD00339,WH-OAX-01,114,14,31
2026-05-08,PROD00215,WH-MTY-01,94,34,44
2026-05-08,PROD00171,WH-CDMX-01,95,5,45
2026-05-08,PROD00349,WH-OAX-01,383,26,15
2026-05-08,PROD00052,WH-GDL-01,454,29,41
2026-05-08,PROD00071,WH-CDMX-01,107,12,62
2026-05-08,PROD00326,WH-MTY-01,0,23,41
2026-05-08,PROD00152,WH-MTY-01,468,40,23
2026-05-08,PROD00040,WH-OAX-01,381,7,57
2026-05-08,PROD00170,WH-OAX-01,427,12,43
2026-05-08,PROD00249,WH-OAX-01,265,29,28
2026-05-08,PROD00245,WH-CDMX-01,95,21,20
2026-05-08,PROD00314,WH-GDL-01,20,40,15
2026-05-08,PROD00004,WH-MTY-01,444,21,40
2026-05-08,PROD00058,WH-CDMX-01,46,39,60
2026-05-08,PROD00132,WH-OAX-01,8,14,22
2026-05-08,PROD00138,WH-MTY-01,154,11,52
2026-05-08,PROD00064,WH-CDMX-01,49,39,73
2026-05-08,PROD00211,WH-OAX-01,389,3,29
2026-05-08,PROD00289,WH-CDMX-01,496,41,37
2026-05-08,PROD00337,WH-CDMX-01,402,17,79
2026-05-08,PROD00114,WH-GDL-01,118,27,12
2026-05-08,PROD00327,WH-OAX-01,464,27,15
2026-05-08,PROD00322,WH-CDMX-01,335,50,11
2026-05-08,PROD00253,WH-MTY-01,234,32,63
2026-05-08,PROD00348,WH-GDL-01,383,40,31
2026-05-08,PROD00085,WH-MTY-01,310,9,43
2026-05-08,PROD00102,WH-CDMX-01,436,33,80
2026-05-08,PROD00089,WH-OAX-01,32,23,59
2026-05-08,PROD00061,WH-OAX-01,425,6,79
2026-05-08,PROD00086,WH-GDL-01,78,11,13
2026-05-08,PROD00225,WH-MTY-01,12,8,56
2026-05-08,PROD00185,WH-MTY-01,346,8,23
2026-05-08,PROD00294,WH-CDMX-01,118,23,58
2026-05-08,PROD00072,WH-MTY-01,261,21,23
2026-05-08,PROD00140,WH-GDL-01,90,29,32
2026-05-08,PROD00151,WH-MTY-01,197,31,79
2026-05-08,PROD00259,WH-OAX-01,326,16,31
2026-05-08,PROD00256,WH-CDMX-01,303,39,66
2026-05-08,PROD00308,WH-MTY-01,149,35,42
2026-05-08,PROD00248,WH-OAX-01,49,44,12
2026-05-08,PROD00095,WH-CDMX-01,109,4,69
2026-05-08,PROD00076,WH-OAX-01,449,33,15
2026-05-08,PROD00235,WH-CDMX-01,353,43,56
2026-05-08,PROD00243,WH-OAX-01,267,27,43
2026-05-08,PROD00022,WH-GDL-01,288,25,51
2026-05-08,PROD00315,WH-CDMX-01,190,39,19
2026-05-08,PROD00167,WH-MTY-01,449,13,69
2026-05-08,PROD00187,WH-CDMX-01,435,44,23
2026-05-08,PROD00019,WH-OAX-01,84,23,25
2026-05-08,PROD00028,WH-OAX-01,213,28,36
2026-05-08,PROD00165,WH-GDL-01,279,30,73
2026-05-08,PROD00311,WH-MTY-01,404,45,20
2026-05-08,PROD00252,WH-CDMX-01,240,48,26
2026-05-08,PROD00217,WH-OAX-01,430,32,51
2026-05-08,PROD00051,WH-GDL-01,438,19,55
2026-05-08,PROD00332,WH-GDL-01,396,18,20
2026-05-08,PROD00017,WH-OAX-01,0,42,72
2026-05-08,PROD00054,WH-GDL-01,194,50,41
2026-05-08,PROD00220,WH-MTY-01,21,0,74
2026-05-08,PROD00112,WH-CDMX-01,47,35,37
2026-05-08,PROD00325,WH-CDMX-01,281,36,79
2026-05-08,PROD00126,WH-OAX-01,379,38,38
2026-05-08,PROD00312,WH-MTY-01,331,32,17
2026-05-08,PROD00209,WH-CDMX-01,221,49,39
2026-05-08,PROD00206,WH-MTY-01,260,12,33
2026-05-08,PROD00242,WH-MTY-01,309,2,36
2026-05-08,PROD00250,WH-CDMX-01,16,10,53
2026-05-08,PROD00033,WH-CDMX-01,450,50,15
2026-05-08,PROD00183,WH-GDL-01,385,4,14
2026-05-08,PROD00180,WH-OAX-01,391,38,24
2026-05-08,PROD00239,WH-GDL-01,481,49,56
2026-05-08,PROD00007,WH-CDMX-01,123,12,13
2026-05-08,PROD00182,WH-MTY-01,38,48,12
2026-05-08,PROD00129,WH-MTY-01,52,47,29
2026-05-08,PROD00002,WH-MTY-01,244,9,57
2026-05-08,PROD00159,WH-GDL-01,391,11,19
2026-05-08,PROD00100,WH-GDL-01,207,6,33
2026-05-08,PROD00070,WH-MTY-01,180,10,28
2026-05-08,PROD00148,WH-GDL-01,405,42,69
2026-05-08,PROD00042,WH-CDMX-01,239,34,58
2026-05-08,PROD00176,WH-GDL-01,269,39,13
2026-05-08,PROD00124,WH-CDMX-01,467,45,60
2026-05-08,PROD00291,WH-MTY-01,274,7,62
2026-05-08,PROD00025,WH-GDL-01,360,3,46
2026-05-08,PROD00098,WH-OAX-01,0,9,75
2026-05-08,PROD00119,WH-MTY-01,205,23,54
2026-05-08,PROD00306,WH-OAX-01,339,33,18
2026-05-08,PROD00181,WH-GDL-01,109,13,18
2026-05-08,PROD00156,WH-CDMX-01,72,10,80
2026-05-08,PROD00342,WH-CDMX-01,122,5,19
2026-05-08,PROD00318,WH-MTY-01,297,3,67
2026-05-08,PROD00031,WH-CDMX-01,379,48,50
2026-05-08,PROD00350,WH-GDL-01,193,23,48
2026-05-08,PROD00195,WH-OAX-01,475,40,41
2026-05-08,PROD00099,WH-OAX-01,478,6,44
2026-05-08,PROD00013,WH-MTY-01,171,10,21
2026-05-08,PROD00145,WH-CDMX-01,323,29,48
2026-05-08,PROD00082,WH-CDMX-01,268,16,54
2026-05-08,PROD00162,WH-CDMX-01,382,28,17
2026-05-08,PROD00276,WH-MTY-01,402,16,35
2026-05-08,PROD00157,WH-CDMX-01,432,31,29
2026-05-08,PROD00214,WH-CDMX-01,178,2,41
2026-05-08,PROD00069,WH-OAX-01,394,33,69
2026-05-08,PROD00155,WH-MTY-01,119,28,30
2026-05-08,PROD00268,WH-GDL-01,245,43,49
2026-05-08,PROD00055,WH-OAX-01,393,28,31
2026-05-08,PROD00270,WH-CDMX-01,324,3,37
2026-05-08,PROD00101,WH-GDL-01,99,6,45
2026-05-08,PROD00121,WH-GDL-01,290,35,60
2026-05-08,PROD00154,WH-CDMX-01,334,29,51
2026-05-08,PROD00075,WH-MTY-01,279,1,65
2026-05-08,PROD00107,WH-OAX-01,386,32,58
2026-05-08,PROD00116,WH-CDMX-01,304,28,68
2026-05-09,PROD00191,WH-OAX-01,489,24,35
2026-05-09,PROD00321,WH-GDL-01,342,9,56
2026-05-09,PROD00218,WH-GDL-01,292,12,46
2026-05-09,PROD00145,WH-OAX-01,316,48,10
2026-05-09,PROD00122,WH-GDL-01,142,33,73
2026-05-09,PROD00143,WH-CDMX-01,122,1,20
2026-05-09,PROD00199,WH-GDL-01,251,24,80
2026-05-09,PROD00287,WH-CDMX-01,220,9,46
2026-05-09,PROD00066,WH-CDMX-01,228,47,29
2026-05-09,PROD00016,WH-OAX-01,104,15,18
2026-05-09,PROD00227,WH-MTY-01,375,34,80
2026-05-09,PROD00081,WH-OAX-01,21,42,26
2026-05-09,PROD00185,WH-CDMX-01,373,31,75
2026-05-09,PROD00045,WH-MTY-01,409,8,29
2026-05-09,PROD00006,WH-CDMX-01,241,42,14
2026-05-09,PROD00136,WH-OAX-01,289,43,22
2026-05-09,PROD00109,WH-OAX-01,162,10,64
2026-05-09,PROD00129,WH-GDL-01,51,8,18
2026-05-09,PROD00330,WH-GDL-01,245,31,64
2026-05-09,PROD00221,WH-OAX-01,445,41,42
2026-05-09,PROD00273,WH-MTY-01,115,50,53
2026-05-09,PROD00133,WH-CDMX-01,128,15,42
2026-05-09,PROD00184,WH-CDMX-01,109,18,17
2026-05-09,PROD00211,WH-OAX-01,385,33,71
2026-05-09,PROD00286,WH-OAX-01,424,19,33
2026-05-09,PROD00203,WH-OAX-01,291,23,32
2026-05-09,PROD00011,WH-GDL-01,0,46,41
2026-05-09,PROD00001,WH-MTY-01,250,45,77
2026-05-09,PROD00153,WH-OAX-01,125,12,18
2026-05-09,PROD00070,WH-OAX-01,205,11,21
2026-05-09,PROD00232,WH-CDMX-01,314,44,17
2026-05-09,PROD00329,WH-MTY-01,148,10,31
2026-05-09,PROD00318,WH-OAX-01,319,14,48
2026-05-09,PROD00289,WH-MTY-01,489,0,25
2026-05-09,PROD00285,WH-CDMX-01,440,14,54
2026-05-09,PROD00210,WH-CDMX-01,20,42,70
2026-05-09,PROD00047,WH-MTY-01,0,11,65
2026-05-09,PROD00123,WH-GDL-01,432,38,35
2026-05-09,PROD00116,WH-OAX-01,300,28,18
2026-05-09,PROD00237,WH-CDMX-01,0,38,71
2026-05-09,PROD00014,WH-GDL-01,87,45,40
2026-05-09,PROD00264,WH-CDMX-01,407,31,36
2026-05-09,PROD00288,WH-MTY-01,360,7,16
2026-05-09,PROD00341,WH-GDL-01,462,0,78
2026-05-09,PROD00134,WH-GDL-01,464,16,16
2026-05-09,PROD00017,WH-MTY-01,14,19,49
2026-05-09,PROD00140,WH-CDMX-01,67,5,14
2026-05-09,PROD00187,WH-MTY-01,422,35,41
2026-05-09,PROD00025,WH-GDL-01,362,50,57
2026-05-09,PROD00208,WH-OAX-01,2,41,12
2026-05-09,PROD00247,WH-MTY-01,381,2,15
2026-05-09,PROD00118,WH-OAX-01,89,40,52
2026-05-09,PROD00212,WH-CDMX-01,134,35,77
2026-05-09,PROD00101,WH-MTY-01,79,44,17
2026-05-09,PROD00088,WH-GDL-01,159,24,32
2026-05-09,PROD00157,WH-GDL-01,457,33,37
2026-05-09,PROD00095,WH-GDL-01,143,36,56
2026-05-09,PROD00008,WH-MTY-01,296,26,37
2026-05-09,PROD00107,WH-MTY-01,371,18,39
2026-05-09,PROD00224,WH-OAX-01,70,20,74
2026-05-09,PROD00197,WH-OAX-01,245,12,67
2026-05-09,PROD00229,WH-MTY-01,320,23,13
2026-05-09,PROD00058,WH-MTY-01,32,14,49
2026-05-09,PROD00335,WH-CDMX-01,467,35,35
2026-05-09,PROD00267,WH-CDMX-01,77,47,77
2026-05-09,PROD00076,WH-CDMX-01,397,14,66
2026-05-09,PROD00305,WH-OAX-01,377,21,46
2026-05-09,PROD00036,WH-GDL-01,100,47,47
2026-05-09,PROD00219,WH-CDMX-01,101,49,37
2026-05-09,PROD00169,WH-MTY-01,337,17,33
2026-05-09,PROD00246,WH-OAX-01,63,42,79
2026-05-09,PROD00217,WH-CDMX-01,417,5,14
2026-05-09,PROD00092,WH-GDL-01,106,34,41
2026-05-09,PROD00258,WH-CDMX-01,324,43,21
2026-05-09,PROD00162,WH-CDMX-01,383,5,41
2026-05-09,PROD00251,WH-OAX-01,103,4,12
2026-05-09,PROD00254,WH-MTY-01,56,11,71
2026-05-09,PROD00317,WH-MTY-01,386,33,79
2026-05-09,PROD00102,WH-GDL-01,425,32,25
2026-05-09,PROD00037,WH-GDL-01,521,33,61
2026-05-09,PROD00113,WH-GDL-01,260,16,29
2026-05-09,PROD00146,WH-OAX-01,405,44,30
2026-05-09,PROD00062,WH-MTY-01,68,40,14
2026-05-09,PROD00298,WH-CDMX-01,383,13,50
2026-05-09,PROD00147,WH-OAX-01,334,36,30
2026-05-09,PROD00094,WH-CDMX-01,96,0,68
2026-05-09,PROD00253,WH-GDL-01,246,27,53
2026-05-09,PROD00063,WH-MTY-01,90,6,66
2026-05-09,PROD00315,WH-OAX-01,210,10,37
2026-05-09,PROD00179,WH-CDMX-01,384,13,80
2026-05-09,PROD00280,WH-CDMX-01,254,30,70
2026-05-09,PROD00271,WH-GDL-01,18,15,66
2026-05-09,PROD00100,WH-CDMX-01,201,4,73
2026-05-09,PROD00083,WH-MTY-01,0,24,66
2026-05-09,PROD00333,WH-GDL-01,139,6,49
2026-05-09,PROD00316,WH-OAX-01,340,43,75
2026-05-09,PROD00052,WH-GDL-01,464,18,56
2026-05-09,PROD00304,WH-CDMX-01,343,4,30
2026-05-09,PROD00035,WH-GDL-01,161,13,54
2026-05-09,PROD00312,WH-GDL-01,318,3,65
2026-05-09,PROD00139,WH-CDMX-01,277,5,73
2026-05-09,PROD00265,WH-GDL-01,175,34,77
2026-05-09,PROD00172,WH-OAX-01,264,1,59
2026-05-09,PROD00214,WH-OAX-01,201,25,17
2026-05-09,PROD00225,WH-GDL-01,28,41,55
2026-05-09,PROD00295,WH-MTY-01,88,3,24
2026-05-09,PROD00244,WH-MTY-01,295,35,54
2026-05-09,PROD00097,WH-MTY-01,71,4,62
2026-05-09,PROD00132,WH-GDL-01,25,44,12
2026-05-09,PROD00060,WH-OAX-01,160,43,55
2026-05-09,PROD00019,WH-OAX-01,105,50,27
2026-05-09,PROD00234,WH-CDMX-01,68,45,79
2026-05-09,PROD00121,WH-CDMX-01,266,23,31
2026-05-09,PROD00071,WH-MTY-01,99,13,56
2026-05-09,PROD00309,WH-CDMX-01,277,22,65
2026-05-09,PROD00042,WH-GDL-01,216,49,37
2026-05-09,PROD00127,WH-OAX-01,120,13,14
2026-05-09,PROD00243,WH-OAX-01,213,45,19
2026-05-09,PROD00177,WH-CDMX-01,423,19,65
2026-05-09,PROD00223,WH-OAX-01,451,43,39
2026-05-09,PROD00142,WH-MTY-01,295,5,56
2026-05-09,PROD00290,WH-GDL-01,327,9,64
2026-05-09,PROD00031,WH-OAX-01,386,27,72
2026-05-09,PROD00260,WH-MTY-01,479,43,18
2026-05-09,PROD00344,WH-GDL-01,418,35,18
2026-05-09,PROD00015,WH-CDMX-01,59,5,16
2026-05-09,PROD00240,WH-GDL-01,77,16,68
2026-05-09,PROD00255,WH-GDL-01,388,20,21
2026-05-09,PROD00160,WH-CDMX-01,142,26,34
2026-05-09,PROD00236,WH-OAX-01,208,35,79
2026-05-09,PROD00201,WH-MTY-01,174,49,45
2026-05-09,PROD00194,WH-OAX-01,221,9,48
2026-05-09,PROD00034,WH-GDL-01,345,16,55
2026-05-09,PROD00002,WH-MTY-01,265,19,44
2026-05-09,PROD00038,WH-MTY-01,502,15,80
2026-05-09,PROD00314,WH-OAX-01,38,49,33
2026-05-09,PROD00296,WH-GDL-01,284,16,44
2026-05-09,PROD00161,WH-OAX-01,439,26,21
2026-05-09,PROD00323,WH-MTY-01,304,28,54
2026-05-09,PROD00114,WH-GDL-01,128,42,50
2026-05-09,PROD00343,WH-MTY-01,390,30,70
2026-05-09,PROD00320,WH-GDL-01,223,1,44
2026-05-09,PROD00178,WH-OAX-01,248,0,57
2026-05-09,PROD00322,WH-GDL-01,376,18,42
2026-05-09,PROD00085,WH-GDL-01,323,50,17
2026-05-09,PROD00105,WH-GDL-01,165,23,56
2026-05-09,PROD00278,WH-GDL-01,376,4,73
2026-05-09,PROD00027,WH-OAX-01,196,31,22
2026-05-09,PROD00137,WH-CDMX-01,115,47,25
2026-05-09,PROD00096,WH-CDMX-01,445,1,15
2026-05-10,PROD00252,WH-MTY-01,231,5,33
2026-05-10,PROD00273,WH-GDL-01,158,16,51
2026-05-10,PROD00064,WH-OAX-01,66,47,43
2026-05-10,PROD00187,WH-OAX-01,387,47,61
2026-05-10,PROD00072,WH-GDL-01,256,5,71
2026-05-10,PROD00250,WH-MTY-01,11,48,26
2026-05-10,PROD00228,WH-OAX-01,394,13,17
2026-05-10,PROD00338,WH-OAX-01,423,10,74
2026-05-10,PROD00279,WH-CDMX-01,159,2,59
2026-05-10,PROD00249,WH-MTY-01,247,33,62
2026-05-10,PROD00025,WH-CDMX-01,371,15,74
2026-05-10,PROD00087,WH-OAX-01,24,28,69
2026-05-10,PROD00065,WH-GDL-01,210,19,37
2026-05-10,PROD00195,WH-OAX-01,474,40,76
2026-05-10,PROD00330,WH-CDMX-01,271,17,24
2026-05-10,PROD00272,WH-GDL-01,148,50,23
2026-05-10,PROD00334,WH-CDMX-01,329,38,74
2026-05-10,PROD00182,WH-MTY-01,22,1,42
2026-05-10,PROD00143,WH-GDL-01,118,19,64
2026-05-10,PROD00030,WH-GDL-01,269,12,73
2026-05-10,PROD00067,WH-CDMX-01,76,44,21
2026-05-10,PROD00341,WH-MTY-01,445,18,73
2026-05-10,PROD00242,WH-GDL-01,283,31,58
2026-05-10,PROD00336,WH-GDL-01,339,21,20
2026-05-10,PROD00117,WH-GDL-01,85,24,22
2026-05-10,PROD00138,WH-CDMX-01,136,47,47
2026-05-10,PROD00261,WH-GDL-01,117,25,55
2026-05-10,PROD00314,WH-OAX-01,28,27,80
2026-05-10,PROD00032,WH-CDMX-01,0,25,24
2026-05-10,PROD00073,WH-CDMX-01,504,21,30
2026-05-10,PROD00196,WH-MTY-01,104,19,29
2026-05-10,PROD00080,WH-GDL-01,21,6,52
2026-05-10,PROD00055,WH-GDL-01,353,12,70
2026-05-10,PROD00288,WH-GDL-01,361,34,13
2026-05-10,PROD00038,WH-MTY-01,483,0,14
2026-05-10,PROD00308,WH-MTY-01,153,4,74
2026-05-10,PROD00286,WH-GDL-01,445,14,47
2026-05-10,PROD00304,WH-GDL-01,387,5,72
2026-05-10,PROD00081,WH-CDMX-01,49,26,78
2026-05-10,PROD00154,WH-MTY-01,344,45,27
2026-05-10,PROD00015,WH-OAX-01,79,46,77
2026-05-10,PROD00244,WH-GDL-01,296,12,66
2026-05-10,PROD00253,WH-MTY-01,244,48,29
2026-05-10,PROD00277,WH-MTY-01,498,9,75
2026-05-10,PROD00217,WH-MTY-01,403,46,12
2026-05-10,PROD00168,WH-CDMX-01,173,9,30
2026-05-10,PROD00109,WH-CDMX-01,181,39,28
2026-05-10,PROD00284,WH-MTY-01,459,32,23
2026-05-10,PROD00200,WH-CDMX-01,449,10,42
2026-05-10,PROD00121,WH-OAX-01,240,35,75
2026-05-10,PROD00215,WH-CDMX-01,57,18,53
2026-05-10,PROD00159,WH-CDMX-01,400,24,53
2026-05-10,PROD00161,WH-MTY-01,456,10,77
2026-05-10,PROD00274,WH-GDL-01,164,33,68
2026-05-10,PROD00298,WH-MTY-01,419,18,72
2026-05-10,PROD00139,WH-GDL-01,270,18,64
2026-05-10,PROD00219,WH-GDL-01,135,50,55
2026-05-10,PROD00243,WH-CDMX-01,212,3,65
2026-05-10,PROD00058,WH-GDL-01,35,47,66
2026-05-10,PROD00207,WH-OAX-01,423,13,76
2026-05-10,PROD00010,WH-OAX-01,108,6,77
2026-05-10,PROD00335,WH-GDL-01,468,38,31
2026-05-10,PROD00011,WH-CDMX-01,0,27,51
2026-05-10,PROD00208,WH-GDL-01,50,46,14
2026-05-10,PROD00142,WH-OAX-01,315,23,41
2026-05-10,PROD00293,WH-GDL-01,348,13,14
2026-05-10,PROD00077,WH-OAX-01,384,28,31
2026-05-10,PROD00155,WH-GDL-01,79,29,38
2026-05-10,PROD00074,WH-CDMX-01,0,45,76
2026-05-10,PROD00066,WH-CDMX-01,213,20,22
2026-05-10,PROD00042,WH-GDL-01,228,27,28
2026-05-10,PROD00113,WH-CDMX-01,277,33,73
2026-05-10,PROD00348,WH-OAX-01,390,30,10
2026-05-10,PROD00163,WH-CDMX-01,313,27,30
2026-05-10,PROD00171,WH-CDMX-01,132,49,44
2026-05-10,PROD00310,WH-GDL-01,224,44,29
2026-05-10,PROD00340,WH-MTY-01,320,48,10
2026-05-10,PROD00084,WH-OAX-01,307,33,79
2026-05-10,PROD00097,WH-GDL-01,58,23,41
2026-05-10,PROD00001,WH-GDL-01,255,23,31
2026-05-10,PROD00232,WH-GDL-01,293,13,61
2026-05-10,PROD00333,WH-CDMX-01,170,47,31
2026-05-10,PROD00002,WH-OAX-01,251,13,68
2026-05-10,PROD00133,WH-GDL-01,149,5,43
2026-05-10,PROD00292,WH-OAX-01,331,0,50
2026-05-10,PROD00212,WH-MTY-01,104,23,44
2026-05-10,PROD00149,WH-CDMX-01,10,2,69
2026-05-10,PROD00076,WH-GDL-01,412,14,76
2026-05-10,PROD00220,WH-CDMX-01,27,25,50
2026-05-10,PROD00027,WH-MTY-01,154,12,25
2026-05-10,PROD00129,WH-CDMX-01,70,39,29
2026-05-10,PROD00271,WH-OAX-01,17,21,16
2026-05-10,PROD00238,WH-GDL-01,92,8,21
2026-05-10,PROD00184,WH-GDL-01,86,26,79
2026-05-10,PROD00301,WH-GDL-01,451,36,30
2026-05-10,PROD00061,WH-OAX-01,406,37,57
2026-05-10,PROD00218,WH-OAX-01,328,11,43
2026-05-10,PROD00106,WH-CDMX-01,30,9,62
2026-05-10,PROD00089,WH-MTY-01,49,36,24
2026-05-10,PROD00146,WH-MTY-01,384,26,42
2026-05-10,PROD00332,WH-OAX-01,417,41,27
2026-05-10,PROD00233,WH-CDMX-01,154,21,50
2026-05-10,PROD00158,WH-OAX-01,188,42,40
2026-05-10,PROD00347,WH-GDL-01,354,33,28
2026-05-10,PROD00104,WH-MTY-01,116,32,49
2026-05-10,PROD00078,WH-MTY-01,419,31,17
2026-05-10,PROD00178,WH-MTY-01,266,42,28
2026-05-10,PROD00063,WH-MTY-01,54,38,72
2026-05-10,PROD00280,WH-GDL-01,254,18,17
2026-05-10,PROD00043,WH-OAX-01,239,42,18
2026-05-10,PROD00198,WH-MTY-01,396,0,60
2026-05-10,PROD00265,WH-OAX-01,170,27,53
2026-05-10,PROD00303,WH-GDL-01,364,37,77
2026-05-10,PROD00204,WH-GDL-01,474,0,59
2026-05-10,PROD00145,WH-GDL-01,294,46,31
2026-05-10,PROD00014,WH-OAX-01,61,5,38
2026-05-10,PROD00270,WH-GDL-01,294,0,51
2026-05-10,PROD00018,WH-MTY-01,464,33,77
2026-05-10,PROD00231,WH-OAX-01,279,13,62
2026-05-10,PROD00326,WH-CDMX-01,39,42,47
2026-05-10,PROD00211,WH-GDL-01,361,28,65
2026-05-10,PROD00264,WH-OAX-01,387,25,52
2026-05-10,PROD00054,WH-OAX-01,231,43,76
2026-05-10,PROD00289,WH-MTY-01,453,33,17
2026-05-10,PROD00057,WH-OAX-01,137,33,36
2026-05-10,PROD00339,WH-CDMX-01,166,18,47
2026-05-10,PROD00197,WH-MTY-01,250,11,29
2026-05-10,PROD00240,WH-CDMX-01,75,49,52
2026-05-10,PROD00258,WH-CDMX-01,303,16,40
2026-05-10,PROD00120,WH-MTY-01,183,2,40
2026-05-10,PROD00317,WH-CDMX-01,430,11,51
2026-05-10,PROD00263,WH-MTY-01,466,18,76
2026-05-10,PROD00016,WH-CDMX-01,92,33,45
2026-05-10,PROD00134,WH-CDMX-01,450,4,64
2026-05-10,PROD00235,WH-GDL-01,300,25,19
2026-05-10,PROD00105,WH-CDMX-01,174,16,54
2026-05-10,PROD00255,WH-OAX-01,364,22,53
2026-05-10,PROD00151,WH-OAX-01,183,46,71
2026-05-10,PROD00210,WH-GDL-01,20,21,28
2026-05-10,PROD00036,WH-GDL-01,54,21,65
2026-05-10,PROD00170,WH-GDL-01,421,27,18
2026-05-10,PROD00131,WH-CDMX-01,133,10,79
2026-05-10,PROD00241,WH-OAX-01,68,31,38
2026-05-10,PROD00062,WH-CDMX-01,50,31,34
2026-05-10,PROD00137,WH-CDMX-01,113,38,19
2026-05-10,PROD00048,WH-CDMX-01,376,47,32
2026-05-10,PROD00246,WH-GDL-01,79,48,30
2026-05-10,PROD00111,WH-MTY-01,90,48,79
2026-05-10,PROD00223,WH-OAX-01,500,6,10
2026-05-10,PROD00346,WH-OAX-01,428,50,70
2026-05-11,PROD00051,WH-GDL-01,455,10,50
2026-05-11,PROD00254,WH-CDMX-01,83,36,25
2026-05-11,PROD00302,WH-OAX-01,435,14,27
2026-05-11,PROD00046,WH-OAX-01,488,38,13
2026-05-11,PROD00236,WH-MTY-01,202,16,77
2026-05-11,PROD00013,WH-GDL-01,201,43,62
2026-05-11,PROD00247,WH-MTY-01,360,27,21
2026-05-11,PROD00315,WH-CDMX-01,193,45,13
2026-05-11,PROD00191,WH-GDL-01,488,32,69
2026-05-11,PROD00328,WH-MTY-01,465,39,42
2026-05-11,PROD00118,WH-MTY-01,87,10,36
2026-05-11,PROD00220,WH-OAX-01,1,22,42
2026-05-11,PROD00287,WH-MTY-01,230,47,58
2026-05-11,PROD00227,WH-OAX-01,421,43,70
2026-05-11,PROD00012,WH-GDL-01,473,49,56
2026-05-11,PROD00068,WH-GDL-01,341,4,49
2026-05-11,PROD00270,WH-CDMX-01,337,29,75
2026-05-11,PROD00273,WH-GDL-01,113,9,50
2026-05-11,PROD00301,WH-OAX-01,406,46,71
2026-05-11,PROD00249,WH-OAX-01,209,38,73
2026-05-11,PROD00238,WH-CDMX-01,119,16,20
2026-05-11,PROD00248,WH-MTY-01,26,24,28
2026-05-11,PROD00310,WH-OAX-01,217,13,28
2026-05-11,PROD00344,WH-GDL-01,425,32,15
2026-05-11,PROD00207,WH-OAX-01,387,25,11
2026-05-11,PROD00241,WH-MTY-01,90,40,73
2026-05-11,PROD00186,WH-OAX-01,23,25,79
2026-05-11,PROD00026,WH-MTY-01,153,28,63
2026-05-11,PROD00170,WH-MTY-01,383,17,39
2026-05-11,PROD00219,WH-OAX-01,149,13,27
2026-05-11,PROD00349,WH-GDL-01,382,44,64
2026-05-11,PROD00165,WH-MTY-01,317,25,51
2026-05-11,PROD00120,WH-OAX-01,228,29,46
2026-05-11,PROD00311,WH-GDL-01,369,22,46
2026-05-11,PROD00190,WH-MTY-01,105,39,29
2026-05-11,PROD00067,WH-GDL-01,57,5,49
2026-05-11,PROD00251,WH-OAX-01,110,4,27
2026-05-11,PROD00149,WH-GDL-01,1,35,67
2026-05-11,PROD00174,WH-GDL-01,174,23,77
2026-05-11,PROD00002,WH-MTY-01,242,8,36
2026-05-11,PROD00100,WH-MTY-01,182,4,22
2026-05-11,PROD00198,WH-GDL-01,396,43,22
2026-05-11,PROD00110,WH-OAX-01,348,7,75
2026-05-11,PROD00175,WH-GDL-01,113,24,36
2026-05-11,PROD00101,WH-GDL-01,101,44,14
2026-05-11,PROD00094,WH-MTY-01,124,46,63
2026-05-11,PROD00152,WH-MTY-01,456,46,65
2026-05-11,PROD00104,WH-GDL-01,123,40,54
2026-05-11,PROD00338,WH-GDL-01,394,31,12
2026-05-11,PROD00134,WH-GDL-01,479,38,39
2026-05-11,PROD00164,WH-CDMX-01,372,12,11
2026-05-11,PROD00235,WH-CDMX-01,324,29,63
2026-05-11,PROD00060,WH-OAX-01,171,34,40
2026-05-11,PROD00049,WH-MTY-01,477,48,32
2026-05-11,PROD00197,WH-GDL-01,205,12,61
2026-05-11,PROD00098,WH-CDMX-01,0,25,23
2026-05-11,PROD00242,WH-MTY-01,281,28,38
2026-05-11,PROD00029,WH-OAX-01,87,12,21
2026-05-11,PROD00125,WH-CDMX-01,331,1,61
2026-05-11,PROD00179,WH-MTY-01,357,16,55
2026-05-11,PROD00129,WH-CDMX-01,61,14,26
2026-05-11,PROD00257,WH-MTY-01,495,6,45
2026-05-11,PROD00102,WH-OAX-01,400,44,28
2026-05-11,PROD00091,WH-CDMX-01,479,12,42
2026-05-11,PROD00160,WH-CDMX-01,155,20,29
2026-05-11,PROD00078,WH-MTY-01,382,47,63
2026-05-11,PROD00106,WH-CDMX-01,19,16,41
2026-05-11,PROD00218,WH-CDMX-01,301,44,54
2026-05-11,PROD00229,WH-CDMX-01,352,13,41
2026-05-11,PROD00005,WH-OAX-01,351,46,30
2026-05-11,PROD00333,WH-MTY-01,170,23,21
2026-05-11,PROD00083,WH-GDL-01,6,11,25
2026-05-11,PROD00052,WH-CDMX-01,468,14,59
2026-05-11,PROD00037,WH-CDMX-01,469,26,54
2026-05-11,PROD00093,WH-GDL-01,227,41,60
2026-05-11,PROD00226,WH-CDMX-01,148,48,11
2026-05-11,PROD00077,WH-CDMX-01,399,13,46
2026-05-11,PROD00105,WH-CDMX-01,164,16,52
2026-05-11,PROD00290,WH-CDMX-01,327,0,13
2026-05-11,PROD00061,WH-GDL-01,417,13,55
2026-05-11,PROD00154,WH-MTY-01,329,46,71
2026-05-11,PROD00196,WH-GDL-01,59,29,13
2026-05-11,PROD00076,WH-MTY-01,436,21,18
2026-05-11,PROD00230,WH-GDL-01,332,43,69
2026-05-11,PROD00209,WH-OAX-01,249,36,75
2026-05-11,PROD00023,WH-CDMX-01,226,50,40
2026-05-11,PROD00086,WH-OAX-01,91,30,34
2026-05-11,PROD00001,WH-GDL-01,273,17,63
2026-05-11,PROD00156,WH-MTY-01,87,44,56
2026-05-11,PROD00288,WH-MTY-01,332,2,24
2026-05-11,PROD00011,WH-MTY-01,18,31,32
2026-05-11,PROD00202,WH-MTY-01,366,4,57
2026-05-11,PROD00326,WH-OAX-01,47,41,55
2026-05-11,PROD00121,WH-CDMX-01,256,3,38
2026-05-11,PROD00034,WH-MTY-01,338,48,23
2026-05-11,PROD00127,WH-OAX-01,150,50,45
2026-05-11,PROD00117,WH-MTY-01,92,29,62
2026-05-11,PROD00139,WH-MTY-01,265,18,53
2026-05-11,PROD00017,WH-GDL-01,32,42,32
2026-05-11,PROD00122,WH-MTY-01,160,8,33
2026-05-11,PROD00231,WH-OAX-01,285,17,49
2026-05-11,PROD00006,WH-CDMX-01,261,30,49
2026-05-11,PROD00204,WH-MTY-01,436,42,21
2026-05-11,PROD00053,WH-MTY-01,478,11,55
2026-05-11,PROD00307,WH-GDL-01,241,40,23
2026-05-11,PROD00224,WH-CDMX-01,61,48,36
2026-05-11,PROD00325,WH-CDMX-01,310,39,79
2026-05-11,PROD00024,WH-OAX-01,202,37,54
2026-05-11,PROD00066,WH-CDMX-01,224,9,45
2026-05-11,PROD00276,WH-MTY-01,394,37,60
2026-05-11,PROD00195,WH-OAX-01,461,18,25
2026-05-11,PROD00266,WH-MTY-01,392,33,47
2026-05-11,PROD00020,WH-OAX-01,424,4,67
2026-05-11,PROD00272,WH-OAX-01,148,1,12
2026-05-11,PROD00300,WH-MTY-01,264,48,59
2026-05-11,PROD00150,WH-CDMX-01,69,32,53
2026-05-11,PROD00265,WH-GDL-01,128,32,49
2026-05-11,PROD00308,WH-GDL-01,118,0,24
2026-05-11,PROD00253,WH-MTY-01,251,10,30
2026-05-11,PROD00108,WH-CDMX-01,250,27,65
2026-05-11,PROD00123,WH-GDL-01,401,33,69
2026-05-11,PROD00176,WH-MTY-01,291,17,61
2026-05-11,PROD00157,WH-GDL-01,479,34,20
2026-05-11,PROD00295,WH-GDL-01,105,24,60
2026-05-11,PROD00126,WH-GDL-01,417,10,68
2026-05-11,PROD00234,WH-OAX-01,96,46,57
2026-05-11,PROD00316,WH-MTY-01,332,10,50
2026-05-11,PROD00059,WH-GDL-01,386,2,67
2026-05-11,PROD00033,WH-GDL-01,446,44,74
2026-05-11,PROD00180,WH-CDMX-01,377,8,50
2026-05-11,PROD00348,WH-MTY-01,380,37,11
2026-05-11,PROD00103,WH-MTY-01,486,42,31
2026-05-11,PROD00043,WH-GDL-01,280,36,52
2026-05-11,PROD00329,WH-CDMX-01,176,41,21
2026-05-11,PROD00286,WH-GDL-01,409,2,74
2026-05-11,PROD00038,WH-MTY-01,479,36,38
2026-05-11,PROD00178,WH-GDL-01,216,31,45
2026-05-11,PROD00135,WH-CDMX-01,231,36,72
2026-05-11,PROD00151,WH-CDMX-01,176,6,80
2026-05-11,PROD00259,WH-MTY-01,354,11,69
2026-05-11,PROD00035,WH-MTY-01,199,11,21
2026-05-11,PROD00062,WH-GDL-01,80,34,18
2026-05-11,PROD00322,WH-GDL-01,366,19,50
2026-05-11,PROD00292,WH-MTY-01,292,30,42
2026-05-11,PROD00252,WH-GDL-01,231,28,55
2026-05-11,PROD00167,WH-OAX-01,461,6,14
2026-05-11,PROD00260,WH-OAX-01,489,0,24
2026-05-11,PROD00306,WH-OAX-01,307,30,24
2026-05-11,PROD00263,WH-MTY-01,432,5,39
2026-05-11,PROD00057,WH-OAX-01,109,12,54
2026-05-12,PROD00214,WH-GDL-01,193,22,19
2026-05-12,PROD00235,WH-MTY-01,299,36,18
2026-05-12,PROD00349,WH-OAX-01,361,45,45
2026-05-12,PROD00242,WH-CDMX-01,306,11,34
2026-05-12,PROD00033,WH-CDMX-01,455,35,67
2026-05-12,PROD00038,WH-OAX-01,477,38,54
2026-05-12,PROD00118,WH-GDL-01,84,30,24
2026-05-12,PROD00116,WH-MTY-01,280,34,48
2026-05-12,PROD00339,WH-MTY-01,111,4,72
2026-05-12,PROD00068,WH-OAX-01,335,2,13
2026-05-12,PROD00030,WH-OAX-01,265,42,49
2026-05-12,PROD00133,WH-CDMX-01,104,31,17
2026-05-12,PROD00078,WH-MTY-01,437,4,67
2026-05-12,PROD00288,WH-MTY-01,318,35,32
2026-05-12,PROD00227,WH-OAX-01,391,18,72
2026-05-12,PROD00005,WH-MTY-01,347,15,38
2026-05-12,PROD00344,WH-MTY-01,441,27,21
2026-05-12,PROD00293,WH-OAX-01,384,31,63
2026-05-12,PROD00198,WH-OAX-01,418,45,66
2026-05-12,PROD00193,WH-MTY-01,434,30,23
2026-05-12,PROD00127,WH-GDL-01,148,50,70
2026-05-12,PROD00120,WH-OAX-01,229,33,68
2026-05-12,PROD00338,WH-OAX-01,408,50,28
2026-05-12,PROD00205,WH-OAX-01,446,28,78
2026-05-12,PROD00211,WH-CDMX-01,384,21,80
2026-05-12,PROD00073,WH-MTY-01,469,19,50
2026-05-12,PROD00010,WH-MTY-01,107,43,16
2026-05-12,PROD00190,WH-CDMX-01,70,31,41
2026-05-12,PROD00075,WH-GDL-01,308,27,70
2026-05-12,PROD00188,WH-GDL-01,35,44,77
2026-05-12,PROD00195,WH-GDL-01,422,34,75
2026-05-12,PROD00079,WH-GDL-01,0,12,59
2026-05-12,PROD00066,WH-CDMX-01,212,10,19
2026-05-12,PROD00296,WH-CDMX-01,296,39,60
2026-05-12,PROD00204,WH-CDMX-01,471,6,22
2026-05-12,PROD00171,WH-MTY-01,119,50,35
2026-05-12,PROD00042,WH-GDL-01,203,22,63
2026-05-12,PROD00174,WH-CDMX-01,162,36,36
2026-05-12,PROD00122,WH-GDL-01,161,45,44
2026-05-12,PROD00249,WH-GDL-01,210,44,34
2026-05-12,PROD00325,WH-CDMX-01,291,26,68
2026-05-12,PROD00263,WH-OAX-01,428,24,23
2026-05-12,PROD00031,WH-CDMX-01,436,31,60
2026-05-12,PROD00216,WH-OAX-01,318,14,51
2026-05-12,PROD00047,WH-CDMX-01,0,40,37
2026-05-12,PROD00181,WH-OAX-01,104,0,73
2026-05-12,PROD00333,WH-CDMX-01,166,37,69
2026-05-12,PROD00055,WH-OAX-01,348,2,41
2026-05-12,PROD00332,WH-CDMX-01,451,32,48
2026-05-12,PROD00287,WH-OAX-01,231,30,35
2026-05-12,PROD00217,WH-MTY-01,389,0,20
2026-05-12,PROD00213,WH-OAX-01,64,38,64
2026-05-12,PROD00059,WH-CDMX-01,366,26,11
2026-05-12,PROD00318,WH-OAX-01,337,37,53
2026-05-12,PROD00274,WH-GDL-01,168,33,65
2026-05-12,PROD00180,WH-MTY-01,405,24,61
2026-05-12,PROD00191,WH-MTY-01,482,36,52
2026-05-12,PROD00340,WH-OAX-01,310,17,53
2026-05-12,PROD00083,WH-CDMX-01,8,40,38
2026-05-12,PROD00290,WH-CDMX-01,323,29,67
2026-05-12,PROD00149,WH-MTY-01,16,44,80
2026-05-12,PROD00020,WH-CDMX-01,459,10,61
2026-05-12,PROD00212,WH-MTY-01,105,7,45
2026-05-12,PROD00328,WH-MTY-01,471,47,18
2026-05-12,PROD00258,WH-OAX-01,303,46,53
2026-05-12,PROD00270,WH-OAX-01,331,45,78
2026-05-12,PROD00072,WH-CDMX-01,240,45,68
2026-05-12,PROD00136,WH-CDMX-01,317,25,64
2026-05-12,PROD00018,WH-MTY-01,520,30,46
2026-05-12,PROD00138,WH-GDL-01,120,20,74
2026-05-12,PROD00301,WH-MTY-01,452,0,41
2026-05-12,PROD00294,WH-CDMX-01,140,27,35
2026-05-12,PROD00303,WH-GDL-01,365,13,66
2026-05-12,PROD00157,WH-GDL-01,431,14,34
2026-05-12,PROD00250,WH-MTY-01,43,45,67
2026-05-12,PROD00283,WH-OAX-01,311,18,57
2026-05-12,PROD00210,WH-OAX-01,45,14,38
2026-05-12,PROD00107,WH-GDL-01,391,44,20
2026-05-12,PROD00137,WH-MTY-01,161,29,28
2026-05-12,PROD00233,WH-MTY-01,185,24,22
2026-05-12,PROD00161,WH-MTY-01,460,18,58
2026-05-12,PROD00334,WH-CDMX-01,313,3,53
2026-05-12,PROD00169,WH-MTY-01,341,48,24
2026-05-12,PROD00125,WH-GDL-01,328,37,74
2026-05-12,PROD00348,WH-OAX-01,387,14,73
2026-05-12,PROD00145,WH-GDL-01,334,9,38
2026-05-12,PROD00170,WH-OAX-01,426,14,36
2026-05-12,PROD00065,WH-OAX-01,182,1,28
2026-05-12,PROD00279,WH-MTY-01,164,44,42
2026-05-12,PROD00096,WH-CDMX-01,463,6,71
2026-05-12,PROD00175,WH-GDL-01,153,34,28
2026-05-12,PROD00221,WH-GDL-01,478,9,33
2026-05-12,PROD00007,WH-CDMX-01,112,38,18
2026-05-12,PROD00151,WH-OAX-01,208,42,78
2026-05-12,PROD00251,WH-GDL-01,117,3,10
2026-05-12,PROD00176,WH-CDMX-01,300,23,28
2026-05-12,PROD00268,WH-OAX-01,258,17,34
2026-05-12,PROD00001,WH-GDL-01,265,17,78
2026-05-12,PROD00267,WH-OAX-01,92,25,77
2026-05-12,PROD00167,WH-GDL-01,456,22,60
2026-05-12,PROD00023,WH-CDMX-01,214,45,69
2026-05-12,PROD00029,WH-CDMX-01,86,35,12
2026-05-12,PROD00119,WH-GDL-01,198,35,53
2026-05-12,PROD00237,WH-OAX-01,29,46,62
2026-05-12,PROD00101,WH-GDL-01,77,34,58
2026-05-12,PROD00054,WH-GDL-01,184,34,12
2026-05-12,PROD00203,WH-CDMX-01,310,43,47
2026-05-12,PROD00053,WH-MTY-01,434,14,31
2026-05-12,PROD00111,WH-CDMX-01,116,34,67
2026-05-12,PROD00266,WH-MTY-01,393,36,39
2026-05-12,PROD00192,WH-OAX-01,30,33,27
2026-05-12,PROD00097,WH-OAX-01,69,9,56
2026-05-12,PROD00026,WH-GDL-01,150,29,10
2026-05-12,PROD00142,WH-OAX-01,279,36,37
2026-05-12,PROD00254,WH-OAX-01,57,18,34
2026-05-12,PROD00256,WH-MTY-01,337,3,77
2026-05-12,PROD00017,WH-GDL-01,0,30,16
2026-05-12,PROD00095,WH-OAX-01,129,40,42
2026-05-12,PROD00234,WH-OAX-01,60,31,33
2026-05-12,PROD00087,WH-CDMX-01,76,6,63
2026-05-12,PROD00257,WH-CDMX-01,501,35,22
2026-05-12,PROD00076,WH-OAX-01,407,7,13
2026-05-12,PROD00123,WH-CDMX-01,405,5,76
2026-05-12,PROD00345,WH-GDL-01,487,10,39
2026-05-12,PROD00141,WH-MTY-01,12,6,80
2026-05-12,PROD00341,WH-GDL-01,449,16,65
2026-05-12,PROD00276,WH-MTY-01,421,17,33
2026-05-12,PROD00306,WH-MTY-01,366,10,20
2026-05-12,PROD00146,WH-MTY-01,414,38,74
2026-05-12,PROD00082,WH-CDMX-01,270,21,15
2026-05-12,PROD00342,WH-MTY-01,104,14,31
2026-05-12,PROD00093,WH-OAX-01,249,49,78
2026-05-12,PROD00086,WH-OAX-01,82,38,38
2026-05-12,PROD00327,WH-MTY-01,418,17,16
2026-05-12,PROD00196,WH-OAX-01,93,12,39
2026-05-12,PROD00313,WH-GDL-01,85,18,62
2026-05-12,PROD00245,WH-GDL-01,86,26,57
2026-05-12,PROD00006,WH-CDMX-01,272,3,53
2026-05-12,PROD00299,WH-CDMX-01,241,2,57
2026-05-12,PROD00019,WH-OAX-01,90,42,52
2026-05-12,PROD00222,WH-OAX-01,43,29,13
2026-05-12,PROD00226,WH-CDMX-01,167,34,79
2026-05-12,PROD00350,WH-CDMX-01,154,20,66
2026-05-12,PROD00103,WH-GDL-01,480,37,55
2026-05-12,PROD00049,WH-OAX-01,450,4,31
2026-05-12,PROD00113,WH-MTY-01,274,42,79
2026-05-12,PROD00246,WH-CDMX-01,105,46,15
2026-05-12,PROD00008,WH-CDMX-01,293,18,30
2026-05-12,PROD00009,WH-OAX-01,441,14,20
2026-05-12,PROD00231,WH-GDL-01,270,31,74
2026-05-13,PROD00018,WH-OAX-01,501,47,19
2026-05-13,PROD00045,WH-MTY-01,420,47,67
2026-05-13,PROD00176,WH-MTY-01,305,45,10
2026-05-13,PROD00204,WH-OAX-01,454,13,20
2026-05-13,PROD00043,WH-MTY-01,235,31,79
2026-05-13,PROD00207,WH-MTY-01,375,2,63
2026-05-13,PROD00130,WH-GDL-01,441,22,48
2026-05-13,PROD00337,WH-GDL-01,395,27,33
2026-05-13,PROD00061,WH-CDMX-01,429,33,18
2026-05-13,PROD00106,WH-CDMX-01,10,43,16
2026-05-13,PROD00041,WH-GDL-01,164,46,22
2026-05-13,PROD00338,WH-GDL-01,418,3,77
2026-05-13,PROD00279,WH-OAX-01,119,29,49
2026-05-13,PROD00141,WH-CDMX-01,7,13,64
2026-05-13,PROD00258,WH-OAX-01,288,44,76
2026-05-13,PROD00019,WH-OAX-01,87,8,68
2026-05-13,PROD00103,WH-GDL-01,500,43,76
2026-05-13,PROD00067,WH-OAX-01,74,13,10
2026-05-13,PROD00260,WH-GDL-01,494,26,38
2026-05-13,PROD00076,WH-MTY-01,416,29,54
2026-05-13,PROD00064,WH-CDMX-01,52,42,35
2026-05-13,PROD00146,WH-GDL-01,405,26,10
2026-05-13,PROD00065,WH-GDL-01,192,3,21
2026-05-13,PROD00249,WH-GDL-01,208,13,56
2026-05-13,PROD00327,WH-CDMX-01,463,38,42
2026-05-13,PROD00280,WH-CDMX-01,262,12,76
2026-05-13,PROD00340,WH-GDL-01,304,48,48
2026-05-13,PROD00350,WH-GDL-01,211,26,37
2026-05-13,PROD00257,WH-MTY-01,500,35,17
2026-05-13,PROD00145,WH-MTY-01,303,23,18
2026-05-13,PROD00218,WH-GDL-01,316,39,61
2026-05-13,PROD00277,WH-GDL-01,518,42,66
2026-05-13,PROD00344,WH-CDMX-01,467,5,69
2026-05-13,PROD00075,WH-GDL-01,311,6,47
2026-05-13,PROD00171,WH-MTY-01,116,9,22
2026-05-13,PROD00056,WH-CDMX-01,247,35,59
2026-05-13,PROD00197,WH-MTY-01,225,4,65
2026-05-13,PROD00278,WH-OAX-01,353,26,17
2026-05-13,PROD00110,WH-OAX-01,380,40,34
2026-05-13,PROD00052,WH-OAX-01,474,24,40
2026-05-13,PROD00010,WH-MTY-01,103,12,16
2026-05-13,PROD00281,WH-GDL-01,493,8,18
2026-05-13,PROD00152,WH-OAX-01,431,14,58
2026-05-13,PROD00347,WH-OAX-01,355,36,31
2026-05-13,PROD00177,WH-MTY-01,422,43,72
2026-05-13,PROD00196,WH-GDL-01,103,28,11
2026-05-13,PROD00136,WH-MTY-01,274,50,34
2026-05-13,PROD00094,WH-CDMX-01,90,36,21
2026-05-13,PROD00099,WH-GDL-01,498,10,20
2026-05-13,PROD00091,WH-GDL-01,488,21,58
2026-05-13,PROD00159,WH-GDL-01,384,2,28
2026-05-13,PROD00190,WH-CDMX-01,93,20,55
2026-05-13,PROD00129,WH-CDMX-01,44,34,30
2026-05-13,PROD00166,WH-CDMX-01,122,24,42
2026-05-13,PROD00131,WH-GDL-01,169,42,24
2026-05-13,PROD00349,WH-GDL-01,390,6,80
2026-05-13,PROD00042,WH-CDMX-01,218,47,43
2026-05-13,PROD00107,WH-MTY-01,387,36,52
2026-05-13,PROD00174,WH-OAX-01,170,18,23
2026-05-13,PROD00308,WH-GDL-01,155,14,59
2026-05-13,PROD00299,WH-OAX-01,229,48,48
2026-05-13,PROD00157,WH-CDMX-01,456,2,34
2026-05-13,PROD00095,WH-CDMX-01,124,19,36
2026-05-13,PROD00096,WH-GDL-01,404,34,36
2026-05-13,PROD00227,WH-GDL-01,363,0,39
2026-05-13,PROD00073,WH-OAX-01,483,15,11
2026-05-13,PROD00206,WH-OAX-01,302,18,16
2026-05-13,PROD00058,WH-GDL-01,52,27,27
2026-05-13,PROD00309,WH-GDL-01,320,33,42
2026-05-13,PROD00125,WH-GDL-01,338,19,53
2026-05-13,PROD00285,WH-GDL-01,427,5,15
2026-05-13,PROD00270,WH-GDL-01,312,39,78
2026-05-13,PROD00158,WH-OAX-01,164,32,55
2026-05-13,PROD00334,WH-CDMX-01,356,45,49
2026-05-13,PROD00182,WH-GDL-01,37,46,47
2026-05-13,PROD00336,WH-GDL-01,343,38,13
2026-05-13,PROD00192,WH-OAX-01,34,8,70
2026-05-13,PROD00283,WH-GDL-01,341,36,54
2026-05-13,PROD00031,WH-OAX-01,402,37,65
2026-05-13,PROD00047,WH-OAX-01,16,32,49
2026-05-13,PROD00234,WH-OAX-01,44,6,48
2026-05-13,PROD00241,WH-GDL-01,109,47,16
2026-05-13,PROD00034,WH-MTY-01,305,1,52
2026-05-13,PROD00330,WH-CDMX-01,277,9,55
2026-05-13,PROD00143,WH-MTY-01,128,8,55
2026-05-13,PROD00222,WH-OAX-01,72,15,12
2026-05-13,PROD00230,WH-OAX-01,323,47,36
2026-05-13,PROD00325,WH-MTY-01,297,11,47
2026-05-13,PROD00203,WH-GDL-01,282,33,28
2026-05-13,PROD00162,WH-MTY-01,394,14,28
2026-05-13,PROD00269,WH-MTY-01,49,10,38
2026-05-13,PROD00098,WH-MTY-01,15,50,18
2026-05-13,PROD00256,WH-CDMX-01,332,46,50
2026-05-13,PROD00301,WH-OAX-01,462,38,40
2026-05-13,PROD00054,WH-MTY-01,216,22,74
2026-05-13,PROD00142,WH-GDL-01,262,27,36
2026-05-13,PROD00189,WH-GDL-01,498,26,71
2026-05-13,PROD00123,WH-GDL-01,435,25,19
2026-05-13,PROD00320,WH-GDL-01,220,2,11
2026-05-13,PROD00254,WH-OAX-01,35,9,27
2026-05-13,PROD00282,WH-GDL-01,442,35,66
2026-05-13,PROD00167,WH-CDMX-01,449,30,45
2026-05-13,PROD00267,WH-CDMX-01,90,42,68
2026-05-13,PROD00090,WH-MTY-01,204,7,14
2026-05-13,PROD00313,WH-CDMX-01,67,17,71
2026-05-13,PROD00093,WH-OAX-01,235,14,50
2026-05-13,PROD00348,WH-MTY-01,366,34,63
2026-05-13,PROD00003,WH-OAX-01,433,46,80
2026-05-13,PROD00318,WH-CDMX-01,302,13,52
2026-05-13,PROD00071,WH-OAX-01,74,31,16
2026-05-13,PROD00276,WH-CDMX-01,410,41,66
2026-05-13,PROD00229,WH-MTY-01,343,14,49
2026-05-13,PROD00179,WH-MTY-01,373,33,21
2026-05-13,PROD00153,WH-MTY-01,77,46,73
2026-05-13,PROD00273,WH-CDMX-01,118,41,73
2026-05-13,PROD00223,WH-OAX-01,480,14,36
2026-05-13,PROD00259,WH-GDL-01,320,33,12
2026-05-13,PROD00074,WH-MTY-01,0,37,25
2026-05-13,PROD00111,WH-MTY-01,99,38,67
2026-05-13,PROD00339,WH-OAX-01,132,23,32
2026-05-13,PROD00289,WH-MTY-01,483,27,23
2026-05-13,PROD00104,WH-CDMX-01,125,40,31
2026-05-13,PROD00310,WH-CDMX-01,241,0,35
2026-05-13,PROD00030,WH-CDMX-01,276,5,17
2026-05-13,PROD00253,WH-OAX-01,262,24,21
2026-05-13,PROD00079,WH-GDL-01,25,48,20
2026-05-13,PROD00002,WH-OAX-01,244,25,43
2026-05-13,PROD00321,WH-GDL-01,342,10,73
2026-05-13,PROD00231,WH-MTY-01,311,12,11
2026-05-13,PROD00212,WH-MTY-01,117,2,14
2026-05-13,PROD00097,WH-GDL-01,105,2,23
2026-05-13,PROD00109,WH-OAX-01,189,18,54
2026-05-13,PROD00271,WH-OAX-01,64,28,67
2026-05-13,PROD00040,WH-CDMX-01,368,37,44
2026-05-13,PROD00248,WH-OAX-01,29,1,64
2026-05-13,PROD00069,WH-OAX-01,402,9,36
2026-05-13,PROD00293,WH-OAX-01,358,45,29
2026-05-13,PROD00033,WH-GDL-01,469,5,40
2026-05-13,PROD00147,WH-OAX-01,383,15,76
2026-05-13,PROD00251,WH-MTY-01,95,14,23
2026-05-13,PROD00244,WH-CDMX-01,304,22,13
2026-05-13,PROD00116,WH-OAX-01,287,44,52
2026-05-13,PROD00237,WH-GDL-01,0,26,39
2026-05-13,PROD00029,WH-OAX-01,60,50,29
2026-05-13,PROD00085,WH-GDL-01,293,40,52
2026-05-13,PROD00272,WH-OAX-01,97,36,69
2026-05-13,PROD00240,WH-CDMX-01,89,13,22
2026-05-13,PROD00186,WH-MTY-01,28,11,66
2026-05-13,PROD00068,WH-CDMX-01,330,24,56
2026-05-13,PROD00050,WH-GDL-01,387,7,47
2026-05-14,PROD00298,WH-GDL-01,420,2,30
2026-05-14,PROD00254,WH-MTY-01,87,22,20
2026-05-14,PROD00108,WH-OAX-01,290,39,27
2026-05-14,PROD00259,WH-OAX-01,328,23,37
2026-05-14,PROD00210,WH-OAX-01,10,45,69
2026-05-14,PROD00100,WH-OAX-01,161,49,39
2026-05-14,PROD00218,WH-OAX-01,279,17,61
2026-05-14,PROD00074,WH-GDL-01,0,27,71
2026-05-14,PROD00028,WH-MTY-01,191,18,60
2026-05-14,PROD00082,WH-GDL-01,213,13,12
2026-05-14,PROD00221,WH-CDMX-01,450,45,32
2026-05-14,PROD00049,WH-MTY-01,468,24,37
2026-05-14,PROD00103,WH-MTY-01,520,21,78
2026-05-14,PROD00286,WH-GDL-01,411,11,17
2026-05-14,PROD00205,WH-MTY-01,474,36,46
2026-05-14,PROD00244,WH-MTY-01,318,2,77
2026-05-14,PROD00075,WH-GDL-01,317,0,50
2026-05-14,PROD00166,WH-MTY-01,119,13,68
2026-05-14,PROD00093,WH-GDL-01,249,40,52
2026-05-14,PROD00280,WH-OAX-01,224,2,28
2026-05-14,PROD00098,WH-OAX-01,0,37,25
2026-05-14,PROD00058,WH-GDL-01,38,4,61
2026-05-14,PROD00284,WH-MTY-01,428,40,66
2026-05-14,PROD00228,WH-GDL-01,421,45,31
2026-05-14,PROD00017,WH-CDMX-01,0,2,10
2026-05-14,PROD00147,WH-GDL-01,340,6,58
2026-05-14,PROD00191,WH-MTY-01,480,23,69
2026-05-14,PROD00030,WH-GDL-01,258,24,63
2026-05-14,PROD00101,WH-MTY-01,62,36,18
2026-05-14,PROD00255,WH-GDL-01,387,17,75
2026-05-14,PROD00150,WH-MTY-01,50,46,77
2026-05-14,PROD00342,WH-CDMX-01,135,18,64
2026-05-14,PROD00117,WH-MTY-01,49,46,67
2026-05-14,PROD00130,WH-GDL-01,451,48,62
2026-05-14,PROD00245,WH-MTY-01,111,48,44
2026-05-14,PROD00194,WH-MTY-01,228,21,13
2026-05-14,PROD00113,WH-CDMX-01,274,17,58
2026-05-14,PROD00345,WH-CDMX-01,461,27,52
2026-05-14,PROD00155,WH-MTY-01,79,3,78
2026-05-14,PROD00233,WH-CDMX-01,134,4,80
2026-05-14,PROD00180,WH-CDMX-01,368,30,31
2026-05-14,PROD00306,WH-CDMX-01,322,4,70
2026-05-14,PROD00153,WH-GDL-01,91,48,24
2026-05-14,PROD00309,WH-CDMX-01,285,35,31
2026-05-14,PROD00107,WH-MTY-01,385,49,66
2026-05-14,PROD00307,WH-MTY-01,266,50,48
2026-05-14,PROD00114,WH-OAX-01,126,30,11
2026-05-14,PROD00035,WH-MTY-01,197,3,64
2026-05-14,PROD00223,WH-CDMX-01,485,28,63
2026-05-14,PROD00346,WH-GDL-01,373,31,74
2026-05-14,PROD00188,WH-CDMX-01,45,36,40
2026-05-14,PROD00013,WH-MTY-01,211,25,69
2026-05-14,PROD00118,WH-OAX-01,83,40,49
2026-05-14,PROD00287,WH-OAX-01,255,23,15
2026-05-14,PROD00090,WH-CDMX-01,195,17,19
2026-05-14,PROD00010,WH-MTY-01,154,11,38
2026-05-14,PROD00163,WH-MTY-01,344,36,64
2026-05-14,PROD00080,WH-MTY-01,0,22,31
2026-05-14,PROD00321,WH-OAX-01,326,46,49
2026-05-14,PROD00323,WH-CDMX-01,266,50,30
2026-05-14,PROD00005,WH-OAX-01,343,3,80
2026-05-14,PROD00023,WH-OAX-01,227,46,24
2026-05-14,PROD00278,WH-MTY-01,354,34,13
2026-05-14,PROD00204,WH-MTY-01,456,19,76
2026-05-14,PROD00238,WH-MTY-01,87,47,40
2026-05-14,PROD00207,WH-CDMX-01,378,9,34
2026-05-14,PROD00159,WH-GDL-01,396,49,67
2026-05-14,PROD00122,WH-CDMX-01,190,28,11
2026-05-14,PROD00212,WH-CDMX-01,110,43,72
2026-05-14,PROD00142,WH-OAX-01,316,33,11
2026-05-14,PROD00265,WH-GDL-01,177,11,79
2026-05-14,PROD00272,WH-MTY-01,149,2,33
2026-05-14,PROD00095,WH-OAX-01,149,15,43
2026-05-14,PROD00161,WH-CDMX-01,423,11,41
2026-05-14,PROD00178,WH-CDMX-01,213,20,59
2026-05-14,PROD00062,WH-CDMX-01,30,40,25
2026-05-14,PROD00055,WH-OAX-01,398,11,36
2026-05-14,PROD00040,WH-OAX-01,362,50,40
2026-05-14,PROD00008,WH-OAX-01,302,41,59
2026-05-14,PROD00285,WH-OAX-01,453,12,64
2026-05-14,PROD00064,WH-GDL-01,73,7,39
2026-05-14,PROD00059,WH-CDMX-01,404,24,48
2026-05-14,PROD00022,WH-OAX-01,330,44,26
2026-05-14,PROD00169,WH-CDMX-01,291,32,30
2026-05-14,PROD00127,WH-GDL-01,123,39,21
2026-05-14,PROD00025,WH-OAX-01,330,41,30
2026-05-14,PROD00241,WH-MTY-01,79,46,40
2026-05-14,PROD00261,WH-OAX-01,74,25,73
2026-05-14,PROD00119,WH-GDL-01,228,15,61
2026-05-14,PROD00014,WH-CDMX-01,46,33,66
2026-05-14,PROD00056,WH-GDL-01,268,23,60
2026-05-14,PROD00208,WH-OAX-01,2,35,66
2026-05-14,PROD00296,WH-GDL-01,302,38,21
2026-05-14,PROD00168,WH-MTY-01,176,25,15
2026-05-14,PROD00234,WH-MTY-01,67,12,50
2026-05-14,PROD00123,WH-GDL-01,399,11,13
2026-05-14,PROD00071,WH-OAX-01,55,30,36
2026-05-14,PROD00078,WH-CDMX-01,384,17,63
2026-05-14,PROD00138,WH-OAX-01,99,37,25
2026-05-14,PROD00186,WH-CDMX-01,22,7,37
2026-05-14,PROD00274,WH-GDL-01,172,42,39
2026-05-14,PROD00290,WH-OAX-01,330,13,14
2026-05-14,PROD00217,WH-MTY-01,391,0,77
2026-05-14,PROD00300,WH-GDL-01,265,47,35
2026-05-14,PROD00262,WH-CDMX-01,241,47,24
2026-05-14,PROD00091,WH-CDMX-01,455,5,48
2026-05-14,PROD00177,WH-MTY-01,419,14,54
2026-05-14,PROD00214,WH-GDL-01,188,24,28
2026-05-14,PROD00092,WH-GDL-01,151,39,67
2026-05-14,PROD00136,WH-GDL-01,330,1,25
2026-05-14,PROD00201,WH-GDL-01,176,31,25
2026-05-14,PROD00179,WH-GDL-01,397,13,55
2026-05-14,PROD00293,WH-MTY-01,350,32,30
2026-05-14,PROD00170,WH-GDL-01,436,4,56
2026-05-14,PROD00129,WH-GDL-01,34,35,40
2026-05-14,PROD00200,WH-GDL-01,467,13,15
2026-05-14,PROD00088,WH-OAX-01,118,40,54
2026-05-14,PROD00145,WH-OAX-01,310,16,78
2026-05-14,PROD00048,WH-MTY-01,391,29,44
2026-05-14,PROD00187,WH-MTY-01,411,17,68
2026-05-14,PROD00260,WH-OAX-01,464,49,26
2026-05-14,PROD00031,WH-GDL-01,421,49,19
2026-05-14,PROD00275,WH-GDL-01,302,38,37
2026-05-14,PROD00281,WH-OAX-01,499,4,75
2026-05-14,PROD00120,WH-GDL-01,237,43,78
2026-05-14,PROD00249,WH-CDMX-01,223,9,18
2026-05-14,PROD00067,WH-OAX-01,90,1,73
2026-05-14,PROD00294,WH-OAX-01,126,34,76
2026-05-14,PROD00222,WH-CDMX-01,51,7,50
2026-05-14,PROD00047,WH-MTY-01,31,12,38
2026-05-14,PROD00096,WH-MTY-01,420,20,43
2026-05-14,PROD00032,WH-GDL-01,36,1,27
2026-05-14,PROD00192,WH-GDL-01,18,6,49
2026-05-14,PROD00084,WH-OAX-01,301,27,43
2026-05-14,PROD00252,WH-GDL-01,261,41,21
2026-05-14,PROD00126,WH-MTY-01,389,23,18
2026-05-14,PROD00295,WH-OAX-01,82,4,30
2026-05-14,PROD00183,WH-CDMX-01,376,30,49
2026-05-14,PROD00154,WH-OAX-01,335,18,10
2026-05-14,PROD00304,WH-CDMX-01,346,7,23
2026-05-14,PROD00134,WH-OAX-01,476,32,23
2026-05-14,PROD00211,WH-OAX-01,360,37,27
2026-05-14,PROD00034,WH-OAX-01,309,9,14
2026-05-14,PROD00174,WH-OAX-01,138,37,24
2026-05-14,PROD00273,WH-MTY-01,128,48,64
2026-05-14,PROD00250,WH-GDL-01,22,24,77
2026-05-14,PROD00248,WH-CDMX-01,31,17,70
2026-05-14,PROD00317,WH-MTY-01,384,11,71
2026-05-14,PROD00146,WH-MTY-01,415,25,69
2026-05-14,PROD00219,WH-CDMX-01,127,4,14
2026-05-15,PROD00321,WH-MTY-01,316,29,76
2026-05-15,PROD00218,WH-MTY-01,295,33,66
2026-05-15,PROD00231,WH-MTY-01,281,9,43
2026-05-15,PROD00264,WH-CDMX-01,440,46,45
2026-05-15,PROD00258,WH-MTY-01,338,19,40
2026-05-15,PROD00175,WH-CDMX-01,139,36,64
2026-05-15,PROD00102,WH-CDMX-01,399,0,24
2026-05-15,PROD00228,WH-CDMX-01,389,18,37
2026-05-15,PROD00212,WH-GDL-01,154,19,33
2026-05-15,PROD00280,WH-GDL-01,270,50,54
2026-05-15,PROD00097,WH-GDL-01,95,9,61
2026-05-15,PROD00205,WH-GDL-01,465,37,43
2026-05-15,PROD00039,WH-MTY-01,449,15,38
2026-05-15,PROD00200,WH-MTY-01,487,7,35
2026-05-15,PROD00270,WH-OAX-01,294,26,22
2026-05-15,PROD00259,WH-CDMX-01,330,35,80
2026-05-15,PROD00160,WH-OAX-01,196,27,62
2026-05-15,PROD00207,WH-GDL-01,408,34,21
2026-05-15,PROD00080,WH-GDL-01,11,2,72
2026-05-15,PROD00094,WH-OAX-01,92,49,76
2026-05-15,PROD00023,WH-GDL-01,206,22,43
2026-05-15,PROD00243,WH-OAX-01,265,50,69
2026-05-15,PROD00210,WH-GDL-01,1,49,47
2026-05-15,PROD00303,WH-MTY-01,359,39,18
2026-05-15,PROD00106,WH-CDMX-01,11,25,41
2026-05-15,PROD00242,WH-GDL-01,326,4,61
2026-05-15,PROD00238,WH-CDMX-01,140,28,58
2026-05-15,PROD00134,WH-CDMX-01,429,24,73
2026-05-15,PROD00164,WH-OAX-01,393,6,60
2026-05-15,PROD00152,WH-MTY-01,428,32,79
2026-05-15,PROD00076,WH-CDMX-01,440,5,21
2026-05-15,PROD00014,WH-MTY-01,67,17,23
2026-05-15,PROD00304,WH-OAX-01,378,40,49
2026-05-15,PROD00296,WH-CDMX-01,277,49,26
2026-05-15,PROD00244,WH-MTY-01,281,32,62
2026-05-15,PROD00091,WH-CDMX-01,461,26,73
2026-05-15,PROD00114,WH-MTY-01,77,36,13
2026-05-15,PROD00213,WH-OAX-01,102,44,14
2026-05-15,PROD00162,WH-OAX-01,428,24,41
2026-05-15,PROD00257,WH-MTY-01,443,1,56
2026-05-15,PROD00232,WH-CDMX-01,318,19,35
2026-05-15,PROD00278,WH-CDMX-01,350,3,10
2026-05-15,PROD00142,WH-CDMX-01,288,10,21
2026-05-15,PROD00339,WH-GDL-01,162,33,64
2026-05-15,PROD00240,WH-CDMX-01,105,21,23
2026-05-15,PROD00274,WH-OAX-01,212,7,39
2026-05-15,PROD00208,WH-CDMX-01,0,43,55
2026-05-15,PROD00053,WH-GDL-01,454,40,35
2026-05-15,PROD00125,WH-CDMX-01,340,30,15
2026-05-15,PROD00323,WH-MTY-01,257,48,67
2026-05-15,PROD00017,WH-OAX-01,0,50,52
2026-05-15,PROD00309,WH-CDMX-01,278,13,37
2026-05-15,PROD00081,WH-MTY-01,15,13,13
2026-05-15,PROD00075,WH-GDL-01,266,45,79
2026-05-15,PROD00156,WH-OAX-01,114,43,72
2026-05-15,PROD00050,WH-OAX-01,389,43,11
2026-05-15,PROD00319,WH-OAX-01,272,22,52
2026-05-15,PROD00010,WH-GDL-01,141,6,80
2026-05-15,PROD00071,WH-GDL-01,84,30,17
2026-05-15,PROD00043,WH-CDMX-01,257,10,25
2026-05-15,PROD00040,WH-GDL-01,360,33,27
2026-05-15,PROD00120,WH-GDL-01,220,38,46
2026-05-15,PROD00223,WH-MTY-01,448,24,46
2026-05-15,PROD00020,WH-OAX-01,440,47,40
2026-05-15,PROD00030,WH-CDMX-01,275,49,67
2026-05-15,PROD00173,WH-GDL-01,27,10,18
2026-05-15,PROD00310,WH-GDL-01,219,3,31
2026-05-15,PROD00260,WH-MTY-01,467,7,34
2026-05-15,PROD00265,WH-MTY-01,186,39,71
2026-05-15,PROD00121,WH-OAX-01,270,32,44
2026-05-15,PROD00191,WH-GDL-01,467,13,44
2026-05-15,PROD00287,WH-OAX-01,230,2,65
2026-05-15,PROD00079,WH-CDMX-01,6,25,79
2026-05-15,PROD00226,WH-CDMX-01,152,39,35
2026-05-15,PROD00155,WH-MTY-01,119,14,11
2026-05-15,PROD00003,WH-GDL-01,416,44,58
2026-05-15,PROD00154,WH-OAX-01,339,23,58
2026-05-15,PROD00007,WH-CDMX-01,94,46,17
2026-05-15,PROD00250,WH-CDMX-01,35,31,15
2026-05-15,PROD00332,WH-CDMX-01,416,15,74
2026-05-15,PROD00286,WH-OAX-01,451,22,30
2026-05-15,PROD00159,WH-MTY-01,387,6,76
2026-05-15,PROD00252,WH-GDL-01,251,48,47
2026-05-15,PROD00199,WH-MTY-01,210,46,32
2026-05-15,PROD00185,WH-MTY-01,344,0,53
2026-05-15,PROD00293,WH-OAX-01,391,40,35
2026-05-15,PROD00092,WH-MTY-01,151,3,34
2026-05-15,PROD00180,WH-MTY-01,411,7,31
2026-05-15,PROD00029,WH-CDMX-01,54,4,72
2026-05-15,PROD00222,WH-MTY-01,48,2,25
2026-05-15,PROD00318,WH-CDMX-01,326,40,16
2026-05-15,PROD00024,WH-MTY-01,226,44,68
2026-05-15,PROD00220,WH-CDMX-01,0,9,20
2026-05-15,PROD00145,WH-CDMX-01,339,8,70
2026-05-15,PROD00333,WH-MTY-01,129,9,53
2026-05-15,PROD00349,WH-OAX-01,343,19,28
2026-05-15,PROD00128,WH-MTY-01,481,45,41
2026-05-15,PROD00139,WH-OAX-01,275,16,24
2026-05-15,PROD00224,WH-CDMX-01,65,7,32
2026-05-15,PROD00177,WH-CDMX-01,414,17,60
2026-05-15,PROD00338,WH-OAX-01,403,18,61
2026-05-15,PROD00103,WH-MTY-01,490,5,63
2026-05-15,PROD00130,WH-OAX-01,417,44,52
2026-05-15,PROD00016,WH-MTY-01,104,26,61
2026-05-15,PROD00327,WH-OAX-01,463,46,53
2026-05-15,PROD00179,WH-GDL-01,378,8,31
2026-05-15,PROD00221,WH-GDL-01,465,7,49
2026-05-15,PROD00127,WH-OAX-01,152,10,29
2026-05-15,PROD00194,WH-MTY-01,235,23,58
2026-05-15,PROD00188,WH-GDL-01,30,6,20
2026-05-15,PROD00255,WH-GDL-01,398,29,16
2026-05-15,PROD00350,WH-OAX-01,164,12,54
2026-05-15,PROD00072,WH-OAX-01,243,30,74
2026-05-15,PROD00219,WH-MTY-01,114,43,33
2026-05-15,PROD00283,WH-CDMX-01,332,22,19
2026-05-15,PROD00235,WH-CDMX-01,343,23,61
2026-05-15,PROD00026,WH-MTY-01,181,30,72
2026-05-15,PROD00209,WH-OAX-01,266,19,26
2026-05-15,PROD00343,WH-MTY-01,380,31,38
2026-05-15,PROD00314,WH-OAX-01,26,4,50
2026-05-15,PROD00284,WH-MTY-01,425,8,63
2026-05-15,PROD00195,WH-MTY-01,453,12,43
2026-05-15,PROD00067,WH-GDL-01,65,42,35
2026-05-15,PROD00211,WH-MTY-01,399,5,13
2026-05-15,PROD00085,WH-GDL-01,276,12,79
2026-05-15,PROD00331,WH-OAX-01,21,6,52
2026-05-15,PROD00055,WH-GDL-01,397,7,59
2026-05-15,PROD00311,WH-CDMX-01,372,4,52
2026-05-15,PROD00246,WH-GDL-01,76,7,26
2026-05-15,PROD00251,WH-CDMX-01,116,18,31
2026-05-15,PROD00065,WH-CDMX-01,227,36,63
2026-05-15,PROD00225,WH-GDL-01,0,34,31
2026-05-15,PROD00129,WH-OAX-01,59,21,18
2026-05-15,PROD00148,WH-MTY-01,364,21,10
2026-05-15,PROD00335,WH-MTY-01,503,16,21
2026-05-15,PROD00073,WH-GDL-01,449,29,32
2026-05-15,PROD00059,WH-CDMX-01,390,41,53
2026-05-15,PROD00056,WH-GDL-01,246,34,66
2026-05-15,PROD00236,WH-GDL-01,244,32,27
2026-05-15,PROD00289,WH-CDMX-01,492,1,46
2026-05-15,PROD00292,WH-CDMX-01,326,41,14
2026-05-15,PROD00018,WH-MTY-01,521,45,20
2026-05-15,PROD00095,WH-OAX-01,111,7,44
2026-05-15,PROD00165,WH-CDMX-01,274,2,59
2026-05-15,PROD00115,WH-GDL-01,429,49,14
2026-05-15,PROD00272,WH-CDMX-01,128,4,51
2026-05-15,PROD00136,WH-GDL-01,313,25,16
2026-05-15,PROD00028,WH-CDMX-01,217,34,46
2026-05-15,PROD00045,WH-GDL-01,395,31,14
2026-05-15,PROD00037,WH-GDL-01,482,33,41
2026-05-16,PROD00181,WH-GDL-01,72,45,69
2026-05-16,PROD00039,WH-MTY-01,437,44,59
2026-05-16,PROD00222,WH-GDL-01,55,45,13
2026-05-16,PROD00237,WH-CDMX-01,5,5,60
2026-05-16,PROD00176,WH-CDMX-01,282,14,33
2026-05-16,PROD00010,WH-CDMX-01,108,44,32
2026-05-16,PROD00025,WH-CDMX-01,348,49,80
2026-05-16,PROD00147,WH-GDL-01,332,49,16
2026-05-16,PROD00182,WH-OAX-01,0,37,69
2026-05-16,PROD00210,WH-MTY-01,40,21,12
2026-05-16,PROD00043,WH-MTY-01,277,20,80
2026-05-16,PROD00195,WH-OAX-01,447,23,71
2026-05-16,PROD00193,WH-CDMX-01,433,35,76
2026-05-16,PROD00143,WH-CDMX-01,118,17,47
2026-05-16,PROD00285,WH-OAX-01,442,30,26
2026-05-16,PROD00236,WH-OAX-01,211,46,44
2026-05-16,PROD00109,WH-OAX-01,220,21,39
2026-05-16,PROD00138,WH-GDL-01,153,29,33
2026-05-16,PROD00112,WH-CDMX-01,36,28,46
2026-05-16,PROD00070,WH-CDMX-01,191,25,66
2026-05-16,PROD00152,WH-GDL-01,474,49,74
2026-05-16,PROD00309,WH-OAX-01,289,20,31
2026-05-16,PROD00093,WH-OAX-01,248,43,42
2026-05-16,PROD00127,WH-OAX-01,143,37,68
2026-05-16,PROD00278,WH-MTY-01,347,29,63
2026-05-16,PROD00266,WH-OAX-01,373,4,11
2026-05-16,PROD00307,WH-GDL-01,221,34,18
2026-05-16,PROD00085,WH-GDL-01,295,40,50
2026-05-16,PROD00184,WH-GDL-01,85,9,18
2026-05-16,PROD00008,WH-MTY-01,323,4,45
2026-05-16,PROD00345,WH-CDMX-01,506,45,70
2026-05-16,PROD00006,WH-OAX-01,287,36,22
2026-05-16,PROD00319,WH-CDMX-01,243,24,57
2026-05-16,PROD00155,WH-CDMX-01,131,20,64
2026-05-16,PROD00341,WH-CDMX-01,457,5,73
2026-05-16,PROD00110,WH-MTY-01,333,50,60
2026-05-16,PROD00316,WH-MTY-01,341,5,43
2026-05-16,PROD00240,WH-CDMX-01,69,21,68
2026-05-16,PROD00041,WH-OAX-01,208,45,55
2026-05-16,PROD00140,WH-CDMX-01,71,3,60
2026-05-16,PROD00174,WH-GDL-01,154,38,14
2026-05-16,PROD00254,WH-OAX-01,47,50,80
2026-05-16,PROD00261,WH-OAX-01,68,28,46
2026-05-16,PROD00297,WH-GDL-01,192,28,56
2026-05-16,PROD00204,WH-MTY-01,472,5,48
2026-05-16,PROD00117,WH-MTY-01,94,40,69
2026-05-16,PROD00082,WH-OAX-01,255,19,65
2026-05-16,PROD00026,WH-OAX-01,155,15,41
2026-05-16,PROD00219,WH-OAX-01,156,22,31
2026-05-16,PROD00235,WH-OAX-01,328,36,56
2026-05-16,PROD00246,WH-CDMX-01,114,46,29
2026-05-16,PROD00050,WH-CDMX-01,335,29,71
2026-05-16,PROD00185,WH-MTY-01,369,18,75
2026-05-16,PROD00011,WH-CDMX-01,0,43,27
2026-05-16,PROD00141,WH-GDL-01,5,47,14
2026-05-16,PROD00040,WH-CDMX-01,384,22,12
2026-05-16,PROD00214,WH-OAX-01,199,19,80
2026-05-16,PROD00331,WH-MTY-01,33,33,66
2026-05-16,PROD00203,WH-GDL-01,316,12,79
2026-05-16,PROD00066,WH-OAX-01,211,29,27
2026-05-16,PROD00086,WH-GDL-01,110,34,24
2026-05-16,PROD00083,WH-MTY-01,5,34,49
2026-05-16,PROD00164,WH-CDMX-01,372,9,40
2026-05-16,PROD00167,WH-OAX-01,500,11,31
2026-05-16,PROD00097,WH-CDMX-01,77,25,37
2026-05-16,PROD00264,WH-OAX-01,425,30,55
2026-05-16,PROD00115,WH-GDL-01,453,31,13
2026-05-16,PROD00034,WH-MTY-01,337,13,75
2026-05-16,PROD00180,WH-OAX-01,403,25,19
2026-05-16,PROD00005,WH-MTY-01,322,13,21
2026-05-16,PROD00022,WH-OAX-01,324,36,75
2026-05-16,PROD00241,WH-CDMX-01,82,11,48
2026-05-16,PROD00242,WH-CDMX-01,287,27,80
2026-05-16,PROD00197,WH-CDMX-01,208,9,75
2026-05-16,PROD00315,WH-CDMX-01,218,46,77
2026-05-16,PROD00052,WH-CDMX-01,473,9,11
2026-05-16,PROD00084,WH-GDL-01,282,2,76
2026-05-16,PROD00014,WH-CDMX-01,81,19,49
2026-05-16,PROD00131,WH-MTY-01,142,16,78
2026-05-16,PROD00094,WH-MTY-01,123,39,64
2026-05-16,PROD00339,WH-CDMX-01,163,38,31
2026-05-16,PROD00323,WH-CDMX-01,278,44,72
2026-05-16,PROD00179,WH-OAX-01,398,12,43
2026-05-16,PROD00234,WH-OAX-01,90,46,49
2026-05-16,PROD00122,WH-GDL-01,148,11,37
2026-05-16,PROD00230,WH-GDL-01,365,10,28
2026-05-16,PROD00163,WH-CDMX-01,334,37,35
2026-05-16,PROD00201,WH-MTY-01,225,30,17
2026-05-16,PROD00139,WH-OAX-01,244,26,12
2026-05-16,PROD00314,WH-GDL-01,56,45,31
2026-05-16,PROD00207,WH-MTY-01,372,21,14
2026-05-16,PROD00293,WH-GDL-01,371,10,52
2026-05-16,PROD00322,WH-OAX-01,385,26,74
2026-05-16,PROD00340,WH-GDL-01,313,49,68
2026-05-16,PROD00096,WH-CDMX-01,407,16,63
2026-05-16,PROD00017,WH-CDMX-01,30,22,73
2026-05-16,PROD00134,WH-OAX-01,447,20,63
2026-05-16,PROD00165,WH-CDMX-01,278,1,13
2026-05-16,PROD00232,WH-CDMX-01,299,18,55
2026-05-16,PROD00015,WH-CDMX-01,93,3,22
2026-05-16,PROD00038,WH-GDL-01,486,37,16
2026-05-16,PROD00075,WH-OAX-01,285,32,37
2026-05-16,PROD00001,WH-CDMX-01,281,2,31
2026-05-16,PROD00081,WH-CDMX-01,60,46,68
2026-05-16,PROD00168,WH-OAX-01,149,10,48
2026-05-16,PROD00346,WH-GDL-01,382,8,40
2026-05-16,PROD00020,WH-CDMX-01,445,46,41
2026-05-16,PROD00334,WH-GDL-01,355,40,31
2026-05-16,PROD00252,WH-MTY-01,257,4,59
2026-05-16,PROD00312,WH-OAX-01,320,22,37
2026-05-16,PROD00175,WH-CDMX-01,113,47,12
2026-05-16,PROD00073,WH-GDL-01,470,42,61
2026-05-16,PROD00226,WH-CDMX-01,155,3,33
2026-05-16,PROD00062,WH-CDMX-01,56,49,50
2026-05-16,PROD00211,WH-OAX-01,390,37,27
2026-05-16,PROD00250,WH-OAX-01,10,0,52
2026-05-16,PROD00119,WH-MTY-01,231,42,68
2026-05-16,PROD00194,WH-OAX-01,211,9,50
2026-05-16,PROD00303,WH-CDMX-01,366,5,74
2026-05-16,PROD00153,WH-MTY-01,114,28,36
2026-05-16,PROD00095,WH-GDL-01,106,9,16
2026-05-16,PROD00156,WH-CDMX-01,87,31,14
2026-05-16,PROD00051,WH-CDMX-01,426,36,55
2026-05-16,PROD00033,WH-OAX-01,440,0,70
2026-05-16,PROD00296,WH-MTY-01,293,45,68
2026-05-16,PROD00032,WH-GDL-01,15,23,73
2026-05-16,PROD00343,WH-MTY-01,342,19,77
2026-05-16,PROD00007,WH-CDMX-01,121,10,22
2026-05-16,PROD00335,WH-GDL-01,491,27,34
2026-05-16,PROD00213,WH-CDMX-01,114,45,41
2026-05-16,PROD00198,WH-MTY-01,407,42,18
2026-05-16,PROD00259,WH-CDMX-01,355,25,65
2026-05-16,PROD00101,WH-CDMX-01,76,40,15
2026-05-16,PROD00106,WH-MTY-01,28,10,58
2026-05-16,PROD00178,WH-CDMX-01,265,7,17
2026-05-16,PROD00273,WH-MTY-01,138,7,51
2026-05-16,PROD00295,WH-GDL-01,119,16,46
2026-05-16,PROD00192,WH-GDL-01,52,17,54
2026-05-16,PROD00188,WH-CDMX-01,60,41,34
2026-05-16,PROD00130,WH-MTY-01,456,40,64
2026-05-16,PROD00342,WH-GDL-01,141,25,39
2026-05-16,PROD00169,WH-OAX-01,323,37,73
2026-05-16,PROD00121,WH-OAX-01,243,22,23
2026-05-16,PROD00149,WH-MTY-01,25,23,64
2026-05-16,PROD00318,WH-GDL-01,307,19,42
2026-05-16,PROD00301,WH-GDL-01,459,2,29
2026-05-16,PROD00059,WH-CDMX-01,357,7,39
2026-05-16,PROD00225,WH-CDMX-01,21,42,72
2026-05-16,PROD00067,WH-OAX-01,75,46,37
2026-05-16,PROD00224,WH-OAX-01,77,46,15
2026-05-17,PROD00229,WH-MTY-01,303,32,22
2026-05-17,PROD00042,WH-OAX-01,220,3,59
2026-05-17,PROD00148,WH-CDMX-01,363,15,30
2026-05-17,PROD00076,WH-MTY-01,410,3,65
2026-05-17,PROD00152,WH-CDMX-01,439,49,45
2026-05-17,PROD00157,WH-CDMX-01,448,48,29
2026-05-17,PROD00338,WH-OAX-01,385,47,47
2026-05-17,PROD00234,WH-OAX-01,46,42,20
2026-05-17,PROD00201,WH-CDMX-01,206,30,64
2026-05-17,PROD00051,WH-GDL-01,417,29,26
2026-05-17,PROD00235,WH-OAX-01,339,21,23
2026-05-17,PROD00239,WH-GDL-01,473,23,39
2026-05-17,PROD00012,WH-CDMX-01,518,4,50
2026-05-17,PROD00132,WH-GDL-01,46,5,42
2026-05-17,PROD00164,WH-GDL-01,360,35,79
2026-05-17,PROD00273,WH-OAX-01,118,2,23
2026-05-17,PROD00215,WH-OAX-01,50,33,38
2026-05-17,PROD00190,WH-OAX-01,93,26,79
2026-05-17,PROD00319,WH-OAX-01,276,15,62
2026-05-17,PROD00326,WH-CDMX-01,30,29,13
2026-05-17,PROD00091,WH-CDMX-01,500,43,62
2026-05-17,PROD00337,WH-OAX-01,417,9,28
2026-05-17,PROD00324,WH-CDMX-01,356,36,41
2026-05-17,PROD00130,WH-MTY-01,455,25,29
2026-05-17,PROD00198,WH-CDMX-01,428,39,80
2026-05-17,PROD00028,WH-MTY-01,186,0,78
2026-05-17,PROD00074,WH-OAX-01,0,45,15
2026-05-17,PROD00207,WH-GDL-01,410,11,57
2026-05-17,PROD00015,WH-GDL-01,64,27,77
2026-05-17,PROD00302,WH-GDL-01,433,38,22
2026-05-17,PROD00106,WH-MTY-01,0,29,76
2026-05-17,PROD00004,WH-OAX-01,450,49,68
2026-05-17,PROD00139,WH-CDMX-01,248,4,77
2026-05-17,PROD00270,WH-MTY-01,313,24,28
2026-05-17,PROD00086,WH-CDMX-01,119,21,65
2026-05-17,PROD00045,WH-MTY-01,426,15,49
2026-05-17,PROD00099,WH-CDMX-01,452,17,29
2026-05-17,PROD00105,WH-MTY-01,168,31,46
2026-05-17,PROD00129,WH-MTY-01,39,48,19
2026-05-17,PROD00243,WH-OAX-01,229,30,66
2026-05-17,PROD00003,WH-CDMX-01,401,46,74
2026-05-17,PROD00279,WH-GDL-01,148,10,44
2026-05-17,PROD00145,WH-CDMX-01,287,20,56
2026-05-17,PROD00245,WH-OAX-01,106,25,34
2026-05-17,PROD00143,WH-CDMX-01,96,18,35
2026-05-17,PROD00287,WH-MTY-01,271,22,71
2026-05-17,PROD00125,WH-GDL-01,297,0,71
2026-05-17,PROD00156,WH-GDL-01,81,8,60
2026-05-17,PROD00291,WH-CDMX-01,229,24,49
2026-05-17,PROD00059,WH-CDMX-01,358,38,28
2026-05-17,PROD00261,WH-CDMX-01,117,41,21
2026-05-17,PROD00285,WH-CDMX-01,442,3,53
2026-05-17,PROD00242,WH-MTY-01,315,39,68
2026-05-17,PROD00131,WH-CDMX-01,154,3,26
2026-05-17,PROD00230,WH-CDMX-01,353,40,27
2026-05-17,PROD00142,WH-GDL-01,268,16,37
2026-05-17,PROD00238,WH-CDMX-01,96,47,13
2026-05-17,PROD00137,WH-GDL-01,130,26,38
2026-05-17,PROD00089,WH-GDL-01,17,23,68
2026-05-17,PROD00223,WH-CDMX-01,500,35,30
2026-05-17,PROD00231,WH-MTY-01,327,7,74
2026-05-17,PROD00057,WH-MTY-01,132,37,61
2026-05-17,PROD00304,WH-MTY-01,375,10,72
2026-05-17,PROD00092,WH-CDMX-01,113,36,74
2026-05-17,PROD00025,WH-GDL-01,365,35,58
2026-05-17,PROD00317,WH-OAX-01,382,31,70
2026-05-17,PROD00280,WH-GDL-01,254,48,56
2026-05-17,PROD00134,WH-MTY-01,429,10,25
2026-05-17,PROD00061,WH-MTY-01,391,18,64
2026-05-17,PROD00185,WH-MTY-01,339,41,25
2026-05-17,PROD00307,WH-OAX-01,232,1,53
2026-05-17,PROD00039,WH-CDMX-01,474,34,25
2026-05-17,PROD00264,WH-GDL-01,411,10,22
2026-05-17,PROD00114,WH-GDL-01,134,6,71
2026-05-17,PROD00158,WH-GDL-01,163,23,77
2026-05-17,PROD00087,WH-OAX-01,56,6,80
2026-05-17,PROD00345,WH-MTY-01,468,27,12
2026-05-17,PROD00046,WH-MTY-01,454,26,35
2026-05-17,PROD00036,WH-MTY-01,54,49,68
2026-05-17,PROD00024,WH-CDMX-01,192,47,70
2026-05-17,PROD00192,WH-OAX-01,24,22,79
2026-05-17,PROD00330,WH-CDMX-01,257,5,79
2026-05-17,PROD00300,WH-MTY-01,239,9,51
2026-05-17,PROD00311,WH-OAX-01,370,20,46
2026-05-17,PROD00073,WH-MTY-01,506,1,64
2026-05-17,PROD00133,WH-OAX-01,149,29,65
2026-05-17,PROD00010,WH-GDL-01,161,41,13
2026-05-17,PROD00209,WH-CDMX-01,250,30,19
2026-05-17,PROD00178,WH-GDL-01,230,38,73
2026-05-17,PROD00342,WH-OAX-01,112,1,49
2026-05-17,PROD00263,WH-GDL-01,476,45,45
2026-05-17,PROD00250,WH-CDMX-01,13,15,51
2026-05-17,PROD00260,WH-GDL-01,482,37,70
2026-05-17,PROD00150,WH-GDL-01,78,45,34
2026-05-17,PROD00014,WH-GDL-01,39,32,49
2026-05-17,PROD00146,WH-MTY-01,422,5,32
2026-05-17,PROD00289,WH-GDL-01,465,21,32
2026-05-17,PROD00318,WH-CDMX-01,297,44,48
2026-05-17,PROD00332,WH-MTY-01,408,41,26
2026-05-17,PROD00019,WH-MTY-01,125,34,25
2026-05-17,PROD00174,WH-OAX-01,165,8,51
2026-05-17,PROD00188,WH-CDMX-01,43,48,23
2026-05-17,PROD00047,WH-CDMX-01,0,3,74
2026-05-17,PROD00111,WH-CDMX-01,93,41,35
2026-05-17,PROD00313,WH-CDMX-01,70,43,52
2026-05-17,PROD00252,WH-OAX-01,267,26,59
2026-05-17,PROD00299,WH-OAX-01,208,29,46
2026-05-17,PROD00029,WH-MTY-01,70,48,42
2026-05-17,PROD00249,WH-CDMX-01,246,50,27
2026-05-17,PROD00327,WH-OAX-01,458,27,25
2026-05-17,PROD00055,WH-OAX-01,344,17,80
2026-05-17,PROD00068,WH-MTY-01,350,31,78
2026-05-17,PROD00078,WH-CDMX-01,418,43,50
2026-05-17,PROD00016,WH-MTY-01,101,31,71
2026-05-17,PROD00276,WH-GDL-01,408,0,68
2026-05-17,PROD00343,WH-OAX-01,374,4,11
2026-05-17,PROD00213,WH-CDMX-01,80,21,15
2026-05-17,PROD00052,WH-GDL-01,478,14,30
2026-05-17,PROD00349,WH-CDMX-01,350,17,69
2026-05-17,PROD00269,WH-CDMX-01,31,22,57
2026-05-17,PROD00018,WH-GDL-01,490,28,17
2026-05-17,PROD00266,WH-MTY-01,417,3,20
2026-05-17,PROD00094,WH-MTY-01,93,30,15
2026-05-17,PROD00167,WH-GDL-01,500,27,13
2026-05-17,PROD00182,WH-GDL-01,34,22,60
2026-05-17,PROD00008,WH-MTY-01,293,35,12
2026-05-17,PROD00035,WH-GDL-01,201,34,37
2026-05-17,PROD00322,WH-OAX-01,393,4,35
2026-05-17,PROD00154,WH-CDMX-01,354,21,15
2026-05-17,PROD00225,WH-MTY-01,19,21,47
2026-05-17,PROD00173,WH-OAX-01,10,35,34
2026-05-17,PROD00228,WH-CDMX-01,393,7,12
2026-05-17,PROD00350,WH-CDMX-01,199,17,64
2026-05-17,PROD00248,WH-GDL-01,12,24,38
2026-05-17,PROD00065,WH-GDL-01,215,33,16
2026-05-17,PROD00282,WH-GDL-01,442,4,15
2026-05-17,PROD00030,WH-CDMX-01,240,5,22
2026-05-17,PROD00284,WH-OAX-01,417,18,45
2026-05-17,PROD00118,WH-OAX-01,80,25,20
2026-05-17,PROD00237,WH-MTY-01,19,8,65
2026-05-17,PROD00027,WH-MTY-01,173,11,10
2026-05-17,PROD00339,WH-MTY-01,165,45,41
2026-05-17,PROD00187,WH-CDMX-01,397,34,37
2026-05-17,PROD00267,WH-GDL-01,86,7,22
2026-05-17,PROD00034,WH-MTY-01,332,44,25
2026-05-17,PROD00227,WH-MTY-01,376,14,75
2026-05-17,PROD00115,WH-MTY-01,475,44,21
2026-05-17,PROD00241,WH-OAX-01,101,49,40
2026-05-17,PROD00007,WH-MTY-01,98,15,34
2026-05-17,PROD00244,WH-CDMX-01,307,32,70
2026-05-18,PROD00210,WH-OAX-01,18,1,10
2026-05-18,PROD00110,WH-MTY-01,371,33,32
2026-05-18,PROD00231,WH-OAX-01,306,46,73
2026-05-18,PROD00239,WH-GDL-01,477,37,26
2026-05-18,PROD00123,WH-CDMX-01,429,0,42
2026-05-18,PROD00030,WH-MTY-01,238,47,78
2026-05-18,PROD00204,WH-MTY-01,428,36,41
2026-05-18,PROD00017,WH-OAX-01,0,19,79
2026-05-18,PROD00100,WH-MTY-01,191,1,70
2026-05-18,PROD00203,WH-CDMX-01,321,2,61
2026-05-18,PROD00061,WH-OAX-01,429,18,69
2026-05-18,PROD00248,WH-GDL-01,61,12,23
2026-05-18,PROD00289,WH-CDMX-01,494,25,47
2026-05-18,PROD00068,WH-MTY-01,382,15,65
2026-05-18,PROD00266,WH-OAX-01,401,6,26
2026-05-18,PROD00216,WH-MTY-01,362,43,21
2026-05-18,PROD00005,WH-OAX-01,337,36,14
2026-05-18,PROD00158,WH-OAX-01,160,28,48
2026-05-18,PROD00229,WH-GDL-01,299,41,14
2026-05-18,PROD00347,WH-OAX-01,349,43,51
2026-05-18,PROD00122,WH-OAX-01,158,29,59
2026-05-18,PROD00067,WH-CDMX-01,61,49,26
2026-05-18,PROD00249,WH-MTY-01,266,39,10
2026-05-18,PROD00180,WH-CDMX-01,380,36,20
2026-05-18,PROD00093,WH-OAX-01,210,5,45
2026-05-18,PROD00269,WH-OAX-01,20,10,10
2026-05-18,PROD00324,WH-CDMX-01,367,32,29
2026-05-18,PROD00265,WH-CDMX-01,153,21,66
2026-05-18,PROD00080,WH-OAX-01,41,25,28
2026-05-18,PROD00006,WH-OAX-01,240,0,43
2026-05-18,PROD00304,WH-GDL-01,393,3,46
2026-05-18,PROD00177,WH-MTY-01,429,18,60
2026-05-18,PROD00028,WH-MTY-01,175,49,10
2026-05-18,PROD00331,WH-GDL-01,57,39,18
2026-05-18,PROD00157,WH-CDMX-01,436,31,62
2026-05-18,PROD00320,WH-MTY-01,245,8,73
2026-05-18,PROD00313,WH-OAX-01,76,29,76
2026-05-18,PROD00003,WH-MTY-01,422,21,29
2026-05-18,PROD00170,WH-OAX-01,401,17,37
2026-05-18,PROD00260,WH-MTY-01,490,49,49
2026-05-18,PROD00022,WH-MTY-01,330,38,15
2026-05-18,PROD00291,WH-MTY-01,269,19,73
2026-05-18,PROD00286,WH-MTY-01,412,3,57
2026-05-18,PROD00241,WH-OAX-01,117,40,46
2026-05-18,PROD00031,WH-GDL-01,376,44,80
2026-05-18,PROD00237,WH-CDMX-01,2,47,59
2026-05-18,PROD00036,WH-CDMX-01,51,21,27
2026-05-18,PROD00047,WH-MTY-01,0,41,61
2026-05-18,PROD00183,WH-GDL-01,366,42,22
2026-05-18,PROD00270,WH-MTY-01,298,11,11
2026-05-18,PROD00284,WH-CDMX-01,424,24,78
2026-05-18,PROD00112,WH-GDL-01,30,33,53
2026-05-18,PROD00131,WH-GDL-01,155,28,19
2026-05-18,PROD00184,WH-MTY-01,134,2,43
2026-05-18,PROD00094,WH-OAX-01,112,29,40
2026-05-18,PROD00134,WH-GDL-01,454,32,43
2026-05-18,PROD00161,WH-GDL-01,427,16,25
2026-05-18,PROD00142,WH-CDMX-01,275,25,22
2026-05-18,PROD00209,WH-GDL-01,235,2,78
2026-05-18,PROD00317,WH-CDMX-01,407,8,10
2026-05-18,PROD00250,WH-CDMX-01,43,1,37
2026-05-18,PROD00173,WH-OAX-01,54,35,78
2026-05-18,PROD00077,WH-OAX-01,371,23,56
2026-05-18,PROD00048,WH-OAX-01,366,43,38
2026-05-18,PROD00008,WH-OAX-01,325,36,78
2026-05-18,PROD00272,WH-OAX-01,135,14,31
2026-05-18,PROD00326,WH-GDL-01,46,18,31
2026-05-18,PROD00053,WH-MTY-01,472,47,48
2026-05-18,PROD00283,WH-GDL-01,299,39,47
2026-05-18,PROD00145,WH-MTY-01,334,25,65
2026-05-18,PROD00349,WH-OAX-01,389,18,33
2026-05-18,PROD00010,WH-GDL-01,135,21,72
2026-05-18,PROD00090,WH-CDMX-01,188,29,16
2026-05-18,PROD00013,WH-MTY-01,176,5,28
2026-05-18,PROD00273,WH-GDL-01,110,41,66
2026-05-18,PROD00212,WH-GDL-01,105,18,52
2026-05-18,PROD00247,WH-OAX-01,396,8,15
2026-05-18,PROD00059,WH-CDMX-01,360,5,54
2026-05-18,PROD00050,WH-CDMX-01,385,8,79
2026-05-18,PROD00055,WH-GDL-01,341,46,28
2026-05-18,PROD00292,WH-GDL-01,306,6,56
2026-05-18,PROD00026,WH-CDMX-01,177,24,41
2026-05-18,PROD00060,WH-MTY-01,167,33,71
2026-05-18,PROD00070,WH-OAX-01,216,35,11
2026-05-18,PROD00199,WH-GDL-01,227,2,79
2026-05-18,PROD00225,WH-CDMX-01,27,39,42
2026-05-18,PROD00174,WH-MTY-01,149,3,69
2026-05-18,PROD00124,WH-MTY-01,475,23,35
2026-05-18,PROD00167,WH-MTY-01,482,50,29
2026-05-18,PROD00299,WH-CDMX-01,215,33,74
2026-05-18,PROD00337,WH-MTY-01,423,12,33
2026-05-18,PROD00087,WH-MTY-01,53,30,15
2026-05-18,PROD00339,WH-CDMX-01,158,25,69
2026-05-18,PROD00277,WH-GDL-01,510,32,77
2026-05-18,PROD00222,WH-OAX-01,38,23,32
2026-05-18,PROD00275,WH-GDL-01,318,1,71
2026-05-18,PROD00089,WH-MTY-01,22,38,55
2026-05-18,PROD00130,WH-GDL-01,440,3,17
2026-05-18,PROD00044,WH-GDL-01,167,37,75
2026-05-18,PROD00120,WH-GDL-01,219,38,71
2026-05-18,PROD00021,WH-OAX-01,362,30,17
2026-05-18,PROD00186,WH-CDMX-01,32,18,10
2026-05-18,PROD00054,WH-GDL-01,185,43,44
2026-05-18,PROD00302,WH-OAX-01,441,7,46
2026-05-18,PROD00340,WH-GDL-01,357,34,32
2026-05-18,PROD00106,WH-MTY-01,0,41,78
2026-05-18,PROD00263,WH-CDMX-01,459,45,14
2026-05-18,PROD00111,WH-MTY-01,133,35,14
2026-05-18,PROD00301,WH-MTY-01,453,13,60
2026-05-18,PROD00150,WH-MTY-01,52,45,25
2026-05-18,PROD00296,WH-CDMX-01,310,6,39
2026-05-18,PROD00234,WH-OAX-01,69,4,62
2026-05-18,PROD00032,WH-GDL-01,0,4,55
2026-05-18,PROD00152,WH-MTY-01,466,1,54
2026-05-18,PROD00078,WH-MTY-01,416,34,70
2026-05-18,PROD00159,WH-CDMX-01,381,42,27
2026-05-18,PROD00238,WH-MTY-01,123,3,15
2026-05-18,PROD00147,WH-OAX-01,343,32,72
2026-05-18,PROD00350,WH-GDL-01,169,32,45
2026-05-18,PROD00281,WH-OAX-01,466,37,46
2026-05-18,PROD00160,WH-MTY-01,158,50,65
2026-05-18,PROD00108,WH-CDMX-01,290,15,75
2026-05-18,PROD00178,WH-MTY-01,248,14,37
2026-05-18,PROD00076,WH-CDMX-01,411,22,61
2026-05-18,PROD00164,WH-OAX-01,380,48,16
2026-05-18,PROD00295,WH-MTY-01,72,2,73
2026-05-18,PROD00309,WH-CDMX-01,307,26,42
2026-05-18,PROD00200,WH-GDL-01,464,11,31
2026-05-18,PROD00316,WH-OAX-01,330,8,20
2026-05-18,PROD00306,WH-OAX-01,332,39,47
2026-05-18,PROD00163,WH-CDMX-01,329,39,58
2026-05-18,PROD00341,WH-CDMX-01,442,3,42
2026-05-18,PROD00082,WH-MTY-01,230,33,72
2026-05-18,PROD00155,WH-CDMX-01,106,41,75
2026-05-18,PROD00127,WH-MTY-01,106,20,79
2026-05-18,PROD00128,WH-MTY-01,475,44,80
2026-05-18,PROD00132,WH-CDMX-01,9,44,58
2026-05-18,PROD00290,WH-CDMX-01,362,2,63
2026-05-18,PROD00328,WH-CDMX-01,492,29,68
2026-05-18,PROD00065,WH-CDMX-01,211,12,79
2026-05-18,PROD00102,WH-OAX-01,404,38,78
2026-05-18,PROD00096,WH-GDL-01,427,8,40
2026-05-18,PROD00193,WH-OAX-01,456,5,58
2026-05-18,PROD00143,WH-GDL-01,129,27,57
2026-05-18,PROD00333,WH-OAX-01,120,8,62
2026-05-18,PROD00118,WH-MTY-01,104,25,18
2026-05-18,PROD00196,WH-MTY-01,87,4,59
2026-05-18,PROD00258,WH-GDL-01,334,25,47
2026-05-18,PROD00117,WH-MTY-01,89,6,21
2026-05-18,PROD00092,WH-CDMX-01,111,25,67
2026-05-19,PROD00121,WH-GDL-01,285,21,41
2026-05-19,PROD00332,WH-MTY-01,446,23,11
2026-05-19,PROD00279,WH-CDMX-01,158,6,10
2026-05-19,PROD00193,WH-CDMX-01,419,16,42
2026-05-19,PROD00067,WH-OAX-01,101,15,39
2026-05-19,PROD00235,WH-CDMX-01,348,40,32
2026-05-19,PROD00249,WH-GDL-01,255,44,51
2026-05-19,PROD00153,WH-MTY-01,100,35,37
2026-05-19,PROD00098,WH-CDMX-01,28,31,41
2026-05-19,PROD00179,WH-MTY-01,353,34,60
2026-05-19,PROD00233,WH-CDMX-01,160,47,28
2026-05-19,PROD00223,WH-GDL-01,508,8,46
2026-05-19,PROD00176,WH-MTY-01,301,29,32
2026-05-19,PROD00316,WH-OAX-01,327,6,35
2026-05-19,PROD00114,WH-CDMX-01,77,35,23
2026-05-19,PROD00291,WH-GDL-01,237,9,61
2026-05-19,PROD00325,WH-GDL-01,277,0,19
2026-05-19,PROD00211,WH-MTY-01,385,19,64
2026-05-19,PROD00078,WH-MTY-01,393,28,52
2026-05-19,PROD00041,WH-MTY-01,208,5,63
2026-05-19,PROD00263,WH-OAX-01,437,44,34
2026-05-19,PROD00116,WH-MTY-01,300,22,42
2026-05-19,PROD00175,WH-MTY-01,127,0,25
2026-05-19,PROD00309,WH-GDL-01,270,23,27
2026-05-19,PROD00074,WH-GDL-01,0,14,29
2026-05-19,PROD00136,WH-MTY-01,288,23,16
2026-05-19,PROD00297,WH-CDMX-01,195,13,61
2026-05-19,PROD00040,WH-OAX-01,413,15,58
2026-05-19,PROD00195,WH-OAX-01,465,29,71
2026-05-19,PROD00054,WH-MTY-01,192,1,38
2026-05-19,PROD00198,WH-CDMX-01,423,7,77
2026-05-19,PROD00047,WH-GDL-01,0,34,41
2026-05-19,PROD00096,WH-CDMX-01,432,22,11
2026-05-19,PROD00203,WH-MTY-01,302,2,80
2026-05-19,PROD00213,WH-MTY-01,58,18,46
2026-05-19,PROD00267,WH-CDMX-01,99,29,61
2026-05-19,PROD00045,WH-OAX-01,386,16,64
2026-05-19,PROD00265,WH-OAX-01,169,4,73
2026-05-19,PROD00346,WH-CDMX-01,407,25,36
2026-05-19,PROD00115,WH-GDL-01,473,21,63
2026-05-19,PROD00089,WH-CDMX-01,6,22,50
2026-05-19,PROD00132,WH-CDMX-01,0,19,19
2026-05-19,PROD00182,WH-MTY-01,0,49,13
2026-05-19,PROD00238,WH-MTY-01,145,41,58
2026-05-19,PROD00208,WH-MTY-01,3,32,17
2026-05-19,PROD00343,WH-GDL-01,345,17,39
2026-05-19,PROD00299,WH-MTY-01,209,4,28
2026-05-19,PROD00086,WH-OAX-01,107,24,40
2026-05-19,PROD00094,WH-OAX-01,106,41,68
2026-05-19,PROD00310,WH-OAX-01,215,14,43
2026-05-19,PROD00022,WH-CDMX-01,293,47,71
2026-05-19,PROD00320,WH-MTY-01,256,22,21
2026-05-19,PROD00227,WH-CDMX-01,395,40,32
2026-05-19,PROD00127,WH-GDL-01,110,19,30
2026-05-19,PROD00280,WH-CDMX-01,229,20,43
2026-05-19,PROD00189,WH-MTY-01,472,49,63
2026-05-19,PROD00256,WH-MTY-01,326,50,70
2026-05-19,PROD00101,WH-GDL-01,70,0,21
2026-05-19,PROD00185,WH-MTY-01,379,10,15
2026-05-19,PROD00305,WH-GDL-01,385,0,40
2026-05-19,PROD00018,WH-OAX-01,472,1,51
2026-05-19,PROD00163,WH-GDL-01,338,18,27
2026-05-19,PROD00336,WH-OAX-01,313,6,11
2026-05-19,PROD00283,WH-MTY-01,313,43,42
2026-05-19,PROD00219,WH-CDMX-01,109,8,17
2026-05-19,PROD00170,WH-CDMX-01,388,40,11
2026-05-19,PROD00184,WH-OAX-01,131,25,51
2026-05-19,PROD00173,WH-CDMX-01,58,12,29
2026-05-19,PROD00061,WH-OAX-01,393,14,30
2026-05-19,PROD00008,WH-CDMX-01,270,18,31
2026-05-19,PROD00202,WH-GDL-01,364,46,19
2026-05-19,PROD00049,WH-GDL-01,478,6,67
2026-05-19,PROD00038,WH-OAX-01,486,37,33
2026-05-19,PROD00222,WH-CDMX-01,40,41,38
2026-05-19,PROD00122,WH-CDMX-01,177,50,57
2026-05-19,PROD00147,WH-CDMX-01,347,48,80
2026-05-19,PROD00138,WH-OAX-01,119,6,31
2026-05-19,PROD00158,WH-OAX-01,182,12,63
2026-05-19,PROD00060,WH-GDL-01,178,17,24
2026-05-19,PROD00126,WH-OAX-01,436,29,55
2026-05-19,PROD00001,WH-CDMX-01,271,39,20
2026-05-19,PROD00091,WH-OAX-01,493,27,28
2026-05-19,PROD00148,WH-MTY-01,370,7,71
2026-05-19,PROD00105,WH-OAX-01,180,14,27
2026-05-19,PROD00237,WH-CDMX-01,35,12,35
2026-05-19,PROD00070,WH-OAX-01,206,32,79
2026-05-19,PROD00218,WH-GDL-01,283,43,25
2026-05-19,PROD00051,WH-MTY-01,429,9,69
2026-05-19,PROD00318,WH-OAX-01,316,19,27
2026-05-19,PROD00072,WH-MTY-01,244,40,50
2026-05-19,PROD00084,WH-OAX-01,291,49,15
2026-05-19,PROD00248,WH-CDMX-01,34,1,17
2026-05-19,PROD00166,WH-MTY-01,126,30,49
2026-05-19,PROD00109,WH-GDL-01,189,8,57
2026-05-19,PROD00085,WH-MTY-01,291,12,27
2026-05-19,PROD00308,WH-OAX-01,127,33,45
2026-05-19,PROD00171,WH-CDMX-01,131,21,44
2026-05-19,PROD00286,WH-OAX-01,432,28,44
2026-05-19,PROD00106,WH-CDMX-01,0,19,21
2026-05-19,PROD00181,WH-MTY-01,119,34,74
2026-05-19,PROD00042,WH-OAX-01,185,31,18
2026-05-19,PROD00293,WH-CDMX-01,345,1,67
2026-05-19,PROD00339,WH-OAX-01,124,39,19
2026-05-19,PROD00017,WH-CDMX-01,27,13,78
2026-05-19,PROD00231,WH-MTY-01,311,2,43
2026-05-19,PROD00048,WH-CDMX-01,408,3,18
2026-05-19,PROD00009,WH-OAX-01,498,1,63
2026-05-19,PROD00296,WH-GDL-01,312,19,73
2026-05-19,PROD00260,WH-CDMX-01,477,19,17
2026-05-19,PROD00112,WH-MTY-01,21,27,48
2026-05-19,PROD00149,WH-OAX-01,26,32,75
2026-05-19,PROD00013,WH-MTY-01,171,14,23
2026-05-19,PROD00188,WH-GDL-01,32,29,30
2026-05-19,PROD00307,WH-CDMX-01,247,22,27
2026-05-19,PROD00288,WH-OAX-01,319,11,18
2026-05-19,PROD00102,WH-OAX-01,449,25,61
2026-05-19,PROD00077,WH-GDL-01,389,21,41
2026-05-19,PROD00119,WH-MTY-01,218,41,70
2026-05-19,PROD00100,WH-GDL-01,178,12,17
2026-05-19,PROD00285,WH-GDL-01,452,24,28
2026-05-19,PROD00329,WH-OAX-01,167,48,11
2026-05-19,PROD00035,WH-GDL-01,174,30,23
2026-05-19,PROD00224,WH-MTY-01,67,31,31
2026-05-19,PROD00162,WH-MTY-01,420,14,40
2026-05-19,PROD00331,WH-CDMX-01,69,19,79
2026-05-19,PROD00079,WH-CDMX-01,24,8,25
2026-05-19,PROD00301,WH-OAX-01,425,33,60
2026-05-19,PROD00234,WH-CDMX-01,43,32,26
2026-05-19,PROD00134,WH-MTY-01,465,2,22
2026-05-19,PROD00080,WH-GDL-01,4,23,14
2026-05-19,PROD00345,WH-OAX-01,477,44,51
2026-05-19,PROD00257,WH-CDMX-01,473,20,36
2026-05-19,PROD00050,WH-OAX-01,392,40,34
2026-05-19,PROD00006,WH-GDL-01,259,24,49
2026-05-19,PROD00139,WH-MTY-01,274,24,61
2026-05-19,PROD00225,WH-CDMX-01,29,17,25
2026-05-19,PROD00129,WH-MTY-01,44,6,19
2026-05-19,PROD00058,WH-GDL-01,49,34,66
2026-05-19,PROD00010,WH-CDMX-01,162,50,10
2026-05-19,PROD00287,WH-OAX-01,275,35,65
2026-05-19,PROD00341,WH-MTY-01,424,25,42
2026-05-19,PROD00024,WH-OAX-01,221,47,43
2026-05-19,PROD00330,WH-OAX-01,258,29,49
2026-05-19,PROD00278,WH-CDMX-01,354,42,32
2026-05-19,PROD00021,WH-MTY-01,394,5,29
2026-05-19,PROD00069,WH-OAX-01,367,30,23
2026-05-19,PROD00207,WH-GDL-01,392,38,21
2026-05-19,PROD00172,WH-CDMX-01,235,11,68
2026-05-19,PROD00348,WH-GDL-01,383,18,19
2026-05-19,PROD00282,WH-MTY-01,408,41,18
2026-05-20,PROD00087,WH-GDL-01,55,43,63
2026-05-20,PROD00035,WH-CDMX-01,195,41,55
2026-05-20,PROD00171,WH-GDL-01,140,12,77
2026-05-20,PROD00342,WH-MTY-01,123,11,22
2026-05-20,PROD00211,WH-GDL-01,382,28,12
2026-05-20,PROD00301,WH-OAX-01,461,49,74
2026-05-20,PROD00056,WH-CDMX-01,269,46,62
2026-05-20,PROD00023,WH-CDMX-01,223,0,12
2026-05-20,PROD00321,WH-OAX-01,357,13,62
2026-05-20,PROD00286,WH-MTY-01,412,29,44
2026-05-20,PROD00172,WH-MTY-01,258,10,19
2026-05-20,PROD00052,WH-CDMX-01,486,9,72
2026-05-20,PROD00043,WH-MTY-01,255,20,36
2026-05-20,PROD00317,WH-OAX-01,384,31,70
2026-05-20,PROD00227,WH-OAX-01,365,43,39
2026-05-20,PROD00217,WH-GDL-01,408,46,70
2026-05-20,PROD00333,WH-GDL-01,164,27,50
2026-05-20,PROD00346,WH-CDMX-01,418,15,30
2026-05-20,PROD00144,WH-OAX-01,243,49,14
2026-05-20,PROD00314,WH-CDMX-01,39,22,65
2026-05-20,PROD00206,WH-OAX-01,267,14,35
2026-05-20,PROD00246,WH-CDMX-01,102,24,57
2026-05-20,PROD00062,WH-MTY-01,50,4,15
2026-05-20,PROD00338,WH-GDL-01,428,1,53
2026-05-20,PROD00295,WH-MTY-01,72,21,25
2026-05-20,PROD00214,WH-CDMX-01,206,44,27
2026-05-20,PROD00039,WH-CDMX-01,434,4,75
2026-05-20,PROD00151,WH-MTY-01,188,27,67
2026-05-20,PROD00020,WH-GDL-01,457,11,42
2026-05-20,PROD00026,WH-GDL-01,183,3,50
2026-05-20,PROD00156,WH-MTY-01,107,40,47
2026-05-20,PROD00164,WH-OAX-01,361,49,50
2026-05-20,PROD00196,WH-OAX-01,74,28,18
2026-05-20,PROD00260,WH-GDL-01,453,30,43
2026-05-20,PROD00047,WH-CDMX-01,0,9,52
2026-05-20,PROD00173,WH-GDL-01,56,21,39
2026-05-20,PROD00336,WH-OAX-01,294,24,48
2026-05-20,PROD00153,WH-MTY-01,94,25,72
2026-05-20,PROD00118,WH-OAX-01,87,0,53
2026-05-20,PROD00202,WH-MTY-01,350,48,77
2026-05-20,PROD00233,WH-MTY-01,153,33,29
2026-05-20,PROD00058,WH-MTY-01,22,32,53
2026-05-20,PROD00170,WH-OAX-01,412,47,31
2026-05-20,PROD00070,WH-GDL-01,187,43,14
2026-05-20,PROD00265,WH-CDMX-01,139,24,64
2026-05-20,PROD00106,WH-OAX-01,9,6,32
2026-05-20,PROD00077,WH-CDMX-01,413,32,65
2026-05-20,PROD00219,WH-MTY-01,135,33,78
2026-05-20,PROD00146,WH-CDMX-01,424,27,43
2026-05-20,PROD00081,WH-CDMX-01,60,43,16
2026-05-20,PROD00222,WH-CDMX-01,81,13,72
2026-05-20,PROD00079,WH-CDMX-01,0,30,21
2026-05-20,PROD00094,WH-CDMX-01,117,15,35
2026-05-20,PROD00318,WH-MTY-01,309,29,30
2026-05-20,PROD00325,WH-CDMX-01,290,21,35
2026-05-20,PROD00313,WH-CDMX-01,103,46,30
2026-05-20,PROD00003,WH-CDMX-01,433,42,78
2026-05-20,PROD00017,WH-CDMX-01,0,36,51
2026-05-20,PROD00036,WH-CDMX-01,81,30,61
2026-05-20,PROD00134,WH-OAX-01,472,15,27
2026-05-20,PROD00053,WH-OAX-01,479,16,74
2026-05-20,PROD00329,WH-OAX-01,132,49,45
2026-05-20,PROD00207,WH-CDMX-01,416,43,36
2026-05-20,PROD00090,WH-GDL-01,180,32,58
2026-05-20,PROD00179,WH-MTY-01,389,36,50
2026-05-20,PROD00300,WH-GDL-01,258,44,23
2026-05-20,PROD00099,WH-CDMX-01,456,17,39
2026-05-20,PROD00080,WH-CDMX-01,31,44,59
2026-05-20,PROD00002,WH-GDL-01,245,4,60
2026-05-20,PROD00316,WH-MTY-01,335,2,40
2026-05-20,PROD00009,WH-CDMX-01,471,14,41
2026-05-20,PROD00349,WH-OAX-01,361,34,46
2026-05-20,PROD00024,WH-OAX-01,231,47,79
2026-05-20,PROD00142,WH-CDMX-01,281,1,48
2026-05-20,PROD00169,WH-GDL-01,336,36,23
2026-05-20,PROD00195,WH-CDMX-01,421,15,15
2026-05-20,PROD00251,WH-CDMX-01,100,34,62
2026-05-20,PROD00199,WH-GDL-01,227,38,67
2026-05-20,PROD00186,WH-MTY-01,34,28,25
2026-05-20,PROD00299,WH-OAX-01,229,11,13
2026-05-20,PROD00204,WH-CDMX-01,470,26,46
2026-05-20,PROD00208,WH-MTY-01,45,2,14
2026-05-20,PROD00255,WH-MTY-01,394,29,40
2026-05-20,PROD00055,WH-GDL-01,367,49,44
2026-05-20,PROD00139,WH-GDL-01,267,16,67
2026-05-20,PROD00201,WH-GDL-01,202,42,76
2026-05-20,PROD00097,WH-MTY-01,59,15,66
2026-05-20,PROD00226,WH-OAX-01,139,45,44
2026-05-20,PROD00223,WH-GDL-01,489,46,43
2026-05-20,PROD00158,WH-MTY-01,157,0,65
2026-05-20,PROD00308,WH-GDL-01,173,33,42
2026-05-20,PROD00249,WH-MTY-01,224,48,50
2026-05-20,PROD00302,WH-OAX-01,427,26,63
2026-05-20,PROD00291,WH-OAX-01,266,45,17
2026-05-20,PROD00063,WH-MTY-01,89,45,73
2026-05-20,PROD00034,WH-GDL-01,326,12,68
2026-05-20,PROD00180,WH-CDMX-01,391,37,34
2026-05-20,PROD00089,WH-GDL-01,43,50,17
2026-05-20,PROD00029,WH-GDL-01,102,29,80
2026-05-20,PROD00340,WH-MTY-01,339,16,78
2026-05-20,PROD00312,WH-OAX-01,318,30,36
2026-05-20,PROD00057,WH-MTY-01,144,34,62
2026-05-20,PROD00294,WH-CDMX-01,164,35,58
2026-05-20,PROD00225,WH-OAX-01,0,2,53
2026-05-20,PROD00124,WH-MTY-01,477,27,47
2026-05-20,PROD00274,WH-CDMX-01,216,16,49
2026-05-20,PROD00021,WH-OAX-01,351,48,45
2026-05-20,PROD00127,WH-CDMX-01,107,30,65
2026-05-20,PROD00332,WH-MTY-01,423,49,21
2026-05-20,PROD00178,WH-MTY-01,261,28,27
2026-05-20,PROD00272,WH-CDMX-01,107,12,71
2026-05-20,PROD00296,WH-MTY-01,275,43,40
2026-05-20,PROD00092,WH-MTY-01,126,15,20
2026-05-20,PROD00309,WH-OAX-01,320,7,51
2026-05-20,PROD00287,WH-OAX-01,224,15,76
2026-05-20,PROD00163,WH-OAX-01,332,19,47
2026-05-20,PROD00101,WH-MTY-01,80,23,40
2026-05-20,PROD00256,WH-CDMX-01,319,50,14
2026-05-20,PROD00247,WH-GDL-01,376,3,22
2026-05-20,PROD00290,WH-OAX-01,320,43,51
2026-05-20,PROD00248,WH-OAX-01,43,48,61
2026-05-20,PROD00155,WH-OAX-01,94,28,63
2026-05-20,PROD00130,WH-OAX-01,458,41,46
2026-05-20,PROD00181,WH-CDMX-01,108,34,47
2026-05-20,PROD00334,WH-MTY-01,306,31,78
2026-05-20,PROD00166,WH-OAX-01,109,6,40
2026-05-20,PROD00011,WH-CDMX-01,6,45,80
2026-05-20,PROD00004,WH-OAX-01,446,16,34
2026-05-20,PROD00048,WH-GDL-01,386,21,17
2026-05-20,PROD00197,WH-GDL-01,221,19,53
2026-05-20,PROD00194,WH-GDL-01,220,37,52
2026-05-20,PROD00284,WH-CDMX-01,449,20,78
2026-05-20,PROD00192,WH-MTY-01,23,46,26
2026-05-20,PROD00220,WH-GDL-01,0,38,35
2026-05-20,PROD00093,WH-CDMX-01,251,8,37
2026-05-20,PROD00280,WH-MTY-01,229,25,62
2026-05-20,PROD00278,WH-GDL-01,362,46,66
2026-05-20,PROD00141,WH-GDL-01,25,44,14
2026-05-20,PROD00010,WH-CDMX-01,147,11,56
2026-05-20,PROD00159,WH-GDL-01,367,16,15
2026-05-20,PROD00235,WH-GDL-01,328,22,54
2026-05-20,PROD00145,WH-GDL-01,323,25,54
2026-05-20,PROD00015,WH-OAX-01,56,7,32
2026-05-20,PROD00083,WH-OAX-01,37,6,54
2026-05-20,PROD00245,WH-OAX-01,79,20,36
2026-05-20,PROD00345,WH-GDL-01,503,12,60
2026-05-20,PROD00242,WH-OAX-01,285,34,47
2026-05-20,PROD00174,WH-MTY-01,188,30,57
2026-05-20,PROD00154,WH-MTY-01,333,40,25
2026-05-20,PROD00200,WH-CDMX-01,456,24,55
