order_item_id,order_id,product_id,quantity,unit_price,discount_amount,line_total
OI00000001-1,ORD00000001,PROD00267,2,16380.3,0.0,32760.6
OI00000001-2,ORD00000001,PROD00326,1,13890.31,0.0,13890.31
OI00000001-3,ORD00000001,PROD00209,3,1876.23,0.0,5628.69
OI00000001-4,ORD00000001,PROD00325,1,24143.74,0.0,24143.74
OI00000002-1,ORD00000002,PROD00284,4,10726.51,0.0,42906.04
OI00000002-2,ORD00000002,PROD00218,2,9795.93,979.59,18612.27
OI00000002-3,ORD00000002,PROD00255,1,4895.99,244.8,4651.19
OI00000003-1,ORD00000003,PROD00126,1,12025.16,1202.52,10822.64
OI00000003-2,ORD00000003,PROD00230,2,8334.56,2500.37,14168.75
OI00000003-3,ORD00000003,PROD00269,2,14198.95,0.0,28397.9
OI00000004-1,ORD00000004,PROD00217,4,11079.35,2215.87,42101.53
OI00000005-1,ORD00000005,PROD00277,1,16643.7,0.0,16643.7
OI00000005-2,ORD00000005,PROD00154,4,21079.89,0.0,84319.56
OI00000006-1,ORD00000006,PROD00157,1,21965.78,1098.29,20867.49
OI00000006-2,ORD00000006,PROD00317,4,16337.28,0.0,65349.12
OI00000007-1,ORD00000007,PROD00003,3,24605.45,11072.45,62743.9
OI00000008-1,ORD00000008,PROD00102,1,7550.93,755.09,6795.84
OI00000008-2,ORD00000008,PROD00264,2,15922.7,1592.27,30253.13
OI00000008-3,ORD00000008,PROD00064,4,2094.58,0.0,8378.32
OI00000008-4,ORD00000008,PROD00080,3,16165.62,0.0,48496.86
OI00000009-1,ORD00000009,PROD00275,3,23306.6,0.0,69919.8
OI00000009-2,ORD00000009,PROD00225,4,4381.86,0.0,17527.44
OI00000010-1,ORD00000010,PROD00057,2,634.37,0.0,1268.74
OI00000010-2,ORD00000010,PROD00021,2,21222.98,2122.3,40323.66
OI00000011-1,ORD00000011,PROD00341,3,22735.67,0.0,68207.01
OI00000011-2,ORD00000011,PROD00216,4,4489.61,1795.84,16162.6
OI00000011-3,ORD00000011,PROD00254,2,10249.25,0.0,20498.5
OI00000011-4,ORD00000011,PROD00205,4,22069.77,0.0,88279.08
OI00000012-1,ORD00000012,PROD00007,2,18525.88,0.0,37051.76
OI00000012-2,ORD00000012,PROD00348,3,16456.2,2468.43,46900.17
OI00000012-3,ORD00000012,PROD00306,1,18198.52,909.93,17288.59
OI00000012-4,ORD00000012,PROD00246,3,2046.4,0.0,6139.2
OI00000012-5,ORD00000012,PROD00249,1,13843.66,692.18,13151.48
OI00000013-1,ORD00000013,PROD00135,2,8523.43,2557.03,14489.83
OI00000014-1,ORD00000014,PROD00313,2,23762.43,0.0,47524.86
OI00000014-2,ORD00000014,PROD00303,2,15795.37,0.0,31590.74
OI00000014-3,ORD00000014,PROD00062,2,17873.06,1787.31,33958.81
OI00000014-4,ORD00000014,PROD00020,3,1320.51,0.0,3961.53
OI00000014-5,ORD00000014,PROD00075,4,1735.74,0.0,6942.96
OI00000015-1,ORD00000015,PROD00157,2,21965.78,0.0,43931.56
OI00000015-2,ORD00000015,PROD00173,4,19657.54,3931.51,74698.65
OI00000015-3,ORD00000015,PROD00032,4,7626.11,4575.67,25928.77
OI00000015-4,ORD00000015,PROD00027,3,12715.52,0.0,38146.56
OI00000015-5,ORD00000015,PROD00138,3,12060.91,0.0,36182.73
OI00000016-1,ORD00000016,PROD00021,1,21222.98,0.0,21222.98
OI00000016-2,ORD00000016,PROD00339,3,696.45,0.0,2089.35
OI00000017-1,ORD00000017,PROD00130,4,22922.02,0.0,91688.08
OI00000017-2,ORD00000017,PROD00172,3,9009.37,0.0,27028.11
OI00000018-1,ORD00000018,PROD00302,3,7756.84,0.0,23270.52
OI00000018-2,ORD00000018,PROD00333,3,15073.5,0.0,45220.5
OI00000018-3,ORD00000018,PROD00300,4,20412.89,0.0,81651.56
OI00000019-1,ORD00000019,PROD00099,4,16343.82,0.0,65375.28
OI00000019-2,ORD00000019,PROD00039,3,12707.28,0.0,38121.84
OI00000020-1,ORD00000020,PROD00215,3,16801.23,5040.37,45363.32
OI00000020-2,ORD00000020,PROD00178,3,20555.44,3083.32,58583.0
OI00000021-1,ORD00000021,PROD00012,2,11531.07,2306.21,20755.93
OI00000021-2,ORD00000021,PROD00141,2,15103.07,0.0,30206.14
OI00000021-3,ORD00000021,PROD00024,1,13853.73,2078.06,11775.67
OI00000021-4,ORD00000021,PROD00098,4,24035.74,4807.15,91335.81
OI00000021-5,ORD00000021,PROD00273,1,16836.47,0.0,16836.47
OI00000022-1,ORD00000022,PROD00106,2,16178.76,0.0,32357.52
OI00000022-2,ORD00000022,PROD00082,2,23934.46,4786.89,43082.03
OI00000022-3,ORD00000022,PROD00005,4,12790.76,5116.3,46046.74
OI00000023-1,ORD00000023,PROD00283,1,5877.29,0.0,5877.29
OI00000023-2,ORD00000023,PROD00115,1,24607.38,2460.74,22146.64
OI00000023-3,ORD00000023,PROD00122,3,1221.77,0.0,3665.31
OI00000024-1,ORD00000024,PROD00329,2,10605.13,0.0,21210.26
OI00000025-1,ORD00000025,PROD00189,3,4749.05,0.0,14247.15
OI00000025-2,ORD00000025,PROD00282,3,15862.74,7138.23,40449.99
OI00000025-3,ORD00000025,PROD00069,4,17377.04,6950.82,62557.34
OI00000025-4,ORD00000025,PROD00151,3,4900.37,0.0,14701.11
OI00000025-5,ORD00000025,PROD00321,1,19868.88,0.0,19868.88
OI00000026-1,ORD00000026,PROD00337,1,17875.4,2681.31,15194.09
OI00000026-2,ORD00000026,PROD00196,3,10833.41,4875.03,27625.2
OI00000026-3,ORD00000026,PROD00325,2,24143.74,2414.37,45873.11
OI00000026-4,ORD00000026,PROD00113,3,20219.94,0.0,60659.82
OI00000026-5,ORD00000026,PROD00105,4,8573.66,0.0,34294.64
OI00000027-1,ORD00000027,PROD00048,4,2165.22,0.0,8660.88
OI00000027-2,ORD00000027,PROD00236,2,23089.06,0.0,46178.12
OI00000027-3,ORD00000027,PROD00097,4,19582.9,11749.74,66581.86
OI00000027-4,ORD00000027,PROD00093,3,23736.46,0.0,71209.38
OI00000028-1,ORD00000028,PROD00036,2,19263.87,0.0,38527.74
OI00000028-2,ORD00000028,PROD00219,2,19321.62,1932.16,36711.08
OI00000029-1,ORD00000029,PROD00309,1,2478.12,123.91,2354.21
OI00000030-1,ORD00000030,PROD00068,2,12144.87,0.0,24289.74
OI00000031-1,ORD00000031,PROD00278,3,20166.44,9074.9,51424.42
OI00000032-1,ORD00000032,PROD00084,3,6169.9,0.0,18509.7
OI00000032-2,ORD00000032,PROD00246,2,2046.4,0.0,4092.8
OI00000032-3,ORD00000032,PROD00029,3,19909.52,8959.28,50769.28
OI00000032-4,ORD00000032,PROD00279,1,690.73,0.0,690.73
OI00000033-1,ORD00000033,PROD00073,1,3596.39,0.0,3596.39
OI00000033-2,ORD00000033,PROD00013,2,7604.86,760.49,14449.23
OI00000033-3,ORD00000033,PROD00198,2,235.71,0.0,471.42
OI00000033-4,ORD00000033,PROD00336,3,1810.42,0.0,5431.26
OI00000034-1,ORD00000034,PROD00053,3,17522.36,0.0,52567.08
OI00000034-2,ORD00000034,PROD00040,3,3967.96,0.0,11903.88
OI00000035-1,ORD00000035,PROD00272,3,6955.22,2086.57,18779.09
OI00000035-2,ORD00000035,PROD00093,4,23736.46,0.0,94945.84
OI00000035-3,ORD00000035,PROD00342,3,296.09,88.83,799.44
OI00000035-4,ORD00000035,PROD00147,3,5524.18,0.0,16572.54
OI00000036-1,ORD00000036,PROD00002,2,11732.07,3519.62,19944.52
OI00000037-1,ORD00000037,PROD00035,1,14071.44,1407.14,12664.3
OI00000037-2,ORD00000037,PROD00219,3,19321.62,0.0,57964.86
OI00000037-3,ORD00000037,PROD00047,3,23596.32,0.0,70788.96
OI00000037-4,ORD00000037,PROD00094,4,1683.18,0.0,6732.72
OI00000038-1,ORD00000038,PROD00309,3,2478.12,0.0,7434.36
OI00000038-2,ORD00000038,PROD00335,2,11428.89,1142.89,21714.89
OI00000038-3,ORD00000038,PROD00215,4,16801.23,6720.49,60484.43
OI00000038-4,ORD00000038,PROD00274,4,2466.2,986.48,8878.32
OI00000039-1,ORD00000039,PROD00270,2,6520.83,1956.25,11085.41
OI00000039-2,ORD00000039,PROD00045,2,3832.7,0.0,7665.4
OI00000039-3,ORD00000039,PROD00002,2,11732.07,0.0,23464.14
OI00000039-4,ORD00000039,PROD00186,4,8185.68,0.0,32742.72
OI00000040-1,ORD00000040,PROD00151,4,4900.37,0.0,19601.48
OI00000040-2,ORD00000040,PROD00283,4,5877.29,0.0,23509.16
OI00000041-1,ORD00000041,PROD00194,1,3968.03,595.2,3372.83
OI00000041-2,ORD00000041,PROD00218,3,9795.93,0.0,29387.79
OI00000042-1,ORD00000042,PROD00076,3,22512.17,0.0,67536.51
OI00000043-1,ORD00000043,PROD00077,2,19060.68,1906.07,36215.29
OI00000043-2,ORD00000043,PROD00072,3,7657.87,1148.68,21824.93
OI00000043-3,ORD00000043,PROD00211,3,2911.33,436.7,8297.29
OI00000043-4,ORD00000043,PROD00331,1,15173.99,0.0,15173.99
OI00000044-1,ORD00000044,PROD00258,2,17451.91,0.0,34903.82
OI00000044-2,ORD00000044,PROD00203,4,9647.39,5788.43,32801.13
OI00000045-1,ORD00000045,PROD00217,2,11079.35,0.0,22158.7
OI00000045-2,ORD00000045,PROD00048,4,2165.22,0.0,8660.88
OI00000046-1,ORD00000046,PROD00310,1,11465.44,1719.82,9745.62
OI00000046-2,ORD00000046,PROD00240,4,15221.18,0.0,60884.72
OI00000046-3,ORD00000046,PROD00335,4,11428.89,2285.78,43429.78
OI00000046-4,ORD00000046,PROD00085,1,20182.68,0.0,20182.68
OI00000046-5,ORD00000046,PROD00332,4,966.51,0.0,3866.04
OI00000047-1,ORD00000047,PROD00015,2,21482.35,0.0,42964.7
OI00000047-2,ORD00000047,PROD00084,1,6169.9,0.0,6169.9
OI00000047-3,ORD00000047,PROD00109,1,16822.54,0.0,16822.54
OI00000048-1,ORD00000048,PROD00290,1,19169.41,1916.94,17252.47
OI00000048-2,ORD00000048,PROD00248,1,544.29,0.0,544.29
OI00000048-3,ORD00000048,PROD00162,1,5270.48,0.0,5270.48
OI00000048-4,ORD00000048,PROD00005,3,12790.76,0.0,38372.28
OI00000048-5,ORD00000048,PROD00204,2,17481.19,0.0,34962.38
OI00000049-1,ORD00000049,PROD00052,2,22735.31,0.0,45470.62
OI00000049-2,ORD00000049,PROD00301,4,15056.56,3011.31,57214.93
OI00000049-3,ORD00000049,PROD00301,1,15056.56,0.0,15056.56
OI00000049-4,ORD00000049,PROD00083,2,3051.07,915.32,5186.82
OI00000049-5,ORD00000049,PROD00238,1,16218.76,2432.81,13785.95
OI00000050-1,ORD00000050,PROD00257,3,18404.82,2760.72,52453.74
OI00000050-2,ORD00000050,PROD00068,3,12144.87,0.0,36434.61
OI00000051-1,ORD00000051,PROD00311,1,22435.59,0.0,22435.59
OI00000051-2,ORD00000051,PROD00291,4,16653.64,0.0,66614.56
OI00000051-3,ORD00000051,PROD00008,2,2128.1,0.0,4256.2
OI00000051-4,ORD00000051,PROD00281,1,16522.7,826.14,15696.56
OI00000051-5,ORD00000051,PROD00049,4,1583.63,0.0,6334.52
OI00000052-1,ORD00000052,PROD00181,1,8549.46,0.0,8549.46
OI00000052-2,ORD00000052,PROD00092,4,5103.86,0.0,20415.44
OI00000052-3,ORD00000052,PROD00243,3,5945.94,891.89,16945.93
OI00000053-1,ORD00000053,PROD00206,4,22722.97,9089.19,81802.69
OI00000053-2,ORD00000053,PROD00349,2,22965.12,2296.51,43633.73
OI00000053-3,ORD00000053,PROD00188,3,24505.29,0.0,73515.87
OI00000054-1,ORD00000054,PROD00318,1,21629.15,3244.37,18384.78
OI00000055-1,ORD00000055,PROD00292,4,21804.92,0.0,87219.68
OI00000055-2,ORD00000055,PROD00115,4,24607.38,4921.48,93508.04
OI00000056-1,ORD00000056,PROD00056,1,5382.68,0.0,5382.68
OI00000056-2,ORD00000056,PROD00056,4,5382.68,1076.54,20454.18
OI00000056-3,ORD00000056,PROD00103,4,21963.07,0.0,87852.28
OI00000056-4,ORD00000056,PROD00034,3,20180.05,0.0,60540.15
OI00000057-1,ORD00000057,PROD00020,2,1320.51,132.05,2508.97
OI00000057-2,ORD00000057,PROD00075,2,1735.74,0.0,3471.48
OI00000057-3,ORD00000057,PROD00291,1,16653.64,1665.36,14988.28
OI00000057-4,ORD00000057,PROD00195,1,9755.37,0.0,9755.37
OI00000058-1,ORD00000058,PROD00217,3,11079.35,0.0,33238.05
OI00000059-1,ORD00000059,PROD00153,4,8528.45,1705.69,32408.11
OI00000060-1,ORD00000060,PROD00220,3,5039.64,0.0,15118.92
OI00000061-1,ORD00000061,PROD00083,4,3051.07,0.0,12204.28
OI00000061-2,ORD00000061,PROD00293,4,9456.41,0.0,37825.64
OI00000061-3,ORD00000061,PROD00288,2,6121.73,0.0,12243.46
OI00000061-4,ORD00000061,PROD00342,2,296.09,0.0,592.18
OI00000061-5,ORD00000061,PROD00341,3,22735.67,0.0,68207.01
OI00000062-1,ORD00000062,PROD00346,4,8662.06,0.0,34648.24
OI00000063-1,ORD00000063,PROD00050,1,22567.65,0.0,22567.65
OI00000063-2,ORD00000063,PROD00097,4,19582.9,11749.74,66581.86
OI00000063-3,ORD00000063,PROD00280,2,11325.36,2265.07,20385.65
OI00000063-4,ORD00000063,PROD00194,2,3968.03,0.0,7936.06
OI00000063-5,ORD00000063,PROD00108,2,19693.27,5907.98,33478.56
OI00000064-1,ORD00000064,PROD00258,1,17451.91,2617.79,14834.12
OI00000064-2,ORD00000064,PROD00256,4,15892.74,3178.55,60392.41
OI00000064-3,ORD00000064,PROD00211,3,2911.33,0.0,8733.99
OI00000065-1,ORD00000065,PROD00235,4,7450.54,0.0,29802.16
OI00000065-2,ORD00000065,PROD00091,2,3604.39,720.88,6487.9
OI00000066-1,ORD00000066,PROD00051,1,10511.67,0.0,10511.67
OI00000066-2,ORD00000066,PROD00046,1,20054.13,2005.41,18048.72
OI00000066-3,ORD00000066,PROD00211,1,2911.33,145.57,2765.76
OI00000066-4,ORD00000066,PROD00320,1,624.52,93.68,530.84
OI00000066-5,ORD00000066,PROD00228,1,24578.41,3686.76,20891.65
OI00000067-1,ORD00000067,PROD00196,1,10833.41,0.0,10833.41
OI00000067-2,ORD00000067,PROD00241,1,1662.19,0.0,1662.19
OI00000067-3,ORD00000067,PROD00238,4,16218.76,9731.26,55143.78
OI00000067-4,ORD00000067,PROD00203,1,9647.39,0.0,9647.39
OI00000067-5,ORD00000067,PROD00115,3,24607.38,0.0,73822.14
OI00000068-1,ORD00000068,PROD00017,1,19254.54,0.0,19254.54
OI00000068-2,ORD00000068,PROD00079,3,9711.52,2913.46,26221.1
OI00000068-3,ORD00000068,PROD00308,3,9807.02,0.0,29421.06
OI00000068-4,ORD00000068,PROD00088,4,13567.39,0.0,54269.56
OI00000069-1,ORD00000069,PROD00296,4,3229.07,0.0,12916.28
OI00000070-1,ORD00000070,PROD00119,1,17032.97,2554.95,14478.02
OI00000070-2,ORD00000070,PROD00065,1,11181.79,1677.27,9504.52
OI00000070-3,ORD00000070,PROD00296,4,3229.07,1937.44,10978.84
OI00000070-4,ORD00000070,PROD00134,2,11362.61,0.0,22725.22
OI00000071-1,ORD00000071,PROD00079,1,9711.52,971.15,8740.37
OI00000071-2,ORD00000071,PROD00279,1,690.73,69.07,621.66
OI00000071-3,ORD00000071,PROD00196,1,10833.41,1625.01,9208.4
OI00000071-4,ORD00000071,PROD00067,4,18306.34,10983.8,62241.56
OI00000071-5,ORD00000071,PROD00324,3,1645.09,0.0,4935.27
OI00000072-1,ORD00000072,PROD00194,3,3968.03,1785.61,10118.48
OI00000072-2,ORD00000072,PROD00027,3,12715.52,0.0,38146.56
OI00000073-1,ORD00000073,PROD00063,1,20579.93,0.0,20579.93
OI00000073-2,ORD00000073,PROD00145,3,21307.62,0.0,63922.86
OI00000073-3,ORD00000073,PROD00048,1,2165.22,108.26,2056.96
OI00000073-4,ORD00000073,PROD00186,2,8185.68,818.57,15552.79
OI00000073-5,ORD00000073,PROD00052,4,22735.31,0.0,90941.24
OI00000074-1,ORD00000074,PROD00193,3,9247.87,4161.54,23582.07
OI00000074-2,ORD00000074,PROD00231,2,1734.46,0.0,3468.92
OI00000074-3,ORD00000074,PROD00153,1,8528.45,0.0,8528.45
OI00000074-4,ORD00000074,PROD00338,1,10521.18,0.0,10521.18
OI00000075-1,ORD00000075,PROD00082,3,23934.46,0.0,71803.38
OI00000076-1,ORD00000076,PROD00111,3,11594.18,0.0,34782.54
OI00000076-2,ORD00000076,PROD00112,1,17029.83,0.0,17029.83
OI00000077-1,ORD00000077,PROD00103,1,21963.07,0.0,21963.07
OI00000077-2,ORD00000077,PROD00283,3,5877.29,881.59,16750.28
OI00000077-3,ORD00000077,PROD00254,4,10249.25,4099.7,36897.3
OI00000077-4,ORD00000077,PROD00205,2,22069.77,0.0,44139.54
OI00000078-1,ORD00000078,PROD00160,2,21368.16,0.0,42736.32
OI00000078-2,ORD00000078,PROD00250,4,7116.48,1423.3,27042.62
OI00000078-3,ORD00000078,PROD00217,3,11079.35,0.0,33238.05
OI00000078-4,ORD00000078,PROD00319,1,339.48,33.95,305.53
OI00000078-5,ORD00000078,PROD00197,4,14707.92,0.0,58831.68
OI00000079-1,ORD00000079,PROD00086,1,21556.26,2155.63,19400.63
OI00000079-2,ORD00000079,PROD00130,4,22922.02,0.0,91688.08
OI00000079-3,ORD00000079,PROD00310,3,11465.44,1719.82,32676.5
OI00000079-4,ORD00000079,PROD00016,1,21060.14,0.0,21060.14
OI00000080-1,ORD00000080,PROD00337,3,17875.4,0.0,53626.2
OI00000080-2,ORD00000080,PROD00075,3,1735.74,0.0,5207.22
OI00000081-1,ORD00000081,PROD00165,2,17905.46,3581.09,32229.83
OI00000081-2,ORD00000081,PROD00034,4,20180.05,0.0,80720.2
OI00000081-3,ORD00000081,PROD00309,2,2478.12,495.62,4460.62
OI00000081-4,ORD00000081,PROD00112,1,17029.83,1702.98,15326.85
OI00000081-5,ORD00000081,PROD00143,1,8628.21,862.82,7765.39
OI00000082-1,ORD00000082,PROD00253,4,23510.11,0.0,94040.44
OI00000083-1,ORD00000083,PROD00168,4,13786.27,0.0,55145.08
OI00000083-2,ORD00000083,PROD00296,1,3229.07,0.0,3229.07
OI00000083-3,ORD00000083,PROD00010,1,4667.93,233.4,4434.53
OI00000083-4,ORD00000083,PROD00146,2,8249.05,824.9,15673.2
OI00000083-5,ORD00000083,PROD00019,1,539.71,0.0,539.71
OI00000084-1,ORD00000084,PROD00155,3,16388.99,0.0,49166.97
OI00000084-2,ORD00000084,PROD00178,4,20555.44,0.0,82221.76
OI00000084-3,ORD00000084,PROD00285,3,7381.88,1107.28,21038.36
OI00000084-4,ORD00000084,PROD00314,1,8921.82,446.09,8475.73
OI00000085-1,ORD00000085,PROD00192,1,5187.01,0.0,5187.01
OI00000086-1,ORD00000086,PROD00224,2,23476.13,0.0,46952.26
OI00000086-2,ORD00000086,PROD00046,2,20054.13,6016.24,34092.02
OI00000086-3,ORD00000086,PROD00189,1,4749.05,712.36,4036.69
OI00000087-1,ORD00000087,PROD00039,3,12707.28,0.0,38121.84
OI00000087-2,ORD00000087,PROD00314,4,8921.82,0.0,35687.28
OI00000087-3,ORD00000087,PROD00088,2,13567.39,2713.48,24421.3
OI00000088-1,ORD00000088,PROD00212,4,11560.86,6936.52,39306.92
OI00000088-2,ORD00000088,PROD00063,2,20579.93,4115.99,37043.87
OI00000088-3,ORD00000088,PROD00245,4,7169.55,0.0,28678.2
OI00000088-4,ORD00000088,PROD00165,4,17905.46,0.0,71621.84
OI00000088-5,ORD00000088,PROD00048,3,2165.22,0.0,6495.66
OI00000089-1,ORD00000089,PROD00040,1,3967.96,198.4,3769.56
OI00000089-2,ORD00000089,PROD00031,2,5027.13,0.0,10054.26
OI00000090-1,ORD00000090,PROD00107,3,10358.42,0.0,31075.26
OI00000090-2,ORD00000090,PROD00233,2,579.27,115.85,1042.69
OI00000090-3,ORD00000090,PROD00055,2,2152.81,0.0,4305.62
OI00000091-1,ORD00000091,PROD00097,1,19582.9,0.0,19582.9
OI00000091-2,ORD00000091,PROD00217,2,11079.35,3323.8,18834.9
OI00000091-3,ORD00000091,PROD00158,1,4832.45,0.0,4832.45
OI00000091-4,ORD00000091,PROD00237,1,6989.25,1048.39,5940.86
OI00000092-1,ORD00000092,PROD00244,4,18055.76,0.0,72223.04
OI00000093-1,ORD00000093,PROD00078,4,3767.12,1506.85,13561.63
OI00000093-2,ORD00000093,PROD00221,3,17014.99,0.0,51044.97
OI00000094-1,ORD00000094,PROD00217,2,11079.35,0.0,22158.7
OI00000094-2,ORD00000094,PROD00097,4,19582.9,0.0,78331.6
OI00000094-3,ORD00000094,PROD00305,3,17525.16,5257.55,47317.93
OI00000094-4,ORD00000094,PROD00312,4,9087.53,3635.01,32715.11
OI00000095-1,ORD00000095,PROD00113,1,20219.94,0.0,20219.94
OI00000096-1,ORD00000096,PROD00116,4,4303.4,860.68,16352.92
OI00000096-2,ORD00000096,PROD00202,1,10405.57,0.0,10405.57
OI00000096-3,ORD00000096,PROD00138,4,12060.91,0.0,48243.64
OI00000097-1,ORD00000097,PROD00148,1,15616.8,0.0,15616.8
OI00000097-2,ORD00000097,PROD00095,4,13874.18,8324.51,47172.21
OI00000097-3,ORD00000097,PROD00157,2,21965.78,0.0,43931.56
OI00000097-4,ORD00000097,PROD00162,1,5270.48,0.0,5270.48
OI00000097-5,ORD00000097,PROD00096,3,7650.09,1147.51,21802.76
OI00000098-1,ORD00000098,PROD00136,1,14715.94,0.0,14715.94
OI00000098-2,ORD00000098,PROD00348,1,16456.2,1645.62,14810.58
OI00000099-1,ORD00000099,PROD00242,1,23459.95,0.0,23459.95
OI00000099-2,ORD00000099,PROD00009,3,15614.07,0.0,46842.21
OI00000100-1,ORD00000100,PROD00232,4,12800.1,7680.06,43520.34
OI00000100-2,ORD00000100,PROD00180,3,5881.39,2646.63,14997.54
OI00000100-3,ORD00000100,PROD00250,3,7116.48,0.0,21349.44
OI00000101-1,ORD00000101,PROD00340,4,17115.28,0.0,68461.12
OI00000101-2,ORD00000101,PROD00139,1,1559.26,0.0,1559.26
OI00000101-3,ORD00000101,PROD00211,2,2911.33,873.4,4949.26
OI00000101-4,ORD00000101,PROD00073,3,3596.39,539.46,10249.71
OI00000101-5,ORD00000101,PROD00016,2,21060.14,4212.03,37908.25
OI00000102-1,ORD00000102,PROD00328,1,24499.21,0.0,24499.21
OI00000102-2,ORD00000102,PROD00321,4,19868.88,7947.55,71527.97
OI00000102-3,ORD00000102,PROD00090,3,4577.37,2059.82,11672.29
OI00000102-4,ORD00000102,PROD00179,3,21643.38,3246.51,61683.63
OI00000103-1,ORD00000103,PROD00267,3,16380.3,4914.09,44226.81
OI00000103-2,ORD00000103,PROD00063,4,20579.93,4115.99,78203.73
OI00000103-3,ORD00000103,PROD00291,3,16653.64,0.0,49960.92
OI00000103-4,ORD00000103,PROD00057,1,634.37,31.72,602.65
OI00000103-5,ORD00000103,PROD00076,4,22512.17,13507.3,76541.38
OI00000104-1,ORD00000104,PROD00034,3,20180.05,0.0,60540.15
OI00000104-2,ORD00000104,PROD00233,1,579.27,0.0,579.27
OI00000104-3,ORD00000104,PROD00145,1,21307.62,0.0,21307.62
OI00000105-1,ORD00000105,PROD00026,3,4075.27,0.0,12225.81
OI00000106-1,ORD00000106,PROD00139,2,1559.26,467.78,2650.74
OI00000107-1,ORD00000107,PROD00243,3,5945.94,0.0,17837.82
OI00000108-1,ORD00000108,PROD00306,3,18198.52,0.0,54595.56
OI00000108-2,ORD00000108,PROD00289,4,10900.59,6540.35,37062.01
OI00000108-3,ORD00000108,PROD00166,2,5219.63,1565.89,8873.37
OI00000109-1,ORD00000109,PROD00157,1,21965.78,0.0,21965.78
OI00000109-2,ORD00000109,PROD00291,4,16653.64,6661.46,59953.1
OI00000109-3,ORD00000109,PROD00094,4,1683.18,336.64,6396.08
OI00000110-1,ORD00000110,PROD00184,4,20269.51,0.0,81078.04
OI00000110-2,ORD00000110,PROD00219,4,19321.62,3864.32,73422.16
OI00000110-3,ORD00000110,PROD00211,4,2911.33,0.0,11645.32
OI00000110-4,ORD00000110,PROD00287,1,4242.92,212.15,4030.77
OI00000110-5,ORD00000110,PROD00046,2,20054.13,4010.83,36097.43
OI00000111-1,ORD00000111,PROD00279,3,690.73,0.0,2072.19
OI00000111-2,ORD00000111,PROD00202,2,10405.57,1040.56,19770.58
OI00000111-3,ORD00000111,PROD00344,1,2433.74,121.69,2312.05
OI00000111-4,ORD00000111,PROD00266,4,20418.91,0.0,81675.64
OI00000111-5,ORD00000111,PROD00044,1,6687.09,0.0,6687.09
OI00000112-1,ORD00000112,PROD00032,1,7626.11,1143.92,6482.19
OI00000112-2,ORD00000112,PROD00300,1,20412.89,3061.93,17350.96
OI00000112-3,ORD00000112,PROD00105,2,8573.66,1714.73,15432.59
OI00000113-1,ORD00000113,PROD00322,3,14307.01,6438.15,36482.88
OI00000113-2,ORD00000113,PROD00004,4,7422.27,2968.91,26720.17
OI00000113-3,ORD00000113,PROD00103,1,21963.07,0.0,21963.07
OI00000114-1,ORD00000114,PROD00054,4,17451.9,0.0,69807.6
OI00000114-2,ORD00000114,PROD00259,4,6394.49,1278.9,24299.06
OI00000115-1,ORD00000115,PROD00121,3,17020.33,5106.1,45954.89
OI00000115-2,ORD00000115,PROD00349,4,22965.12,13779.07,78081.41
OI00000116-1,ORD00000116,PROD00073,2,3596.39,0.0,7192.78
OI00000116-2,ORD00000116,PROD00262,2,20752.25,2075.22,39429.28
OI00000117-1,ORD00000117,PROD00189,3,4749.05,712.36,13534.79
OI00000117-2,ORD00000117,PROD00198,1,235.71,11.79,223.92
OI00000117-3,ORD00000117,PROD00214,4,4472.05,0.0,17888.2
OI00000117-4,ORD00000117,PROD00015,3,21482.35,3222.35,61224.7
OI00000118-1,ORD00000118,PROD00228,1,24578.41,0.0,24578.41
OI00000118-2,ORD00000118,PROD00072,4,7657.87,4594.72,26036.76
OI00000118-3,ORD00000118,PROD00235,3,7450.54,0.0,22351.62
OI00000118-4,ORD00000118,PROD00082,3,23934.46,7180.34,64623.04
OI00000118-5,ORD00000118,PROD00258,2,17451.91,0.0,34903.82
OI00000119-1,ORD00000119,PROD00181,3,8549.46,1282.42,24365.96
OI00000119-2,ORD00000119,PROD00072,3,7657.87,3446.04,19527.57
OI00000120-1,ORD00000120,PROD00311,2,22435.59,4487.12,40384.06
OI00000120-2,ORD00000120,PROD00260,3,2962.43,0.0,8887.29
OI00000120-3,ORD00000120,PROD00166,3,5219.63,1565.89,14093.0
OI00000120-4,ORD00000120,PROD00317,4,16337.28,0.0,65349.12
OI00000121-1,ORD00000121,PROD00256,4,15892.74,0.0,63570.96
OI00000122-1,ORD00000122,PROD00216,1,4489.61,0.0,4489.61
OI00000122-2,ORD00000122,PROD00314,3,8921.82,0.0,26765.46
OI00000122-3,ORD00000122,PROD00020,1,1320.51,66.03,1254.48
OI00000122-4,ORD00000122,PROD00192,1,5187.01,0.0,5187.01
OI00000123-1,ORD00000123,PROD00285,2,7381.88,0.0,14763.76
OI00000123-2,ORD00000123,PROD00130,4,22922.02,4584.4,87103.68
OI00000123-3,ORD00000123,PROD00348,3,16456.2,0.0,49368.6
OI00000123-4,ORD00000123,PROD00104,2,15897.49,1589.75,30205.23
OI00000123-5,ORD00000123,PROD00271,2,21715.63,0.0,43431.26
OI00000124-1,ORD00000124,PROD00003,3,24605.45,3690.82,70125.53
OI00000124-2,ORD00000124,PROD00291,1,16653.64,0.0,16653.64
OI00000125-1,ORD00000125,PROD00257,3,18404.82,0.0,55214.46
OI00000125-2,ORD00000125,PROD00317,2,16337.28,0.0,32674.56
OI00000125-3,ORD00000125,PROD00225,4,4381.86,2629.12,14898.32
OI00000125-4,ORD00000125,PROD00193,1,9247.87,924.79,8323.08
OI00000126-1,ORD00000126,PROD00119,1,17032.97,1703.3,15329.67
OI00000126-2,ORD00000126,PROD00277,3,16643.7,0.0,49931.1
OI00000126-3,ORD00000126,PROD00115,3,24607.38,0.0,73822.14
OI00000126-4,ORD00000126,PROD00200,3,18445.4,0.0,55336.2
OI00000127-1,ORD00000127,PROD00313,3,23762.43,3564.36,67722.93
OI00000127-2,ORD00000127,PROD00317,1,16337.28,1633.73,14703.55
OI00000127-3,ORD00000127,PROD00057,4,634.37,0.0,2537.48
OI00000127-4,ORD00000127,PROD00335,1,11428.89,0.0,11428.89
OI00000127-5,ORD00000127,PROD00174,4,13673.35,0.0,54693.4
OI00000128-1,ORD00000128,PROD00340,1,17115.28,0.0,17115.28
OI00000128-2,ORD00000128,PROD00253,1,23510.11,2351.01,21159.1
OI00000128-3,ORD00000128,PROD00313,1,23762.43,0.0,23762.43
OI00000129-1,ORD00000129,PROD00139,1,1559.26,0.0,1559.26
OI00000129-2,ORD00000129,PROD00019,4,539.71,215.88,1942.96
OI00000130-1,ORD00000130,PROD00011,1,13382.68,0.0,13382.68
OI00000130-2,ORD00000130,PROD00101,4,14649.72,8789.83,49809.05
OI00000131-1,ORD00000131,PROD00221,4,17014.99,6806.0,61253.96
OI00000131-2,ORD00000131,PROD00071,1,9271.17,463.56,8807.61
OI00000132-1,ORD00000132,PROD00122,2,1221.77,0.0,2443.54
OI00000133-1,ORD00000133,PROD00291,1,16653.64,0.0,16653.64
OI00000133-2,ORD00000133,PROD00128,1,20549.76,0.0,20549.76
OI00000133-3,ORD00000133,PROD00030,2,7097.31,709.73,13484.89
OI00000133-4,ORD00000133,PROD00093,3,23736.46,0.0,71209.38
OI00000133-5,ORD00000133,PROD00161,3,15755.01,4726.5,42538.53
OI00000134-1,ORD00000134,PROD00337,1,17875.4,0.0,17875.4
OI00000135-1,ORD00000135,PROD00228,3,24578.41,0.0,73735.23
OI00000135-2,ORD00000135,PROD00283,3,5877.29,2644.78,14987.09
OI00000136-1,ORD00000136,PROD00178,4,20555.44,12333.26,69888.5
OI00000137-1,ORD00000137,PROD00267,2,16380.3,0.0,32760.6
OI00000137-2,ORD00000137,PROD00284,2,10726.51,0.0,21453.02
OI00000138-1,ORD00000138,PROD00059,1,15693.39,784.67,14908.72
OI00000138-2,ORD00000138,PROD00018,3,22565.26,0.0,67695.78
OI00000138-3,ORD00000138,PROD00302,4,7756.84,0.0,31027.36
OI00000138-4,ORD00000138,PROD00044,1,6687.09,0.0,6687.09
OI00000139-1,ORD00000139,PROD00228,1,24578.41,0.0,24578.41
OI00000139-2,ORD00000139,PROD00106,4,16178.76,0.0,64715.04
OI00000139-3,ORD00000139,PROD00338,4,10521.18,4208.47,37876.25
OI00000139-4,ORD00000139,PROD00027,3,12715.52,0.0,38146.56
OI00000140-1,ORD00000140,PROD00135,2,8523.43,0.0,17046.86
OI00000140-2,ORD00000140,PROD00175,4,18643.02,3728.6,70843.48
OI00000140-3,ORD00000140,PROD00030,1,7097.31,709.73,6387.58
OI00000141-1,ORD00000141,PROD00266,3,20418.91,0.0,61256.73
OI00000141-2,ORD00000141,PROD00196,4,10833.41,6500.05,36833.59
OI00000141-3,ORD00000141,PROD00122,2,1221.77,0.0,2443.54
OI00000141-4,ORD00000141,PROD00144,3,4774.42,0.0,14323.26
OI00000141-5,ORD00000141,PROD00128,3,20549.76,0.0,61649.28
OI00000142-1,ORD00000142,PROD00338,3,10521.18,4734.53,26829.01
OI00000142-2,ORD00000142,PROD00312,1,9087.53,0.0,9087.53
OI00000142-3,ORD00000142,PROD00158,3,4832.45,0.0,14497.35
OI00000143-1,ORD00000143,PROD00019,3,539.71,80.96,1538.17
OI00000143-2,ORD00000143,PROD00327,2,16333.38,1633.34,31033.42
OI00000143-3,ORD00000143,PROD00030,1,7097.31,0.0,7097.31
OI00000143-4,ORD00000143,PROD00313,3,23762.43,0.0,71287.29
OI00000144-1,ORD00000144,PROD00066,2,21806.77,6542.03,37071.51
OI00000144-2,ORD00000144,PROD00090,2,4577.37,915.47,8239.27
OI00000144-3,ORD00000144,PROD00336,1,1810.42,0.0,1810.42
OI00000144-4,ORD00000144,PROD00059,1,15693.39,0.0,15693.39
OI00000145-1,ORD00000145,PROD00032,3,7626.11,0.0,22878.33
OI00000145-2,ORD00000145,PROD00009,3,15614.07,4684.22,42157.99
OI00000146-1,ORD00000146,PROD00058,1,18176.41,0.0,18176.41
OI00000146-2,ORD00000146,PROD00105,3,8573.66,2572.1,23148.88
OI00000146-3,ORD00000146,PROD00191,4,719.62,0.0,2878.48
OI00000146-4,ORD00000146,PROD00329,4,10605.13,0.0,42420.52
OI00000147-1,ORD00000147,PROD00209,3,1876.23,281.43,5347.26
OI00000147-2,ORD00000147,PROD00151,1,4900.37,0.0,4900.37
OI00000147-3,ORD00000147,PROD00189,1,4749.05,0.0,4749.05
OI00000148-1,ORD00000148,PROD00262,3,20752.25,0.0,62256.75
OI00000148-2,ORD00000148,PROD00194,1,3968.03,595.2,3372.83
OI00000148-3,ORD00000148,PROD00077,4,19060.68,11436.41,64806.31
OI00000149-1,ORD00000149,PROD00323,4,10163.0,4065.2,36586.8
OI00000149-2,ORD00000149,PROD00063,1,20579.93,2057.99,18521.94
OI00000149-3,ORD00000149,PROD00242,4,23459.95,0.0,93839.8
OI00000149-4,ORD00000149,PROD00138,2,12060.91,2412.18,21709.64
OI00000149-5,ORD00000149,PROD00151,2,4900.37,0.0,9800.74
OI00000150-1,ORD00000150,PROD00124,4,24453.49,14672.09,83141.87
OI00000151-1,ORD00000151,PROD00186,4,8185.68,3274.27,29468.45
OI00000152-1,ORD00000152,PROD00276,2,9301.09,930.11,17672.07
OI00000152-2,ORD00000152,PROD00346,2,8662.06,1732.41,15591.71
OI00000153-1,ORD00000153,PROD00216,2,4489.61,897.92,8081.3
OI00000153-2,ORD00000153,PROD00254,2,10249.25,0.0,20498.5
OI00000153-3,ORD00000153,PROD00233,1,579.27,0.0,579.27
OI00000153-4,ORD00000153,PROD00062,4,17873.06,0.0,71492.24
OI00000154-1,ORD00000154,PROD00013,2,7604.86,0.0,15209.72
OI00000154-2,ORD00000154,PROD00068,4,12144.87,2428.97,46150.51
OI00000154-3,ORD00000154,PROD00182,2,5279.14,527.91,10030.37
OI00000154-4,ORD00000154,PROD00286,2,3240.14,972.04,5508.24
OI00000155-1,ORD00000155,PROD00056,1,5382.68,0.0,5382.68
OI00000155-2,ORD00000155,PROD00182,4,5279.14,1055.83,20060.73
OI00000155-3,ORD00000155,PROD00323,4,10163.0,6097.8,34554.2
OI00000155-4,ORD00000155,PROD00224,3,23476.13,3521.42,66906.97
OI00000155-5,ORD00000155,PROD00069,2,17377.04,5213.11,29540.97
OI00000156-1,ORD00000156,PROD00346,4,8662.06,1732.41,32915.83
OI00000156-2,ORD00000156,PROD00165,4,17905.46,0.0,71621.84
OI00000156-3,ORD00000156,PROD00261,3,17666.44,0.0,52999.32
OI00000157-1,ORD00000157,PROD00269,4,14198.95,0.0,56795.8
OI00000157-2,ORD00000157,PROD00166,4,5219.63,0.0,20878.52
OI00000157-3,ORD00000157,PROD00092,2,5103.86,0.0,10207.72
OI00000157-4,ORD00000157,PROD00108,4,19693.27,7877.31,70895.77
OI00000157-5,ORD00000157,PROD00143,3,8628.21,0.0,25884.63
OI00000158-1,ORD00000158,PROD00225,2,4381.86,0.0,8763.72
OI00000158-2,ORD00000158,PROD00148,3,15616.8,4685.04,42165.36
OI00000158-3,ORD00000158,PROD00055,2,2152.81,645.84,3659.78
OI00000158-4,ORD00000158,PROD00143,2,8628.21,0.0,17256.42
OI00000159-1,ORD00000159,PROD00276,2,9301.09,0.0,18602.18
OI00000159-2,ORD00000159,PROD00251,1,17885.84,0.0,17885.84
OI00000159-3,ORD00000159,PROD00105,3,8573.66,2572.1,23148.88
OI00000159-4,ORD00000159,PROD00219,4,19321.62,7728.65,69557.83
OI00000159-5,ORD00000159,PROD00065,4,11181.79,0.0,44727.16
OI00000160-1,ORD00000160,PROD00071,3,9271.17,4172.03,23641.48
OI00000161-1,ORD00000161,PROD00081,3,14048.06,0.0,42144.18
OI00000161-2,ORD00000161,PROD00233,1,579.27,86.89,492.38
OI00000161-3,ORD00000161,PROD00162,1,5270.48,263.52,5006.96
OI00000162-1,ORD00000162,PROD00325,1,24143.74,0.0,24143.74
OI00000163-1,ORD00000163,PROD00249,2,13843.66,4153.1,23534.22
OI00000163-2,ORD00000163,PROD00255,3,4895.99,0.0,14687.97
OI00000164-1,ORD00000164,PROD00252,2,21548.3,6464.49,36632.11
OI00000165-1,ORD00000165,PROD00121,3,17020.33,2553.05,48507.94
OI00000165-2,ORD00000165,PROD00272,2,6955.22,0.0,13910.44
OI00000165-3,ORD00000165,PROD00119,3,17032.97,7664.84,43434.07
OI00000165-4,ORD00000165,PROD00249,4,13843.66,8306.2,47068.44
OI00000165-5,ORD00000165,PROD00201,3,17522.9,5256.87,47311.83
OI00000166-1,ORD00000166,PROD00215,4,16801.23,0.0,67204.92
OI00000166-2,ORD00000166,PROD00127,4,21020.66,0.0,84082.64
OI00000166-3,ORD00000166,PROD00091,4,3604.39,0.0,14417.56
OI00000167-1,ORD00000167,PROD00251,4,17885.84,10731.5,60811.86
OI00000167-2,ORD00000167,PROD00121,1,17020.33,0.0,17020.33
OI00000167-3,ORD00000167,PROD00138,2,12060.91,1206.09,22915.73
OI00000167-4,ORD00000167,PROD00032,3,7626.11,0.0,22878.33
OI00000168-1,ORD00000168,PROD00028,3,3322.41,498.36,9468.87
OI00000168-2,ORD00000168,PROD00113,3,20219.94,9098.97,51560.85
OI00000168-3,ORD00000168,PROD00024,3,13853.73,2078.06,39483.13
OI00000169-1,ORD00000169,PROD00315,3,14855.14,0.0,44565.42
OI00000170-1,ORD00000170,PROD00181,1,8549.46,1282.42,7267.04
OI00000170-2,ORD00000170,PROD00026,2,4075.27,0.0,8150.54
OI00000170-3,ORD00000170,PROD00275,2,23306.6,0.0,46613.2
OI00000171-1,ORD00000171,PROD00170,4,11306.22,0.0,45224.88
OI00000171-2,ORD00000171,PROD00284,2,10726.51,0.0,21453.02
OI00000171-3,ORD00000171,PROD00019,1,539.71,53.97,485.74
OI00000172-1,ORD00000172,PROD00013,2,7604.86,2281.46,12928.26
OI00000172-2,ORD00000172,PROD00127,1,21020.66,0.0,21020.66
OI00000172-3,ORD00000172,PROD00064,4,2094.58,1256.75,7121.57
OI00000173-1,ORD00000173,PROD00213,1,11796.15,0.0,11796.15
OI00000173-2,ORD00000173,PROD00278,2,20166.44,0.0,40332.88
OI00000173-3,ORD00000173,PROD00302,4,7756.84,0.0,31027.36
OI00000173-4,ORD00000173,PROD00311,3,22435.59,0.0,67306.77
OI00000173-5,ORD00000173,PROD00218,1,9795.93,0.0,9795.93
OI00000174-1,ORD00000174,PROD00242,4,23459.95,0.0,93839.8
OI00000174-2,ORD00000174,PROD00220,1,5039.64,0.0,5039.64
OI00000174-3,ORD00000174,PROD00209,3,1876.23,281.43,5347.26
OI00000174-4,ORD00000174,PROD00146,2,8249.05,824.9,15673.2
OI00000174-5,ORD00000174,PROD00009,4,15614.07,9368.44,53087.84
OI00000175-1,ORD00000175,PROD00013,4,7604.86,0.0,30419.44
OI00000175-2,ORD00000175,PROD00229,3,6335.91,950.39,18057.34
OI00000175-3,ORD00000175,PROD00289,1,10900.59,1635.09,9265.5
OI00000175-4,ORD00000175,PROD00160,3,21368.16,0.0,64104.48
OI00000175-5,ORD00000175,PROD00323,1,10163.0,0.0,10163.0
OI00000176-1,ORD00000176,PROD00073,4,3596.39,1438.56,12947.0
OI00000177-1,ORD00000177,PROD00173,2,19657.54,0.0,39315.08
OI00000177-2,ORD00000177,PROD00165,4,17905.46,0.0,71621.84
OI00000177-3,ORD00000177,PROD00138,2,12060.91,2412.18,21709.64
OI00000178-1,ORD00000178,PROD00264,1,15922.7,0.0,15922.7
OI00000178-2,ORD00000178,PROD00218,1,9795.93,489.8,9306.13
OI00000178-3,ORD00000178,PROD00066,1,21806.77,0.0,21806.77
OI00000178-4,ORD00000178,PROD00267,1,16380.3,0.0,16380.3
OI00000179-1,ORD00000179,PROD00088,4,13567.39,0.0,54269.56
OI00000179-2,ORD00000179,PROD00281,4,16522.7,3304.54,62786.26
OI00000179-3,ORD00000179,PROD00005,3,12790.76,0.0,38372.28
OI00000179-4,ORD00000179,PROD00223,3,14073.25,6332.96,35886.79
OI00000180-1,ORD00000180,PROD00149,2,5172.64,1034.53,9310.75
OI00000180-2,ORD00000180,PROD00191,3,719.62,107.94,2050.92
OI00000181-1,ORD00000181,PROD00006,3,8918.67,1337.8,25418.21
OI00000181-2,ORD00000181,PROD00092,2,5103.86,510.39,9697.33
OI00000181-3,ORD00000181,PROD00035,1,14071.44,0.0,14071.44
OI00000181-4,ORD00000181,PROD00097,2,19582.9,5874.87,33290.93
OI00000182-1,ORD00000182,PROD00305,2,17525.16,0.0,35050.32
OI00000182-2,ORD00000182,PROD00180,2,5881.39,0.0,11762.78
OI00000182-3,ORD00000182,PROD00322,1,14307.01,0.0,14307.01
OI00000182-4,ORD00000182,PROD00141,3,15103.07,2265.46,43043.75
OI00000183-1,ORD00000183,PROD00288,2,6121.73,0.0,12243.46
OI00000183-2,ORD00000183,PROD00304,2,24529.51,0.0,49059.02
OI00000183-3,ORD00000183,PROD00111,3,11594.18,0.0,34782.54
OI00000184-1,ORD00000184,PROD00170,3,11306.22,5087.8,28830.86
OI00000184-2,ORD00000184,PROD00316,4,3014.12,0.0,12056.48
OI00000184-3,ORD00000184,PROD00087,1,21498.23,0.0,21498.23
OI00000184-4,ORD00000184,PROD00111,1,11594.18,1159.42,10434.76
OI00000185-1,ORD00000185,PROD00040,1,3967.96,0.0,3967.96
OI00000185-2,ORD00000185,PROD00262,4,20752.25,4150.45,78858.55
OI00000185-3,ORD00000185,PROD00341,4,22735.67,0.0,90942.68
OI00000186-1,ORD00000186,PROD00243,3,5945.94,0.0,17837.82
OI00000186-2,ORD00000186,PROD00268,3,17615.98,5284.79,47563.15
OI00000186-3,ORD00000186,PROD00041,2,18327.17,0.0,36654.34
OI00000186-4,ORD00000186,PROD00325,3,24143.74,10864.68,61566.54
OI00000187-1,ORD00000187,PROD00062,4,17873.06,10723.84,60768.4
OI00000187-2,ORD00000187,PROD00179,2,21643.38,0.0,43286.76
OI00000187-3,ORD00000187,PROD00188,4,24505.29,14703.17,83317.99
OI00000188-1,ORD00000188,PROD00196,3,10833.41,0.0,32500.23
OI00000188-2,ORD00000188,PROD00006,2,8918.67,891.87,16945.47
OI00000189-1,ORD00000189,PROD00189,3,4749.05,1424.72,12822.43
OI00000190-1,ORD00000190,PROD00204,1,17481.19,2622.18,14859.01
OI00000190-2,ORD00000190,PROD00130,3,22922.02,10314.91,58451.15
OI00000190-3,ORD00000190,PROD00030,1,7097.31,1064.6,6032.71
OI00000190-4,ORD00000190,PROD00242,4,23459.95,4691.99,89147.81
OI00000191-1,ORD00000191,PROD00314,2,8921.82,2676.55,15167.09
OI00000192-1,ORD00000192,PROD00029,4,19909.52,11945.71,67692.37
OI00000193-1,ORD00000193,PROD00336,1,1810.42,0.0,1810.42
OI00000193-2,ORD00000193,PROD00345,3,15206.3,6842.83,38776.07
OI00000194-1,ORD00000194,PROD00214,1,4472.05,0.0,4472.05
OI00000194-2,ORD00000194,PROD00099,2,16343.82,4903.15,27784.49
OI00000194-3,ORD00000194,PROD00137,1,22614.03,0.0,22614.03
OI00000194-4,ORD00000194,PROD00228,1,24578.41,0.0,24578.41
OI00000195-1,ORD00000195,PROD00160,3,21368.16,6410.45,57694.03
OI00000196-1,ORD00000196,PROD00290,4,19169.41,0.0,76677.64
OI00000197-1,ORD00000197,PROD00321,1,19868.88,0.0,19868.88
OI00000197-2,ORD00000197,PROD00006,2,8918.67,2675.6,15161.74
OI00000197-3,ORD00000197,PROD00192,4,5187.01,0.0,20748.04
OI00000197-4,ORD00000197,PROD00127,3,21020.66,9459.3,53602.68
OI00000197-5,ORD00000197,PROD00329,2,10605.13,3181.54,18028.72
OI00000198-1,ORD00000198,PROD00143,2,8628.21,1725.64,15530.78
OI00000198-2,ORD00000198,PROD00162,4,5270.48,0.0,21081.92
OI00000199-1,ORD00000199,PROD00226,3,11496.46,0.0,34489.38
OI00000199-2,ORD00000199,PROD00251,3,17885.84,5365.75,48291.77
OI00000199-3,ORD00000199,PROD00187,3,24432.22,10994.5,62302.16
OI00000200-1,ORD00000200,PROD00198,2,235.71,47.14,424.28
OI00000200-2,ORD00000200,PROD00292,2,21804.92,6541.48,37068.36
OI00000200-3,ORD00000200,PROD00223,3,14073.25,6332.96,35886.79
OI00000200-4,ORD00000200,PROD00350,3,17684.33,0.0,53052.99
OI00000200-5,ORD00000200,PROD00176,3,24960.21,0.0,74880.63
OI00000201-1,ORD00000201,PROD00060,2,7484.13,748.41,14219.85
OI00000202-1,ORD00000202,PROD00018,3,22565.26,10154.37,57541.41
OI00000202-2,ORD00000202,PROD00054,3,17451.9,0.0,52355.7
OI00000202-3,ORD00000202,PROD00082,4,23934.46,4786.89,90950.95
OI00000202-4,ORD00000202,PROD00172,3,9009.37,4054.22,22973.89
OI00000202-5,ORD00000202,PROD00052,2,22735.31,0.0,45470.62
OI00000203-1,ORD00000203,PROD00225,4,4381.86,1752.74,15774.7
OI00000204-1,ORD00000204,PROD00192,3,5187.01,778.05,14782.98
OI00000204-2,ORD00000204,PROD00348,4,16456.2,0.0,65824.8
OI00000204-3,ORD00000204,PROD00021,2,21222.98,4244.6,38201.36
OI00000205-1,ORD00000205,PROD00304,1,24529.51,0.0,24529.51
OI00000205-2,ORD00000205,PROD00263,2,14672.69,0.0,29345.38
OI00000205-3,ORD00000205,PROD00306,2,18198.52,3639.7,32757.34
OI00000205-4,ORD00000205,PROD00072,2,7657.87,2297.36,13018.38
OI00000206-1,ORD00000206,PROD00178,4,20555.44,4111.09,78110.67
OI00000206-2,ORD00000206,PROD00085,4,20182.68,0.0,80730.72
OI00000207-1,ORD00000207,PROD00121,2,17020.33,1702.03,32338.63
OI00000207-2,ORD00000207,PROD00047,2,23596.32,0.0,47192.64
OI00000208-1,ORD00000208,PROD00242,4,23459.95,14075.97,79763.83
OI00000209-1,ORD00000209,PROD00199,2,13170.12,0.0,26340.24
OI00000210-1,ORD00000210,PROD00306,4,18198.52,7279.41,65514.67
OI00000210-2,ORD00000210,PROD00037,3,17674.8,2651.22,50373.18
OI00000210-3,ORD00000210,PROD00343,1,19579.2,0.0,19579.2
OI00000210-4,ORD00000210,PROD00312,2,9087.53,0.0,18175.06
OI00000211-1,ORD00000211,PROD00307,4,13721.18,0.0,54884.72
OI00000211-2,ORD00000211,PROD00331,2,15173.99,0.0,30347.98
OI00000211-3,ORD00000211,PROD00256,2,15892.74,0.0,31785.48
OI00000211-4,ORD00000211,PROD00109,3,16822.54,2523.38,47944.24
OI00000211-5,ORD00000211,PROD00048,3,2165.22,324.78,6170.88
OI00000212-1,ORD00000212,PROD00018,3,22565.26,3384.79,64310.99
OI00000212-2,ORD00000212,PROD00092,2,5103.86,510.39,9697.33
OI00000212-3,ORD00000212,PROD00350,1,17684.33,884.22,16800.11
OI00000212-4,ORD00000212,PROD00043,3,20878.59,9395.37,53240.4
OI00000213-1,ORD00000213,PROD00260,4,2962.43,1777.46,10072.26
OI00000213-2,ORD00000213,PROD00233,1,579.27,28.96,550.31
OI00000213-3,ORD00000213,PROD00335,4,11428.89,2285.78,43429.78
OI00000213-4,ORD00000213,PROD00028,3,3322.41,498.36,9468.87
OI00000213-5,ORD00000213,PROD00133,1,10071.99,1007.2,9064.79
OI00000214-1,ORD00000214,PROD00058,2,18176.41,1817.64,34535.18
OI00000214-2,ORD00000214,PROD00273,4,16836.47,10101.88,57244.0
OI00000214-3,ORD00000214,PROD00041,2,18327.17,0.0,36654.34
OI00000215-1,ORD00000215,PROD00223,1,14073.25,703.66,13369.59
OI00000215-2,ORD00000215,PROD00145,1,21307.62,0.0,21307.62
OI00000215-3,ORD00000215,PROD00251,4,17885.84,0.0,71543.36
OI00000215-4,ORD00000215,PROD00026,3,4075.27,0.0,12225.81
OI00000216-1,ORD00000216,PROD00151,3,4900.37,735.06,13966.05
OI00000216-2,ORD00000216,PROD00009,4,15614.07,0.0,62456.28
OI00000217-1,ORD00000217,PROD00203,2,9647.39,0.0,19294.78
OI00000217-2,ORD00000217,PROD00044,1,6687.09,0.0,6687.09
OI00000217-3,ORD00000217,PROD00075,4,1735.74,347.15,6595.81
OI00000217-4,ORD00000217,PROD00141,3,15103.07,2265.46,43043.75
OI00000217-5,ORD00000217,PROD00317,2,16337.28,4901.18,27773.38
OI00000218-1,ORD00000218,PROD00076,1,22512.17,1125.61,21386.56
OI00000219-1,ORD00000219,PROD00206,1,22722.97,0.0,22722.97
OI00000219-2,ORD00000219,PROD00132,1,1691.47,84.57,1606.9
OI00000219-3,ORD00000219,PROD00060,2,7484.13,1496.83,13471.43
OI00000219-4,ORD00000219,PROD00134,3,11362.61,3408.78,30679.05
OI00000220-1,ORD00000220,PROD00224,3,23476.13,10564.26,59864.13
OI00000220-2,ORD00000220,PROD00096,3,7650.09,2295.03,20655.24
OI00000221-1,ORD00000221,PROD00107,1,10358.42,517.92,9840.5
OI00000221-2,ORD00000221,PROD00337,2,17875.4,0.0,35750.8
OI00000221-3,ORD00000221,PROD00137,4,22614.03,9045.61,81410.51
OI00000221-4,ORD00000221,PROD00326,3,13890.31,0.0,41670.93
OI00000222-1,ORD00000222,PROD00148,4,15616.8,6246.72,56220.48
OI00000222-2,ORD00000222,PROD00216,3,4489.61,1346.88,12121.95
OI00000222-3,ORD00000222,PROD00200,4,18445.4,7378.16,66403.44
OI00000222-4,ORD00000222,PROD00007,3,18525.88,0.0,55577.64
OI00000222-5,ORD00000222,PROD00164,3,12489.77,1873.47,35595.84
OI00000223-1,ORD00000223,PROD00345,4,15206.3,0.0,60825.2
OI00000223-2,ORD00000223,PROD00207,1,1959.51,293.93,1665.58
OI00000224-1,ORD00000224,PROD00107,3,10358.42,0.0,31075.26
OI00000225-1,ORD00000225,PROD00300,2,20412.89,4082.58,36743.2
OI00000225-2,ORD00000225,PROD00181,4,8549.46,1709.89,32487.95
OI00000225-3,ORD00000225,PROD00012,3,11531.07,3459.32,31133.89
OI00000225-4,ORD00000225,PROD00252,2,21548.3,2154.83,40941.77
OI00000225-5,ORD00000225,PROD00276,2,9301.09,930.11,17672.07
OI00000226-1,ORD00000226,PROD00293,3,9456.41,0.0,28369.23
OI00000227-1,ORD00000227,PROD00215,3,16801.23,0.0,50403.69
OI00000227-2,ORD00000227,PROD00186,1,8185.68,1227.85,6957.83
OI00000228-1,ORD00000228,PROD00147,4,5524.18,0.0,22096.72
OI00000228-2,ORD00000228,PROD00091,4,3604.39,0.0,14417.56
OI00000228-3,ORD00000228,PROD00002,3,11732.07,1759.81,33436.4
OI00000228-4,ORD00000228,PROD00336,2,1810.42,543.13,3077.71
OI00000229-1,ORD00000229,PROD00097,1,19582.9,1958.29,17624.61
OI00000229-2,ORD00000229,PROD00115,2,24607.38,4921.48,44293.28
OI00000229-3,ORD00000229,PROD00318,1,21629.15,2162.92,19466.23
OI00000229-4,ORD00000229,PROD00293,4,9456.41,0.0,37825.64
OI00000230-1,ORD00000230,PROD00190,1,2376.38,356.46,2019.92
OI00000231-1,ORD00000231,PROD00235,3,7450.54,3352.74,18998.88
OI00000231-2,ORD00000231,PROD00123,2,4905.47,490.55,9320.39
OI00000232-1,ORD00000232,PROD00106,4,16178.76,3235.75,61479.29
OI00000233-1,ORD00000233,PROD00329,1,10605.13,1060.51,9544.62
OI00000233-2,ORD00000233,PROD00170,2,11306.22,0.0,22612.44
OI00000233-3,ORD00000233,PROD00237,1,6989.25,0.0,6989.25
OI00000233-4,ORD00000233,PROD00017,4,19254.54,7701.82,69316.34
OI00000233-5,ORD00000233,PROD00241,4,1662.19,0.0,6648.76
OI00000234-1,ORD00000234,PROD00332,1,966.51,48.33,918.18
OI00000234-2,ORD00000234,PROD00247,1,10596.3,0.0,10596.3
OI00000234-3,ORD00000234,PROD00204,1,17481.19,0.0,17481.19
OI00000234-4,ORD00000234,PROD00205,4,22069.77,4413.95,83865.13
OI00000234-5,ORD00000234,PROD00064,1,2094.58,0.0,2094.58
OI00000235-1,ORD00000235,PROD00073,2,3596.39,359.64,6833.14
OI00000235-2,ORD00000235,PROD00108,3,19693.27,0.0,59079.81
OI00000235-3,ORD00000235,PROD00169,1,5792.93,289.65,5503.28
OI00000236-1,ORD00000236,PROD00170,4,11306.22,6783.73,38441.15
OI00000236-2,ORD00000236,PROD00133,3,10071.99,3021.6,27194.37
OI00000236-3,ORD00000236,PROD00019,2,539.71,0.0,1079.42
OI00000236-4,ORD00000236,PROD00268,3,17615.98,0.0,52847.94
OI00000237-1,ORD00000237,PROD00082,3,23934.46,3590.17,68213.21
OI00000237-2,ORD00000237,PROD00226,3,11496.46,0.0,34489.38
OI00000237-3,ORD00000237,PROD00066,2,21806.77,4361.35,39252.19
OI00000238-1,ORD00000238,PROD00299,3,2709.32,0.0,8127.96
OI00000238-2,ORD00000238,PROD00300,1,20412.89,0.0,20412.89
OI00000239-1,ORD00000239,PROD00330,2,16495.98,3299.2,29692.76
OI00000239-2,ORD00000239,PROD00257,3,18404.82,5521.45,49693.01
OI00000239-3,ORD00000239,PROD00192,4,5187.01,1037.4,19710.64
OI00000240-1,ORD00000240,PROD00343,1,19579.2,0.0,19579.2
OI00000241-1,ORD00000241,PROD00062,2,17873.06,0.0,35746.12
OI00000241-2,ORD00000241,PROD00256,4,15892.74,6357.1,57213.86
OI00000241-3,ORD00000241,PROD00327,1,16333.38,2450.01,13883.37
OI00000241-4,ORD00000241,PROD00269,2,14198.95,4259.69,24138.21
OI00000241-5,ORD00000241,PROD00104,3,15897.49,7153.87,40538.6
OI00000242-1,ORD00000242,PROD00284,1,10726.51,0.0,10726.51
OI00000242-2,ORD00000242,PROD00229,2,6335.91,0.0,12671.82
OI00000242-3,ORD00000242,PROD00132,2,1691.47,507.44,2875.5
OI00000243-1,ORD00000243,PROD00137,3,22614.03,0.0,67842.09
OI00000243-2,ORD00000243,PROD00098,1,24035.74,0.0,24035.74
OI00000243-3,ORD00000243,PROD00268,3,17615.98,0.0,52847.94
OI00000243-4,ORD00000243,PROD00107,2,10358.42,0.0,20716.84
OI00000243-5,ORD00000243,PROD00300,4,20412.89,4082.58,77568.98
OI00000244-1,ORD00000244,PROD00060,4,7484.13,0.0,29936.52
OI00000244-2,ORD00000244,PROD00244,2,18055.76,0.0,36111.52
OI00000244-3,ORD00000244,PROD00278,2,20166.44,4033.29,36299.59
OI00000244-4,ORD00000244,PROD00250,3,7116.48,2134.94,19214.5
OI00000245-1,ORD00000245,PROD00302,4,7756.84,0.0,31027.36
OI00000245-2,ORD00000245,PROD00129,4,19114.26,7645.7,68811.34
OI00000246-1,ORD00000246,PROD00146,3,8249.05,0.0,24747.15
OI00000246-2,ORD00000246,PROD00273,2,16836.47,0.0,33672.94
OI00000246-3,ORD00000246,PROD00141,3,15103.07,6796.38,38512.83
OI00000246-4,ORD00000246,PROD00226,1,11496.46,0.0,11496.46
OI00000246-5,ORD00000246,PROD00250,1,7116.48,0.0,7116.48
OI00000247-1,ORD00000247,PROD00345,3,15206.3,0.0,45618.9
OI00000247-2,ORD00000247,PROD00227,3,1146.28,515.83,2923.01
OI00000247-3,ORD00000247,PROD00276,2,9301.09,0.0,18602.18
OI00000247-4,ORD00000247,PROD00056,2,5382.68,0.0,10765.36
OI00000248-1,ORD00000248,PROD00313,2,23762.43,4752.49,42772.37
OI00000248-2,ORD00000248,PROD00345,2,15206.3,0.0,30412.6
OI00000248-3,ORD00000248,PROD00081,2,14048.06,1404.81,26691.31
OI00000249-1,ORD00000249,PROD00335,4,11428.89,6857.33,38858.23
OI00000249-2,ORD00000249,PROD00138,2,12060.91,0.0,24121.82
OI00000249-3,ORD00000249,PROD00242,3,23459.95,0.0,70379.85
OI00000249-4,ORD00000249,PROD00075,3,1735.74,0.0,5207.22
OI00000250-1,ORD00000250,PROD00214,1,4472.05,223.6,4248.45
OI00000250-2,ORD00000250,PROD00029,4,19909.52,0.0,79638.08
OI00000250-3,ORD00000250,PROD00331,2,15173.99,1517.4,28830.58
OI00000250-4,ORD00000250,PROD00141,1,15103.07,2265.46,12837.61
OI00000251-1,ORD00000251,PROD00165,4,17905.46,3581.09,68040.75
OI00000252-1,ORD00000252,PROD00055,1,2152.81,0.0,2152.81
OI00000252-2,ORD00000252,PROD00083,3,3051.07,1372.98,7780.23
OI00000252-3,ORD00000252,PROD00246,4,2046.4,0.0,8185.6
OI00000253-1,ORD00000253,PROD00193,1,9247.87,0.0,9247.87
OI00000253-2,ORD00000253,PROD00029,3,19909.52,0.0,59728.56
OI00000253-3,ORD00000253,PROD00276,3,9301.09,1395.16,26508.11
OI00000253-4,ORD00000253,PROD00146,1,8249.05,412.45,7836.6
OI00000253-5,ORD00000253,PROD00069,1,17377.04,0.0,17377.04
OI00000254-1,ORD00000254,PROD00288,1,6121.73,306.09,5815.64
OI00000254-2,ORD00000254,PROD00126,3,12025.16,3607.55,32467.93
OI00000255-1,ORD00000255,PROD00072,1,7657.87,1148.68,6509.19
OI00000256-1,ORD00000256,PROD00117,4,1680.75,0.0,6723.0
OI00000256-2,ORD00000256,PROD00171,2,6861.84,2058.55,11665.13
OI00000256-3,ORD00000256,PROD00133,3,10071.99,3021.6,27194.37
OI00000256-4,ORD00000256,PROD00012,2,11531.07,0.0,23062.14
OI00000257-1,ORD00000257,PROD00031,3,5027.13,0.0,15081.39
OI00000257-2,ORD00000257,PROD00290,4,19169.41,0.0,76677.64
OI00000257-3,ORD00000257,PROD00259,3,6394.49,1918.35,17265.12
OI00000257-4,ORD00000257,PROD00252,3,21548.3,6464.49,58180.41
OI00000257-5,ORD00000257,PROD00171,1,6861.84,1029.28,5832.56
OI00000258-1,ORD00000258,PROD00045,4,3832.7,1533.08,13797.72
OI00000258-2,ORD00000258,PROD00333,2,15073.5,0.0,30147.0
OI00000258-3,ORD00000258,PROD00221,3,17014.99,2552.25,48492.72
OI00000258-4,ORD00000258,PROD00232,2,12800.1,3840.03,21760.17
OI00000258-5,ORD00000258,PROD00170,1,11306.22,0.0,11306.22
OI00000259-1,ORD00000259,PROD00011,4,13382.68,5353.07,48177.65
OI00000259-2,ORD00000259,PROD00151,1,4900.37,490.04,4410.33
OI00000259-3,ORD00000259,PROD00200,1,18445.4,0.0,18445.4
OI00000259-4,ORD00000259,PROD00116,3,4303.4,645.51,12264.69
OI00000260-1,ORD00000260,PROD00273,4,16836.47,10101.88,57244.0
OI00000260-2,ORD00000260,PROD00341,2,22735.67,4547.13,40924.21
OI00000260-3,ORD00000260,PROD00182,2,5279.14,0.0,10558.28
OI00000261-1,ORD00000261,PROD00309,1,2478.12,0.0,2478.12
OI00000261-2,ORD00000261,PROD00277,3,16643.7,0.0,49931.1
OI00000261-3,ORD00000261,PROD00168,3,13786.27,0.0,41358.81
OI00000261-4,ORD00000261,PROD00337,2,17875.4,0.0,35750.8
OI00000261-5,ORD00000261,PROD00156,2,6041.74,604.17,11479.31
OI00000262-1,ORD00000262,PROD00064,4,2094.58,0.0,8378.32
OI00000262-2,ORD00000262,PROD00228,2,24578.41,2457.84,46698.98
OI00000262-3,ORD00000262,PROD00026,4,4075.27,815.05,15486.03
OI00000262-4,ORD00000262,PROD00205,2,22069.77,0.0,44139.54
OI00000263-1,ORD00000263,PROD00265,1,18730.82,0.0,18730.82
OI00000263-2,ORD00000263,PROD00108,1,19693.27,984.66,18708.61
OI00000263-3,ORD00000263,PROD00310,3,11465.44,5159.45,29236.87
OI00000263-4,ORD00000263,PROD00163,4,4227.47,0.0,16909.88
OI00000263-5,ORD00000263,PROD00108,1,19693.27,1969.33,17723.94
OI00000264-1,ORD00000264,PROD00009,1,15614.07,780.7,14833.37
OI00000264-2,ORD00000264,PROD00216,4,4489.61,0.0,17958.44
OI00000264-3,ORD00000264,PROD00182,3,5279.14,0.0,15837.42
OI00000264-4,ORD00000264,PROD00034,4,20180.05,12108.03,68612.17
OI00000265-1,ORD00000265,PROD00009,3,15614.07,7026.33,39815.88
OI00000265-2,ORD00000265,PROD00332,3,966.51,0.0,2899.53
OI00000265-3,ORD00000265,PROD00073,2,3596.39,0.0,7192.78
OI00000265-4,ORD00000265,PROD00290,1,19169.41,0.0,19169.41
OI00000266-1,ORD00000266,PROD00306,2,18198.52,5459.56,30937.48
OI00000267-1,ORD00000267,PROD00266,2,20418.91,6125.67,34712.15
OI00000267-2,ORD00000267,PROD00343,2,19579.2,0.0,39158.4
OI00000268-1,ORD00000268,PROD00321,3,19868.88,0.0,59606.64
OI00000268-2,ORD00000268,PROD00319,3,339.48,0.0,1018.44
OI00000268-3,ORD00000268,PROD00014,3,2236.5,0.0,6709.5
OI00000268-4,ORD00000268,PROD00241,1,1662.19,249.33,1412.86
OI00000269-1,ORD00000269,PROD00269,2,14198.95,0.0,28397.9
OI00000269-2,ORD00000269,PROD00052,1,22735.31,0.0,22735.31
OI00000269-3,ORD00000269,PROD00115,1,24607.38,1230.37,23377.01
OI00000269-4,ORD00000269,PROD00034,1,20180.05,1009.0,19171.05
OI00000269-5,ORD00000269,PROD00238,4,16218.76,6487.5,58387.54
OI00000270-1,ORD00000270,PROD00066,3,21806.77,9813.05,55607.26
OI00000270-2,ORD00000270,PROD00277,3,16643.7,4993.11,44937.99
OI00000270-3,ORD00000270,PROD00343,1,19579.2,978.96,18600.24
OI00000271-1,ORD00000271,PROD00116,1,4303.4,645.51,3657.89
OI00000271-2,ORD00000271,PROD00049,4,1583.63,0.0,6334.52
OI00000272-1,ORD00000272,PROD00169,4,5792.93,3475.76,19695.96
OI00000272-2,ORD00000272,PROD00303,3,15795.37,0.0,47386.11
OI00000272-3,ORD00000272,PROD00168,4,13786.27,0.0,55145.08
OI00000273-1,ORD00000273,PROD00094,1,1683.18,0.0,1683.18
OI00000273-2,ORD00000273,PROD00325,1,24143.74,0.0,24143.74
OI00000274-1,ORD00000274,PROD00177,2,19263.4,5779.02,32747.78
OI00000274-2,ORD00000274,PROD00296,4,3229.07,645.81,12270.47
OI00000274-3,ORD00000274,PROD00110,4,9699.44,3879.78,34917.98
OI00000274-4,ORD00000274,PROD00135,4,8523.43,0.0,34093.72
OI00000275-1,ORD00000275,PROD00282,4,15862.74,9517.64,53933.32
OI00000275-2,ORD00000275,PROD00050,3,22567.65,6770.3,60932.65
OI00000275-3,ORD00000275,PROD00135,1,8523.43,0.0,8523.43
OI00000275-4,ORD00000275,PROD00219,1,19321.62,1932.16,17389.46
OI00000276-1,ORD00000276,PROD00282,3,15862.74,0.0,47588.22
OI00000277-1,ORD00000277,PROD00259,2,6394.49,639.45,12149.53
OI00000278-1,ORD00000278,PROD00182,2,5279.14,1055.83,9502.45
OI00000278-2,ORD00000278,PROD00272,1,6955.22,695.52,6259.7
OI00000279-1,ORD00000279,PROD00349,2,22965.12,6889.54,39040.7
OI00000280-1,ORD00000280,PROD00218,2,9795.93,0.0,19591.86
OI00000280-2,ORD00000280,PROD00026,4,4075.27,0.0,16301.08
OI00000280-3,ORD00000280,PROD00200,4,18445.4,3689.08,70092.52
OI00000280-4,ORD00000280,PROD00240,3,15221.18,0.0,45663.54
OI00000280-5,ORD00000280,PROD00154,1,21079.89,0.0,21079.89
OI00000281-1,ORD00000281,PROD00031,4,5027.13,0.0,20108.52
OI00000282-1,ORD00000282,PROD00331,4,15173.99,3034.8,57661.16
OI00000282-2,ORD00000282,PROD00303,2,15795.37,0.0,31590.74
OI00000283-1,ORD00000283,PROD00064,2,2094.58,0.0,4189.16
OI00000283-2,ORD00000283,PROD00228,2,24578.41,7373.52,41783.3
OI00000283-3,ORD00000283,PROD00142,3,1480.08,0.0,4440.24
OI00000283-4,ORD00000283,PROD00327,1,16333.38,1633.34,14700.04
OI00000284-1,ORD00000284,PROD00064,4,2094.58,0.0,8378.32
OI00000284-2,ORD00000284,PROD00037,3,17674.8,0.0,53024.4
OI00000284-3,ORD00000284,PROD00021,4,21222.98,0.0,84891.92
OI00000285-1,ORD00000285,PROD00150,2,1889.59,377.92,3401.26
OI00000285-2,ORD00000285,PROD00053,1,17522.36,2628.35,14894.01
OI00000285-3,ORD00000285,PROD00309,3,2478.12,0.0,7434.36
OI00000285-4,ORD00000285,PROD00341,4,22735.67,13641.4,77301.28
OI00000286-1,ORD00000286,PROD00142,3,1480.08,666.04,3774.2
OI00000286-2,ORD00000286,PROD00261,3,17666.44,2649.97,50349.35
OI00000286-3,ORD00000286,PROD00342,3,296.09,0.0,888.27
OI00000287-1,ORD00000287,PROD00114,4,7054.87,4232.92,23986.56
OI00000287-2,ORD00000287,PROD00137,1,22614.03,3392.1,19221.93
OI00000287-3,ORD00000287,PROD00250,4,7116.48,2846.59,25619.33
OI00000287-4,ORD00000287,PROD00266,4,20418.91,0.0,81675.64
OI00000288-1,ORD00000288,PROD00185,4,17159.78,3431.96,65207.16
OI00000288-2,ORD00000288,PROD00021,3,21222.98,9550.34,54118.6
OI00000289-1,ORD00000289,PROD00322,4,14307.01,8584.21,48643.83
OI00000289-2,ORD00000289,PROD00014,2,2236.5,447.3,4025.7
OI00000289-3,ORD00000289,PROD00093,1,23736.46,3560.47,20175.99
OI00000289-4,ORD00000289,PROD00169,1,5792.93,0.0,5792.93
OI00000290-1,ORD00000290,PROD00181,2,8549.46,0.0,17098.92
OI00000290-2,ORD00000290,PROD00229,1,6335.91,0.0,6335.91
OI00000290-3,ORD00000290,PROD00235,3,7450.54,0.0,22351.62
OI00000291-1,ORD00000291,PROD00256,1,15892.74,0.0,15892.74
OI00000291-2,ORD00000291,PROD00181,2,8549.46,0.0,17098.92
OI00000292-1,ORD00000292,PROD00255,2,4895.99,489.6,9302.38
OI00000292-2,ORD00000292,PROD00104,3,15897.49,7153.87,40538.6
OI00000292-3,ORD00000292,PROD00249,3,13843.66,0.0,41530.98
OI00000292-4,ORD00000292,PROD00225,3,4381.86,0.0,13145.58
OI00000292-5,ORD00000292,PROD00087,3,21498.23,0.0,64494.69
OI00000293-1,ORD00000293,PROD00152,2,5018.12,501.81,9534.43
OI00000293-2,ORD00000293,PROD00317,1,16337.28,0.0,16337.28
OI00000293-3,ORD00000293,PROD00048,1,2165.22,324.78,1840.44
OI00000293-4,ORD00000293,PROD00307,4,13721.18,0.0,54884.72
OI00000293-5,ORD00000293,PROD00075,3,1735.74,520.72,4686.5
OI00000294-1,ORD00000294,PROD00315,1,14855.14,0.0,14855.14
OI00000294-2,ORD00000294,PROD00116,4,4303.4,0.0,17213.6
OI00000294-3,ORD00000294,PROD00126,2,12025.16,3607.55,20442.77
OI00000295-1,ORD00000295,PROD00126,2,12025.16,1202.52,22847.8
OI00000295-2,ORD00000295,PROD00332,2,966.51,0.0,1933.02
OI00000296-1,ORD00000296,PROD00225,4,4381.86,1752.74,15774.7
OI00000296-2,ORD00000296,PROD00283,2,5877.29,587.73,11166.85
OI00000296-3,ORD00000296,PROD00096,4,7650.09,4590.05,26010.31
OI00000296-4,ORD00000296,PROD00295,4,2274.03,1364.42,7731.7
OI00000297-1,ORD00000297,PROD00164,3,12489.77,0.0,37469.31
OI00000297-2,ORD00000297,PROD00069,3,17377.04,7819.67,44311.45
OI00000298-1,ORD00000298,PROD00161,1,15755.01,1575.5,14179.51
OI00000298-2,ORD00000298,PROD00117,3,1680.75,756.34,4285.91
OI00000298-3,ORD00000298,PROD00331,2,15173.99,1517.4,28830.58
OI00000298-4,ORD00000298,PROD00138,1,12060.91,603.05,11457.86
OI00000298-5,ORD00000298,PROD00317,4,16337.28,3267.46,62081.66
OI00000299-1,ORD00000299,PROD00287,1,4242.92,0.0,4242.92
OI00000299-2,ORD00000299,PROD00245,2,7169.55,0.0,14339.1
OI00000299-3,ORD00000299,PROD00350,3,17684.33,0.0,53052.99
OI00000299-4,ORD00000299,PROD00142,3,1480.08,666.04,3774.2
OI00000300-1,ORD00000300,PROD00339,4,696.45,0.0,2785.8
OI00000300-2,ORD00000300,PROD00276,3,9301.09,0.0,27903.27
OI00000301-1,ORD00000301,PROD00162,1,5270.48,527.05,4743.43
OI00000301-2,ORD00000301,PROD00028,3,3322.41,996.72,8970.51
OI00000301-3,ORD00000301,PROD00062,1,17873.06,1787.31,16085.75
OI00000301-4,ORD00000301,PROD00033,4,8958.24,5374.94,30458.02
OI00000301-5,ORD00000301,PROD00083,2,3051.07,0.0,6102.14
OI00000302-1,ORD00000302,PROD00062,3,17873.06,0.0,53619.18
OI00000302-2,ORD00000302,PROD00049,4,1583.63,633.45,5701.07
OI00000302-3,ORD00000302,PROD00199,4,13170.12,2634.02,50046.46
OI00000302-4,ORD00000302,PROD00243,2,5945.94,0.0,11891.88
OI00000303-1,ORD00000303,PROD00130,4,22922.02,0.0,91688.08
OI00000303-2,ORD00000303,PROD00095,3,13874.18,2081.13,39541.41
OI00000303-3,ORD00000303,PROD00103,2,21963.07,0.0,43926.14
OI00000303-4,ORD00000303,PROD00332,1,966.51,0.0,966.51
OI00000304-1,ORD00000304,PROD00032,1,7626.11,1143.92,6482.19
OI00000304-2,ORD00000304,PROD00192,1,5187.01,0.0,5187.01
OI00000304-3,ORD00000304,PROD00001,1,23270.16,0.0,23270.16
OI00000304-4,ORD00000304,PROD00168,4,13786.27,0.0,55145.08
OI00000304-5,ORD00000304,PROD00015,3,21482.35,0.0,64447.05
OI00000305-1,ORD00000305,PROD00050,2,22567.65,4513.53,40621.77
OI00000305-2,ORD00000305,PROD00192,2,5187.01,518.7,9855.32
OI00000305-3,ORD00000305,PROD00091,2,3604.39,360.44,6848.34
OI00000306-1,ORD00000306,PROD00150,1,1889.59,0.0,1889.59
OI00000306-2,ORD00000306,PROD00350,2,17684.33,3536.87,31831.79
OI00000306-3,ORD00000306,PROD00266,2,20418.91,0.0,40837.82
OI00000307-1,ORD00000307,PROD00338,4,10521.18,2104.24,39980.48
OI00000307-2,ORD00000307,PROD00060,1,7484.13,0.0,7484.13
OI00000307-3,ORD00000307,PROD00127,3,21020.66,0.0,63061.98
OI00000307-4,ORD00000307,PROD00123,4,4905.47,0.0,19621.88
OI00000308-1,ORD00000308,PROD00338,1,10521.18,1052.12,9469.06
OI00000308-2,ORD00000308,PROD00047,3,23596.32,7078.9,63710.06
OI00000308-3,ORD00000308,PROD00289,4,10900.59,4360.24,39242.12
OI00000308-4,ORD00000308,PROD00330,2,16495.98,0.0,32991.96
OI00000309-1,ORD00000309,PROD00207,4,1959.51,391.9,7446.14
OI00000309-2,ORD00000309,PROD00043,4,20878.59,0.0,83514.36
OI00000309-3,ORD00000309,PROD00252,1,21548.3,0.0,21548.3
OI00000309-4,ORD00000309,PROD00288,4,6121.73,2448.69,22038.23
OI00000310-1,ORD00000310,PROD00271,1,21715.63,0.0,21715.63
OI00000311-1,ORD00000311,PROD00025,1,12394.98,0.0,12394.98
OI00000311-2,ORD00000311,PROD00156,4,6041.74,0.0,24166.96
OI00000311-3,ORD00000311,PROD00181,1,8549.46,1282.42,7267.04
OI00000312-1,ORD00000312,PROD00110,1,9699.44,484.97,9214.47
OI00000313-1,ORD00000313,PROD00106,1,16178.76,0.0,16178.76
OI00000313-2,ORD00000313,PROD00196,2,10833.41,3250.02,18416.8
OI00000313-3,ORD00000313,PROD00060,3,7484.13,0.0,22452.39
OI00000313-4,ORD00000313,PROD00124,3,24453.49,0.0,73360.47
OI00000314-1,ORD00000314,PROD00307,2,13721.18,2744.24,24698.12
OI00000314-2,ORD00000314,PROD00343,3,19579.2,2936.88,55800.72
OI00000315-1,ORD00000315,PROD00213,4,11796.15,2359.23,44825.37
OI00000316-1,ORD00000316,PROD00022,4,973.58,0.0,3894.32
OI00000316-2,ORD00000316,PROD00340,2,17115.28,0.0,34230.56
OI00000316-3,ORD00000316,PROD00327,1,16333.38,0.0,16333.38
OI00000316-4,ORD00000316,PROD00082,4,23934.46,0.0,95737.84
OI00000317-1,ORD00000317,PROD00146,3,8249.05,0.0,24747.15
OI00000317-2,ORD00000317,PROD00292,3,21804.92,0.0,65414.76
OI00000317-3,ORD00000317,PROD00062,4,17873.06,0.0,71492.24
OI00000317-4,ORD00000317,PROD00045,4,3832.7,0.0,15330.8
OI00000318-1,ORD00000318,PROD00020,4,1320.51,0.0,5282.04
OI00000318-2,ORD00000318,PROD00043,1,20878.59,0.0,20878.59
OI00000319-1,ORD00000319,PROD00340,2,17115.28,0.0,34230.56
OI00000320-1,ORD00000320,PROD00129,2,19114.26,0.0,38228.52
OI00000320-2,ORD00000320,PROD00237,2,6989.25,2096.78,11881.72
OI00000320-3,ORD00000320,PROD00029,4,19909.52,3981.9,75656.18
OI00000321-1,ORD00000321,PROD00172,4,9009.37,0.0,36037.48
OI00000321-2,ORD00000321,PROD00226,1,11496.46,0.0,11496.46
OI00000322-1,ORD00000322,PROD00030,1,7097.31,1064.6,6032.71
OI00000322-2,ORD00000322,PROD00034,4,20180.05,8072.02,72648.18
OI00000322-3,ORD00000322,PROD00274,1,2466.2,246.62,2219.58
OI00000323-1,ORD00000323,PROD00120,1,21353.8,1067.69,20286.11
OI00000324-1,ORD00000324,PROD00322,1,14307.01,1430.7,12876.31
OI00000324-2,ORD00000324,PROD00280,1,11325.36,0.0,11325.36
OI00000325-1,ORD00000325,PROD00350,4,17684.33,7073.73,63663.59
OI00000325-2,ORD00000325,PROD00129,3,19114.26,8601.42,48741.36
OI00000326-1,ORD00000326,PROD00115,2,24607.38,0.0,49214.76
OI00000326-2,ORD00000326,PROD00327,2,16333.38,1633.34,31033.42
OI00000326-3,ORD00000326,PROD00132,2,1691.47,0.0,3382.94
OI00000327-1,ORD00000327,PROD00278,2,20166.44,2016.64,38316.24
OI00000327-2,ORD00000327,PROD00065,3,11181.79,0.0,33545.37
OI00000327-3,ORD00000327,PROD00208,4,11300.85,2260.17,42943.23
OI00000327-4,ORD00000327,PROD00236,4,23089.06,4617.81,87738.43
OI00000328-1,ORD00000328,PROD00069,2,17377.04,0.0,34754.08
OI00000328-2,ORD00000328,PROD00112,2,17029.83,3405.97,30653.69
OI00000328-3,ORD00000328,PROD00100,3,14966.8,2245.02,42655.38
OI00000328-4,ORD00000328,PROD00281,4,16522.7,0.0,66090.8
OI00000329-1,ORD00000329,PROD00334,4,1905.27,0.0,7621.08
OI00000329-2,ORD00000329,PROD00320,4,624.52,0.0,2498.08
OI00000329-3,ORD00000329,PROD00103,2,21963.07,0.0,43926.14
OI00000329-4,ORD00000329,PROD00283,2,5877.29,1763.19,9991.39
OI00000329-5,ORD00000329,PROD00197,4,14707.92,0.0,58831.68
OI00000330-1,ORD00000330,PROD00140,2,14612.46,4383.74,24841.18
OI00000330-2,ORD00000330,PROD00206,2,22722.97,0.0,45445.94
OI00000331-1,ORD00000331,PROD00250,3,7116.48,2134.94,19214.5
OI00000331-2,ORD00000331,PROD00314,1,8921.82,1338.27,7583.55
OI00000332-1,ORD00000332,PROD00170,1,11306.22,0.0,11306.22
OI00000333-1,ORD00000333,PROD00186,3,8185.68,2455.7,22101.34
OI00000334-1,ORD00000334,PROD00288,2,6121.73,0.0,12243.46
OI00000335-1,ORD00000335,PROD00082,4,23934.46,14360.68,81377.16
OI00000335-2,ORD00000335,PROD00144,2,4774.42,0.0,9548.84
OI00000335-3,ORD00000335,PROD00340,2,17115.28,1711.53,32519.03
OI00000335-4,ORD00000335,PROD00050,1,22567.65,0.0,22567.65
OI00000336-1,ORD00000336,PROD00301,3,15056.56,2258.48,42911.2
OI00000337-1,ORD00000337,PROD00177,3,19263.4,0.0,57790.2
OI00000337-2,ORD00000337,PROD00190,1,2376.38,0.0,2376.38
OI00000337-3,ORD00000337,PROD00070,3,23046.35,10370.86,58768.19
OI00000337-4,ORD00000337,PROD00202,2,10405.57,0.0,20811.14
OI00000337-5,ORD00000337,PROD00343,2,19579.2,5873.76,33284.64
OI00000338-1,ORD00000338,PROD00009,4,15614.07,0.0,62456.28
OI00000338-2,ORD00000338,PROD00187,3,24432.22,0.0,73296.66
OI00000338-3,ORD00000338,PROD00263,3,14672.69,4401.81,39616.26
OI00000338-4,ORD00000338,PROD00013,4,7604.86,0.0,30419.44
OI00000339-1,ORD00000339,PROD00173,1,19657.54,0.0,19657.54
OI00000339-2,ORD00000339,PROD00337,4,17875.4,10725.24,60776.36
OI00000339-3,ORD00000339,PROD00042,3,3118.44,935.53,8419.79
OI00000339-4,ORD00000339,PROD00017,2,19254.54,3850.91,34658.17
OI00000340-1,ORD00000340,PROD00195,4,9755.37,0.0,39021.48
OI00000340-2,ORD00000340,PROD00345,3,15206.3,6842.83,38776.07
OI00000340-3,ORD00000340,PROD00193,3,9247.87,0.0,27743.61
OI00000340-4,ORD00000340,PROD00263,4,14672.69,2934.54,55756.22
OI00000341-1,ORD00000341,PROD00145,3,21307.62,0.0,63922.86
OI00000341-2,ORD00000341,PROD00231,1,1734.46,260.17,1474.29
OI00000341-3,ORD00000341,PROD00164,1,12489.77,0.0,12489.77
OI00000341-4,ORD00000341,PROD00066,1,21806.77,0.0,21806.77
OI00000342-1,ORD00000342,PROD00045,1,3832.7,0.0,3832.7
OI00000342-2,ORD00000342,PROD00007,3,18525.88,5557.76,50019.88
OI00000343-1,ORD00000343,PROD00324,3,1645.09,740.29,4194.98
OI00000343-2,ORD00000343,PROD00055,1,2152.81,0.0,2152.81
OI00000343-3,ORD00000343,PROD00072,2,7657.87,2297.36,13018.38
OI00000343-4,ORD00000343,PROD00042,2,3118.44,0.0,6236.88
OI00000344-1,ORD00000344,PROD00199,3,13170.12,5926.55,33583.81
OI00000345-1,ORD00000345,PROD00310,2,11465.44,1146.54,21784.34
OI00000345-2,ORD00000345,PROD00148,1,15616.8,780.84,14835.96
OI00000345-3,ORD00000345,PROD00095,1,13874.18,0.0,13874.18
OI00000345-4,ORD00000345,PROD00091,2,3604.39,0.0,7208.78
OI00000346-1,ORD00000346,PROD00117,2,1680.75,168.08,3193.42
OI00000346-2,ORD00000346,PROD00326,3,13890.31,4167.09,37503.84
OI00000346-3,ORD00000346,PROD00212,3,11560.86,0.0,34682.58
OI00000347-1,ORD00000347,PROD00145,2,21307.62,0.0,42615.24
OI00000347-2,ORD00000347,PROD00032,1,7626.11,381.31,7244.8
OI00000347-3,ORD00000347,PROD00177,1,19263.4,1926.34,17337.06
OI00000348-1,ORD00000348,PROD00164,3,12489.77,5620.4,31848.91
OI00000349-1,ORD00000349,PROD00231,3,1734.46,780.51,4422.87
OI00000349-2,ORD00000349,PROD00246,3,2046.4,306.96,5832.24
OI00000349-3,ORD00000349,PROD00154,4,21079.89,0.0,84319.56
OI00000350-1,ORD00000350,PROD00210,4,18661.64,3732.33,70914.23
OI00000350-2,ORD00000350,PROD00167,4,7684.68,1536.94,29201.78
OI00000350-3,ORD00000350,PROD00238,4,16218.76,0.0,64875.04
OI00000351-1,ORD00000351,PROD00196,2,10833.41,1083.34,20583.48
OI00000351-2,ORD00000351,PROD00188,1,24505.29,1225.26,23280.03
OI00000351-3,ORD00000351,PROD00339,2,696.45,0.0,1392.9
OI00000352-1,ORD00000352,PROD00077,3,19060.68,0.0,57182.04
OI00000352-2,ORD00000352,PROD00102,1,7550.93,377.55,7173.38
OI00000352-3,ORD00000352,PROD00201,2,17522.9,0.0,35045.8
OI00000352-4,ORD00000352,PROD00282,3,15862.74,0.0,47588.22
OI00000353-1,ORD00000353,PROD00250,1,7116.48,0.0,7116.48
OI00000353-2,ORD00000353,PROD00055,1,2152.81,0.0,2152.81
OI00000354-1,ORD00000354,PROD00111,4,11594.18,2318.84,44057.88
OI00000354-2,ORD00000354,PROD00007,3,18525.88,8336.65,47240.99
OI00000354-3,ORD00000354,PROD00082,3,23934.46,10770.51,61032.87
OI00000354-4,ORD00000354,PROD00160,4,21368.16,8547.26,76925.38
OI00000355-1,ORD00000355,PROD00066,3,21806.77,6542.03,58878.28
OI00000355-2,ORD00000355,PROD00243,1,5945.94,0.0,5945.94
OI00000355-3,ORD00000355,PROD00229,3,6335.91,950.39,18057.34
OI00000356-1,ORD00000356,PROD00325,4,24143.74,0.0,96574.96
OI00000356-2,ORD00000356,PROD00285,3,7381.88,2214.56,19931.08
OI00000356-3,ORD00000356,PROD00170,2,11306.22,0.0,22612.44
OI00000357-1,ORD00000357,PROD00010,3,4667.93,1400.38,12603.41
OI00000357-2,ORD00000357,PROD00049,4,1583.63,0.0,6334.52
OI00000357-3,ORD00000357,PROD00320,3,624.52,0.0,1873.56
OI00000357-4,ORD00000357,PROD00271,4,21715.63,4343.13,82519.39
OI00000358-1,ORD00000358,PROD00142,2,1480.08,0.0,2960.16
OI00000358-2,ORD00000358,PROD00031,4,5027.13,0.0,20108.52
OI00000359-1,ORD00000359,PROD00288,2,6121.73,0.0,12243.46
OI00000359-2,ORD00000359,PROD00164,4,12489.77,0.0,49959.08
OI00000359-3,ORD00000359,PROD00310,2,11465.44,3439.63,19491.25
OI00000359-4,ORD00000359,PROD00097,1,19582.9,0.0,19582.9
OI00000360-1,ORD00000360,PROD00217,1,11079.35,0.0,11079.35
OI00000360-2,ORD00000360,PROD00134,2,11362.61,0.0,22725.22
OI00000360-3,ORD00000360,PROD00152,1,5018.12,0.0,5018.12
OI00000360-4,ORD00000360,PROD00334,4,1905.27,0.0,7621.08
OI00000361-1,ORD00000361,PROD00081,4,14048.06,0.0,56192.24
OI00000361-2,ORD00000361,PROD00056,3,5382.68,807.4,15340.64
OI00000361-3,ORD00000361,PROD00142,2,1480.08,444.02,2516.14
OI00000361-4,ORD00000361,PROD00311,4,22435.59,0.0,89742.36
OI00000361-5,ORD00000361,PROD00084,2,6169.9,0.0,12339.8
OI00000362-1,ORD00000362,PROD00073,3,3596.39,1618.38,9170.79
OI00000362-2,ORD00000362,PROD00193,1,9247.87,1387.18,7860.69
OI00000362-3,ORD00000362,PROD00223,3,14073.25,2110.99,40108.76
OI00000363-1,ORD00000363,PROD00292,1,21804.92,2180.49,19624.43
OI00000363-2,ORD00000363,PROD00029,2,19909.52,1990.95,37828.09
OI00000363-3,ORD00000363,PROD00033,1,8958.24,0.0,8958.24
OI00000363-4,ORD00000363,PROD00078,1,3767.12,376.71,3390.41
OI00000363-5,ORD00000363,PROD00084,2,6169.9,0.0,12339.8
OI00000364-1,ORD00000364,PROD00253,4,23510.11,9404.04,84636.4
OI00000365-1,ORD00000365,PROD00107,4,10358.42,0.0,41433.68
OI00000366-1,ORD00000366,PROD00013,1,7604.86,1140.73,6464.13
OI00000366-2,ORD00000366,PROD00116,4,4303.4,0.0,17213.6
OI00000366-3,ORD00000366,PROD00022,2,973.58,0.0,1947.16
OI00000366-4,ORD00000366,PROD00079,2,9711.52,1942.3,17480.74
OI00000366-5,ORD00000366,PROD00164,3,12489.77,1873.47,35595.84
OI00000367-1,ORD00000367,PROD00282,1,15862.74,0.0,15862.74
OI00000367-2,ORD00000367,PROD00103,1,21963.07,0.0,21963.07
OI00000367-3,ORD00000367,PROD00118,4,22031.03,0.0,88124.12
OI00000367-4,ORD00000367,PROD00179,1,21643.38,2164.34,19479.04
OI00000368-1,ORD00000368,PROD00322,3,14307.01,0.0,42921.03
OI00000369-1,ORD00000369,PROD00312,3,9087.53,0.0,27262.59
OI00000369-2,ORD00000369,PROD00101,3,14649.72,0.0,43949.16
OI00000370-1,ORD00000370,PROD00334,4,1905.27,0.0,7621.08
OI00000370-2,ORD00000370,PROD00095,1,13874.18,0.0,13874.18
OI00000370-3,ORD00000370,PROD00199,1,13170.12,1975.52,11194.6
OI00000370-4,ORD00000370,PROD00106,2,16178.76,3235.75,29121.77
OI00000370-5,ORD00000370,PROD00153,2,8528.45,1705.69,15351.21
OI00000371-1,ORD00000371,PROD00291,3,16653.64,0.0,49960.92
OI00000371-2,ORD00000371,PROD00262,1,20752.25,0.0,20752.25
OI00000372-1,ORD00000372,PROD00168,4,13786.27,2757.25,52387.83
OI00000372-2,ORD00000372,PROD00309,2,2478.12,247.81,4708.43
OI00000372-3,ORD00000372,PROD00246,3,2046.4,920.88,5218.32
OI00000372-4,ORD00000372,PROD00128,1,20549.76,2054.98,18494.78
OI00000373-1,ORD00000373,PROD00141,1,15103.07,0.0,15103.07
OI00000374-1,ORD00000374,PROD00111,2,11594.18,1159.42,22028.94
OI00000374-2,ORD00000374,PROD00191,1,719.62,0.0,719.62
OI00000374-3,ORD00000374,PROD00214,1,4472.05,0.0,4472.05
OI00000375-1,ORD00000375,PROD00062,1,17873.06,893.65,16979.41
OI00000375-2,ORD00000375,PROD00090,1,4577.37,0.0,4577.37
OI00000376-1,ORD00000376,PROD00139,1,1559.26,233.89,1325.37
OI00000376-2,ORD00000376,PROD00289,4,10900.59,0.0,43602.36
OI00000376-3,ORD00000376,PROD00079,2,9711.52,0.0,19423.04
OI00000377-1,ORD00000377,PROD00212,2,11560.86,0.0,23121.72
OI00000377-2,ORD00000377,PROD00296,1,3229.07,484.36,2744.71
OI00000377-3,ORD00000377,PROD00033,3,8958.24,4031.21,22843.51
OI00000377-4,ORD00000377,PROD00145,4,21307.62,0.0,85230.48
OI00000378-1,ORD00000378,PROD00001,1,23270.16,2327.02,20943.14
OI00000378-2,ORD00000378,PROD00223,4,14073.25,0.0,56293.0
OI00000378-3,ORD00000378,PROD00025,3,12394.98,0.0,37184.94
OI00000378-4,ORD00000378,PROD00046,3,20054.13,3008.12,57154.27
OI00000379-1,ORD00000379,PROD00075,3,1735.74,781.08,4426.14
OI00000379-2,ORD00000379,PROD00328,3,24499.21,3674.88,69822.75
OI00000379-3,ORD00000379,PROD00090,4,4577.37,0.0,18309.48
OI00000379-4,ORD00000379,PROD00240,3,15221.18,0.0,45663.54
OI00000379-5,ORD00000379,PROD00076,4,22512.17,13507.3,76541.38
OI00000380-1,ORD00000380,PROD00071,3,9271.17,0.0,27813.51
OI00000380-2,ORD00000380,PROD00331,4,15173.99,3034.8,57661.16
OI00000380-3,ORD00000380,PROD00277,2,16643.7,0.0,33287.4
OI00000381-1,ORD00000381,PROD00294,2,20220.76,0.0,40441.52
OI00000381-2,ORD00000381,PROD00203,1,9647.39,482.37,9165.02
OI00000382-1,ORD00000382,PROD00282,2,15862.74,4758.82,26966.66
OI00000382-2,ORD00000382,PROD00117,3,1680.75,252.11,4790.14
OI00000382-3,ORD00000382,PROD00060,3,7484.13,3367.86,19084.53
OI00000383-1,ORD00000383,PROD00209,1,1876.23,0.0,1876.23
OI00000383-2,ORD00000383,PROD00328,4,24499.21,0.0,97996.84
OI00000383-3,ORD00000383,PROD00097,1,19582.9,1958.29,17624.61
OI00000384-1,ORD00000384,PROD00124,4,24453.49,0.0,97813.96
OI00000384-2,ORD00000384,PROD00108,1,19693.27,0.0,19693.27
OI00000384-3,ORD00000384,PROD00013,1,7604.86,0.0,7604.86
OI00000385-1,ORD00000385,PROD00035,3,14071.44,2110.72,40103.6
OI00000386-1,ORD00000386,PROD00154,3,21079.89,3161.98,60077.69
OI00000386-2,ORD00000386,PROD00192,2,5187.01,0.0,10374.02
OI00000386-3,ORD00000386,PROD00220,4,5039.64,3023.78,17134.78
OI00000386-4,ORD00000386,PROD00315,1,14855.14,2228.27,12626.87
OI00000386-5,ORD00000386,PROD00252,1,21548.3,1077.41,20470.89
OI00000387-1,ORD00000387,PROD00276,1,9301.09,465.05,8836.04
OI00000387-2,ORD00000387,PROD00301,3,15056.56,6775.45,38394.23
OI00000387-3,ORD00000387,PROD00252,1,21548.3,1077.41,20470.89
OI00000387-4,ORD00000387,PROD00020,4,1320.51,0.0,5282.04
OI00000388-1,ORD00000388,PROD00233,4,579.27,347.56,1969.52
OI00000389-1,ORD00000389,PROD00232,2,12800.1,2560.02,23040.18
OI00000389-2,ORD00000389,PROD00211,1,2911.33,0.0,2911.33
OI00000389-3,ORD00000389,PROD00066,1,21806.77,2180.68,19626.09
OI00000389-4,ORD00000389,PROD00228,1,24578.41,2457.84,22120.57
OI00000389-5,ORD00000389,PROD00093,4,23736.46,0.0,94945.84
OI00000390-1,ORD00000390,PROD00265,4,18730.82,0.0,74923.28
OI00000391-1,ORD00000391,PROD00219,1,19321.62,2898.24,16423.38
OI00000391-2,ORD00000391,PROD00080,1,16165.62,0.0,16165.62
OI00000391-3,ORD00000391,PROD00247,4,10596.3,0.0,42385.2
OI00000392-1,ORD00000392,PROD00115,3,24607.38,11073.32,62748.82
OI00000392-2,ORD00000392,PROD00299,4,2709.32,0.0,10837.28
OI00000393-1,ORD00000393,PROD00289,1,10900.59,545.03,10355.56
OI00000393-2,ORD00000393,PROD00255,3,4895.99,2203.2,12484.77
OI00000393-3,ORD00000393,PROD00221,1,17014.99,2552.25,14462.74
OI00000393-4,ORD00000393,PROD00269,3,14198.95,6389.53,36207.32
OI00000393-5,ORD00000393,PROD00279,1,690.73,34.54,656.19
OI00000394-1,ORD00000394,PROD00035,1,14071.44,0.0,14071.44
OI00000394-2,ORD00000394,PROD00135,3,8523.43,1278.51,24291.78
OI00000394-3,ORD00000394,PROD00206,2,22722.97,0.0,45445.94
OI00000394-4,ORD00000394,PROD00062,1,17873.06,0.0,17873.06
OI00000395-1,ORD00000395,PROD00192,3,5187.01,778.05,14782.98
OI00000395-2,ORD00000395,PROD00035,2,14071.44,2814.29,25328.59
OI00000395-3,ORD00000395,PROD00212,1,11560.86,1156.09,10404.77
OI00000395-4,ORD00000395,PROD00021,2,21222.98,0.0,42445.96
OI00000395-5,ORD00000395,PROD00076,3,22512.17,0.0,67536.51
OI00000396-1,ORD00000396,PROD00058,3,18176.41,5452.92,49076.31
OI00000397-1,ORD00000397,PROD00246,2,2046.4,0.0,4092.8
OI00000397-2,ORD00000397,PROD00340,4,17115.28,3423.06,65038.06
OI00000398-1,ORD00000398,PROD00037,2,17674.8,5302.44,30047.16
OI00000398-2,ORD00000398,PROD00066,2,21806.77,0.0,43613.54
OI00000398-3,ORD00000398,PROD00245,1,7169.55,716.96,6452.59
OI00000398-4,ORD00000398,PROD00085,2,20182.68,6054.8,34310.56
OI00000398-5,ORD00000398,PROD00212,3,11560.86,0.0,34682.58
OI00000399-1,ORD00000399,PROD00203,1,9647.39,0.0,9647.39
OI00000399-2,ORD00000399,PROD00344,3,2433.74,365.06,6936.16
OI00000399-3,ORD00000399,PROD00231,2,1734.46,520.34,2948.58
OI00000400-1,ORD00000400,PROD00124,3,24453.49,3668.02,69692.45
OI00000400-2,ORD00000400,PROD00039,4,12707.28,5082.91,45746.21
OI00000401-1,ORD00000401,PROD00329,1,10605.13,0.0,10605.13
OI00000401-2,ORD00000401,PROD00143,4,8628.21,0.0,34512.84
OI00000402-1,ORD00000402,PROD00241,4,1662.19,332.44,6316.32
OI00000402-2,ORD00000402,PROD00302,2,7756.84,775.68,14738.0
OI00000402-3,ORD00000402,PROD00173,1,19657.54,2948.63,16708.91
OI00000403-1,ORD00000403,PROD00129,3,19114.26,0.0,57342.78
OI00000404-1,ORD00000404,PROD00098,3,24035.74,0.0,72107.22
OI00000404-2,ORD00000404,PROD00099,3,16343.82,4903.15,44128.31
OI00000404-3,ORD00000404,PROD00347,4,11947.7,0.0,47790.8
OI00000404-4,ORD00000404,PROD00136,4,14715.94,8829.56,50034.2
OI00000404-5,ORD00000404,PROD00338,2,10521.18,2104.24,18938.12
OI00000405-1,ORD00000405,PROD00165,2,17905.46,1790.55,34020.37
OI00000405-2,ORD00000405,PROD00298,2,19293.46,0.0,38586.92
OI00000405-3,ORD00000405,PROD00150,2,1889.59,0.0,3779.18
OI00000405-4,ORD00000405,PROD00307,3,13721.18,0.0,41163.54
OI00000405-5,ORD00000405,PROD00332,4,966.51,0.0,3866.04
OI00000406-1,ORD00000406,PROD00276,3,9301.09,0.0,27903.27
OI00000406-2,ORD00000406,PROD00131,1,1596.96,0.0,1596.96
OI00000406-3,ORD00000406,PROD00064,4,2094.58,837.83,7540.49
OI00000406-4,ORD00000406,PROD00202,1,10405.57,0.0,10405.57
OI00000407-1,ORD00000407,PROD00299,3,2709.32,812.8,7315.16
OI00000407-2,ORD00000407,PROD00291,4,16653.64,0.0,66614.56
OI00000407-3,ORD00000407,PROD00137,1,22614.03,1130.7,21483.33
OI00000407-4,ORD00000407,PROD00322,4,14307.01,5722.8,51505.24
OI00000407-5,ORD00000407,PROD00056,4,5382.68,1076.54,20454.18
OI00000408-1,ORD00000408,PROD00028,1,3322.41,0.0,3322.41
OI00000408-2,ORD00000408,PROD00143,1,8628.21,862.82,7765.39
OI00000408-3,ORD00000408,PROD00275,3,23306.6,0.0,69919.8
OI00000409-1,ORD00000409,PROD00031,1,5027.13,0.0,5027.13
OI00000409-2,ORD00000409,PROD00173,3,19657.54,0.0,58972.62
OI00000409-3,ORD00000409,PROD00221,2,17014.99,0.0,34029.98
OI00000409-4,ORD00000409,PROD00113,3,20219.94,6065.98,54593.84
OI00000409-5,ORD00000409,PROD00182,2,5279.14,0.0,10558.28
OI00000410-1,ORD00000410,PROD00105,1,8573.66,0.0,8573.66
OI00000410-2,ORD00000410,PROD00047,3,23596.32,3539.45,67249.51
OI00000410-3,ORD00000410,PROD00064,1,2094.58,0.0,2094.58
OI00000410-4,ORD00000410,PROD00209,2,1876.23,0.0,3752.46
OI00000411-1,ORD00000411,PROD00123,3,4905.47,735.82,13980.59
OI00000412-1,ORD00000412,PROD00210,4,18661.64,3732.33,70914.23
OI00000413-1,ORD00000413,PROD00106,4,16178.76,3235.75,61479.29
OI00000413-2,ORD00000413,PROD00269,3,14198.95,0.0,42596.85
OI00000413-3,ORD00000413,PROD00011,4,13382.68,5353.07,48177.65
OI00000414-1,ORD00000414,PROD00040,4,3967.96,0.0,15871.84
OI00000414-2,ORD00000414,PROD00207,2,1959.51,0.0,3919.02
OI00000415-1,ORD00000415,PROD00119,4,17032.97,6813.19,61318.69
OI00000415-2,ORD00000415,PROD00241,1,1662.19,249.33,1412.86
OI00000415-3,ORD00000415,PROD00289,2,10900.59,3270.18,18531.0
OI00000416-1,ORD00000416,PROD00196,1,10833.41,541.67,10291.74
OI00000416-2,ORD00000416,PROD00224,4,23476.13,4695.23,89209.29
OI00000416-3,ORD00000416,PROD00046,4,20054.13,0.0,80216.52
OI00000417-1,ORD00000417,PROD00246,2,2046.4,0.0,4092.8
OI00000417-2,ORD00000417,PROD00113,2,20219.94,0.0,40439.88
OI00000417-3,ORD00000417,PROD00196,3,10833.41,0.0,32500.23
OI00000418-1,ORD00000418,PROD00026,3,4075.27,0.0,12225.81
OI00000418-2,ORD00000418,PROD00269,3,14198.95,2129.84,40467.01
OI00000418-3,ORD00000418,PROD00077,3,19060.68,0.0,57182.04
OI00000418-4,ORD00000418,PROD00224,3,23476.13,0.0,70428.39
OI00000418-5,ORD00000418,PROD00118,4,22031.03,0.0,88124.12
OI00000419-1,ORD00000419,PROD00336,2,1810.42,0.0,3620.84
OI00000419-2,ORD00000419,PROD00281,4,16522.7,3304.54,62786.26
OI00000419-3,ORD00000419,PROD00086,2,21556.26,0.0,43112.52
OI00000419-4,ORD00000419,PROD00101,1,14649.72,0.0,14649.72
OI00000419-5,ORD00000419,PROD00052,3,22735.31,0.0,68205.93
OI00000420-1,ORD00000420,PROD00079,2,9711.52,0.0,19423.04
OI00000420-2,ORD00000420,PROD00005,3,12790.76,0.0,38372.28
OI00000421-1,ORD00000421,PROD00070,2,23046.35,0.0,46092.7
OI00000421-2,ORD00000421,PROD00241,2,1662.19,0.0,3324.38
OI00000421-3,ORD00000421,PROD00124,3,24453.49,7336.05,66024.42
OI00000421-4,ORD00000421,PROD00143,4,8628.21,0.0,34512.84
OI00000422-1,ORD00000422,PROD00022,1,973.58,48.68,924.9
OI00000422-2,ORD00000422,PROD00070,1,23046.35,0.0,23046.35
OI00000422-3,ORD00000422,PROD00236,4,23089.06,13853.44,78502.8
OI00000422-4,ORD00000422,PROD00203,4,9647.39,3858.96,34730.6
OI00000422-5,ORD00000422,PROD00239,3,6094.11,1828.23,16454.1
OI00000423-1,ORD00000423,PROD00258,4,17451.91,0.0,69807.64
OI00000423-2,ORD00000423,PROD00019,2,539.71,0.0,1079.42
OI00000424-1,ORD00000424,PROD00196,4,10833.41,0.0,43333.64
OI00000424-2,ORD00000424,PROD00192,1,5187.01,0.0,5187.01
OI00000424-3,ORD00000424,PROD00250,2,7116.48,0.0,14232.96
OI00000424-4,ORD00000424,PROD00111,4,11594.18,6956.51,39420.21
OI00000425-1,ORD00000425,PROD00009,2,15614.07,1561.41,29666.73
OI00000425-2,ORD00000425,PROD00130,4,22922.02,4584.4,87103.68
OI00000426-1,ORD00000426,PROD00027,2,12715.52,0.0,25431.04
OI00000426-2,ORD00000426,PROD00328,1,24499.21,0.0,24499.21
OI00000426-3,ORD00000426,PROD00192,1,5187.01,0.0,5187.01
OI00000426-4,ORD00000426,PROD00239,4,6094.11,3656.47,20719.97
OI00000427-1,ORD00000427,PROD00245,1,7169.55,358.48,6811.07
OI00000427-2,ORD00000427,PROD00035,3,14071.44,0.0,42214.32
OI00000427-3,ORD00000427,PROD00100,3,14966.8,4490.04,40410.36
OI00000427-4,ORD00000427,PROD00085,1,20182.68,0.0,20182.68
OI00000427-5,ORD00000427,PROD00075,3,1735.74,0.0,5207.22
OI00000428-1,ORD00000428,PROD00172,4,9009.37,0.0,36037.48
OI00000428-2,ORD00000428,PROD00319,3,339.48,0.0,1018.44
OI00000428-3,ORD00000428,PROD00189,1,4749.05,474.91,4274.14
OI00000428-4,ORD00000428,PROD00300,1,20412.89,1020.64,19392.25
OI00000429-1,ORD00000429,PROD00290,1,19169.41,0.0,19169.41
OI00000429-2,ORD00000429,PROD00194,3,3968.03,1785.61,10118.48
OI00000429-3,ORD00000429,PROD00226,3,11496.46,0.0,34489.38
OI00000429-4,ORD00000429,PROD00073,2,3596.39,0.0,7192.78
OI00000429-5,ORD00000429,PROD00316,4,3014.12,0.0,12056.48
OI00000430-1,ORD00000430,PROD00100,4,14966.8,5986.72,53880.48
OI00000430-2,ORD00000430,PROD00100,4,14966.8,0.0,59867.2
OI00000431-1,ORD00000431,PROD00020,3,1320.51,594.23,3367.3
OI00000431-2,ORD00000431,PROD00248,1,544.29,0.0,544.29
OI00000432-1,ORD00000432,PROD00176,3,24960.21,3744.03,71136.6
OI00000432-2,ORD00000432,PROD00133,3,10071.99,4532.4,25683.57
OI00000432-3,ORD00000432,PROD00341,3,22735.67,6820.7,61386.31
OI00000432-4,ORD00000432,PROD00080,3,16165.62,4849.69,43647.17
OI00000433-1,ORD00000433,PROD00261,3,17666.44,2649.97,50349.35
OI00000433-2,ORD00000433,PROD00208,1,11300.85,1130.09,10170.76
OI00000433-3,ORD00000433,PROD00154,3,21079.89,0.0,63239.67
OI00000434-1,ORD00000434,PROD00051,3,10511.67,1576.75,29958.26
OI00000434-2,ORD00000434,PROD00205,4,22069.77,8827.91,79451.17
OI00000435-1,ORD00000435,PROD00340,1,17115.28,0.0,17115.28
OI00000435-2,ORD00000435,PROD00030,4,7097.31,1419.46,26969.78
OI00000435-3,ORD00000435,PROD00222,2,18114.09,1811.41,34416.77
OI00000435-4,ORD00000435,PROD00243,1,5945.94,0.0,5945.94
OI00000436-1,ORD00000436,PROD00203,2,9647.39,964.74,18330.04
OI00000436-2,ORD00000436,PROD00221,2,17014.99,0.0,34029.98
OI00000436-3,ORD00000436,PROD00125,2,4153.82,0.0,8307.64
OI00000436-4,ORD00000436,PROD00082,3,23934.46,7180.34,64623.04
OI00000437-1,ORD00000437,PROD00077,4,19060.68,3812.14,72430.58
OI00000438-1,ORD00000438,PROD00069,3,17377.04,0.0,52131.12
OI00000439-1,ORD00000439,PROD00052,1,22735.31,2273.53,20461.78
OI00000439-2,ORD00000439,PROD00043,1,20878.59,2087.86,18790.73
OI00000439-3,ORD00000439,PROD00001,2,23270.16,0.0,46540.32
OI00000440-1,ORD00000440,PROD00270,1,6520.83,652.08,5868.75
OI00000440-2,ORD00000440,PROD00146,2,8249.05,0.0,16498.1
OI00000440-3,ORD00000440,PROD00237,3,6989.25,0.0,20967.75
OI00000440-4,ORD00000440,PROD00330,1,16495.98,824.8,15671.18
OI00000440-5,ORD00000440,PROD00311,2,22435.59,6730.68,38140.5
OI00000441-1,ORD00000441,PROD00232,3,12800.1,3840.03,34560.27
OI00000441-2,ORD00000441,PROD00157,3,21965.78,9884.6,56012.74
OI00000441-3,ORD00000441,PROD00206,4,22722.97,0.0,90891.88
OI00000441-4,ORD00000441,PROD00159,3,24425.69,0.0,73277.07
OI00000442-1,ORD00000442,PROD00301,1,15056.56,0.0,15056.56
OI00000443-1,ORD00000443,PROD00171,3,6861.84,2058.55,18526.97
OI00000443-2,ORD00000443,PROD00123,4,4905.47,981.09,18640.79
OI00000443-3,ORD00000443,PROD00210,1,18661.64,2799.25,15862.39
OI00000444-1,ORD00000444,PROD00081,4,14048.06,0.0,56192.24
OI00000444-2,ORD00000444,PROD00177,1,19263.4,0.0,19263.4
OI00000444-3,ORD00000444,PROD00017,3,19254.54,2888.18,54875.44
OI00000445-1,ORD00000445,PROD00231,2,1734.46,0.0,3468.92
OI00000445-2,ORD00000445,PROD00217,3,11079.35,3323.81,29914.24
OI00000445-3,ORD00000445,PROD00095,1,13874.18,0.0,13874.18
OI00000446-1,ORD00000446,PROD00076,1,22512.17,0.0,22512.17
OI00000446-2,ORD00000446,PROD00123,4,4905.47,0.0,19621.88
OI00000446-3,ORD00000446,PROD00104,2,15897.49,1589.75,30205.23
OI00000447-1,ORD00000447,PROD00173,1,19657.54,0.0,19657.54
OI00000447-2,ORD00000447,PROD00248,2,544.29,0.0,1088.58
OI00000447-3,ORD00000447,PROD00076,3,22512.17,10130.48,57406.03
OI00000448-1,ORD00000448,PROD00314,2,8921.82,892.18,16951.46
OI00000448-2,ORD00000448,PROD00021,4,21222.98,12733.79,72158.13
OI00000448-3,ORD00000448,PROD00303,3,15795.37,4738.61,42647.5
OI00000448-4,ORD00000448,PROD00234,1,18943.28,0.0,18943.28
OI00000448-5,ORD00000448,PROD00171,1,6861.84,343.09,6518.75
OI00000449-1,ORD00000449,PROD00293,2,9456.41,0.0,18912.82
OI00000449-2,ORD00000449,PROD00303,2,15795.37,1579.54,30011.2
OI00000449-3,ORD00000449,PROD00136,3,14715.94,6622.17,37525.65
OI00000449-4,ORD00000449,PROD00020,2,1320.51,396.15,2244.87
OI00000449-5,ORD00000449,PROD00297,3,1594.03,239.1,4542.99
OI00000450-1,ORD00000450,PROD00123,4,4905.47,0.0,19621.88
OI00000450-2,ORD00000450,PROD00221,1,17014.99,0.0,17014.99
OI00000450-3,ORD00000450,PROD00141,4,15103.07,0.0,60412.28
OI00000450-4,ORD00000450,PROD00257,3,18404.82,5521.45,49693.01
OI00000451-1,ORD00000451,PROD00148,1,15616.8,0.0,15616.8
OI00000451-2,ORD00000451,PROD00200,3,18445.4,0.0,55336.2
OI00000451-3,ORD00000451,PROD00280,2,11325.36,0.0,22650.72
OI00000451-4,ORD00000451,PROD00220,1,5039.64,0.0,5039.64
OI00000451-5,ORD00000451,PROD00332,2,966.51,96.65,1836.37
OI00000452-1,ORD00000452,PROD00344,3,2433.74,365.06,6936.16
OI00000452-2,ORD00000452,PROD00083,4,3051.07,0.0,12204.28
OI00000452-3,ORD00000452,PROD00084,3,6169.9,0.0,18509.7
OI00000453-1,ORD00000453,PROD00080,1,16165.62,0.0,16165.62
OI00000454-1,ORD00000454,PROD00173,1,19657.54,1965.75,17691.79
OI00000454-2,ORD00000454,PROD00274,4,2466.2,986.48,8878.32
OI00000454-3,ORD00000454,PROD00063,4,20579.93,12347.96,69971.76
OI00000454-4,ORD00000454,PROD00315,3,14855.14,0.0,44565.42
OI00000455-1,ORD00000455,PROD00280,3,11325.36,5096.41,28879.67
OI00000455-2,ORD00000455,PROD00010,1,4667.93,0.0,4667.93
OI00000456-1,ORD00000456,PROD00100,4,14966.8,8980.08,50887.12
OI00000456-2,ORD00000456,PROD00180,1,5881.39,0.0,5881.39
OI00000456-3,ORD00000456,PROD00200,4,18445.4,0.0,73781.6
OI00000456-4,ORD00000456,PROD00263,4,14672.69,0.0,58690.76
OI00000456-5,ORD00000456,PROD00086,2,21556.26,4311.25,38801.27
OI00000457-1,ORD00000457,PROD00199,3,13170.12,5926.55,33583.81
OI00000457-2,ORD00000457,PROD00189,2,4749.05,0.0,9498.1
OI00000457-3,ORD00000457,PROD00019,4,539.71,0.0,2158.84
OI00000457-4,ORD00000457,PROD00002,3,11732.07,0.0,35196.21
OI00000458-1,ORD00000458,PROD00044,2,6687.09,0.0,13374.18
OI00000458-2,ORD00000458,PROD00305,1,17525.16,1752.52,15772.64
OI00000458-3,ORD00000458,PROD00070,4,23046.35,4609.27,87576.13
OI00000458-4,ORD00000458,PROD00284,3,10726.51,0.0,32179.53
OI00000459-1,ORD00000459,PROD00151,1,4900.37,0.0,4900.37
OI00000459-2,ORD00000459,PROD00029,3,19909.52,8959.28,50769.28
OI00000459-3,ORD00000459,PROD00071,3,9271.17,1390.68,26422.83
OI00000459-4,ORD00000459,PROD00079,3,9711.52,0.0,29134.56
OI00000460-1,ORD00000460,PROD00154,4,21079.89,0.0,84319.56
OI00000460-2,ORD00000460,PROD00014,3,2236.5,0.0,6709.5
OI00000460-3,ORD00000460,PROD00095,1,13874.18,0.0,13874.18
OI00000461-1,ORD00000461,PROD00171,3,6861.84,0.0,20585.52
OI00000461-2,ORD00000461,PROD00094,2,1683.18,336.64,3029.72
OI00000461-3,ORD00000461,PROD00041,2,18327.17,0.0,36654.34
OI00000462-1,ORD00000462,PROD00282,3,15862.74,4758.82,42829.4
OI00000463-1,ORD00000463,PROD00048,3,2165.22,0.0,6495.66
OI00000463-2,ORD00000463,PROD00027,2,12715.52,0.0,25431.04
OI00000463-3,ORD00000463,PROD00049,1,1583.63,0.0,1583.63
OI00000463-4,ORD00000463,PROD00245,1,7169.55,358.48,6811.07
OI00000464-1,ORD00000464,PROD00288,2,6121.73,0.0,12243.46
OI00000464-2,ORD00000464,PROD00172,2,9009.37,0.0,18018.74
OI00000464-3,ORD00000464,PROD00333,1,15073.5,2261.03,12812.47
OI00000464-4,ORD00000464,PROD00009,4,15614.07,0.0,62456.28
OI00000464-5,ORD00000464,PROD00065,2,11181.79,3354.54,19009.04
OI00000465-1,ORD00000465,PROD00296,2,3229.07,322.91,6135.23
OI00000465-2,ORD00000465,PROD00281,2,16522.7,0.0,33045.4
OI00000465-3,ORD00000465,PROD00221,2,17014.99,3403.0,30626.98
OI00000466-1,ORD00000466,PROD00303,4,15795.37,6318.15,56863.33
OI00000466-2,ORD00000466,PROD00148,3,15616.8,0.0,46850.4
OI00000466-3,ORD00000466,PROD00316,1,3014.12,452.12,2562.0
OI00000466-4,ORD00000466,PROD00216,3,4489.61,2020.32,11448.51
OI00000467-1,ORD00000467,PROD00130,2,22922.02,4584.4,41259.64
OI00000467-2,ORD00000467,PROD00095,1,13874.18,2081.13,11793.05
OI00000468-1,ORD00000468,PROD00037,4,17674.8,0.0,70699.2
OI00000469-1,ORD00000469,PROD00057,1,634.37,31.72,602.65
OI00000469-2,ORD00000469,PROD00055,3,2152.81,0.0,6458.43
OI00000470-1,ORD00000470,PROD00167,4,7684.68,1536.94,29201.78
OI00000470-2,ORD00000470,PROD00338,3,10521.18,1578.18,29985.36
OI00000470-3,ORD00000470,PROD00340,2,17115.28,5134.58,29095.98
OI00000471-1,ORD00000471,PROD00251,4,17885.84,0.0,71543.36
OI00000471-2,ORD00000471,PROD00224,1,23476.13,0.0,23476.13
OI00000472-1,ORD00000472,PROD00235,3,7450.54,0.0,22351.62
OI00000473-1,ORD00000473,PROD00219,1,19321.62,966.08,18355.54
OI00000473-2,ORD00000473,PROD00272,1,6955.22,695.52,6259.7
OI00000474-1,ORD00000474,PROD00142,4,1480.08,296.02,5624.3
OI00000474-2,ORD00000474,PROD00139,2,1559.26,155.93,2962.59
OI00000475-1,ORD00000475,PROD00197,2,14707.92,2941.58,26474.26
OI00000475-2,ORD00000475,PROD00261,2,17666.44,0.0,35332.88
OI00000475-3,ORD00000475,PROD00138,3,12060.91,3618.27,32564.46
OI00000475-4,ORD00000475,PROD00131,1,1596.96,0.0,1596.96
OI00000476-1,ORD00000476,PROD00124,3,24453.49,0.0,73360.47
OI00000477-1,ORD00000477,PROD00168,4,13786.27,5514.51,49630.57
OI00000478-1,ORD00000478,PROD00218,3,9795.93,4408.17,24979.62
OI00000478-2,ORD00000478,PROD00140,2,14612.46,4383.74,24841.18
OI00000478-3,ORD00000478,PROD00206,3,22722.97,0.0,68168.91
OI00000479-1,ORD00000479,PROD00183,4,14458.84,0.0,57835.36
OI00000479-2,ORD00000479,PROD00273,3,16836.47,2525.47,47983.94
OI00000479-3,ORD00000479,PROD00117,4,1680.75,672.3,6050.7
OI00000480-1,ORD00000480,PROD00211,1,2911.33,0.0,2911.33
OI00000480-2,ORD00000480,PROD00240,4,15221.18,6088.47,54796.25
OI00000481-1,ORD00000481,PROD00110,2,9699.44,0.0,19398.88
OI00000481-2,ORD00000481,PROD00050,1,22567.65,0.0,22567.65
OI00000482-1,ORD00000482,PROD00108,1,19693.27,0.0,19693.27
OI00000482-2,ORD00000482,PROD00122,1,1221.77,0.0,1221.77
OI00000482-3,ORD00000482,PROD00129,2,19114.26,0.0,38228.52
OI00000482-4,ORD00000482,PROD00244,3,18055.76,5416.73,48750.55
OI00000483-1,ORD00000483,PROD00052,1,22735.31,2273.53,20461.78
OI00000483-2,ORD00000483,PROD00299,2,2709.32,541.86,4876.78
OI00000483-3,ORD00000483,PROD00143,1,8628.21,431.41,8196.8
OI00000484-1,ORD00000484,PROD00050,1,22567.65,3385.15,19182.5
OI00000485-1,ORD00000485,PROD00092,2,5103.86,0.0,10207.72
OI00000486-1,ORD00000486,PROD00116,2,4303.4,0.0,8606.8
OI00000486-2,ORD00000486,PROD00061,2,8790.91,0.0,17581.82
OI00000486-3,ORD00000486,PROD00322,3,14307.01,6438.15,36482.88
OI00000486-4,ORD00000486,PROD00222,2,18114.09,5434.23,30793.95
OI00000487-1,ORD00000487,PROD00018,2,22565.26,6769.58,38360.94
OI00000487-2,ORD00000487,PROD00216,1,4489.61,0.0,4489.61
OI00000487-3,ORD00000487,PROD00081,2,14048.06,0.0,28096.12
OI00000488-1,ORD00000488,PROD00137,3,22614.03,3392.1,64449.99
OI00000488-2,ORD00000488,PROD00081,2,14048.06,1404.81,26691.31
OI00000489-1,ORD00000489,PROD00110,1,9699.44,0.0,9699.44
OI00000489-2,ORD00000489,PROD00208,3,11300.85,1695.13,32207.42
OI00000489-3,ORD00000489,PROD00275,4,23306.6,0.0,93226.4
OI00000489-4,ORD00000489,PROD00298,1,19293.46,2894.02,16399.44
OI00000489-5,ORD00000489,PROD00065,1,11181.79,0.0,11181.79
OI00000490-1,ORD00000490,PROD00070,1,23046.35,2304.63,20741.72
OI00000490-2,ORD00000490,PROD00093,2,23736.46,0.0,47472.92
OI00000490-3,ORD00000490,PROD00124,1,24453.49,2445.35,22008.14
OI00000490-4,ORD00000490,PROD00311,1,22435.59,0.0,22435.59
OI00000490-5,ORD00000490,PROD00276,1,9301.09,0.0,9301.09
OI00000491-1,ORD00000491,PROD00092,1,5103.86,255.19,4848.67
OI00000491-2,ORD00000491,PROD00252,2,21548.3,0.0,43096.6
OI00000492-1,ORD00000492,PROD00217,1,11079.35,1661.9,9417.45
OI00000493-1,ORD00000493,PROD00016,1,21060.14,0.0,21060.14
OI00000493-2,ORD00000493,PROD00014,1,2236.5,335.47,1901.03
OI00000493-3,ORD00000493,PROD00016,1,21060.14,0.0,21060.14
OI00000494-1,ORD00000494,PROD00225,3,4381.86,0.0,13145.58
OI00000495-1,ORD00000495,PROD00259,3,6394.49,0.0,19183.47
OI00000496-1,ORD00000496,PROD00343,4,19579.2,0.0,78316.8
OI00000496-2,ORD00000496,PROD00252,1,21548.3,0.0,21548.3
OI00000496-3,ORD00000496,PROD00090,3,4577.37,1373.21,12358.9
OI00000496-4,ORD00000496,PROD00319,1,339.48,0.0,339.48
OI00000496-5,ORD00000496,PROD00195,4,9755.37,0.0,39021.48
OI00000497-1,ORD00000497,PROD00002,3,11732.07,0.0,35196.21
OI00000498-1,ORD00000498,PROD00141,2,15103.07,1510.31,28695.83
OI00000498-2,ORD00000498,PROD00194,1,3968.03,0.0,3968.03
OI00000498-3,ORD00000498,PROD00212,2,11560.86,0.0,23121.72
OI00000498-4,ORD00000498,PROD00262,2,20752.25,0.0,41504.5
OI00000498-5,ORD00000498,PROD00190,1,2376.38,0.0,2376.38
OI00000499-1,ORD00000499,PROD00021,4,21222.98,0.0,84891.92
OI00000499-2,ORD00000499,PROD00209,2,1876.23,0.0,3752.46
OI00000499-3,ORD00000499,PROD00211,4,2911.33,1164.53,10480.79
OI00000499-4,ORD00000499,PROD00182,1,5279.14,527.91,4751.23
OI00000499-5,ORD00000499,PROD00326,2,13890.31,0.0,27780.62
OI00000500-1,ORD00000500,PROD00130,1,22922.02,2292.2,20629.82
OI00000500-2,ORD00000500,PROD00271,1,21715.63,0.0,21715.63
OI00000500-3,ORD00000500,PROD00321,3,19868.88,8941.0,50665.64
OI00000500-4,ORD00000500,PROD00091,4,3604.39,720.88,13696.68
OI00000501-1,ORD00000501,PROD00205,3,22069.77,0.0,66209.31
OI00000502-1,ORD00000502,PROD00088,3,13567.39,2035.11,38667.06
OI00000502-2,ORD00000502,PROD00153,2,8528.45,0.0,17056.9
OI00000502-3,ORD00000502,PROD00125,4,4153.82,2492.29,14122.99
OI00000503-1,ORD00000503,PROD00129,1,19114.26,955.71,18158.55
OI00000503-2,ORD00000503,PROD00021,4,21222.98,0.0,84891.92
OI00000503-3,ORD00000503,PROD00324,4,1645.09,0.0,6580.36
OI00000504-1,ORD00000504,PROD00346,3,8662.06,0.0,25986.18
OI00000504-2,ORD00000504,PROD00279,2,690.73,0.0,1381.46
OI00000505-1,ORD00000505,PROD00144,3,4774.42,1432.33,12890.93
OI00000505-2,ORD00000505,PROD00295,1,2274.03,0.0,2274.03
OI00000505-3,ORD00000505,PROD00056,3,5382.68,0.0,16148.04
OI00000505-4,ORD00000505,PROD00285,2,7381.88,0.0,14763.76
OI00000506-1,ORD00000506,PROD00345,3,15206.3,0.0,45618.9
OI00000507-1,ORD00000507,PROD00107,3,10358.42,0.0,31075.26
OI00000507-2,ORD00000507,PROD00270,3,6520.83,1956.25,17606.24
OI00000508-1,ORD00000508,PROD00047,1,23596.32,3539.45,20056.87
OI00000509-1,ORD00000509,PROD00279,1,690.73,69.07,621.66
OI00000510-1,ORD00000510,PROD00111,2,11594.18,1159.42,22028.94
OI00000510-2,ORD00000510,PROD00330,3,16495.98,0.0,49487.94
OI00000510-3,ORD00000510,PROD00021,4,21222.98,0.0,84891.92
OI00000510-4,ORD00000510,PROD00040,1,3967.96,396.8,3571.16
OI00000511-1,ORD00000511,PROD00209,1,1876.23,0.0,1876.23
OI00000511-2,ORD00000511,PROD00095,2,13874.18,0.0,27748.36
OI00000511-3,ORD00000511,PROD00016,1,21060.14,0.0,21060.14
OI00000511-4,ORD00000511,PROD00213,1,11796.15,1179.62,10616.53
OI00000511-5,ORD00000511,PROD00066,1,21806.77,0.0,21806.77
OI00000512-1,ORD00000512,PROD00146,1,8249.05,1237.36,7011.69
OI00000512-2,ORD00000512,PROD00213,1,11796.15,1179.62,10616.53
OI00000512-3,ORD00000512,PROD00349,2,22965.12,2296.51,43633.73
OI00000513-1,ORD00000513,PROD00037,1,17674.8,1767.48,15907.32
OI00000513-2,ORD00000513,PROD00328,3,24499.21,0.0,73497.63
OI00000513-3,ORD00000513,PROD00277,3,16643.7,0.0,49931.1
OI00000513-4,ORD00000513,PROD00119,4,17032.97,6813.19,61318.69
OI00000513-5,ORD00000513,PROD00245,3,7169.55,0.0,21508.65
OI00000514-1,ORD00000514,PROD00111,2,11594.18,0.0,23188.36
OI00000514-2,ORD00000514,PROD00123,4,4905.47,0.0,19621.88
OI00000515-1,ORD00000515,PROD00151,2,4900.37,980.07,8820.67
OI00000516-1,ORD00000516,PROD00122,4,1221.77,244.35,4642.73
OI00000516-2,ORD00000516,PROD00220,4,5039.64,3023.78,17134.78
OI00000516-3,ORD00000516,PROD00024,1,13853.73,0.0,13853.73
OI00000517-1,ORD00000517,PROD00267,2,16380.3,0.0,32760.6
OI00000518-1,ORD00000518,PROD00038,3,19552.23,8798.5,49858.19
OI00000518-2,ORD00000518,PROD00109,1,16822.54,0.0,16822.54
OI00000518-3,ORD00000518,PROD00112,3,17029.83,0.0,51089.49
OI00000518-4,ORD00000518,PROD00183,1,14458.84,722.94,13735.9
OI00000519-1,ORD00000519,PROD00218,2,9795.93,1959.19,17632.67
OI00000519-2,ORD00000519,PROD00108,3,19693.27,0.0,59079.81
OI00000519-3,ORD00000519,PROD00021,1,21222.98,0.0,21222.98
OI00000519-4,ORD00000519,PROD00156,1,6041.74,604.17,5437.57
OI00000520-1,ORD00000520,PROD00271,2,21715.63,2171.56,41259.7
OI00000520-2,ORD00000520,PROD00024,2,13853.73,0.0,27707.46
OI00000520-3,ORD00000520,PROD00331,3,15173.99,4552.2,40969.77
OI00000520-4,ORD00000520,PROD00064,1,2094.58,0.0,2094.58
OI00000520-5,ORD00000520,PROD00342,3,296.09,44.41,843.86
OI00000521-1,ORD00000521,PROD00034,3,20180.05,0.0,60540.15
OI00000521-2,ORD00000521,PROD00294,2,20220.76,0.0,40441.52
OI00000521-3,ORD00000521,PROD00232,3,12800.1,3840.03,34560.27
OI00000521-4,ORD00000521,PROD00085,4,20182.68,8073.07,72657.65
OI00000521-5,ORD00000521,PROD00294,4,20220.76,8088.3,72794.74
OI00000522-1,ORD00000522,PROD00347,4,11947.7,0.0,47790.8
OI00000522-2,ORD00000522,PROD00268,3,17615.98,0.0,52847.94
OI00000522-3,ORD00000522,PROD00275,3,23306.6,6991.98,62927.82
OI00000522-4,ORD00000522,PROD00197,2,14707.92,0.0,29415.84
OI00000522-5,ORD00000522,PROD00170,1,11306.22,0.0,11306.22
OI00000523-1,ORD00000523,PROD00090,2,4577.37,0.0,9154.74
OI00000523-2,ORD00000523,PROD00095,2,13874.18,0.0,27748.36
OI00000524-1,ORD00000524,PROD00209,1,1876.23,187.62,1688.61
OI00000525-1,ORD00000525,PROD00016,4,21060.14,0.0,84240.56
OI00000525-2,ORD00000525,PROD00111,3,11594.18,3478.25,31304.29
OI00000525-3,ORD00000525,PROD00117,2,1680.75,0.0,3361.5
OI00000525-4,ORD00000525,PROD00344,3,2433.74,1095.18,6206.04
OI00000526-1,ORD00000526,PROD00002,3,11732.07,1759.81,33436.4
OI00000526-2,ORD00000526,PROD00340,1,17115.28,0.0,17115.28
OI00000526-3,ORD00000526,PROD00290,4,19169.41,0.0,76677.64
OI00000527-1,ORD00000527,PROD00347,2,11947.7,1194.77,22700.63
OI00000527-2,ORD00000527,PROD00339,3,696.45,0.0,2089.35
OI00000527-3,ORD00000527,PROD00282,4,15862.74,6345.1,57105.86
OI00000527-4,ORD00000527,PROD00194,3,3968.03,595.2,11308.89
OI00000527-5,ORD00000527,PROD00323,1,10163.0,0.0,10163.0
OI00000528-1,ORD00000528,PROD00098,3,24035.74,7210.72,64896.5
OI00000528-2,ORD00000528,PROD00173,1,19657.54,0.0,19657.54
OI00000529-1,ORD00000529,PROD00160,3,21368.16,9615.67,54488.81
OI00000529-2,ORD00000529,PROD00021,1,21222.98,0.0,21222.98
OI00000529-3,ORD00000529,PROD00245,2,7169.55,0.0,14339.1
OI00000529-4,ORD00000529,PROD00004,4,7422.27,2968.91,26720.17
OI00000529-5,ORD00000529,PROD00201,4,17522.9,0.0,70091.6
OI00000530-1,ORD00000530,PROD00343,2,19579.2,3915.84,35242.56
OI00000531-1,ORD00000531,PROD00314,3,8921.82,0.0,26765.46
OI00000532-1,ORD00000532,PROD00323,2,10163.0,2032.6,18293.4
OI00000532-2,ORD00000532,PROD00227,4,1146.28,687.77,3897.35
OI00000533-1,ORD00000533,PROD00009,4,15614.07,3122.81,59333.47
OI00000533-2,ORD00000533,PROD00227,3,1146.28,171.94,3266.9
OI00000533-3,ORD00000533,PROD00084,1,6169.9,925.48,5244.42
OI00000534-1,ORD00000534,PROD00071,3,9271.17,0.0,27813.51
OI00000534-2,ORD00000534,PROD00285,1,7381.88,1107.28,6274.6
OI00000534-3,ORD00000534,PROD00252,4,21548.3,4309.66,81883.54
OI00000534-4,ORD00000534,PROD00025,2,12394.98,2479.0,22310.96
OI00000534-5,ORD00000534,PROD00309,1,2478.12,0.0,2478.12
OI00000535-1,ORD00000535,PROD00102,2,7550.93,755.09,14346.77
OI00000535-2,ORD00000535,PROD00119,1,17032.97,0.0,17032.97
OI00000536-1,ORD00000536,PROD00056,4,5382.68,2153.07,19377.65
OI00000536-2,ORD00000536,PROD00041,4,18327.17,0.0,73308.68
OI00000536-3,ORD00000536,PROD00105,2,8573.66,2572.1,14575.22
OI00000536-4,ORD00000536,PROD00053,1,17522.36,1752.24,15770.12
OI00000537-1,ORD00000537,PROD00122,3,1221.77,0.0,3665.31
OI00000537-2,ORD00000537,PROD00240,4,15221.18,6088.47,54796.25
OI00000537-3,ORD00000537,PROD00294,3,20220.76,3033.11,57629.17
OI00000537-4,ORD00000537,PROD00063,2,20579.93,0.0,41159.86
OI00000538-1,ORD00000538,PROD00026,2,4075.27,815.05,7335.49
OI00000538-2,ORD00000538,PROD00166,1,5219.63,0.0,5219.63
OI00000538-3,ORD00000538,PROD00203,3,9647.39,2894.22,26047.95
OI00000538-4,ORD00000538,PROD00023,1,5836.05,291.8,5544.25
OI00000538-5,ORD00000538,PROD00142,3,1480.08,0.0,4440.24
OI00000539-1,ORD00000539,PROD00241,1,1662.19,0.0,1662.19
OI00000539-2,ORD00000539,PROD00238,4,16218.76,9731.26,55143.78
OI00000539-3,ORD00000539,PROD00263,2,14672.69,0.0,29345.38
OI00000539-4,ORD00000539,PROD00039,1,12707.28,0.0,12707.28
OI00000540-1,ORD00000540,PROD00134,4,11362.61,0.0,45450.44
OI00000540-2,ORD00000540,PROD00294,3,20220.76,9099.34,51562.94
OI00000541-1,ORD00000541,PROD00277,2,16643.7,0.0,33287.4
OI00000541-2,ORD00000541,PROD00264,2,15922.7,3184.54,28660.86
OI00000542-1,ORD00000542,PROD00012,4,11531.07,6918.64,39205.64
OI00000542-2,ORD00000542,PROD00302,4,7756.84,1551.37,29475.99
OI00000542-3,ORD00000542,PROD00349,1,22965.12,1148.26,21816.86
OI00000542-4,ORD00000542,PROD00245,1,7169.55,358.48,6811.07
OI00000543-1,ORD00000543,PROD00008,3,2128.1,0.0,6384.3
OI00000543-2,ORD00000543,PROD00193,2,9247.87,0.0,18495.74
OI00000544-1,ORD00000544,PROD00045,4,3832.7,2299.62,13031.18
OI00000544-2,ORD00000544,PROD00338,3,10521.18,0.0,31563.54
OI00000545-1,ORD00000545,PROD00038,2,19552.23,0.0,39104.46
OI00000545-2,ORD00000545,PROD00293,2,9456.41,0.0,18912.82
OI00000546-1,ORD00000546,PROD00303,3,15795.37,0.0,47386.11
OI00000546-2,ORD00000546,PROD00221,3,17014.99,5104.5,45940.47
OI00000546-3,ORD00000546,PROD00009,2,15614.07,0.0,31228.14
OI00000546-4,ORD00000546,PROD00020,3,1320.51,0.0,3961.53
OI00000546-5,ORD00000546,PROD00310,2,11465.44,3439.63,19491.25
OI00000547-1,ORD00000547,PROD00153,3,8528.45,3837.8,21747.55
OI00000547-2,ORD00000547,PROD00313,1,23762.43,3564.36,20198.07
OI00000548-1,ORD00000548,PROD00235,1,7450.54,1117.58,6332.96
OI00000548-2,ORD00000548,PROD00336,4,1810.42,0.0,7241.68
OI00000548-3,ORD00000548,PROD00183,2,14458.84,0.0,28917.68
OI00000548-4,ORD00000548,PROD00279,4,690.73,138.15,2624.77
OI00000548-5,ORD00000548,PROD00200,4,18445.4,0.0,73781.6
OI00000549-1,ORD00000549,PROD00040,1,3967.96,595.19,3372.77
OI00000549-2,ORD00000549,PROD00322,4,14307.01,2861.4,54366.64
OI00000549-3,ORD00000549,PROD00313,4,23762.43,4752.49,90297.23
OI00000549-4,ORD00000549,PROD00278,2,20166.44,4033.29,36299.59
OI00000550-1,ORD00000550,PROD00067,3,18306.34,5491.9,49427.12
OI00000550-2,ORD00000550,PROD00296,2,3229.07,322.91,6135.23
OI00000551-1,ORD00000551,PROD00350,2,17684.33,0.0,35368.66
OI00000551-2,ORD00000551,PROD00027,3,12715.52,0.0,38146.56
OI00000552-1,ORD00000552,PROD00292,1,21804.92,0.0,21804.92
OI00000552-2,ORD00000552,PROD00345,1,15206.3,0.0,15206.3
OI00000552-3,ORD00000552,PROD00144,2,4774.42,1432.33,8116.51
OI00000552-4,ORD00000552,PROD00176,3,24960.21,0.0,74880.63
OI00000553-1,ORD00000553,PROD00101,2,14649.72,0.0,29299.44
OI00000553-2,ORD00000553,PROD00314,3,8921.82,0.0,26765.46
OI00000553-3,ORD00000553,PROD00327,2,16333.38,4900.01,27766.75
OI00000553-4,ORD00000553,PROD00069,3,17377.04,2606.56,49524.56
OI00000554-1,ORD00000554,PROD00208,2,11300.85,0.0,22601.7
OI00000554-2,ORD00000554,PROD00041,3,18327.17,0.0,54981.51
OI00000554-3,ORD00000554,PROD00273,3,16836.47,7576.41,42933.0
OI00000555-1,ORD00000555,PROD00088,4,13567.39,5426.96,48842.6
OI00000555-2,ORD00000555,PROD00114,2,7054.87,0.0,14109.74
OI00000555-3,ORD00000555,PROD00272,3,6955.22,0.0,20865.66
OI00000555-4,ORD00000555,PROD00115,1,24607.38,2460.74,22146.64
OI00000555-5,ORD00000555,PROD00201,3,17522.9,0.0,52568.7
OI00000556-1,ORD00000556,PROD00167,1,7684.68,768.47,6916.21
OI00000556-2,ORD00000556,PROD00165,4,17905.46,10743.28,60878.56
OI00000556-3,ORD00000556,PROD00148,3,15616.8,0.0,46850.4
OI00000556-4,ORD00000556,PROD00004,2,7422.27,0.0,14844.54
OI00000556-5,ORD00000556,PROD00322,1,14307.01,2146.05,12160.96
OI00000557-1,ORD00000557,PROD00025,2,12394.98,2479.0,22310.96
OI00000557-2,ORD00000557,PROD00171,2,6861.84,0.0,13723.68
OI00000558-1,ORD00000558,PROD00167,3,7684.68,1152.7,21901.34
OI00000559-1,ORD00000559,PROD00188,2,24505.29,2450.53,46560.05
OI00000559-2,ORD00000559,PROD00244,1,18055.76,0.0,18055.76
OI00000560-1,ORD00000560,PROD00137,2,22614.03,6784.21,38443.85
OI00000560-2,ORD00000560,PROD00330,1,16495.98,0.0,16495.98
OI00000560-3,ORD00000560,PROD00045,1,3832.7,0.0,3832.7
OI00000560-4,ORD00000560,PROD00091,4,3604.39,720.88,13696.68
OI00000560-5,ORD00000560,PROD00316,1,3014.12,452.12,2562.0
OI00000561-1,ORD00000561,PROD00245,1,7169.55,0.0,7169.55
OI00000561-2,ORD00000561,PROD00185,2,17159.78,0.0,34319.56
OI00000562-1,ORD00000562,PROD00286,4,3240.14,648.03,12312.53
OI00000562-2,ORD00000562,PROD00030,3,7097.31,2129.19,19162.74
OI00000562-3,ORD00000562,PROD00260,4,2962.43,592.49,11257.23
OI00000563-1,ORD00000563,PROD00253,3,23510.11,7053.03,63477.3
OI00000563-2,ORD00000563,PROD00173,3,19657.54,5897.26,53075.36
OI00000564-1,ORD00000564,PROD00148,2,15616.8,3123.36,28110.24
OI00000564-2,ORD00000564,PROD00066,3,21806.77,6542.03,58878.28
OI00000564-3,ORD00000564,PROD00061,1,8790.91,1318.64,7472.27
OI00000564-4,ORD00000564,PROD00220,3,5039.64,0.0,15118.92
OI00000564-5,ORD00000564,PROD00070,1,23046.35,0.0,23046.35
OI00000565-1,ORD00000565,PROD00332,2,966.51,0.0,1933.02
OI00000565-2,ORD00000565,PROD00122,2,1221.77,366.53,2077.01
OI00000565-3,ORD00000565,PROD00060,3,7484.13,0.0,22452.39
OI00000565-4,ORD00000565,PROD00036,2,19263.87,0.0,38527.74
OI00000565-5,ORD00000565,PROD00166,3,5219.63,782.94,14875.95
OI00000566-1,ORD00000566,PROD00146,3,8249.05,0.0,24747.15
OI00000567-1,ORD00000567,PROD00074,4,5428.76,3257.26,18457.78
OI00000567-2,ORD00000567,PROD00114,4,7054.87,1410.97,26808.51
OI00000567-3,ORD00000567,PROD00327,4,16333.38,9800.03,55533.49
OI00000567-4,ORD00000567,PROD00150,4,1889.59,0.0,7558.36
OI00000568-1,ORD00000568,PROD00189,3,4749.05,0.0,14247.15
OI00000568-2,ORD00000568,PROD00036,2,19263.87,0.0,38527.74
OI00000569-1,ORD00000569,PROD00103,2,21963.07,6588.92,37337.22
OI00000569-2,ORD00000569,PROD00004,3,7422.27,2226.68,20040.13
OI00000570-1,ORD00000570,PROD00126,4,12025.16,0.0,48100.64
OI00000570-2,ORD00000570,PROD00251,2,17885.84,0.0,35771.68
OI00000570-3,ORD00000570,PROD00284,4,10726.51,0.0,42906.04
OI00000570-4,ORD00000570,PROD00013,2,7604.86,760.49,14449.23
OI00000570-5,ORD00000570,PROD00207,1,1959.51,293.93,1665.58
OI00000571-1,ORD00000571,PROD00134,3,11362.61,3408.78,30679.05
OI00000571-2,ORD00000571,PROD00322,3,14307.01,2146.05,40774.98
OI00000571-3,ORD00000571,PROD00070,4,23046.35,0.0,92185.4
OI00000572-1,ORD00000572,PROD00343,4,19579.2,3915.84,74400.96
OI00000572-2,ORD00000572,PROD00337,2,17875.4,5362.62,30388.18
OI00000572-3,ORD00000572,PROD00053,4,17522.36,0.0,70089.44
OI00000572-4,ORD00000572,PROD00282,2,15862.74,4758.82,26966.66
OI00000572-5,ORD00000572,PROD00226,1,11496.46,1724.47,9771.99
OI00000573-1,ORD00000573,PROD00227,2,1146.28,229.26,2063.3
OI00000573-2,ORD00000573,PROD00336,2,1810.42,0.0,3620.84
OI00000574-1,ORD00000574,PROD00315,2,14855.14,4456.54,25253.74
OI00000574-2,ORD00000574,PROD00211,2,2911.33,0.0,5822.66
OI00000574-3,ORD00000574,PROD00219,3,19321.62,8694.73,49270.13
OI00000574-4,ORD00000574,PROD00300,1,20412.89,3061.93,17350.96
OI00000574-5,ORD00000574,PROD00156,2,6041.74,1208.35,10875.13
OI00000575-1,ORD00000575,PROD00126,2,12025.16,0.0,24050.32
OI00000575-2,ORD00000575,PROD00285,3,7381.88,0.0,22145.64
OI00000575-3,ORD00000575,PROD00214,1,4472.05,223.6,4248.45
OI00000576-1,ORD00000576,PROD00127,1,21020.66,2102.07,18918.59
OI00000576-2,ORD00000576,PROD00171,3,6861.84,0.0,20585.52
OI00000576-3,ORD00000576,PROD00296,4,3229.07,1291.63,11624.65
OI00000577-1,ORD00000577,PROD00225,1,4381.86,0.0,4381.86
OI00000577-2,ORD00000577,PROD00293,2,9456.41,945.64,17967.18
OI00000577-3,ORD00000577,PROD00036,2,19263.87,0.0,38527.74
OI00000577-4,ORD00000577,PROD00170,2,11306.22,3391.87,19220.57
OI00000577-5,ORD00000577,PROD00306,4,18198.52,7279.41,65514.67
OI00000578-1,ORD00000578,PROD00071,2,9271.17,0.0,18542.34
OI00000578-2,ORD00000578,PROD00077,1,19060.68,2859.1,16201.58
OI00000578-3,ORD00000578,PROD00051,2,10511.67,0.0,21023.34
OI00000579-1,ORD00000579,PROD00136,4,14715.94,5886.38,52977.38
OI00000580-1,ORD00000580,PROD00342,3,296.09,0.0,888.27
OI00000580-2,ORD00000580,PROD00122,4,1221.77,0.0,4887.08
OI00000580-3,ORD00000580,PROD00021,2,21222.98,0.0,42445.96
OI00000581-1,ORD00000581,PROD00294,3,20220.76,0.0,60662.28
OI00000581-2,ORD00000581,PROD00236,1,23089.06,0.0,23089.06
OI00000581-3,ORD00000581,PROD00084,2,6169.9,1850.97,10488.83
OI00000581-4,ORD00000581,PROD00293,1,9456.41,0.0,9456.41
OI00000581-5,ORD00000581,PROD00077,2,19060.68,5718.2,32403.16
OI00000582-1,ORD00000582,PROD00142,2,1480.08,0.0,2960.16
OI00000582-2,ORD00000582,PROD00314,2,8921.82,0.0,17843.64
OI00000582-3,ORD00000582,PROD00296,4,3229.07,645.81,12270.47
OI00000582-4,ORD00000582,PROD00043,2,20878.59,6263.58,35493.6
OI00000583-1,ORD00000583,PROD00204,1,17481.19,2622.18,14859.01
OI00000583-2,ORD00000583,PROD00078,2,3767.12,0.0,7534.24
OI00000584-1,ORD00000584,PROD00028,1,3322.41,332.24,2990.17
OI00000584-2,ORD00000584,PROD00345,1,15206.3,0.0,15206.3
OI00000585-1,ORD00000585,PROD00022,1,973.58,97.36,876.22
OI00000585-2,ORD00000585,PROD00017,4,19254.54,0.0,77018.16
OI00000586-1,ORD00000586,PROD00019,3,539.71,161.91,1457.22
OI00000586-2,ORD00000586,PROD00099,4,16343.82,3268.76,62106.52
OI00000587-1,ORD00000587,PROD00334,3,1905.27,571.58,5144.23
OI00000587-2,ORD00000587,PROD00054,2,17451.9,0.0,34903.8
OI00000587-3,ORD00000587,PROD00091,1,3604.39,0.0,3604.39
OI00000587-4,ORD00000587,PROD00146,1,8249.05,824.9,7424.15
OI00000588-1,ORD00000588,PROD00069,2,17377.04,3475.41,31278.67
OI00000588-2,ORD00000588,PROD00147,4,5524.18,0.0,22096.72
OI00000588-3,ORD00000588,PROD00009,2,15614.07,4684.22,26543.92
OI00000589-1,ORD00000589,PROD00110,3,9699.44,0.0,29098.32
OI00000590-1,ORD00000590,PROD00061,2,8790.91,0.0,17581.82
OI00000590-2,ORD00000590,PROD00098,4,24035.74,0.0,96142.96
OI00000590-3,ORD00000590,PROD00282,3,15862.74,4758.82,42829.4
OI00000590-4,ORD00000590,PROD00188,4,24505.29,0.0,98021.16
OI00000591-1,ORD00000591,PROD00014,2,2236.5,223.65,4249.35
OI00000591-2,ORD00000591,PROD00028,4,3322.41,0.0,13289.64
OI00000592-1,ORD00000592,PROD00031,2,5027.13,1005.43,9048.83
OI00000592-2,ORD00000592,PROD00318,1,21629.15,1081.46,20547.69
OI00000592-3,ORD00000592,PROD00044,4,6687.09,1337.42,25410.94
OI00000593-1,ORD00000593,PROD00272,1,6955.22,0.0,6955.22
OI00000593-2,ORD00000593,PROD00164,3,12489.77,0.0,37469.31
OI00000593-3,ORD00000593,PROD00324,1,1645.09,0.0,1645.09
OI00000594-1,ORD00000594,PROD00186,4,8185.68,1637.14,31105.58
OI00000594-2,ORD00000594,PROD00289,4,10900.59,0.0,43602.36
OI00000594-3,ORD00000594,PROD00217,3,11079.35,3323.81,29914.24
OI00000594-4,ORD00000594,PROD00034,3,20180.05,3027.01,57513.14
OI00000594-5,ORD00000594,PROD00303,3,15795.37,0.0,47386.11
OI00000595-1,ORD00000595,PROD00071,3,9271.17,1390.68,26422.83
OI00000596-1,ORD00000596,PROD00264,1,15922.7,0.0,15922.7
OI00000597-1,ORD00000597,PROD00205,3,22069.77,0.0,66209.31
OI00000597-2,ORD00000597,PROD00251,2,17885.84,1788.58,33983.1
OI00000597-3,ORD00000597,PROD00265,1,18730.82,1873.08,16857.74
OI00000597-4,ORD00000597,PROD00007,1,18525.88,2778.88,15747.0
OI00000598-1,ORD00000598,PROD00176,1,24960.21,1248.01,23712.2
OI00000599-1,ORD00000599,PROD00127,1,21020.66,1051.03,19969.63
OI00000600-1,ORD00000600,PROD00185,3,17159.78,2573.97,48905.37
OI00000600-2,ORD00000600,PROD00154,2,21079.89,2107.99,40051.79
OI00000600-3,ORD00000600,PROD00090,1,4577.37,686.61,3890.76
OI00000601-1,ORD00000601,PROD00273,3,16836.47,2525.47,47983.94
OI00000601-2,ORD00000601,PROD00219,4,19321.62,7728.65,69557.83
OI00000601-3,ORD00000601,PROD00130,4,22922.02,0.0,91688.08
OI00000602-1,ORD00000602,PROD00311,4,22435.59,0.0,89742.36
OI00000602-2,ORD00000602,PROD00226,3,11496.46,1724.47,32764.91
OI00000603-1,ORD00000603,PROD00269,2,14198.95,0.0,28397.9
OI00000604-1,ORD00000604,PROD00213,4,11796.15,0.0,47184.6
OI00000604-2,ORD00000604,PROD00160,3,21368.16,9615.67,54488.81
OI00000604-3,ORD00000604,PROD00302,1,7756.84,0.0,7756.84
OI00000604-4,ORD00000604,PROD00060,1,7484.13,374.21,7109.92
OI00000605-1,ORD00000605,PROD00011,3,13382.68,4014.8,36133.24
OI00000606-1,ORD00000606,PROD00002,3,11732.07,0.0,35196.21
OI00000606-2,ORD00000606,PROD00342,1,296.09,0.0,296.09
OI00000606-3,ORD00000606,PROD00089,1,7704.52,0.0,7704.52
OI00000606-4,ORD00000606,PROD00313,1,23762.43,2376.24,21386.19
OI00000606-5,ORD00000606,PROD00153,4,8528.45,1705.69,32408.11
OI00000607-1,ORD00000607,PROD00303,4,15795.37,9477.22,53704.26
OI00000607-2,ORD00000607,PROD00062,4,17873.06,3574.61,67917.63
OI00000607-3,ORD00000607,PROD00309,3,2478.12,0.0,7434.36
OI00000607-4,ORD00000607,PROD00211,4,2911.33,0.0,11645.32
OI00000608-1,ORD00000608,PROD00246,3,2046.4,0.0,6139.2
OI00000608-2,ORD00000608,PROD00120,2,21353.8,0.0,42707.6
OI00000608-3,ORD00000608,PROD00224,2,23476.13,0.0,46952.26
OI00000608-4,ORD00000608,PROD00264,3,15922.7,4776.81,42991.29
OI00000609-1,ORD00000609,PROD00085,4,20182.68,12109.61,68621.11
OI00000609-2,ORD00000609,PROD00072,1,7657.87,0.0,7657.87
OI00000609-3,ORD00000609,PROD00240,1,15221.18,1522.12,13699.06
OI00000610-1,ORD00000610,PROD00339,1,696.45,104.47,591.98
OI00000610-2,ORD00000610,PROD00339,3,696.45,0.0,2089.35
OI00000611-1,ORD00000611,PROD00293,4,9456.41,0.0,37825.64
OI00000611-2,ORD00000611,PROD00058,1,18176.41,908.82,17267.59
OI00000611-3,ORD00000611,PROD00012,3,11531.07,5188.98,29404.23
OI00000611-4,ORD00000611,PROD00261,1,17666.44,0.0,17666.44
OI00000611-5,ORD00000611,PROD00280,4,11325.36,0.0,45301.44
OI00000612-1,ORD00000612,PROD00268,2,17615.98,3523.2,31708.76
OI00000612-2,ORD00000612,PROD00226,3,11496.46,1724.47,32764.91
OI00000612-3,ORD00000612,PROD00006,2,8918.67,0.0,17837.34
OI00000613-1,ORD00000613,PROD00243,1,5945.94,0.0,5945.94
OI00000613-2,ORD00000613,PROD00097,4,19582.9,7833.16,70498.44
OI00000613-3,ORD00000613,PROD00044,3,6687.09,2006.13,18055.14
OI00000614-1,ORD00000614,PROD00346,3,8662.06,0.0,25986.18
OI00000614-2,ORD00000614,PROD00308,4,9807.02,3922.81,35305.27
OI00000614-3,ORD00000614,PROD00259,2,6394.49,639.45,12149.53
OI00000614-4,ORD00000614,PROD00201,4,17522.9,10513.74,59577.86
OI00000615-1,ORD00000615,PROD00133,1,10071.99,1007.2,9064.79
OI00000616-1,ORD00000616,PROD00329,2,10605.13,0.0,21210.26
OI00000616-2,ORD00000616,PROD00250,3,7116.48,3202.42,18147.02
OI00000616-3,ORD00000616,PROD00284,2,10726.51,0.0,21453.02
OI00000616-4,ORD00000616,PROD00194,3,3968.03,0.0,11904.09
OI00000616-5,ORD00000616,PROD00236,4,23089.06,0.0,92356.24
OI00000617-1,ORD00000617,PROD00193,4,9247.87,3699.15,33292.33
OI00000617-2,ORD00000617,PROD00128,3,20549.76,6164.93,55484.35
OI00000617-3,ORD00000617,PROD00220,1,5039.64,0.0,5039.64
OI00000617-4,ORD00000617,PROD00232,3,12800.1,0.0,38400.3
OI00000617-5,ORD00000617,PROD00034,4,20180.05,0.0,80720.2
OI00000618-1,ORD00000618,PROD00297,2,1594.03,478.21,2709.85
OI00000618-2,ORD00000618,PROD00209,3,1876.23,562.87,5065.82
OI00000618-3,ORD00000618,PROD00280,2,11325.36,0.0,22650.72
OI00000619-1,ORD00000619,PROD00117,1,1680.75,84.04,1596.71
OI00000619-2,ORD00000619,PROD00071,3,9271.17,1390.68,26422.83
OI00000619-3,ORD00000619,PROD00246,2,2046.4,409.28,3683.52
OI00000619-4,ORD00000619,PROD00228,1,24578.41,1228.92,23349.49
OI00000619-5,ORD00000619,PROD00012,1,11531.07,0.0,11531.07
OI00000620-1,ORD00000620,PROD00184,2,20269.51,0.0,40539.02
OI00000620-2,ORD00000620,PROD00209,1,1876.23,0.0,1876.23
OI00000621-1,ORD00000621,PROD00023,3,5836.05,0.0,17508.15
OI00000621-2,ORD00000621,PROD00285,1,7381.88,369.09,7012.79
OI00000622-1,ORD00000622,PROD00155,4,16388.99,0.0,65555.96
OI00000622-2,ORD00000622,PROD00135,1,8523.43,852.34,7671.09
OI00000622-3,ORD00000622,PROD00050,4,22567.65,0.0,90270.6
OI00000623-1,ORD00000623,PROD00214,4,4472.05,0.0,17888.2
OI00000623-2,ORD00000623,PROD00241,4,1662.19,997.31,5651.45
OI00000623-3,ORD00000623,PROD00034,2,20180.05,6054.01,34306.09
OI00000623-4,ORD00000623,PROD00133,1,10071.99,1007.2,9064.79
OI00000623-5,ORD00000623,PROD00278,1,20166.44,1008.32,19158.12
OI00000624-1,ORD00000624,PROD00212,1,11560.86,0.0,11560.86
OI00000624-2,ORD00000624,PROD00168,2,13786.27,1378.63,26193.91
OI00000624-3,ORD00000624,PROD00321,4,19868.88,0.0,79475.52
OI00000625-1,ORD00000625,PROD00298,4,19293.46,11576.08,65597.76
OI00000625-2,ORD00000625,PROD00317,4,16337.28,0.0,65349.12
OI00000626-1,ORD00000626,PROD00168,3,13786.27,4135.88,37222.93
OI00000627-1,ORD00000627,PROD00307,2,13721.18,0.0,27442.36
OI00000627-2,ORD00000627,PROD00245,3,7169.55,0.0,21508.65
OI00000628-1,ORD00000628,PROD00217,1,11079.35,0.0,11079.35
OI00000629-1,ORD00000629,PROD00332,2,966.51,0.0,1933.02
OI00000629-2,ORD00000629,PROD00264,3,15922.7,0.0,47768.1
OI00000629-3,ORD00000629,PROD00191,1,719.62,35.98,683.64
OI00000629-4,ORD00000629,PROD00249,1,13843.66,0.0,13843.66
OI00000630-1,ORD00000630,PROD00129,2,19114.26,0.0,38228.52
OI00000630-2,ORD00000630,PROD00151,4,4900.37,980.07,18621.41
OI00000630-3,ORD00000630,PROD00350,3,17684.33,7957.95,45095.04
OI00000630-4,ORD00000630,PROD00286,4,3240.14,648.03,12312.53
OI00000630-5,ORD00000630,PROD00255,4,4895.99,0.0,19583.96
OI00000631-1,ORD00000631,PROD00162,4,5270.48,0.0,21081.92
OI00000631-2,ORD00000631,PROD00251,4,17885.84,0.0,71543.36
OI00000631-3,ORD00000631,PROD00276,1,9301.09,930.11,8370.98
OI00000632-1,ORD00000632,PROD00312,1,9087.53,454.38,8633.15
OI00000632-2,ORD00000632,PROD00067,2,18306.34,0.0,36612.68
OI00000632-3,ORD00000632,PROD00133,4,10071.99,2014.4,38273.56
OI00000632-4,ORD00000632,PROD00067,2,18306.34,1830.63,34782.05
OI00000632-5,ORD00000632,PROD00173,3,19657.54,0.0,58972.62
OI00000633-1,ORD00000633,PROD00028,1,3322.41,498.36,2824.05
OI00000633-2,ORD00000633,PROD00346,4,8662.06,0.0,34648.24
OI00000634-1,ORD00000634,PROD00220,4,5039.64,3023.78,17134.78
OI00000634-2,ORD00000634,PROD00337,4,17875.4,0.0,71501.6
OI00000634-3,ORD00000634,PROD00206,2,22722.97,0.0,45445.94
OI00000634-4,ORD00000634,PROD00314,1,8921.82,446.09,8475.73
OI00000635-1,ORD00000635,PROD00048,3,2165.22,649.57,5846.09
OI00000636-1,ORD00000636,PROD00008,1,2128.1,106.41,2021.69
OI00000636-2,ORD00000636,PROD00302,4,7756.84,1551.37,29475.99
OI00000636-3,ORD00000636,PROD00254,2,10249.25,0.0,20498.5
OI00000636-4,ORD00000636,PROD00041,2,18327.17,3665.43,32988.91
OI00000636-5,ORD00000636,PROD00305,3,17525.16,2628.77,49946.71
OI00000637-1,ORD00000637,PROD00135,2,8523.43,2557.03,14489.83
OI00000637-2,ORD00000637,PROD00218,1,9795.93,0.0,9795.93
OI00000637-3,ORD00000637,PROD00057,2,634.37,0.0,1268.74
OI00000637-4,ORD00000637,PROD00105,3,8573.66,0.0,25720.98
OI00000638-1,ORD00000638,PROD00198,1,235.71,11.79,223.92
OI00000638-2,ORD00000638,PROD00284,3,10726.51,4826.93,27352.6
OI00000638-3,ORD00000638,PROD00087,3,21498.23,0.0,64494.69
OI00000638-4,ORD00000638,PROD00264,2,15922.7,0.0,31845.4
OI00000638-5,ORD00000638,PROD00066,1,21806.77,3271.02,18535.75
OI00000639-1,ORD00000639,PROD00138,1,12060.91,0.0,12060.91
OI00000639-2,ORD00000639,PROD00347,4,11947.7,0.0,47790.8
OI00000639-3,ORD00000639,PROD00157,3,21965.78,0.0,65897.34
OI00000640-1,ORD00000640,PROD00058,2,18176.41,0.0,36352.82
OI00000641-1,ORD00000641,PROD00350,1,17684.33,884.22,16800.11
OI00000641-2,ORD00000641,PROD00225,4,4381.86,0.0,17527.44
OI00000641-3,ORD00000641,PROD00125,3,4153.82,1869.22,10592.24
OI00000641-4,ORD00000641,PROD00329,2,10605.13,1060.51,20149.75
OI00000642-1,ORD00000642,PROD00038,4,19552.23,0.0,78208.92
OI00000642-2,ORD00000642,PROD00007,1,18525.88,0.0,18525.88
OI00000643-1,ORD00000643,PROD00017,4,19254.54,7701.82,69316.34
OI00000643-2,ORD00000643,PROD00118,3,22031.03,9913.96,56179.13
OI00000644-1,ORD00000644,PROD00118,3,22031.03,0.0,66093.09
OI00000644-2,ORD00000644,PROD00019,1,539.71,53.97,485.74
OI00000644-3,ORD00000644,PROD00036,4,19263.87,3852.77,73202.71
OI00000645-1,ORD00000645,PROD00089,3,7704.52,0.0,23113.56
OI00000645-2,ORD00000645,PROD00131,3,1596.96,0.0,4790.88
OI00000645-3,ORD00000645,PROD00135,4,8523.43,0.0,34093.72
OI00000646-1,ORD00000646,PROD00309,2,2478.12,247.81,4708.43
OI00000646-2,ORD00000646,PROD00283,1,5877.29,0.0,5877.29
OI00000646-3,ORD00000646,PROD00329,3,10605.13,0.0,31815.39
OI00000646-4,ORD00000646,PROD00330,1,16495.98,0.0,16495.98
OI00000647-1,ORD00000647,PROD00198,4,235.71,94.28,848.56
OI00000647-2,ORD00000647,PROD00271,2,21715.63,6514.69,36916.57
OI00000647-3,ORD00000647,PROD00307,1,13721.18,0.0,13721.18
OI00000647-4,ORD00000647,PROD00162,4,5270.48,2108.19,18973.73
OI00000647-5,ORD00000647,PROD00069,4,17377.04,0.0,69508.16
OI00000648-1,ORD00000648,PROD00046,4,20054.13,12032.48,68184.04
OI00000649-1,ORD00000649,PROD00333,2,15073.5,3014.7,27132.3
OI00000649-2,ORD00000649,PROD00231,2,1734.46,346.89,3122.03
OI00000649-3,ORD00000649,PROD00121,2,17020.33,3404.07,30636.59
OI00000649-4,ORD00000649,PROD00053,2,17522.36,0.0,35044.72
OI00000649-5,ORD00000649,PROD00331,4,15173.99,0.0,60695.96
OI00000650-1,ORD00000650,PROD00264,1,15922.7,2388.41,13534.29
OI00000650-2,ORD00000650,PROD00296,2,3229.07,0.0,6458.14
OI00000650-3,ORD00000650,PROD00075,1,1735.74,0.0,1735.74
OI00000650-4,ORD00000650,PROD00060,1,7484.13,0.0,7484.13
OI00000650-5,ORD00000650,PROD00118,2,22031.03,0.0,44062.06
OI00000651-1,ORD00000651,PROD00059,1,15693.39,0.0,15693.39
OI00000651-2,ORD00000651,PROD00261,4,17666.44,10599.86,60065.9
OI00000651-3,ORD00000651,PROD00198,1,235.71,0.0,235.71
OI00000651-4,ORD00000651,PROD00281,1,16522.7,0.0,16522.7
OI00000652-1,ORD00000652,PROD00284,3,10726.51,0.0,32179.53
OI00000652-2,ORD00000652,PROD00333,2,15073.5,4522.05,25624.95
OI00000653-1,ORD00000653,PROD00329,2,10605.13,0.0,21210.26
OI00000653-2,ORD00000653,PROD00162,3,5270.48,790.57,15020.87
OI00000653-3,ORD00000653,PROD00302,3,7756.84,3490.58,19779.94
OI00000653-4,ORD00000653,PROD00051,1,10511.67,0.0,10511.67
OI00000653-5,ORD00000653,PROD00102,1,7550.93,377.55,7173.38
OI00000654-1,ORD00000654,PROD00169,4,5792.93,1158.59,22013.13
OI00000654-2,ORD00000654,PROD00039,3,12707.28,0.0,38121.84
OI00000654-3,ORD00000654,PROD00024,4,13853.73,2770.75,52644.17
OI00000655-1,ORD00000655,PROD00190,3,2376.38,0.0,7129.14
OI00000655-2,ORD00000655,PROD00047,2,23596.32,0.0,47192.64
OI00000655-3,ORD00000655,PROD00001,4,23270.16,9308.06,83772.58
OI00000655-4,ORD00000655,PROD00166,1,5219.63,260.98,4958.65
OI00000656-1,ORD00000656,PROD00189,2,4749.05,474.91,9023.19
OI00000657-1,ORD00000657,PROD00291,4,16653.64,0.0,66614.56
OI00000657-2,ORD00000657,PROD00199,4,13170.12,0.0,52680.48
OI00000657-3,ORD00000657,PROD00271,2,21715.63,4343.13,39088.13
OI00000657-4,ORD00000657,PROD00222,1,18114.09,905.7,17208.39
OI00000657-5,ORD00000657,PROD00271,4,21715.63,8686.25,78176.27
OI00000658-1,ORD00000658,PROD00093,3,23736.46,3560.47,67648.91
OI00000658-2,ORD00000658,PROD00040,4,3967.96,793.59,15078.25
OI00000658-3,ORD00000658,PROD00012,2,11531.07,0.0,23062.14
OI00000658-4,ORD00000658,PROD00012,1,11531.07,0.0,11531.07
OI00000659-1,ORD00000659,PROD00096,4,7650.09,0.0,30600.36
OI00000659-2,ORD00000659,PROD00155,1,16388.99,1638.9,14750.09
OI00000659-3,ORD00000659,PROD00003,3,24605.45,0.0,73816.35
OI00000659-4,ORD00000659,PROD00038,4,19552.23,0.0,78208.92
OI00000659-5,ORD00000659,PROD00172,3,9009.37,0.0,27028.11
OI00000660-1,ORD00000660,PROD00250,3,7116.48,1067.47,20281.97
OI00000660-2,ORD00000660,PROD00309,2,2478.12,0.0,4956.24
OI00000661-1,ORD00000661,PROD00207,2,1959.51,195.95,3723.07
OI00000661-2,ORD00000661,PROD00137,2,22614.03,0.0,45228.06
OI00000661-3,ORD00000661,PROD00073,4,3596.39,0.0,14385.56
OI00000661-4,ORD00000661,PROD00263,1,14672.69,733.63,13939.06
OI00000661-5,ORD00000661,PROD00028,3,3322.41,1495.08,8472.15
OI00000662-1,ORD00000662,PROD00349,3,22965.12,0.0,68895.36
OI00000662-2,ORD00000662,PROD00249,1,13843.66,0.0,13843.66
OI00000662-3,ORD00000662,PROD00223,2,14073.25,0.0,28146.5
OI00000663-1,ORD00000663,PROD00295,1,2274.03,341.1,1932.93
OI00000664-1,ORD00000664,PROD00210,3,18661.64,0.0,55984.92
OI00000664-2,ORD00000664,PROD00236,2,23089.06,0.0,46178.12
OI00000664-3,ORD00000664,PROD00070,3,23046.35,3456.95,65682.1
OI00000665-1,ORD00000665,PROD00003,1,24605.45,0.0,24605.45
OI00000665-2,ORD00000665,PROD00249,2,13843.66,0.0,27687.32
OI00000665-3,ORD00000665,PROD00135,4,8523.43,0.0,34093.72
OI00000666-1,ORD00000666,PROD00192,1,5187.01,259.35,4927.66
OI00000666-2,ORD00000666,PROD00034,1,20180.05,0.0,20180.05
OI00000666-3,ORD00000666,PROD00288,1,6121.73,0.0,6121.73
OI00000666-4,ORD00000666,PROD00060,3,7484.13,0.0,22452.39
OI00000666-5,ORD00000666,PROD00313,2,23762.43,2376.24,45148.62
OI00000667-1,ORD00000667,PROD00186,2,8185.68,818.57,15552.79
OI00000668-1,ORD00000668,PROD00221,3,17014.99,7656.75,43388.22
OI00000669-1,ORD00000669,PROD00259,3,6394.49,1918.35,17265.12
OI00000670-1,ORD00000670,PROD00268,4,17615.98,3523.2,66940.72
OI00000670-2,ORD00000670,PROD00304,2,24529.51,2452.95,46606.07
OI00000670-3,ORD00000670,PROD00177,2,19263.4,3852.68,34674.12
OI00000670-4,ORD00000670,PROD00132,3,1691.47,253.72,4820.69
OI00000670-5,ORD00000670,PROD00060,4,7484.13,4490.48,25446.04
OI00000671-1,ORD00000671,PROD00043,2,20878.59,6263.58,35493.6
OI00000671-2,ORD00000671,PROD00037,1,17674.8,0.0,17674.8
OI00000671-3,ORD00000671,PROD00171,1,6861.84,0.0,6861.84
OI00000671-4,ORD00000671,PROD00181,4,8549.46,0.0,34197.84
OI00000671-5,ORD00000671,PROD00094,1,1683.18,84.16,1599.02
OI00000672-1,ORD00000672,PROD00173,2,19657.54,1965.75,37349.33
OI00000672-2,ORD00000672,PROD00272,1,6955.22,347.76,6607.46
OI00000673-1,ORD00000673,PROD00281,2,16522.7,4956.81,28088.59
OI00000673-2,ORD00000673,PROD00129,3,19114.26,5734.28,51608.5
OI00000673-3,ORD00000673,PROD00258,2,17451.91,3490.38,31413.44
OI00000673-4,ORD00000673,PROD00156,2,6041.74,0.0,12083.48
OI00000673-5,ORD00000673,PROD00117,4,1680.75,1008.45,5714.55
OI00000674-1,ORD00000674,PROD00028,4,3322.41,664.48,12625.16
OI00000674-2,ORD00000674,PROD00142,1,1480.08,74.0,1406.08
OI00000674-3,ORD00000674,PROD00185,4,17159.78,6863.91,61775.21
OI00000675-1,ORD00000675,PROD00106,2,16178.76,4853.63,27503.89
OI00000675-2,ORD00000675,PROD00005,1,12790.76,1279.08,11511.68
OI00000676-1,ORD00000676,PROD00015,1,21482.35,0.0,21482.35
OI00000676-2,ORD00000676,PROD00052,1,22735.31,0.0,22735.31
OI00000676-3,ORD00000676,PROD00237,4,6989.25,0.0,27957.0
OI00000677-1,ORD00000677,PROD00350,4,17684.33,0.0,70737.32
OI00000677-2,ORD00000677,PROD00091,2,3604.39,1081.32,6127.46
OI00000677-3,ORD00000677,PROD00013,4,7604.86,4562.92,25856.52
OI00000677-4,ORD00000677,PROD00318,3,21629.15,0.0,64887.45
OI00000678-1,ORD00000678,PROD00342,2,296.09,0.0,592.18
OI00000679-1,ORD00000679,PROD00006,2,8918.67,891.87,16945.47
OI00000680-1,ORD00000680,PROD00178,3,20555.44,3083.32,58583.0
OI00000680-2,ORD00000680,PROD00325,3,24143.74,0.0,72431.22
OI00000681-1,ORD00000681,PROD00098,2,24035.74,2403.57,45667.91
OI00000681-2,ORD00000681,PROD00305,1,17525.16,0.0,17525.16
OI00000681-3,ORD00000681,PROD00303,3,15795.37,7107.92,40278.19
OI00000681-4,ORD00000681,PROD00015,2,21482.35,6444.7,36520.0
OI00000682-1,ORD00000682,PROD00111,3,11594.18,5217.38,29565.16
OI00000682-2,ORD00000682,PROD00007,2,18525.88,5557.76,31494.0
OI00000682-3,ORD00000682,PROD00297,1,1594.03,0.0,1594.03
OI00000682-4,ORD00000682,PROD00143,3,8628.21,0.0,25884.63
OI00000682-5,ORD00000682,PROD00017,2,19254.54,1925.45,36583.63
OI00000683-1,ORD00000683,PROD00049,2,1583.63,475.09,2692.17
OI00000683-2,ORD00000683,PROD00173,2,19657.54,3931.51,35383.57
OI00000683-3,ORD00000683,PROD00184,3,20269.51,0.0,60808.53
OI00000683-4,ORD00000683,PROD00192,3,5187.01,0.0,15561.03
OI00000683-5,ORD00000683,PROD00024,3,13853.73,2078.06,39483.13
OI00000684-1,ORD00000684,PROD00296,1,3229.07,484.36,2744.71
OI00000684-2,ORD00000684,PROD00010,4,4667.93,1867.17,16804.55
OI00000684-3,ORD00000684,PROD00220,1,5039.64,0.0,5039.64
OI00000684-4,ORD00000684,PROD00280,4,11325.36,6795.22,38506.22
OI00000684-5,ORD00000684,PROD00225,4,4381.86,0.0,17527.44
OI00000685-1,ORD00000685,PROD00112,2,17029.83,3405.97,30653.69
OI00000685-2,ORD00000685,PROD00148,3,15616.8,4685.04,42165.36
OI00000686-1,ORD00000686,PROD00194,2,3968.03,0.0,7936.06
OI00000686-2,ORD00000686,PROD00168,1,13786.27,0.0,13786.27
OI00000686-3,ORD00000686,PROD00083,3,3051.07,0.0,9153.21
OI00000686-4,ORD00000686,PROD00038,4,19552.23,0.0,78208.92
OI00000687-1,ORD00000687,PROD00147,1,5524.18,276.21,5247.97
OI00000687-2,ORD00000687,PROD00276,3,9301.09,0.0,27903.27
OI00000688-1,ORD00000688,PROD00113,2,20219.94,0.0,40439.88
OI00000688-2,ORD00000688,PROD00170,1,11306.22,0.0,11306.22
OI00000689-1,ORD00000689,PROD00347,1,11947.7,0.0,11947.7
OI00000689-2,ORD00000689,PROD00126,1,12025.16,1803.77,10221.39
OI00000689-3,ORD00000689,PROD00277,4,16643.7,6657.48,59917.32
OI00000689-4,ORD00000689,PROD00130,2,22922.02,0.0,45844.04
OI00000690-1,ORD00000690,PROD00070,1,23046.35,0.0,23046.35
OI00000690-2,ORD00000690,PROD00348,3,16456.2,2468.43,46900.17
OI00000691-1,ORD00000691,PROD00088,4,13567.39,0.0,54269.56
OI00000692-1,ORD00000692,PROD00215,2,16801.23,0.0,33602.46
OI00000692-2,ORD00000692,PROD00073,4,3596.39,0.0,14385.56
OI00000693-1,ORD00000693,PROD00013,2,7604.86,0.0,15209.72
OI00000693-2,ORD00000693,PROD00228,1,24578.41,0.0,24578.41
OI00000693-3,ORD00000693,PROD00177,2,19263.4,0.0,38526.8
OI00000693-4,ORD00000693,PROD00282,1,15862.74,0.0,15862.74
OI00000694-1,ORD00000694,PROD00339,2,696.45,0.0,1392.9
OI00000694-2,ORD00000694,PROD00181,1,8549.46,854.95,7694.51
OI00000694-3,ORD00000694,PROD00294,4,20220.76,12132.46,68750.58
OI00000694-4,ORD00000694,PROD00003,3,24605.45,7381.64,66434.71
OI00000694-5,ORD00000694,PROD00049,4,1583.63,0.0,6334.52
OI00000695-1,ORD00000695,PROD00282,1,15862.74,2379.41,13483.33
OI00000695-2,ORD00000695,PROD00302,3,7756.84,2327.05,20943.47
OI00000695-3,ORD00000695,PROD00238,4,16218.76,0.0,64875.04
OI00000695-4,ORD00000695,PROD00049,4,1583.63,633.45,5701.07
OI00000695-5,ORD00000695,PROD00265,1,18730.82,2809.62,15921.2
OI00000696-1,ORD00000696,PROD00111,1,11594.18,1159.42,10434.76
OI00000696-2,ORD00000696,PROD00193,2,9247.87,1849.57,16646.17
OI00000696-3,ORD00000696,PROD00298,4,19293.46,0.0,77173.84
OI00000696-4,ORD00000696,PROD00261,3,17666.44,0.0,52999.32
OI00000696-5,ORD00000696,PROD00160,1,21368.16,3205.22,18162.94
OI00000697-1,ORD00000697,PROD00091,2,3604.39,720.88,6487.9
OI00000698-1,ORD00000698,PROD00031,3,5027.13,0.0,15081.39
OI00000698-2,ORD00000698,PROD00143,3,8628.21,1294.23,24590.4
OI00000699-1,ORD00000699,PROD00216,3,4489.61,1346.88,12121.95
OI00000700-1,ORD00000700,PROD00066,1,21806.77,3271.02,18535.75
OI00000701-1,ORD00000701,PROD00067,4,18306.34,3661.27,69564.09
OI00000701-2,ORD00000701,PROD00184,2,20269.51,6080.85,34458.17
OI00000702-1,ORD00000702,PROD00258,1,17451.91,872.6,16579.31
OI00000702-2,ORD00000702,PROD00172,1,9009.37,450.47,8558.9
OI00000703-1,ORD00000703,PROD00177,2,19263.4,1926.34,36600.46
OI00000704-1,ORD00000704,PROD00313,2,23762.43,0.0,47524.86
OI00000705-1,ORD00000705,PROD00241,3,1662.19,249.33,4737.24
OI00000706-1,ORD00000706,PROD00112,1,17029.83,0.0,17029.83
OI00000706-2,ORD00000706,PROD00135,2,8523.43,2557.03,14489.83
OI00000706-3,ORD00000706,PROD00278,3,20166.44,0.0,60499.32
OI00000706-4,ORD00000706,PROD00318,4,21629.15,4325.83,82190.77
OI00000706-5,ORD00000706,PROD00084,2,6169.9,1233.98,11105.82
OI00000707-1,ORD00000707,PROD00029,3,19909.52,2986.43,56742.13
OI00000707-2,ORD00000707,PROD00286,3,3240.14,486.02,9234.4
OI00000707-3,ORD00000707,PROD00202,4,10405.57,0.0,41622.28
OI00000707-4,ORD00000707,PROD00197,2,14707.92,4412.38,25003.46
OI00000707-5,ORD00000707,PROD00202,2,10405.57,0.0,20811.14
OI00000708-1,ORD00000708,PROD00147,3,5524.18,0.0,16572.54
OI00000708-2,ORD00000708,PROD00336,1,1810.42,90.52,1719.9
OI00000708-3,ORD00000708,PROD00221,4,17014.99,0.0,68059.96
OI00000708-4,ORD00000708,PROD00157,2,21965.78,6589.73,37341.83
OI00000708-5,ORD00000708,PROD00116,4,4303.4,0.0,17213.6
OI00000709-1,ORD00000709,PROD00087,4,21498.23,0.0,85992.92
OI00000709-2,ORD00000709,PROD00223,1,14073.25,0.0,14073.25
OI00000710-1,ORD00000710,PROD00176,3,24960.21,0.0,74880.63
OI00000710-2,ORD00000710,PROD00345,2,15206.3,0.0,30412.6
OI00000711-1,ORD00000711,PROD00317,1,16337.28,2450.59,13886.69
OI00000711-2,ORD00000711,PROD00319,4,339.48,0.0,1357.92
OI00000711-3,ORD00000711,PROD00328,2,24499.21,7349.76,41648.66
OI00000711-4,ORD00000711,PROD00160,1,21368.16,3205.22,18162.94
OI00000711-5,ORD00000711,PROD00308,4,9807.02,0.0,39228.08
OI00000712-1,ORD00000712,PROD00145,4,21307.62,0.0,85230.48
OI00000712-2,ORD00000712,PROD00188,1,24505.29,0.0,24505.29
OI00000713-1,ORD00000713,PROD00018,2,22565.26,0.0,45130.52
OI00000713-2,ORD00000713,PROD00041,3,18327.17,8247.23,46734.28
OI00000714-1,ORD00000714,PROD00190,4,2376.38,1425.83,8079.69
OI00000714-2,ORD00000714,PROD00200,3,18445.4,2766.81,52569.39
OI00000714-3,ORD00000714,PROD00170,4,11306.22,2261.24,42963.64
OI00000715-1,ORD00000715,PROD00224,3,23476.13,7042.84,63385.55
OI00000715-2,ORD00000715,PROD00242,3,23459.95,3518.99,66860.86
OI00000716-1,ORD00000716,PROD00065,1,11181.79,0.0,11181.79
OI00000716-2,ORD00000716,PROD00176,3,24960.21,0.0,74880.63
OI00000716-3,ORD00000716,PROD00012,1,11531.07,1153.11,10377.96
OI00000717-1,ORD00000717,PROD00205,2,22069.77,0.0,44139.54
OI00000717-2,ORD00000717,PROD00191,4,719.62,143.92,2734.56
OI00000718-1,ORD00000718,PROD00007,4,18525.88,0.0,74103.52
OI00000718-2,ORD00000718,PROD00070,2,23046.35,0.0,46092.7
OI00000719-1,ORD00000719,PROD00027,3,12715.52,5721.98,32424.58
OI00000719-2,ORD00000719,PROD00279,2,690.73,0.0,1381.46
OI00000719-3,ORD00000719,PROD00081,4,14048.06,0.0,56192.24
OI00000720-1,ORD00000720,PROD00232,4,12800.1,0.0,51200.4
OI00000721-1,ORD00000721,PROD00254,3,10249.25,0.0,30747.75
OI00000722-1,ORD00000722,PROD00048,3,2165.22,0.0,6495.66
OI00000722-2,ORD00000722,PROD00081,2,14048.06,0.0,28096.12
OI00000722-3,ORD00000722,PROD00337,3,17875.4,8043.93,45582.27
OI00000722-4,ORD00000722,PROD00091,4,3604.39,1441.76,12975.8
OI00000723-1,ORD00000723,PROD00100,2,14966.8,4490.04,25443.56
OI00000723-2,ORD00000723,PROD00347,1,11947.7,1792.15,10155.55
OI00000723-3,ORD00000723,PROD00271,4,21715.63,0.0,86862.52
OI00000723-4,ORD00000723,PROD00076,2,22512.17,2251.22,42773.12
OI00000724-1,ORD00000724,PROD00209,2,1876.23,0.0,3752.46
OI00000724-2,ORD00000724,PROD00240,1,15221.18,0.0,15221.18
OI00000724-3,ORD00000724,PROD00143,1,8628.21,1294.23,7333.98
OI00000725-1,ORD00000725,PROD00013,3,7604.86,0.0,22814.58
OI00000726-1,ORD00000726,PROD00350,2,17684.33,5305.3,30063.36
OI00000726-2,ORD00000726,PROD00066,1,21806.77,0.0,21806.77
OI00000726-3,ORD00000726,PROD00096,3,7650.09,1147.51,21802.76
OI00000726-4,ORD00000726,PROD00340,2,17115.28,0.0,34230.56
OI00000727-1,ORD00000727,PROD00112,4,17029.83,6811.93,61307.39
OI00000728-1,ORD00000728,PROD00194,3,3968.03,0.0,11904.09
OI00000728-2,ORD00000728,PROD00079,4,9711.52,0.0,38846.08
OI00000729-1,ORD00000729,PROD00177,2,19263.4,5779.02,32747.78
OI00000729-2,ORD00000729,PROD00192,3,5187.01,2334.15,13226.88
OI00000730-1,ORD00000730,PROD00117,2,1680.75,336.15,3025.35
OI00000730-2,ORD00000730,PROD00309,2,2478.12,0.0,4956.24
OI00000730-3,ORD00000730,PROD00148,3,15616.8,2342.52,44507.88
OI00000730-4,ORD00000730,PROD00114,3,7054.87,0.0,21164.61
OI00000731-1,ORD00000731,PROD00018,4,22565.26,4513.05,85747.99
OI00000731-2,ORD00000731,PROD00047,1,23596.32,2359.63,21236.69
OI00000731-3,ORD00000731,PROD00236,1,23089.06,2308.91,20780.15
OI00000732-1,ORD00000732,PROD00103,4,21963.07,0.0,87852.28
OI00000732-2,ORD00000732,PROD00051,1,10511.67,525.58,9986.09
OI00000733-1,ORD00000733,PROD00114,2,7054.87,2116.46,11993.28
OI00000733-2,ORD00000733,PROD00046,4,20054.13,12032.48,68184.04
OI00000733-3,ORD00000733,PROD00323,4,10163.0,6097.8,34554.2
OI00000733-4,ORD00000733,PROD00135,3,8523.43,1278.51,24291.78
OI00000733-5,ORD00000733,PROD00245,2,7169.55,0.0,14339.1
OI00000734-1,ORD00000734,PROD00079,2,9711.52,0.0,19423.04
OI00000734-2,ORD00000734,PROD00261,1,17666.44,2649.97,15016.47
OI00000735-1,ORD00000735,PROD00079,2,9711.52,0.0,19423.04
OI00000735-2,ORD00000735,PROD00182,4,5279.14,0.0,21116.56
OI00000735-3,ORD00000735,PROD00194,2,3968.03,793.61,7142.45
OI00000735-4,ORD00000735,PROD00173,2,19657.54,0.0,39315.08
OI00000735-5,ORD00000735,PROD00336,1,1810.42,90.52,1719.9
OI00000736-1,ORD00000736,PROD00273,1,16836.47,0.0,16836.47
OI00000737-1,ORD00000737,PROD00249,3,13843.66,0.0,41530.98
OI00000738-1,ORD00000738,PROD00338,1,10521.18,0.0,10521.18
OI00000739-1,ORD00000739,PROD00340,4,17115.28,0.0,68461.12
OI00000739-2,ORD00000739,PROD00293,4,9456.41,5673.85,32151.79
OI00000739-3,ORD00000739,PROD00188,4,24505.29,0.0,98021.16
OI00000740-1,ORD00000740,PROD00292,1,21804.92,0.0,21804.92
OI00000740-2,ORD00000740,PROD00321,1,19868.88,0.0,19868.88
OI00000740-3,ORD00000740,PROD00045,4,3832.7,2299.62,13031.18
OI00000741-1,ORD00000741,PROD00169,4,5792.93,0.0,23171.72
OI00000741-2,ORD00000741,PROD00009,1,15614.07,1561.41,14052.66
OI00000741-3,ORD00000741,PROD00193,2,9247.87,1849.57,16646.17
OI00000742-1,ORD00000742,PROD00031,4,5027.13,0.0,20108.52
OI00000742-2,ORD00000742,PROD00071,1,9271.17,0.0,9271.17
OI00000743-1,ORD00000743,PROD00050,2,22567.65,6770.3,38365.0
OI00000743-2,ORD00000743,PROD00339,1,696.45,0.0,696.45
OI00000743-3,ORD00000743,PROD00158,1,4832.45,0.0,4832.45
OI00000743-4,ORD00000743,PROD00293,2,9456.41,2836.92,16075.9
OI00000744-1,ORD00000744,PROD00208,1,11300.85,1130.09,10170.76
OI00000744-2,ORD00000744,PROD00268,4,17615.98,0.0,70463.92
OI00000744-3,ORD00000744,PROD00038,2,19552.23,1955.22,37149.24
OI00000744-4,ORD00000744,PROD00252,4,21548.3,0.0,86193.2
OI00000745-1,ORD00000745,PROD00236,3,23089.06,10390.08,58877.1
OI00000746-1,ORD00000746,PROD00324,3,1645.09,0.0,4935.27
OI00000746-2,ORD00000746,PROD00060,1,7484.13,1122.62,6361.51
OI00000747-1,ORD00000747,PROD00345,3,15206.3,0.0,45618.9
OI00000747-2,ORD00000747,PROD00120,1,21353.8,0.0,21353.8
OI00000747-3,ORD00000747,PROD00024,2,13853.73,0.0,27707.46
OI00000747-4,ORD00000747,PROD00301,1,15056.56,0.0,15056.56
OI00000747-5,ORD00000747,PROD00013,3,7604.86,1140.73,21673.85
OI00000748-1,ORD00000748,PROD00246,1,2046.4,306.96,1739.44
OI00000748-2,ORD00000748,PROD00026,1,4075.27,0.0,4075.27
OI00000748-3,ORD00000748,PROD00216,4,4489.61,897.92,17060.52
OI00000749-1,ORD00000749,PROD00294,4,20220.76,8088.3,72794.74
OI00000749-2,ORD00000749,PROD00231,3,1734.46,0.0,5203.38
OI00000749-3,ORD00000749,PROD00215,2,16801.23,1680.12,31922.34
OI00000750-1,ORD00000750,PROD00012,4,11531.07,0.0,46124.28
OI00000751-1,ORD00000751,PROD00198,3,235.71,70.71,636.42
OI00000751-2,ORD00000751,PROD00219,2,19321.62,1932.16,36711.08
OI00000751-3,ORD00000751,PROD00226,1,11496.46,0.0,11496.46
OI00000751-4,ORD00000751,PROD00326,3,13890.31,0.0,41670.93
OI00000751-5,ORD00000751,PROD00292,4,21804.92,0.0,87219.68
OI00000752-1,ORD00000752,PROD00092,3,5103.86,0.0,15311.58
OI00000753-1,ORD00000753,PROD00219,3,19321.62,0.0,57964.86
OI00000753-2,ORD00000753,PROD00041,3,18327.17,5498.15,49483.36
OI00000754-1,ORD00000754,PROD00337,4,17875.4,0.0,71501.6
OI00000754-2,ORD00000754,PROD00153,3,8528.45,0.0,25585.35
OI00000754-3,ORD00000754,PROD00150,2,1889.59,0.0,3779.18
OI00000754-4,ORD00000754,PROD00132,1,1691.47,0.0,1691.47
OI00000755-1,ORD00000755,PROD00126,2,12025.16,3607.55,20442.77
OI00000755-2,ORD00000755,PROD00133,3,10071.99,3021.6,27194.37
OI00000755-3,ORD00000755,PROD00231,3,1734.46,0.0,5203.38
OI00000755-4,ORD00000755,PROD00295,3,2274.03,341.1,6480.99
OI00000755-5,ORD00000755,PROD00136,1,14715.94,1471.59,13244.35
OI00000756-1,ORD00000756,PROD00257,4,18404.82,0.0,73619.28
OI00000756-2,ORD00000756,PROD00310,4,11465.44,6879.26,38982.5
OI00000756-3,ORD00000756,PROD00112,3,17029.83,0.0,51089.49
OI00000757-1,ORD00000757,PROD00229,2,6335.91,0.0,12671.82
OI00000757-2,ORD00000757,PROD00089,1,7704.52,385.23,7319.29
OI00000757-3,ORD00000757,PROD00023,4,5836.05,0.0,23344.2
OI00000757-4,ORD00000757,PROD00155,3,16388.99,0.0,49166.97
OI00000757-5,ORD00000757,PROD00147,4,5524.18,0.0,22096.72
OI00000758-1,ORD00000758,PROD00020,2,1320.51,0.0,2641.02
OI00000758-2,ORD00000758,PROD00022,3,973.58,0.0,2920.74
OI00000759-1,ORD00000759,PROD00313,2,23762.43,4752.49,42772.37
OI00000759-2,ORD00000759,PROD00028,1,3322.41,0.0,3322.41
OI00000760-1,ORD00000760,PROD00171,4,6861.84,0.0,27447.36
OI00000760-2,ORD00000760,PROD00271,4,21715.63,0.0,86862.52
OI00000760-3,ORD00000760,PROD00170,3,11306.22,5087.8,28830.86
OI00000760-4,ORD00000760,PROD00347,4,11947.7,0.0,47790.8
OI00000761-1,ORD00000761,PROD00134,3,11362.61,3408.78,30679.05
OI00000762-1,ORD00000762,PROD00044,1,6687.09,0.0,6687.09
OI00000762-2,ORD00000762,PROD00278,3,20166.44,0.0,60499.32
OI00000763-1,ORD00000763,PROD00344,2,2433.74,0.0,4867.48
OI00000763-2,ORD00000763,PROD00128,2,20549.76,0.0,41099.52
OI00000764-1,ORD00000764,PROD00010,3,4667.93,0.0,14003.79
OI00000765-1,ORD00000765,PROD00015,1,21482.35,2148.24,19334.11
OI00000765-2,ORD00000765,PROD00334,3,1905.27,857.37,4858.44
OI00000765-3,ORD00000765,PROD00073,3,3596.39,539.46,10249.71
OI00000765-4,ORD00000765,PROD00299,1,2709.32,0.0,2709.32
OI00000765-5,ORD00000765,PROD00335,1,11428.89,1714.33,9714.56
OI00000766-1,ORD00000766,PROD00020,3,1320.51,0.0,3961.53
OI00000766-2,ORD00000766,PROD00164,1,12489.77,0.0,12489.77
OI00000767-1,ORD00000767,PROD00313,3,23762.43,3564.36,67722.93
OI00000767-2,ORD00000767,PROD00201,3,17522.9,0.0,52568.7
OI00000767-3,ORD00000767,PROD00230,3,8334.56,3750.55,21253.13
OI00000767-4,ORD00000767,PROD00082,2,23934.46,0.0,47868.92
OI00000767-5,ORD00000767,PROD00069,2,17377.04,3475.41,31278.67
OI00000768-1,ORD00000768,PROD00294,1,20220.76,0.0,20220.76
OI00000768-2,ORD00000768,PROD00105,1,8573.66,0.0,8573.66
OI00000768-3,ORD00000768,PROD00012,2,11531.07,0.0,23062.14
OI00000768-4,ORD00000768,PROD00130,4,22922.02,4584.4,87103.68
OI00000769-1,ORD00000769,PROD00006,4,8918.67,1783.73,33890.95
OI00000769-2,ORD00000769,PROD00073,4,3596.39,1438.56,12947.0
OI00000769-3,ORD00000769,PROD00313,3,23762.43,0.0,71287.29
OI00000770-1,ORD00000770,PROD00029,1,19909.52,0.0,19909.52
OI00000770-2,ORD00000770,PROD00119,3,17032.97,2554.95,48543.96
OI00000771-1,ORD00000771,PROD00024,2,13853.73,2770.75,24936.71
OI00000771-2,ORD00000771,PROD00152,4,5018.12,0.0,20072.48
OI00000772-1,ORD00000772,PROD00339,2,696.45,0.0,1392.9
OI00000772-2,ORD00000772,PROD00027,3,12715.52,0.0,38146.56
OI00000773-1,ORD00000773,PROD00244,4,18055.76,0.0,72223.04
OI00000774-1,ORD00000774,PROD00094,3,1683.18,0.0,5049.54
OI00000774-2,ORD00000774,PROD00198,3,235.71,106.07,601.06
OI00000774-3,ORD00000774,PROD00278,2,20166.44,4033.29,36299.59
OI00000774-4,ORD00000774,PROD00226,2,11496.46,3448.94,19543.98
OI00000774-5,ORD00000774,PROD00241,2,1662.19,0.0,3324.38
OI00000775-1,ORD00000775,PROD00300,3,20412.89,3061.93,58176.74
OI00000776-1,ORD00000776,PROD00127,4,21020.66,0.0,84082.64
OI00000776-2,ORD00000776,PROD00322,2,14307.01,1430.7,27183.32
OI00000777-1,ORD00000777,PROD00025,1,12394.98,1239.5,11155.48
OI00000778-1,ORD00000778,PROD00213,1,11796.15,1769.42,10026.73
OI00000778-2,ORD00000778,PROD00038,4,19552.23,0.0,78208.92
OI00000778-3,ORD00000778,PROD00249,3,13843.66,6229.65,35301.33
OI00000778-4,ORD00000778,PROD00019,2,539.71,107.94,971.48
OI00000778-5,ORD00000778,PROD00078,3,3767.12,0.0,11301.36
OI00000779-1,ORD00000779,PROD00253,1,23510.11,0.0,23510.11
OI00000780-1,ORD00000780,PROD00113,4,20219.94,0.0,80879.76
OI00000780-2,ORD00000780,PROD00084,1,6169.9,0.0,6169.9
OI00000781-1,ORD00000781,PROD00348,3,16456.2,7405.29,41963.31
OI00000781-2,ORD00000781,PROD00134,4,11362.61,0.0,45450.44
OI00000781-3,ORD00000781,PROD00100,1,14966.8,2245.02,12721.78
OI00000781-4,ORD00000781,PROD00277,2,16643.7,0.0,33287.4
OI00000782-1,ORD00000782,PROD00157,4,21965.78,8786.31,79076.81
OI00000783-1,ORD00000783,PROD00006,3,8918.67,2675.6,24080.41
OI00000783-2,ORD00000783,PROD00350,4,17684.33,7073.73,63663.59
OI00000784-1,ORD00000784,PROD00255,3,4895.99,1468.8,13219.17
OI00000784-2,ORD00000784,PROD00094,4,1683.18,336.64,6396.08
OI00000784-3,ORD00000784,PROD00325,2,24143.74,0.0,48287.48
OI00000784-4,ORD00000784,PROD00307,3,13721.18,2058.18,39105.36
OI00000785-1,ORD00000785,PROD00164,2,12489.77,0.0,24979.54
OI00000785-2,ORD00000785,PROD00184,2,20269.51,0.0,40539.02
OI00000785-3,ORD00000785,PROD00215,1,16801.23,840.06,15961.17
OI00000785-4,ORD00000785,PROD00179,1,21643.38,0.0,21643.38
OI00000786-1,ORD00000786,PROD00078,3,3767.12,0.0,11301.36
OI00000786-2,ORD00000786,PROD00037,3,17674.8,2651.22,50373.18
OI00000787-1,ORD00000787,PROD00206,2,22722.97,2272.3,43173.64
OI00000787-2,ORD00000787,PROD00126,4,12025.16,7215.1,40885.54
OI00000787-3,ORD00000787,PROD00079,4,9711.52,0.0,38846.08
OI00000787-4,ORD00000787,PROD00319,3,339.48,152.77,865.67
OI00000787-5,ORD00000787,PROD00093,1,23736.46,1186.82,22549.64
OI00000788-1,ORD00000788,PROD00331,3,15173.99,0.0,45521.97
OI00000789-1,ORD00000789,PROD00023,3,5836.05,1750.82,15757.33
OI00000790-1,ORD00000790,PROD00091,2,3604.39,0.0,7208.78
OI00000791-1,ORD00000791,PROD00191,2,719.62,71.96,1367.28
OI00000792-1,ORD00000792,PROD00005,1,12790.76,1279.08,11511.68
OI00000792-2,ORD00000792,PROD00057,3,634.37,0.0,1903.11
OI00000792-3,ORD00000792,PROD00285,1,7381.88,369.09,7012.79
OI00000793-1,ORD00000793,PROD00091,4,3604.39,720.88,13696.68
OI00000793-2,ORD00000793,PROD00327,4,16333.38,0.0,65333.52
OI00000793-3,ORD00000793,PROD00161,3,15755.01,7089.75,40175.28
OI00000793-4,ORD00000793,PROD00199,4,13170.12,0.0,52680.48
OI00000794-1,ORD00000794,PROD00112,3,17029.83,7663.42,43426.07
OI00000794-2,ORD00000794,PROD00093,1,23736.46,2373.65,21362.81
OI00000795-1,ORD00000795,PROD00009,3,15614.07,7026.33,39815.88
OI00000795-2,ORD00000795,PROD00033,1,8958.24,0.0,8958.24
OI00000796-1,ORD00000796,PROD00145,4,21307.62,8523.05,76707.43
OI00000797-1,ORD00000797,PROD00079,4,9711.52,3884.61,34961.47
OI00000797-2,ORD00000797,PROD00313,3,23762.43,7128.73,64158.56
OI00000797-3,ORD00000797,PROD00270,1,6520.83,978.12,5542.71
OI00000797-4,ORD00000797,PROD00083,2,3051.07,0.0,6102.14
OI00000798-1,ORD00000798,PROD00210,1,18661.64,2799.25,15862.39
OI00000798-2,ORD00000798,PROD00087,1,21498.23,0.0,21498.23
OI00000798-3,ORD00000798,PROD00003,3,24605.45,0.0,73816.35
OI00000798-4,ORD00000798,PROD00083,3,3051.07,0.0,9153.21
OI00000799-1,ORD00000799,PROD00168,2,13786.27,0.0,27572.54
OI00000800-1,ORD00000800,PROD00083,4,3051.07,1220.43,10983.85
OI00000800-2,ORD00000800,PROD00088,1,13567.39,0.0,13567.39
OI00000800-3,ORD00000800,PROD00231,4,1734.46,693.78,6244.06
OI00000800-4,ORD00000800,PROD00222,2,18114.09,1811.41,34416.77
OI00000800-5,ORD00000800,PROD00224,2,23476.13,0.0,46952.26
OI00000801-1,ORD00000801,PROD00110,4,9699.44,1939.89,36857.87
OI00000801-2,ORD00000801,PROD00043,3,20878.59,9395.37,53240.4
OI00000802-1,ORD00000802,PROD00223,3,14073.25,0.0,42219.75
OI00000802-2,ORD00000802,PROD00001,1,23270.16,0.0,23270.16
OI00000803-1,ORD00000803,PROD00051,2,10511.67,0.0,21023.34
OI00000803-2,ORD00000803,PROD00096,4,7650.09,4590.05,26010.31
OI00000804-1,ORD00000804,PROD00208,4,11300.85,2260.17,42943.23
OI00000805-1,ORD00000805,PROD00298,2,19293.46,0.0,38586.92
OI00000805-2,ORD00000805,PROD00326,1,13890.31,2083.55,11806.76
OI00000805-3,ORD00000805,PROD00137,2,22614.03,0.0,45228.06
OI00000806-1,ORD00000806,PROD00060,4,7484.13,2993.65,26942.87
OI00000806-2,ORD00000806,PROD00057,3,634.37,190.31,1712.8
OI00000806-3,ORD00000806,PROD00215,2,16801.23,3360.25,30242.21
OI00000806-4,ORD00000806,PROD00154,3,21079.89,9485.95,53753.72
OI00000807-1,ORD00000807,PROD00189,4,4749.05,1899.62,17096.58
OI00000807-2,ORD00000807,PROD00197,2,14707.92,2941.58,26474.26
OI00000807-3,ORD00000807,PROD00182,1,5279.14,0.0,5279.14
OI00000807-4,ORD00000807,PROD00166,4,5219.63,0.0,20878.52
OI00000808-1,ORD00000808,PROD00344,4,2433.74,1460.24,8274.72
OI00000808-2,ORD00000808,PROD00326,1,13890.31,694.52,13195.79
OI00000808-3,ORD00000808,PROD00153,2,8528.45,1705.69,15351.21
OI00000809-1,ORD00000809,PROD00317,4,16337.28,3267.46,62081.66
OI00000809-2,ORD00000809,PROD00303,3,15795.37,0.0,47386.11
OI00000810-1,ORD00000810,PROD00305,4,17525.16,0.0,70100.64
OI00000810-2,ORD00000810,PROD00349,4,22965.12,0.0,91860.48
OI00000810-3,ORD00000810,PROD00287,3,4242.92,1909.31,10819.45
OI00000810-4,ORD00000810,PROD00317,3,16337.28,2450.59,46561.25
OI00000810-5,ORD00000810,PROD00142,1,1480.08,148.01,1332.07
OI00000811-1,ORD00000811,PROD00235,3,7450.54,0.0,22351.62
OI00000811-2,ORD00000811,PROD00205,1,22069.77,1103.49,20966.28
OI00000811-3,ORD00000811,PROD00150,1,1889.59,0.0,1889.59
OI00000812-1,ORD00000812,PROD00202,1,10405.57,0.0,10405.57
OI00000812-2,ORD00000812,PROD00088,1,13567.39,0.0,13567.39
OI00000812-3,ORD00000812,PROD00084,4,6169.9,0.0,24679.6
OI00000812-4,ORD00000812,PROD00235,1,7450.54,372.53,7078.01
OI00000812-5,ORD00000812,PROD00205,3,22069.77,6620.93,59588.38
OI00000813-1,ORD00000813,PROD00130,3,22922.02,6876.61,61889.45
OI00000813-2,ORD00000813,PROD00054,2,17451.9,0.0,34903.8
OI00000813-3,ORD00000813,PROD00285,2,7381.88,2214.56,12549.2
OI00000813-4,ORD00000813,PROD00022,3,973.58,146.04,2774.7
OI00000813-5,ORD00000813,PROD00157,2,21965.78,4393.16,39538.4
OI00000814-1,ORD00000814,PROD00122,1,1221.77,0.0,1221.77
OI00000814-2,ORD00000814,PROD00229,3,6335.91,0.0,19007.73
OI00000814-3,ORD00000814,PROD00025,1,12394.98,0.0,12394.98
OI00000814-4,ORD00000814,PROD00024,3,13853.73,6234.18,35327.01
OI00000815-1,ORD00000815,PROD00183,2,14458.84,0.0,28917.68
OI00000815-2,ORD00000815,PROD00184,4,20269.51,0.0,81078.04
OI00000815-3,ORD00000815,PROD00050,3,22567.65,6770.3,60932.65
OI00000815-4,ORD00000815,PROD00099,4,16343.82,6537.53,58837.75
OI00000815-5,ORD00000815,PROD00341,3,22735.67,3410.35,64796.66
OI00000816-1,ORD00000816,PROD00335,1,11428.89,1142.89,10286.0
OI00000817-1,ORD00000817,PROD00058,2,18176.41,1817.64,34535.18
OI00000818-1,ORD00000818,PROD00156,3,6041.74,0.0,18125.22
OI00000818-2,ORD00000818,PROD00308,1,9807.02,490.35,9316.67
OI00000818-3,ORD00000818,PROD00248,3,544.29,244.93,1387.94
OI00000819-1,ORD00000819,PROD00085,3,20182.68,0.0,60548.04
OI00000819-2,ORD00000819,PROD00194,2,3968.03,0.0,7936.06
OI00000819-3,ORD00000819,PROD00060,3,7484.13,0.0,22452.39
OI00000820-1,ORD00000820,PROD00092,2,5103.86,0.0,10207.72
OI00000820-2,ORD00000820,PROD00064,1,2094.58,0.0,2094.58
OI00000820-3,ORD00000820,PROD00121,2,17020.33,5106.1,28934.56
OI00000820-4,ORD00000820,PROD00332,3,966.51,144.98,2754.55
OI00000821-1,ORD00000821,PROD00156,3,6041.74,2718.78,15406.44
OI00000821-2,ORD00000821,PROD00167,3,7684.68,2305.4,20748.64
OI00000821-3,ORD00000821,PROD00115,4,24607.38,0.0,98429.52
OI00000821-4,ORD00000821,PROD00088,1,13567.39,0.0,13567.39
OI00000822-1,ORD00000822,PROD00071,3,9271.17,0.0,27813.51
OI00000823-1,ORD00000823,PROD00029,1,19909.52,2986.43,16923.09
OI00000823-2,ORD00000823,PROD00128,4,20549.76,0.0,82199.04
OI00000823-3,ORD00000823,PROD00338,2,10521.18,0.0,21042.36
OI00000823-4,ORD00000823,PROD00035,4,14071.44,0.0,56285.76
OI00000823-5,ORD00000823,PROD00328,2,24499.21,7349.76,41648.66
OI00000824-1,ORD00000824,PROD00329,2,10605.13,2121.03,19089.23
OI00000824-2,ORD00000824,PROD00178,3,20555.44,9249.95,52416.37
OI00000824-3,ORD00000824,PROD00346,3,8662.06,2598.62,23387.56
OI00000824-4,ORD00000824,PROD00167,2,7684.68,0.0,15369.36
OI00000824-5,ORD00000824,PROD00300,3,20412.89,0.0,61238.67
OI00000825-1,ORD00000825,PROD00168,4,13786.27,0.0,55145.08
OI00000825-2,ORD00000825,PROD00315,1,14855.14,742.76,14112.38
OI00000825-3,ORD00000825,PROD00035,1,14071.44,0.0,14071.44
OI00000825-4,ORD00000825,PROD00027,1,12715.52,0.0,12715.52
OI00000825-5,ORD00000825,PROD00158,1,4832.45,0.0,4832.45
OI00000826-1,ORD00000826,PROD00327,2,16333.38,0.0,32666.76
OI00000826-2,ORD00000826,PROD00073,3,3596.39,539.46,10249.71
OI00000826-3,ORD00000826,PROD00271,3,21715.63,0.0,65146.89
OI00000827-1,ORD00000827,PROD00236,2,23089.06,0.0,46178.12
OI00000827-2,ORD00000827,PROD00149,2,5172.64,0.0,10345.28
OI00000827-3,ORD00000827,PROD00171,2,6861.84,686.18,13037.5
OI00000827-4,ORD00000827,PROD00262,1,20752.25,0.0,20752.25
OI00000827-5,ORD00000827,PROD00100,1,14966.8,1496.68,13470.12
OI00000828-1,ORD00000828,PROD00330,2,16495.98,1649.6,31342.36
OI00000828-2,ORD00000828,PROD00020,4,1320.51,528.2,4753.84
OI00000829-1,ORD00000829,PROD00246,4,2046.4,0.0,8185.6
OI00000829-2,ORD00000829,PROD00005,3,12790.76,3837.23,34535.05
OI00000830-1,ORD00000830,PROD00228,3,24578.41,3686.76,70048.47
OI00000831-1,ORD00000831,PROD00026,1,4075.27,407.53,3667.74
OI00000831-2,ORD00000831,PROD00290,1,19169.41,0.0,19169.41
OI00000831-3,ORD00000831,PROD00218,4,9795.93,0.0,39183.72
OI00000831-4,ORD00000831,PROD00150,3,1889.59,283.44,5385.33
OI00000831-5,ORD00000831,PROD00255,1,4895.99,734.4,4161.59
OI00000832-1,ORD00000832,PROD00302,1,7756.84,0.0,7756.84
OI00000832-2,ORD00000832,PROD00115,2,24607.38,2460.74,46754.02
OI00000832-3,ORD00000832,PROD00070,3,23046.35,3456.95,65682.1
OI00000832-4,ORD00000832,PROD00323,4,10163.0,0.0,40652.0
OI00000833-1,ORD00000833,PROD00058,1,18176.41,1817.64,16358.77
OI00000834-1,ORD00000834,PROD00120,3,21353.8,0.0,64061.4
OI00000834-2,ORD00000834,PROD00049,1,1583.63,158.36,1425.27
OI00000834-3,ORD00000834,PROD00305,4,17525.16,10515.1,59585.54
OI00000834-4,ORD00000834,PROD00268,3,17615.98,0.0,52847.94
OI00000834-5,ORD00000834,PROD00088,3,13567.39,2035.11,38667.06
OI00000835-1,ORD00000835,PROD00288,3,6121.73,918.26,17446.93
OI00000835-2,ORD00000835,PROD00169,3,5792.93,1737.88,15640.91
OI00000836-1,ORD00000836,PROD00299,4,2709.32,1625.59,9211.69
OI00000836-2,ORD00000836,PROD00276,1,9301.09,0.0,9301.09
OI00000836-3,ORD00000836,PROD00154,2,21079.89,6323.97,35835.81
OI00000836-4,ORD00000836,PROD00312,4,9087.53,0.0,36350.12
OI00000837-1,ORD00000837,PROD00169,1,5792.93,0.0,5792.93
OI00000837-2,ORD00000837,PROD00106,4,16178.76,3235.75,61479.29
OI00000837-3,ORD00000837,PROD00082,4,23934.46,9573.78,86164.06
OI00000838-1,ORD00000838,PROD00271,3,21715.63,3257.34,61889.55
OI00000838-2,ORD00000838,PROD00275,1,23306.6,0.0,23306.6
OI00000839-1,ORD00000839,PROD00296,1,3229.07,0.0,3229.07
OI00000839-2,ORD00000839,PROD00317,2,16337.28,0.0,32674.56
OI00000839-3,ORD00000839,PROD00228,4,24578.41,9831.36,88482.28
OI00000840-1,ORD00000840,PROD00217,2,11079.35,0.0,22158.7
OI00000840-2,ORD00000840,PROD00192,1,5187.01,778.05,4408.96
OI00000840-3,ORD00000840,PROD00337,3,17875.4,8043.93,45582.27
OI00000840-4,ORD00000840,PROD00259,1,6394.49,959.17,5435.32
OI00000841-1,ORD00000841,PROD00011,1,13382.68,0.0,13382.68
OI00000841-2,ORD00000841,PROD00295,2,2274.03,454.81,4093.25
OI00000841-3,ORD00000841,PROD00041,1,18327.17,0.0,18327.17
OI00000841-4,ORD00000841,PROD00273,2,16836.47,3367.29,30305.65
OI00000842-1,ORD00000842,PROD00063,2,20579.93,6173.98,34985.88
OI00000842-2,ORD00000842,PROD00219,1,19321.62,1932.16,17389.46
OI00000842-3,ORD00000842,PROD00031,3,5027.13,1508.14,13573.25
OI00000843-1,ORD00000843,PROD00154,2,21079.89,6323.97,35835.81
OI00000843-2,ORD00000843,PROD00237,2,6989.25,698.93,13279.57
OI00000844-1,ORD00000844,PROD00072,4,7657.87,0.0,30631.48
OI00000844-2,ORD00000844,PROD00112,3,17029.83,5108.95,45980.54
OI00000844-3,ORD00000844,PROD00307,4,13721.18,5488.47,49396.25
OI00000844-4,ORD00000844,PROD00126,2,12025.16,0.0,24050.32
OI00000845-1,ORD00000845,PROD00221,1,17014.99,0.0,17014.99
OI00000845-2,ORD00000845,PROD00325,3,24143.74,3621.56,68809.66
OI00000845-3,ORD00000845,PROD00341,2,22735.67,0.0,45471.34
OI00000846-1,ORD00000846,PROD00096,3,7650.09,0.0,22950.27
OI00000846-2,ORD00000846,PROD00060,1,7484.13,374.21,7109.92
OI00000846-3,ORD00000846,PROD00149,2,5172.64,517.26,9828.02
OI00000846-4,ORD00000846,PROD00348,1,16456.2,2468.43,13987.77
OI00000846-5,ORD00000846,PROD00069,2,17377.04,1737.7,33016.38
OI00000847-1,ORD00000847,PROD00305,4,17525.16,10515.1,59585.54
OI00000847-2,ORD00000847,PROD00194,4,3968.03,0.0,15872.12
OI00000847-3,ORD00000847,PROD00176,2,24960.21,0.0,49920.42
OI00000847-4,ORD00000847,PROD00091,1,3604.39,180.22,3424.17
OI00000847-5,ORD00000847,PROD00131,3,1596.96,0.0,4790.88
OI00000848-1,ORD00000848,PROD00166,2,5219.63,0.0,10439.26
OI00000848-2,ORD00000848,PROD00275,3,23306.6,3495.99,66423.81
OI00000848-3,ORD00000848,PROD00136,1,14715.94,0.0,14715.94
OI00000848-4,ORD00000848,PROD00064,1,2094.58,0.0,2094.58
OI00000849-1,ORD00000849,PROD00136,2,14715.94,1471.59,27960.29
OI00000850-1,ORD00000850,PROD00053,3,17522.36,7885.06,44682.02
OI00000850-2,ORD00000850,PROD00133,3,10071.99,1510.8,28705.17
OI00000850-3,ORD00000850,PROD00060,2,7484.13,1496.83,13471.43
OI00000850-4,ORD00000850,PROD00163,2,4227.47,0.0,8454.94
OI00000850-5,ORD00000850,PROD00295,4,2274.03,909.61,8186.51
OI00000851-1,ORD00000851,PROD00321,1,19868.88,1986.89,17881.99
OI00000851-2,ORD00000851,PROD00089,2,7704.52,1540.9,13868.14
OI00000851-3,ORD00000851,PROD00275,3,23306.6,6991.98,62927.82
OI00000851-4,ORD00000851,PROD00261,4,17666.44,0.0,70665.76
OI00000851-5,ORD00000851,PROD00164,3,12489.77,0.0,37469.31
OI00000852-1,ORD00000852,PROD00064,4,2094.58,0.0,8378.32
OI00000852-2,ORD00000852,PROD00101,1,14649.72,2197.46,12452.26
OI00000852-3,ORD00000852,PROD00218,1,9795.93,0.0,9795.93
OI00000852-4,ORD00000852,PROD00197,3,14707.92,6618.56,37505.2
OI00000853-1,ORD00000853,PROD00034,4,20180.05,0.0,80720.2
OI00000853-2,ORD00000853,PROD00281,4,16522.7,3304.54,62786.26
OI00000853-3,ORD00000853,PROD00334,3,1905.27,571.58,5144.23
OI00000853-4,ORD00000853,PROD00114,2,7054.87,0.0,14109.74
OI00000853-5,ORD00000853,PROD00208,3,11300.85,1695.13,32207.42
OI00000854-1,ORD00000854,PROD00310,1,11465.44,1146.54,10318.9
OI00000855-1,ORD00000855,PROD00012,2,11531.07,2306.21,20755.93
OI00000855-2,ORD00000855,PROD00066,4,21806.77,0.0,87227.08
OI00000855-3,ORD00000855,PROD00179,3,21643.38,0.0,64930.14
OI00000855-4,ORD00000855,PROD00021,3,21222.98,0.0,63668.94
OI00000856-1,ORD00000856,PROD00231,4,1734.46,0.0,6937.84
OI00000856-2,ORD00000856,PROD00004,3,7422.27,0.0,22266.81
OI00000856-3,ORD00000856,PROD00034,1,20180.05,0.0,20180.05
OI00000857-1,ORD00000857,PROD00191,2,719.62,143.92,1295.32
OI00000857-2,ORD00000857,PROD00330,1,16495.98,0.0,16495.98
OI00000857-3,ORD00000857,PROD00319,4,339.48,203.69,1154.23
OI00000858-1,ORD00000858,PROD00142,4,1480.08,0.0,5920.32
OI00000858-2,ORD00000858,PROD00301,4,15056.56,0.0,60226.24
OI00000859-1,ORD00000859,PROD00192,1,5187.01,259.35,4927.66
OI00000859-2,ORD00000859,PROD00153,2,8528.45,0.0,17056.9
OI00000860-1,ORD00000860,PROD00215,1,16801.23,0.0,16801.23
OI00000860-2,ORD00000860,PROD00274,1,2466.2,0.0,2466.2
OI00000861-1,ORD00000861,PROD00111,1,11594.18,579.71,11014.47
OI00000861-2,ORD00000861,PROD00007,2,18525.88,3705.18,33346.58
OI00000861-3,ORD00000861,PROD00205,4,22069.77,13241.86,75037.22
OI00000861-4,ORD00000861,PROD00335,2,11428.89,0.0,22857.78
OI00000862-1,ORD00000862,PROD00201,4,17522.9,10513.74,59577.86
OI00000862-2,ORD00000862,PROD00070,1,23046.35,2304.63,20741.72
OI00000863-1,ORD00000863,PROD00174,4,13673.35,2734.67,51958.73
OI00000864-1,ORD00000864,PROD00070,3,23046.35,6913.9,62225.15
OI00000864-2,ORD00000864,PROD00007,1,18525.88,926.29,17599.59
OI00000865-1,ORD00000865,PROD00336,4,1810.42,0.0,7241.68
OI00000866-1,ORD00000866,PROD00290,1,19169.41,2875.41,16294.0
OI00000866-2,ORD00000866,PROD00261,4,17666.44,0.0,70665.76
OI00000866-3,ORD00000866,PROD00336,4,1810.42,362.08,6879.6
OI00000866-4,ORD00000866,PROD00073,2,3596.39,0.0,7192.78
OI00000867-1,ORD00000867,PROD00254,1,10249.25,1024.92,9224.33
OI00000868-1,ORD00000868,PROD00126,4,12025.16,0.0,48100.64
OI00000868-2,ORD00000868,PROD00075,2,1735.74,0.0,3471.48
OI00000868-3,ORD00000868,PROD00151,2,4900.37,0.0,9800.74
OI00000869-1,ORD00000869,PROD00176,2,24960.21,0.0,49920.42
OI00000869-2,ORD00000869,PROD00301,3,15056.56,0.0,45169.68
OI00000870-1,ORD00000870,PROD00243,2,5945.94,594.59,11297.29
OI00000870-2,ORD00000870,PROD00316,1,3014.12,0.0,3014.12
OI00000870-3,ORD00000870,PROD00346,2,8662.06,866.21,16457.91
OI00000870-4,ORD00000870,PROD00329,3,10605.13,0.0,31815.39
OI00000871-1,ORD00000871,PROD00309,3,2478.12,1115.15,6319.21
OI00000871-2,ORD00000871,PROD00286,1,3240.14,486.02,2754.12
OI00000871-3,ORD00000871,PROD00069,3,17377.04,0.0,52131.12
OI00000871-4,ORD00000871,PROD00184,3,20269.51,0.0,60808.53
OI00000872-1,ORD00000872,PROD00164,1,12489.77,0.0,12489.77
OI00000873-1,ORD00000873,PROD00131,4,1596.96,638.78,5749.06
OI00000873-2,ORD00000873,PROD00220,4,5039.64,0.0,20158.56
OI00000873-3,ORD00000873,PROD00110,4,9699.44,1939.89,36857.87
OI00000873-4,ORD00000873,PROD00031,1,5027.13,502.71,4524.42
OI00000874-1,ORD00000874,PROD00119,4,17032.97,10219.78,57912.1
OI00000874-2,ORD00000874,PROD00286,1,3240.14,324.01,2916.13
OI00000874-3,ORD00000874,PROD00057,1,634.37,31.72,602.65
OI00000874-4,ORD00000874,PROD00150,2,1889.59,0.0,3779.18
OI00000874-5,ORD00000874,PROD00224,3,23476.13,0.0,70428.39
OI00000875-1,ORD00000875,PROD00202,2,10405.57,0.0,20811.14
OI00000875-2,ORD00000875,PROD00167,2,7684.68,0.0,15369.36
OI00000876-1,ORD00000876,PROD00259,2,6394.49,0.0,12788.98
OI00000877-1,ORD00000877,PROD00005,2,12790.76,0.0,25581.52
OI00000877-2,ORD00000877,PROD00086,2,21556.26,6466.88,36645.64
OI00000878-1,ORD00000878,PROD00107,2,10358.42,0.0,20716.84
OI00000879-1,ORD00000879,PROD00150,4,1889.59,377.92,7180.44
OI00000879-2,ORD00000879,PROD00123,1,4905.47,490.55,4414.92
OI00000880-1,ORD00000880,PROD00047,1,23596.32,0.0,23596.32
OI00000880-2,ORD00000880,PROD00061,4,8790.91,0.0,35163.64
OI00000880-3,ORD00000880,PROD00012,1,11531.07,576.55,10954.52
OI00000880-4,ORD00000880,PROD00291,2,16653.64,0.0,33307.28
OI00000880-5,ORD00000880,PROD00072,4,7657.87,0.0,30631.48
OI00000881-1,ORD00000881,PROD00154,1,21079.89,2107.99,18971.9
OI00000881-2,ORD00000881,PROD00218,4,9795.93,0.0,39183.72
OI00000881-3,ORD00000881,PROD00199,2,13170.12,0.0,26340.24
OI00000882-1,ORD00000882,PROD00223,1,14073.25,0.0,14073.25
OI00000882-2,ORD00000882,PROD00126,4,12025.16,0.0,48100.64
OI00000883-1,ORD00000883,PROD00331,3,15173.99,6828.3,38693.67
OI00000883-2,ORD00000883,PROD00133,3,10071.99,3021.6,27194.37
OI00000883-3,ORD00000883,PROD00073,3,3596.39,0.0,10789.17
OI00000883-4,ORD00000883,PROD00010,2,4667.93,1400.38,7935.48
OI00000883-5,ORD00000883,PROD00134,1,11362.61,0.0,11362.61
OI00000884-1,ORD00000884,PROD00016,4,21060.14,0.0,84240.56
OI00000884-2,ORD00000884,PROD00193,3,9247.87,0.0,27743.61
OI00000884-3,ORD00000884,PROD00298,3,19293.46,2894.02,54986.36
OI00000884-4,ORD00000884,PROD00222,4,18114.09,0.0,72456.36
OI00000885-1,ORD00000885,PROD00072,1,7657.87,1148.68,6509.19
OI00000886-1,ORD00000886,PROD00148,1,15616.8,0.0,15616.8
OI00000886-2,ORD00000886,PROD00201,2,17522.9,0.0,35045.8
OI00000886-3,ORD00000886,PROD00272,3,6955.22,2086.57,18779.09
OI00000886-4,ORD00000886,PROD00036,4,19263.87,0.0,77055.48
OI00000886-5,ORD00000886,PROD00167,2,7684.68,768.47,14600.89
OI00000887-1,ORD00000887,PROD00177,4,19263.4,0.0,77053.6
OI00000887-2,ORD00000887,PROD00005,3,12790.76,0.0,38372.28
OI00000888-1,ORD00000888,PROD00055,1,2152.81,322.92,1829.89
OI00000888-2,ORD00000888,PROD00215,1,16801.23,2520.18,14281.05
OI00000888-3,ORD00000888,PROD00091,3,3604.39,0.0,10813.17
OI00000889-1,ORD00000889,PROD00032,4,7626.11,3050.44,27454.0
OI00000890-1,ORD00000890,PROD00028,1,3322.41,0.0,3322.41
OI00000891-1,ORD00000891,PROD00046,2,20054.13,0.0,40108.26
OI00000892-1,ORD00000892,PROD00336,3,1810.42,543.13,4888.13
OI00000893-1,ORD00000893,PROD00115,3,24607.38,0.0,73822.14
OI00000893-2,ORD00000893,PROD00196,1,10833.41,0.0,10833.41
OI00000893-3,ORD00000893,PROD00336,2,1810.42,0.0,3620.84
OI00000894-1,ORD00000894,PROD00055,1,2152.81,0.0,2152.81
OI00000895-1,ORD00000895,PROD00159,4,24425.69,0.0,97702.76
OI00000895-2,ORD00000895,PROD00133,2,10071.99,0.0,20143.98
OI00000896-1,ORD00000896,PROD00087,2,21498.23,0.0,42996.46
OI00000896-2,ORD00000896,PROD00052,2,22735.31,2273.53,43197.09
OI00000896-3,ORD00000896,PROD00343,2,19579.2,1957.92,37200.48
OI00000896-4,ORD00000896,PROD00232,1,12800.1,1280.01,11520.09
OI00000896-5,ORD00000896,PROD00201,4,17522.9,10513.74,59577.86
OI00000897-1,ORD00000897,PROD00040,4,3967.96,793.59,15078.25
OI00000897-2,ORD00000897,PROD00280,4,11325.36,4530.14,40771.3
OI00000897-3,ORD00000897,PROD00139,3,1559.26,233.89,4443.89
OI00000898-1,ORD00000898,PROD00186,1,8185.68,0.0,8185.68
OI00000898-2,ORD00000898,PROD00212,1,11560.86,1156.09,10404.77
OI00000899-1,ORD00000899,PROD00140,2,14612.46,0.0,29224.92
OI00000899-2,ORD00000899,PROD00028,3,3322.41,1495.08,8472.15
OI00000899-3,ORD00000899,PROD00215,4,16801.23,6720.49,60484.43
OI00000900-1,ORD00000900,PROD00130,3,22922.02,0.0,68766.06
OI00000900-2,ORD00000900,PROD00183,3,14458.84,4337.65,39038.87
OI00000900-3,ORD00000900,PROD00089,1,7704.52,385.23,7319.29
OI00000900-4,ORD00000900,PROD00338,3,10521.18,0.0,31563.54
OI00000901-1,ORD00000901,PROD00280,1,11325.36,1132.54,10192.82
OI00000901-2,ORD00000901,PROD00076,4,22512.17,0.0,90048.68
OI00000902-1,ORD00000902,PROD00148,2,15616.8,4685.04,26548.56
OI00000902-2,ORD00000902,PROD00034,3,20180.05,6054.02,54486.13
OI00000902-3,ORD00000902,PROD00215,1,16801.23,840.06,15961.17
OI00000902-4,ORD00000902,PROD00208,3,11300.85,0.0,33902.55
OI00000902-5,ORD00000902,PROD00178,1,20555.44,0.0,20555.44
OI00000903-1,ORD00000903,PROD00160,2,21368.16,6410.45,36325.87
OI00000903-2,ORD00000903,PROD00143,1,8628.21,1294.23,7333.98
OI00000903-3,ORD00000903,PROD00096,2,7650.09,0.0,15300.18
OI00000904-1,ORD00000904,PROD00218,1,9795.93,0.0,9795.93
OI00000904-2,ORD00000904,PROD00255,2,4895.99,0.0,9791.98
OI00000904-3,ORD00000904,PROD00329,4,10605.13,0.0,42420.52
OI00000904-4,ORD00000904,PROD00030,2,7097.31,0.0,14194.62
OI00000904-5,ORD00000904,PROD00032,2,7626.11,0.0,15252.22
OI00000905-1,ORD00000905,PROD00042,1,3118.44,0.0,3118.44
OI00000906-1,ORD00000906,PROD00060,2,7484.13,0.0,14968.26
OI00000906-2,ORD00000906,PROD00255,1,4895.99,489.6,4406.39
OI00000906-3,ORD00000906,PROD00239,4,6094.11,0.0,24376.44
OI00000906-4,ORD00000906,PROD00054,4,17451.9,0.0,69807.6
OI00000907-1,ORD00000907,PROD00326,4,13890.31,5556.12,50005.12
OI00000907-2,ORD00000907,PROD00169,3,5792.93,0.0,17378.79
OI00000907-3,ORD00000907,PROD00322,1,14307.01,0.0,14307.01
OI00000908-1,ORD00000908,PROD00062,1,17873.06,893.65,16979.41
OI00000908-2,ORD00000908,PROD00086,4,21556.26,8622.5,77602.54
OI00000909-1,ORD00000909,PROD00117,4,1680.75,0.0,6723.0
OI00000910-1,ORD00000910,PROD00057,4,634.37,0.0,2537.48
OI00000910-2,ORD00000910,PROD00067,2,18306.34,5491.9,31120.78
OI00000910-3,ORD00000910,PROD00306,4,18198.52,0.0,72794.08
OI00000910-4,ORD00000910,PROD00247,4,10596.3,0.0,42385.2
OI00000910-5,ORD00000910,PROD00275,2,23306.6,2330.66,44282.54
OI00000911-1,ORD00000911,PROD00055,1,2152.81,0.0,2152.81
OI00000911-2,ORD00000911,PROD00147,1,5524.18,828.63,4695.55
OI00000911-3,ORD00000911,PROD00282,3,15862.74,0.0,47588.22
OI00000911-4,ORD00000911,PROD00239,1,6094.11,0.0,6094.11
OI00000911-5,ORD00000911,PROD00087,3,21498.23,9674.2,54820.49
OI00000912-1,ORD00000912,PROD00084,1,6169.9,308.5,5861.4
OI00000912-2,ORD00000912,PROD00300,1,20412.89,1020.64,19392.25
OI00000913-1,ORD00000913,PROD00204,4,17481.19,0.0,69924.76
OI00000913-2,ORD00000913,PROD00200,4,18445.4,11067.24,62714.36
OI00000913-3,ORD00000913,PROD00350,3,17684.33,0.0,53052.99
OI00000914-1,ORD00000914,PROD00073,1,3596.39,0.0,3596.39
OI00000914-2,ORD00000914,PROD00029,1,19909.52,995.48,18914.04
OI00000914-3,ORD00000914,PROD00153,2,8528.45,852.85,16204.05
OI00000915-1,ORD00000915,PROD00024,3,13853.73,0.0,41561.19
OI00000915-2,ORD00000915,PROD00145,2,21307.62,6392.29,36222.95
OI00000915-3,ORD00000915,PROD00058,2,18176.41,3635.28,32717.54
OI00000916-1,ORD00000916,PROD00013,1,7604.86,0.0,7604.86
OI00000916-2,ORD00000916,PROD00055,4,2152.81,861.12,7750.12
OI00000917-1,ORD00000917,PROD00189,1,4749.05,237.45,4511.6
OI00000918-1,ORD00000918,PROD00126,2,12025.16,3607.55,20442.77
OI00000918-2,ORD00000918,PROD00315,3,14855.14,0.0,44565.42
OI00000918-3,ORD00000918,PROD00159,1,24425.69,0.0,24425.69
OI00000918-4,ORD00000918,PROD00002,3,11732.07,0.0,35196.21
OI00000919-1,ORD00000919,PROD00252,4,21548.3,0.0,86193.2
OI00000919-2,ORD00000919,PROD00164,4,12489.77,0.0,49959.08
OI00000920-1,ORD00000920,PROD00230,4,8334.56,0.0,33338.24
OI00000921-1,ORD00000921,PROD00255,1,4895.99,0.0,4895.99
OI00000921-2,ORD00000921,PROD00186,3,8185.68,0.0,24557.04
OI00000921-3,ORD00000921,PROD00193,1,9247.87,1387.18,7860.69
OI00000921-4,ORD00000921,PROD00307,4,13721.18,0.0,54884.72
OI00000921-5,ORD00000921,PROD00117,4,1680.75,0.0,6723.0
OI00000922-1,ORD00000922,PROD00144,4,4774.42,954.88,18142.8
OI00000922-2,ORD00000922,PROD00240,2,15221.18,0.0,30442.36
OI00000922-3,ORD00000922,PROD00184,1,20269.51,1013.48,19256.03
OI00000923-1,ORD00000923,PROD00238,1,16218.76,0.0,16218.76
OI00000923-2,ORD00000923,PROD00197,3,14707.92,6618.56,37505.2
OI00000923-3,ORD00000923,PROD00247,2,10596.3,1059.63,20132.97
OI00000923-4,ORD00000923,PROD00341,1,22735.67,0.0,22735.67
OI00000923-5,ORD00000923,PROD00051,4,10511.67,0.0,42046.68
OI00000924-1,ORD00000924,PROD00152,1,5018.12,0.0,5018.12
OI00000924-2,ORD00000924,PROD00258,3,17451.91,7853.36,44502.37
OI00000924-3,ORD00000924,PROD00236,2,23089.06,2308.91,43869.21
OI00000924-4,ORD00000924,PROD00026,2,4075.27,815.05,7335.49
OI00000925-1,ORD00000925,PROD00076,4,22512.17,0.0,90048.68
OI00000925-2,ORD00000925,PROD00285,3,7381.88,0.0,22145.64
OI00000925-3,ORD00000925,PROD00230,4,8334.56,1666.91,31671.33
OI00000925-4,ORD00000925,PROD00129,2,19114.26,0.0,38228.52
OI00000926-1,ORD00000926,PROD00106,3,16178.76,0.0,48536.28
OI00000927-1,ORD00000927,PROD00310,2,11465.44,0.0,22930.88
OI00000927-2,ORD00000927,PROD00271,4,21715.63,13029.38,73833.14
OI00000927-3,ORD00000927,PROD00259,4,6394.49,2557.8,23020.16
OI00000928-1,ORD00000928,PROD00202,2,10405.57,0.0,20811.14
OI00000928-2,ORD00000928,PROD00030,3,7097.31,0.0,21291.93
OI00000928-3,ORD00000928,PROD00121,3,17020.33,0.0,51060.99
OI00000928-4,ORD00000928,PROD00178,1,20555.44,3083.32,17472.12
OI00000928-5,ORD00000928,PROD00269,2,14198.95,1419.9,26978.0
OI00000929-1,ORD00000929,PROD00220,3,5039.64,0.0,15118.92
OI00000929-2,ORD00000929,PROD00161,2,15755.01,4726.5,26783.52
OI00000929-3,ORD00000929,PROD00336,3,1810.42,271.56,5159.7
OI00000929-4,ORD00000929,PROD00231,1,1734.46,260.17,1474.29
OI00000930-1,ORD00000930,PROD00224,1,23476.13,2347.61,21128.52
OI00000930-2,ORD00000930,PROD00015,2,21482.35,4296.47,38668.23
OI00000931-1,ORD00000931,PROD00067,4,18306.34,10983.8,62241.56
OI00000931-2,ORD00000931,PROD00106,2,16178.76,0.0,32357.52
OI00000931-3,ORD00000931,PROD00091,2,3604.39,1081.32,6127.46
OI00000931-4,ORD00000931,PROD00076,4,22512.17,0.0,90048.68
OI00000932-1,ORD00000932,PROD00219,1,19321.62,966.08,18355.54
OI00000932-2,ORD00000932,PROD00055,4,2152.81,0.0,8611.24
OI00000932-3,ORD00000932,PROD00030,3,7097.31,0.0,21291.93
OI00000932-4,ORD00000932,PROD00316,3,3014.12,0.0,9042.36
OI00000933-1,ORD00000933,PROD00017,3,19254.54,0.0,57763.62
OI00000933-2,ORD00000933,PROD00054,4,17451.9,6980.76,62826.84
OI00000934-1,ORD00000934,PROD00212,1,11560.86,0.0,11560.86
OI00000934-2,ORD00000934,PROD00137,2,22614.03,6784.21,38443.85
OI00000935-1,ORD00000935,PROD00013,1,7604.86,380.24,7224.62
OI00000935-2,ORD00000935,PROD00238,1,16218.76,0.0,16218.76
OI00000935-3,ORD00000935,PROD00042,4,3118.44,0.0,12473.76
OI00000935-4,ORD00000935,PROD00229,1,6335.91,0.0,6335.91
OI00000935-5,ORD00000935,PROD00006,1,8918.67,0.0,8918.67
OI00000936-1,ORD00000936,PROD00094,3,1683.18,0.0,5049.54
OI00000936-2,ORD00000936,PROD00193,2,9247.87,0.0,18495.74
OI00000936-3,ORD00000936,PROD00226,2,11496.46,2299.29,20693.63
OI00000936-4,ORD00000936,PROD00143,4,8628.21,1725.64,32787.2
OI00000937-1,ORD00000937,PROD00204,3,17481.19,0.0,52443.57
OI00000938-1,ORD00000938,PROD00167,1,7684.68,1152.7,6531.98
OI00000938-2,ORD00000938,PROD00310,2,11465.44,3439.63,19491.25
OI00000938-3,ORD00000938,PROD00310,2,11465.44,0.0,22930.88
OI00000938-4,ORD00000938,PROD00237,2,6989.25,698.93,13279.57
OI00000938-5,ORD00000938,PROD00093,1,23736.46,0.0,23736.46
OI00000939-1,ORD00000939,PROD00153,4,8528.45,0.0,34113.8
OI00000940-1,ORD00000940,PROD00088,4,13567.39,0.0,54269.56
OI00000940-2,ORD00000940,PROD00284,3,10726.51,0.0,32179.53
OI00000940-3,ORD00000940,PROD00106,4,16178.76,0.0,64715.04
OI00000941-1,ORD00000941,PROD00280,4,11325.36,0.0,45301.44
OI00000941-2,ORD00000941,PROD00002,4,11732.07,7039.24,39889.04
OI00000941-3,ORD00000941,PROD00254,3,10249.25,1537.39,29210.36
OI00000941-4,ORD00000941,PROD00012,2,11531.07,0.0,23062.14
OI00000941-5,ORD00000941,PROD00280,1,11325.36,1698.8,9626.56
OI00000942-1,ORD00000942,PROD00191,3,719.62,0.0,2158.86
OI00000943-1,ORD00000943,PROD00300,2,20412.89,0.0,40825.78
OI00000944-1,ORD00000944,PROD00086,2,21556.26,0.0,43112.52
OI00000945-1,ORD00000945,PROD00177,1,19263.4,0.0,19263.4
OI00000945-2,ORD00000945,PROD00317,2,16337.28,0.0,32674.56
OI00000945-3,ORD00000945,PROD00146,3,8249.05,3712.07,21035.08
OI00000946-1,ORD00000946,PROD00287,3,4242.92,1909.31,10819.45
OI00000946-2,ORD00000946,PROD00107,2,10358.42,0.0,20716.84
OI00000946-3,ORD00000946,PROD00099,2,16343.82,0.0,32687.64
OI00000946-4,ORD00000946,PROD00127,4,21020.66,0.0,84082.64
OI00000946-5,ORD00000946,PROD00304,4,24529.51,0.0,98118.04
OI00000947-1,ORD00000947,PROD00331,2,15173.99,0.0,30347.98
OI00000947-2,ORD00000947,PROD00065,3,11181.79,0.0,33545.37
OI00000947-3,ORD00000947,PROD00047,2,23596.32,4719.26,42473.38
OI00000947-4,ORD00000947,PROD00030,4,7097.31,0.0,28389.24
OI00000947-5,ORD00000947,PROD00307,4,13721.18,0.0,54884.72
OI00000948-1,ORD00000948,PROD00206,2,22722.97,0.0,45445.94
OI00000948-2,ORD00000948,PROD00247,4,10596.3,0.0,42385.2
OI00000948-3,ORD00000948,PROD00302,3,7756.84,0.0,23270.52
OI00000948-4,ORD00000948,PROD00082,1,23934.46,0.0,23934.46
OI00000949-1,ORD00000949,PROD00230,3,8334.56,2500.37,22503.31
OI00000949-2,ORD00000949,PROD00051,2,10511.67,0.0,21023.34
OI00000950-1,ORD00000950,PROD00119,4,17032.97,0.0,68131.88
OI00000950-2,ORD00000950,PROD00217,3,11079.35,1661.9,31576.15
OI00000950-3,ORD00000950,PROD00164,2,12489.77,3746.93,21232.61
OI00000951-1,ORD00000951,PROD00014,4,2236.5,0.0,8946.0
OI00000951-2,ORD00000951,PROD00230,2,8334.56,0.0,16669.12
OI00000952-1,ORD00000952,PROD00139,1,1559.26,0.0,1559.26
OI00000952-2,ORD00000952,PROD00086,1,21556.26,0.0,21556.26
OI00000953-1,ORD00000953,PROD00139,2,1559.26,467.78,2650.74
OI00000954-1,ORD00000954,PROD00342,1,296.09,29.61,266.48
OI00000954-2,ORD00000954,PROD00227,4,1146.28,458.51,4126.61
OI00000955-1,ORD00000955,PROD00192,3,5187.01,0.0,15561.03
OI00000955-2,ORD00000955,PROD00079,1,9711.52,971.15,8740.37
OI00000956-1,ORD00000956,PROD00277,1,16643.7,1664.37,14979.33
OI00000956-2,ORD00000956,PROD00093,1,23736.46,0.0,23736.46
OI00000956-3,ORD00000956,PROD00278,4,20166.44,4033.29,76632.47
OI00000957-1,ORD00000957,PROD00102,2,7550.93,0.0,15101.86
OI00000957-2,ORD00000957,PROD00088,4,13567.39,0.0,54269.56
OI00000957-3,ORD00000957,PROD00049,3,1583.63,475.09,4275.8
OI00000957-4,ORD00000957,PROD00030,2,7097.31,0.0,14194.62
OI00000957-5,ORD00000957,PROD00240,3,15221.18,2283.18,43380.36
OI00000958-1,ORD00000958,PROD00270,2,6520.83,1956.25,11085.41
OI00000958-2,ORD00000958,PROD00278,2,20166.44,0.0,40332.88
OI00000958-3,ORD00000958,PROD00224,4,23476.13,0.0,93904.52
OI00000959-1,ORD00000959,PROD00065,2,11181.79,0.0,22363.58
OI00000959-2,ORD00000959,PROD00157,2,21965.78,6589.73,37341.83
OI00000959-3,ORD00000959,PROD00164,3,12489.77,0.0,37469.31
OI00000959-4,ORD00000959,PROD00300,4,20412.89,0.0,81651.56
OI00000960-1,ORD00000960,PROD00055,2,2152.81,0.0,4305.62
OI00000961-1,ORD00000961,PROD00097,3,19582.9,0.0,58748.7
OI00000961-2,ORD00000961,PROD00331,1,15173.99,0.0,15173.99
OI00000961-3,ORD00000961,PROD00087,2,21498.23,0.0,42996.46
OI00000961-4,ORD00000961,PROD00141,1,15103.07,0.0,15103.07
OI00000962-1,ORD00000962,PROD00202,2,10405.57,3121.67,17689.47
OI00000962-2,ORD00000962,PROD00228,1,24578.41,0.0,24578.41
OI00000962-3,ORD00000962,PROD00210,4,18661.64,0.0,74646.56
OI00000962-4,ORD00000962,PROD00135,3,8523.43,0.0,25570.29
OI00000963-1,ORD00000963,PROD00146,1,8249.05,0.0,8249.05
OI00000963-2,ORD00000963,PROD00119,1,17032.97,0.0,17032.97
OI00000963-3,ORD00000963,PROD00044,2,6687.09,0.0,13374.18
OI00000963-4,ORD00000963,PROD00190,2,2376.38,475.28,4277.48
OI00000964-1,ORD00000964,PROD00048,1,2165.22,216.52,1948.7
OI00000964-2,ORD00000964,PROD00114,4,7054.87,0.0,28219.48
OI00000964-3,ORD00000964,PROD00024,4,13853.73,0.0,55414.92
OI00000964-4,ORD00000964,PROD00271,2,21715.63,2171.56,41259.7
OI00000965-1,ORD00000965,PROD00215,1,16801.23,840.06,15961.17
OI00000966-1,ORD00000966,PROD00182,1,5279.14,0.0,5279.14
OI00000966-2,ORD00000966,PROD00294,3,20220.76,0.0,60662.28
OI00000966-3,ORD00000966,PROD00238,2,16218.76,0.0,32437.52
OI00000966-4,ORD00000966,PROD00139,4,1559.26,0.0,6237.04
OI00000966-5,ORD00000966,PROD00228,4,24578.41,14747.05,83566.59
OI00000967-1,ORD00000967,PROD00211,1,2911.33,0.0,2911.33
OI00000967-2,ORD00000967,PROD00330,3,16495.98,0.0,49487.94
OI00000968-1,ORD00000968,PROD00200,3,18445.4,0.0,55336.2
OI00000969-1,ORD00000969,PROD00338,4,10521.18,4208.47,37876.25
OI00000969-2,ORD00000969,PROD00186,4,8185.68,1637.14,31105.58
OI00000969-3,ORD00000969,PROD00017,4,19254.54,11552.72,65465.44
OI00000969-4,ORD00000969,PROD00107,3,10358.42,3107.53,27967.73
OI00000970-1,ORD00000970,PROD00243,3,5945.94,0.0,17837.82
OI00000971-1,ORD00000971,PROD00318,2,21629.15,0.0,43258.3
OI00000971-2,ORD00000971,PROD00154,2,21079.89,0.0,42159.78
OI00000971-3,ORD00000971,PROD00087,3,21498.23,6449.47,58045.22
OI00000971-4,ORD00000971,PROD00113,4,20219.94,0.0,80879.76
OI00000972-1,ORD00000972,PROD00177,4,19263.4,0.0,77053.6
OI00000972-2,ORD00000972,PROD00101,4,14649.72,5859.89,52738.99
OI00000972-3,ORD00000972,PROD00131,4,1596.96,638.78,5749.06
OI00000973-1,ORD00000973,PROD00116,4,4303.4,0.0,17213.6
OI00000973-2,ORD00000973,PROD00215,1,16801.23,0.0,16801.23
OI00000973-3,ORD00000973,PROD00240,2,15221.18,0.0,30442.36
OI00000974-1,ORD00000974,PROD00305,3,17525.16,0.0,52575.48
OI00000975-1,ORD00000975,PROD00090,1,4577.37,228.87,4348.5
OI00000975-2,ORD00000975,PROD00143,2,8628.21,0.0,17256.42
OI00000975-3,ORD00000975,PROD00303,1,15795.37,0.0,15795.37
OI00000976-1,ORD00000976,PROD00026,3,4075.27,611.29,11614.52
OI00000976-2,ORD00000976,PROD00332,4,966.51,579.91,3286.13
OI00000976-3,ORD00000976,PROD00049,3,1583.63,0.0,4750.89
OI00000976-4,ORD00000976,PROD00234,3,18943.28,0.0,56829.84
OI00000977-1,ORD00000977,PROD00278,4,20166.44,12099.86,68565.9
OI00000978-1,ORD00000978,PROD00348,4,16456.2,0.0,65824.8
OI00000978-2,ORD00000978,PROD00207,1,1959.51,0.0,1959.51
OI00000979-1,ORD00000979,PROD00293,1,9456.41,0.0,9456.41
OI00000979-2,ORD00000979,PROD00077,4,19060.68,3812.14,72430.58
OI00000979-3,ORD00000979,PROD00086,1,21556.26,0.0,21556.26
OI00000979-4,ORD00000979,PROD00265,3,18730.82,0.0,56192.46
OI00000979-5,ORD00000979,PROD00021,4,21222.98,12733.79,72158.13
OI00000980-1,ORD00000980,PROD00211,4,2911.33,0.0,11645.32
OI00000980-2,ORD00000980,PROD00173,1,19657.54,0.0,19657.54
OI00000980-3,ORD00000980,PROD00127,4,21020.66,0.0,84082.64
OI00000981-1,ORD00000981,PROD00341,2,22735.67,0.0,45471.34
OI00000981-2,ORD00000981,PROD00208,4,11300.85,6780.51,38422.89
OI00000981-3,ORD00000981,PROD00062,2,17873.06,0.0,35746.12
OI00000981-4,ORD00000981,PROD00094,4,1683.18,336.64,6396.08
OI00000982-1,ORD00000982,PROD00232,4,12800.1,0.0,51200.4
OI00000982-2,ORD00000982,PROD00112,3,17029.83,7663.42,43426.07
OI00000982-3,ORD00000982,PROD00307,1,13721.18,686.06,13035.12
OI00000982-4,ORD00000982,PROD00242,2,23459.95,4691.99,42227.91
OI00000982-5,ORD00000982,PROD00213,2,11796.15,0.0,23592.3
OI00000983-1,ORD00000983,PROD00327,3,16333.38,0.0,49000.14
OI00000983-2,ORD00000983,PROD00344,3,2433.74,730.12,6571.1
OI00000983-3,ORD00000983,PROD00071,2,9271.17,0.0,18542.34
OI00000984-1,ORD00000984,PROD00040,4,3967.96,2380.78,13491.06
OI00000984-2,ORD00000984,PROD00227,1,1146.28,57.31,1088.97
OI00000984-3,ORD00000984,PROD00201,2,17522.9,0.0,35045.8
OI00000984-4,ORD00000984,PROD00032,1,7626.11,381.31,7244.8
OI00000985-1,ORD00000985,PROD00298,2,19293.46,3858.69,34728.23
OI00000985-2,ORD00000985,PROD00316,1,3014.12,452.12,2562.0
OI00000985-3,ORD00000985,PROD00291,2,16653.64,1665.36,31641.92
OI00000985-4,ORD00000985,PROD00062,2,17873.06,1787.31,33958.81
OI00000985-5,ORD00000985,PROD00166,2,5219.63,0.0,10439.26
OI00000986-1,ORD00000986,PROD00313,3,23762.43,0.0,71287.29
OI00000986-2,ORD00000986,PROD00208,3,11300.85,0.0,33902.55
OI00000986-3,ORD00000986,PROD00016,2,21060.14,6318.04,35802.24
OI00000987-1,ORD00000987,PROD00328,1,24499.21,0.0,24499.21
OI00000987-2,ORD00000987,PROD00145,3,21307.62,6392.29,57530.57
OI00000987-3,ORD00000987,PROD00313,4,23762.43,4752.49,90297.23
OI00000988-1,ORD00000988,PROD00225,2,4381.86,0.0,8763.72
OI00000988-2,ORD00000988,PROD00189,3,4749.05,1424.72,12822.43
OI00000988-3,ORD00000988,PROD00272,2,6955.22,0.0,13910.44
OI00000988-4,ORD00000988,PROD00119,3,17032.97,7664.84,43434.07
OI00000988-5,ORD00000988,PROD00126,1,12025.16,1803.77,10221.39
OI00000989-1,ORD00000989,PROD00258,1,17451.91,872.6,16579.31
OI00000989-2,ORD00000989,PROD00325,4,24143.74,14486.24,82088.72
OI00000989-3,ORD00000989,PROD00139,2,1559.26,467.78,2650.74
OI00000989-4,ORD00000989,PROD00059,3,15693.39,7062.03,40018.14
OI00000990-1,ORD00000990,PROD00298,2,19293.46,5788.04,32798.88
OI00000990-2,ORD00000990,PROD00262,1,20752.25,0.0,20752.25
OI00000990-3,ORD00000990,PROD00001,2,23270.16,2327.02,44213.3
OI00000991-1,ORD00000991,PROD00212,3,11560.86,0.0,34682.58
OI00000991-2,ORD00000991,PROD00229,1,6335.91,0.0,6335.91
OI00000992-1,ORD00000992,PROD00233,2,579.27,57.93,1100.61
OI00000993-1,ORD00000993,PROD00154,3,21079.89,0.0,63239.67
OI00000993-2,ORD00000993,PROD00339,1,696.45,34.82,661.63
OI00000993-3,ORD00000993,PROD00076,3,22512.17,6753.65,60782.86
OI00000994-1,ORD00000994,PROD00002,4,11732.07,4692.83,42235.45
OI00000994-2,ORD00000994,PROD00058,4,18176.41,0.0,72705.64
OI00000994-3,ORD00000994,PROD00088,4,13567.39,2713.48,51556.08
OI00000994-4,ORD00000994,PROD00201,2,17522.9,0.0,35045.8
OI00000994-5,ORD00000994,PROD00286,1,3240.14,324.01,2916.13
OI00000995-1,ORD00000995,PROD00326,2,13890.31,1389.03,26391.59
OI00000996-1,ORD00000996,PROD00196,2,10833.41,3250.02,18416.8
OI00000996-2,ORD00000996,PROD00130,3,22922.02,6876.61,61889.45
OI00000996-3,ORD00000996,PROD00349,4,22965.12,0.0,91860.48
OI00000996-4,ORD00000996,PROD00042,2,3118.44,0.0,6236.88
OI00000996-5,ORD00000996,PROD00152,2,5018.12,0.0,10036.24
OI00000997-1,ORD00000997,PROD00047,2,23596.32,0.0,47192.64
OI00000997-2,ORD00000997,PROD00235,3,7450.54,0.0,22351.62
OI00000997-3,ORD00000997,PROD00005,2,12790.76,2558.15,23023.37
OI00000997-4,ORD00000997,PROD00137,4,22614.03,4522.81,85933.31
OI00000997-5,ORD00000997,PROD00031,2,5027.13,1005.43,9048.83
OI00000998-1,ORD00000998,PROD00125,4,4153.82,0.0,16615.28
OI00000998-2,ORD00000998,PROD00069,3,17377.04,0.0,52131.12
OI00000998-3,ORD00000998,PROD00181,3,8549.46,0.0,25648.38
OI00000999-1,ORD00000999,PROD00189,3,4749.05,2137.07,12110.08
OI00000999-2,ORD00000999,PROD00009,2,15614.07,1561.41,29666.73
OI00000999-3,ORD00000999,PROD00140,2,14612.46,0.0,29224.92
OI00000999-4,ORD00000999,PROD00181,4,8549.46,1709.89,32487.95
OI00001000-1,ORD00001000,PROD00066,2,21806.77,2180.68,41432.86
OI00001000-2,ORD00001000,PROD00020,4,1320.51,264.1,5017.94
OI00001001-1,ORD00001001,PROD00298,3,19293.46,5788.04,52092.34
OI00001001-2,ORD00001001,PROD00249,2,13843.66,0.0,27687.32
OI00001001-3,ORD00001001,PROD00026,3,4075.27,0.0,12225.81
OI00001002-1,ORD00001002,PROD00318,2,21629.15,0.0,43258.3
OI00001002-2,ORD00001002,PROD00197,4,14707.92,2941.58,55890.1
OI00001002-3,ORD00001002,PROD00038,4,19552.23,7820.89,70388.03
OI00001002-4,ORD00001002,PROD00299,4,2709.32,0.0,10837.28
OI00001002-5,ORD00001002,PROD00097,3,19582.9,2937.44,55811.26
OI00001003-1,ORD00001003,PROD00245,4,7169.55,2867.82,25810.38
OI00001003-2,ORD00001003,PROD00264,4,15922.7,9553.62,54137.18
OI00001003-3,ORD00001003,PROD00254,4,10249.25,4099.7,36897.3
OI00001003-4,ORD00001003,PROD00096,3,7650.09,1147.51,21802.76
OI00001003-5,ORD00001003,PROD00007,3,18525.88,0.0,55577.64
OI00001004-1,ORD00001004,PROD00312,2,9087.53,0.0,18175.06
OI00001004-2,ORD00001004,PROD00168,2,13786.27,2757.25,24815.29
OI00001004-3,ORD00001004,PROD00271,2,21715.63,4343.13,39088.13
OI00001005-1,ORD00001005,PROD00035,3,14071.44,0.0,42214.32
OI00001006-1,ORD00001006,PROD00157,2,21965.78,0.0,43931.56
OI00001007-1,ORD00001007,PROD00265,4,18730.82,0.0,74923.28
OI00001007-2,ORD00001007,PROD00078,4,3767.12,0.0,15068.48
OI00001008-1,ORD00001008,PROD00152,1,5018.12,0.0,5018.12
OI00001008-2,ORD00001008,PROD00318,2,21629.15,0.0,43258.3
OI00001009-1,ORD00001009,PROD00292,4,21804.92,4360.98,82858.7
OI00001010-1,ORD00001010,PROD00065,1,11181.79,1677.27,9504.52
OI00001010-2,ORD00001010,PROD00190,4,2376.38,950.55,8554.97
OI00001010-3,ORD00001010,PROD00068,1,12144.87,0.0,12144.87
OI00001010-4,ORD00001010,PROD00243,3,5945.94,0.0,17837.82
OI00001011-1,ORD00001011,PROD00221,3,17014.99,2552.25,48492.72
OI00001011-2,ORD00001011,PROD00079,3,9711.52,0.0,29134.56
OI00001011-3,ORD00001011,PROD00159,2,24425.69,0.0,48851.38
OI00001011-4,ORD00001011,PROD00252,3,21548.3,0.0,64644.9
OI00001011-5,ORD00001011,PROD00084,3,6169.9,0.0,18509.7
OI00001012-1,ORD00001012,PROD00050,1,22567.65,0.0,22567.65
OI00001012-2,ORD00001012,PROD00255,4,4895.99,979.2,18604.76
OI00001012-3,ORD00001012,PROD00101,2,14649.72,0.0,29299.44
OI00001012-4,ORD00001012,PROD00255,3,4895.99,0.0,14687.97
OI00001013-1,ORD00001013,PROD00024,2,13853.73,4156.12,23551.34
OI00001013-2,ORD00001013,PROD00171,1,6861.84,686.18,6175.66
OI00001014-1,ORD00001014,PROD00153,2,8528.45,0.0,17056.9
OI00001014-2,ORD00001014,PROD00159,3,24425.69,3663.85,69613.22
OI00001015-1,ORD00001015,PROD00274,4,2466.2,0.0,9864.8
OI00001015-2,ORD00001015,PROD00116,3,4303.4,0.0,12910.2
OI00001015-3,ORD00001015,PROD00003,4,24605.45,4921.09,93500.71
OI00001015-4,ORD00001015,PROD00165,1,17905.46,1790.55,16114.91
OI00001016-1,ORD00001016,PROD00046,4,20054.13,12032.48,68184.04
OI00001016-2,ORD00001016,PROD00123,2,4905.47,981.09,8829.85
OI00001016-3,ORD00001016,PROD00304,3,24529.51,0.0,73588.53
OI00001017-1,ORD00001017,PROD00310,1,11465.44,1146.54,10318.9
OI00001018-1,ORD00001018,PROD00049,3,1583.63,237.54,4513.35
OI00001019-1,ORD00001019,PROD00204,1,17481.19,2622.18,14859.01
OI00001020-1,ORD00001020,PROD00126,1,12025.16,1803.77,10221.39
OI00001020-2,ORD00001020,PROD00160,3,21368.16,0.0,64104.48
OI00001020-3,ORD00001020,PROD00061,3,8790.91,0.0,26372.73
OI00001020-4,ORD00001020,PROD00128,2,20549.76,0.0,41099.52
OI00001020-5,ORD00001020,PROD00042,1,3118.44,467.77,2650.67
OI00001021-1,ORD00001021,PROD00123,3,4905.47,1471.64,13244.77
OI00001022-1,ORD00001022,PROD00338,4,10521.18,4208.47,37876.25
OI00001023-1,ORD00001023,PROD00174,1,13673.35,683.67,12989.68
OI00001023-2,ORD00001023,PROD00145,4,21307.62,12784.57,72445.91
OI00001023-3,ORD00001023,PROD00308,2,9807.02,0.0,19614.04
OI00001023-4,ORD00001023,PROD00122,3,1221.77,549.8,3115.51
OI00001023-5,ORD00001023,PROD00214,2,4472.05,0.0,8944.1
OI00001024-1,ORD00001024,PROD00258,1,17451.91,872.6,16579.31
OI00001025-1,ORD00001025,PROD00306,2,18198.52,0.0,36397.04
OI00001026-1,ORD00001026,PROD00114,1,7054.87,0.0,7054.87
OI00001026-2,ORD00001026,PROD00103,2,21963.07,2196.31,41729.83
OI00001026-3,ORD00001026,PROD00194,1,3968.03,0.0,3968.03
OI00001027-1,ORD00001027,PROD00084,4,6169.9,0.0,24679.6
OI00001027-2,ORD00001027,PROD00096,1,7650.09,0.0,7650.09
OI00001027-3,ORD00001027,PROD00305,4,17525.16,0.0,70100.64
OI00001028-1,ORD00001028,PROD00308,4,9807.02,5884.21,33343.87
OI00001028-2,ORD00001028,PROD00004,4,7422.27,1484.45,28204.63
OI00001029-1,ORD00001029,PROD00273,2,16836.47,5050.94,28622.0
OI00001030-1,ORD00001030,PROD00317,3,16337.28,7351.78,41660.06
OI00001031-1,ORD00001031,PROD00068,4,12144.87,0.0,48579.48
OI00001031-2,ORD00001031,PROD00128,3,20549.76,9247.39,52401.89
OI00001031-3,ORD00001031,PROD00296,4,3229.07,0.0,12916.28
OI00001031-4,ORD00001031,PROD00187,2,24432.22,0.0,48864.44
OI00001032-1,ORD00001032,PROD00192,4,5187.01,2074.8,18673.24
OI00001032-2,ORD00001032,PROD00230,1,8334.56,0.0,8334.56
OI00001033-1,ORD00001033,PROD00202,2,10405.57,0.0,20811.14
OI00001034-1,ORD00001034,PROD00023,2,5836.05,1750.82,9921.28
OI00001034-2,ORD00001034,PROD00272,1,6955.22,1043.28,5911.94
OI00001034-3,ORD00001034,PROD00325,4,24143.74,0.0,96574.96
OI00001035-1,ORD00001035,PROD00061,2,8790.91,0.0,17581.82
OI00001035-2,ORD00001035,PROD00122,1,1221.77,0.0,1221.77
OI00001035-3,ORD00001035,PROD00187,2,24432.22,0.0,48864.44
OI00001035-4,ORD00001035,PROD00312,3,9087.53,0.0,27262.59
OI00001035-5,ORD00001035,PROD00081,2,14048.06,1404.81,26691.31
OI00001036-1,ORD00001036,PROD00333,2,15073.5,1507.35,28639.65
OI00001036-2,ORD00001036,PROD00022,1,973.58,97.36,876.22
OI00001036-3,ORD00001036,PROD00274,4,2466.2,0.0,9864.8
OI00001036-4,ORD00001036,PROD00069,4,17377.04,0.0,69508.16
OI00001036-5,ORD00001036,PROD00253,3,23510.11,10579.55,59950.78
OI00001037-1,ORD00001037,PROD00023,3,5836.05,0.0,17508.15
OI00001037-2,ORD00001037,PROD00286,3,3240.14,1458.06,8262.36
OI00001038-1,ORD00001038,PROD00009,1,15614.07,2342.11,13271.96
OI00001038-2,ORD00001038,PROD00281,4,16522.7,0.0,66090.8
OI00001038-3,ORD00001038,PROD00323,3,10163.0,3048.9,27440.1
OI00001038-4,ORD00001038,PROD00109,3,16822.54,0.0,50467.62
OI00001038-5,ORD00001038,PROD00170,4,11306.22,2261.24,42963.64
OI00001039-1,ORD00001039,PROD00254,1,10249.25,0.0,10249.25
OI00001039-2,ORD00001039,PROD00209,4,1876.23,0.0,7504.92
OI00001039-3,ORD00001039,PROD00121,4,17020.33,0.0,68081.32
OI00001039-4,ORD00001039,PROD00216,2,4489.61,0.0,8979.22
OI00001039-5,ORD00001039,PROD00278,4,20166.44,0.0,80665.76
OI00001040-1,ORD00001040,PROD00216,4,4489.61,0.0,17958.44
OI00001040-2,ORD00001040,PROD00068,2,12144.87,0.0,24289.74
OI00001041-1,ORD00001041,PROD00102,1,7550.93,0.0,7550.93
OI00001041-2,ORD00001041,PROD00226,2,11496.46,3448.94,19543.98
OI00001041-3,ORD00001041,PROD00326,1,13890.31,694.52,13195.79
OI00001042-1,ORD00001042,PROD00226,1,11496.46,0.0,11496.46
OI00001042-2,ORD00001042,PROD00067,2,18306.34,0.0,36612.68
OI00001042-3,ORD00001042,PROD00155,1,16388.99,0.0,16388.99
OI00001042-4,ORD00001042,PROD00126,3,12025.16,0.0,36075.48
OI00001042-5,ORD00001042,PROD00227,3,1146.28,0.0,3438.84
OI00001043-1,ORD00001043,PROD00240,1,15221.18,0.0,15221.18
OI00001043-2,ORD00001043,PROD00236,1,23089.06,2308.91,20780.15
OI00001043-3,ORD00001043,PROD00041,4,18327.17,3665.43,69643.25
OI00001044-1,ORD00001044,PROD00064,2,2094.58,0.0,4189.16
OI00001044-2,ORD00001044,PROD00166,4,5219.63,0.0,20878.52
OI00001044-3,ORD00001044,PROD00322,4,14307.01,2861.4,54366.64
OI00001044-4,ORD00001044,PROD00281,1,16522.7,0.0,16522.7
OI00001045-1,ORD00001045,PROD00243,1,5945.94,594.59,5351.35
OI00001045-2,ORD00001045,PROD00136,2,14715.94,0.0,29431.88
OI00001045-3,ORD00001045,PROD00329,1,10605.13,1060.51,9544.62
OI00001045-4,ORD00001045,PROD00096,2,7650.09,0.0,15300.18
OI00001046-1,ORD00001046,PROD00074,4,5428.76,0.0,21715.04
OI00001046-2,ORD00001046,PROD00350,2,17684.33,0.0,35368.66
OI00001047-1,ORD00001047,PROD00069,3,17377.04,0.0,52131.12
OI00001047-2,ORD00001047,PROD00084,4,6169.9,1233.98,23445.62
OI00001047-3,ORD00001047,PROD00193,2,9247.87,0.0,18495.74
OI00001047-4,ORD00001047,PROD00085,4,20182.68,4036.54,76694.18
OI00001047-5,ORD00001047,PROD00122,2,1221.77,0.0,2443.54
OI00001048-1,ORD00001048,PROD00012,1,11531.07,0.0,11531.07
OI00001048-2,ORD00001048,PROD00001,1,23270.16,1163.51,22106.65
OI00001049-1,ORD00001049,PROD00071,2,9271.17,0.0,18542.34
OI00001049-2,ORD00001049,PROD00254,1,10249.25,1024.92,9224.33
OI00001049-3,ORD00001049,PROD00303,2,15795.37,3159.07,28431.67
OI00001050-1,ORD00001050,PROD00138,3,12060.91,0.0,36182.73
OI00001050-2,ORD00001050,PROD00200,1,18445.4,922.27,17523.13
OI00001050-3,ORD00001050,PROD00166,4,5219.63,2087.85,18790.67
OI00001051-1,ORD00001051,PROD00016,1,21060.14,3159.02,17901.12
OI00001052-1,ORD00001052,PROD00222,2,18114.09,0.0,36228.18
OI00001052-2,ORD00001052,PROD00253,4,23510.11,4702.02,89338.42
OI00001053-1,ORD00001053,PROD00018,4,22565.26,4513.05,85747.99
OI00001053-2,ORD00001053,PROD00153,4,8528.45,0.0,34113.8
OI00001053-3,ORD00001053,PROD00227,1,1146.28,0.0,1146.28
OI00001053-4,ORD00001053,PROD00286,3,3240.14,0.0,9720.42
OI00001053-5,ORD00001053,PROD00122,4,1221.77,0.0,4887.08
OI00001054-1,ORD00001054,PROD00070,3,23046.35,0.0,69139.05
OI00001054-2,ORD00001054,PROD00020,4,1320.51,792.31,4489.73
OI00001054-3,ORD00001054,PROD00153,1,8528.45,0.0,8528.45
OI00001055-1,ORD00001055,PROD00188,2,24505.29,2450.53,46560.05
OI00001055-2,ORD00001055,PROD00233,4,579.27,0.0,2317.08
OI00001055-3,ORD00001055,PROD00191,1,719.62,35.98,683.64
OI00001055-4,ORD00001055,PROD00082,1,23934.46,0.0,23934.46
OI00001056-1,ORD00001056,PROD00325,4,24143.74,0.0,96574.96
OI00001056-2,ORD00001056,PROD00211,1,2911.33,0.0,2911.33
OI00001056-3,ORD00001056,PROD00294,4,20220.76,0.0,80883.04
OI00001057-1,ORD00001057,PROD00301,4,15056.56,9033.94,51192.3
OI00001057-2,ORD00001057,PROD00295,3,2274.03,682.21,6139.88
OI00001058-1,ORD00001058,PROD00162,3,5270.48,0.0,15811.44
OI00001058-2,ORD00001058,PROD00145,2,21307.62,0.0,42615.24
OI00001058-3,ORD00001058,PROD00214,4,4472.05,0.0,17888.2
OI00001058-4,ORD00001058,PROD00111,2,11594.18,0.0,23188.36
OI00001058-5,ORD00001058,PROD00114,3,7054.87,1058.23,20106.38
OI00001059-1,ORD00001059,PROD00274,1,2466.2,369.93,2096.27
OI00001059-2,ORD00001059,PROD00054,3,17451.9,5235.57,47120.13
OI00001059-3,ORD00001059,PROD00148,3,15616.8,0.0,46850.4
OI00001059-4,ORD00001059,PROD00129,1,19114.26,0.0,19114.26
OI00001059-5,ORD00001059,PROD00038,2,19552.23,5865.67,33238.79
OI00001060-1,ORD00001060,PROD00272,3,6955.22,1043.28,19822.38
OI00001060-2,ORD00001060,PROD00154,2,21079.89,6323.97,35835.81
OI00001060-3,ORD00001060,PROD00083,3,3051.07,457.66,8695.55
OI00001060-4,ORD00001060,PROD00237,4,6989.25,0.0,27957.0
OI00001060-5,ORD00001060,PROD00263,2,14672.69,0.0,29345.38
OI00001061-1,ORD00001061,PROD00030,3,7097.31,3193.79,18098.14
OI00001061-2,ORD00001061,PROD00280,3,11325.36,0.0,33976.08
OI00001061-3,ORD00001061,PROD00199,1,13170.12,658.51,12511.61
OI00001061-4,ORD00001061,PROD00040,2,3967.96,1190.39,6745.53
OI00001062-1,ORD00001062,PROD00307,3,13721.18,2058.18,39105.36
OI00001062-2,ORD00001062,PROD00013,3,7604.86,2281.46,20533.12
OI00001062-3,ORD00001062,PROD00220,4,5039.64,2015.86,18142.7
OI00001062-4,ORD00001062,PROD00138,4,12060.91,0.0,48243.64
OI00001062-5,ORD00001062,PROD00348,2,16456.2,0.0,32912.4
OI00001063-1,ORD00001063,PROD00026,1,4075.27,407.53,3667.74
OI00001064-1,ORD00001064,PROD00051,4,10511.67,0.0,42046.68
OI00001065-1,ORD00001065,PROD00170,4,11306.22,6783.73,38441.15
OI00001065-2,ORD00001065,PROD00268,4,17615.98,0.0,70463.92
OI00001065-3,ORD00001065,PROD00168,3,13786.27,2067.94,39290.87
OI00001066-1,ORD00001066,PROD00003,1,24605.45,0.0,24605.45
OI00001066-2,ORD00001066,PROD00198,4,235.71,0.0,942.84
OI00001066-3,ORD00001066,PROD00267,4,16380.3,6552.12,58969.08
OI00001067-1,ORD00001067,PROD00181,3,8549.46,0.0,25648.38
OI00001067-2,ORD00001067,PROD00055,2,2152.81,0.0,4305.62
OI00001067-3,ORD00001067,PROD00132,3,1691.47,0.0,5074.41
OI00001067-4,ORD00001067,PROD00036,4,19263.87,0.0,77055.48
OI00001068-1,ORD00001068,PROD00219,1,19321.62,1932.16,17389.46
OI00001068-2,ORD00001068,PROD00120,3,21353.8,3203.07,60858.33
OI00001068-3,ORD00001068,PROD00022,1,973.58,48.68,924.9
OI00001068-4,ORD00001068,PROD00011,2,13382.68,1338.27,25427.09
OI00001068-5,ORD00001068,PROD00100,1,14966.8,1496.68,13470.12
OI00001069-1,ORD00001069,PROD00032,2,7626.11,0.0,15252.22
OI00001069-2,ORD00001069,PROD00171,1,6861.84,686.18,6175.66
OI00001069-3,ORD00001069,PROD00314,2,8921.82,0.0,17843.64
OI00001069-4,ORD00001069,PROD00312,3,9087.53,4089.39,23173.2
OI00001070-1,ORD00001070,PROD00327,1,16333.38,1633.34,14700.04
OI00001070-2,ORD00001070,PROD00244,4,18055.76,7222.3,65000.74
OI00001070-3,ORD00001070,PROD00250,2,7116.48,0.0,14232.96
OI00001070-4,ORD00001070,PROD00173,2,19657.54,3931.51,35383.57
OI00001071-1,ORD00001071,PROD00270,1,6520.83,0.0,6520.83
OI00001071-2,ORD00001071,PROD00163,1,4227.47,211.37,4016.1
OI00001071-3,ORD00001071,PROD00105,3,8573.66,1286.05,24434.93
OI00001072-1,ORD00001072,PROD00328,2,24499.21,4899.84,44098.58
OI00001072-2,ORD00001072,PROD00129,1,19114.26,0.0,19114.26
OI00001072-3,ORD00001072,PROD00300,1,20412.89,0.0,20412.89
OI00001072-4,ORD00001072,PROD00337,4,17875.4,0.0,71501.6
OI00001073-1,ORD00001073,PROD00120,1,21353.8,0.0,21353.8
OI00001074-1,ORD00001074,PROD00240,2,15221.18,0.0,30442.36
OI00001075-1,ORD00001075,PROD00341,4,22735.67,4547.13,86395.55
OI00001075-2,ORD00001075,PROD00147,4,5524.18,1104.84,20991.88
OI00001075-3,ORD00001075,PROD00186,3,8185.68,0.0,24557.04
OI00001075-4,ORD00001075,PROD00337,3,17875.4,0.0,53626.2
OI00001076-1,ORD00001076,PROD00002,2,11732.07,2346.41,21117.73
OI00001076-2,ORD00001076,PROD00164,4,12489.77,7493.86,42465.22
OI00001077-1,ORD00001077,PROD00332,2,966.51,0.0,1933.02
OI00001077-2,ORD00001077,PROD00220,1,5039.64,755.95,4283.69
OI00001078-1,ORD00001078,PROD00150,2,1889.59,0.0,3779.18
OI00001078-2,ORD00001078,PROD00228,2,24578.41,7373.52,41783.3
OI00001078-3,ORD00001078,PROD00002,4,11732.07,2346.41,44581.87
OI00001078-4,ORD00001078,PROD00094,2,1683.18,504.95,2861.41
OI00001079-1,ORD00001079,PROD00240,2,15221.18,0.0,30442.36
OI00001080-1,ORD00001080,PROD00319,1,339.48,16.97,322.51
OI00001080-2,ORD00001080,PROD00079,2,9711.52,0.0,19423.04
OI00001080-3,ORD00001080,PROD00236,2,23089.06,0.0,46178.12
OI00001080-4,ORD00001080,PROD00335,4,11428.89,0.0,45715.56
OI00001081-1,ORD00001081,PROD00029,1,19909.52,2986.43,16923.09
OI00001081-2,ORD00001081,PROD00220,3,5039.64,0.0,15118.92
OI00001081-3,ORD00001081,PROD00278,4,20166.44,0.0,80665.76
OI00001081-4,ORD00001081,PROD00344,3,2433.74,365.06,6936.16
OI00001081-5,ORD00001081,PROD00229,3,6335.91,2851.16,16156.57
OI00001082-1,ORD00001082,PROD00104,1,15897.49,1589.75,14307.74
OI00001082-2,ORD00001082,PROD00277,1,16643.7,832.19,15811.51
OI00001082-3,ORD00001082,PROD00108,4,19693.27,7877.31,70895.77
OI00001083-1,ORD00001083,PROD00030,3,7097.31,0.0,21291.93
OI00001083-2,ORD00001083,PROD00262,4,20752.25,0.0,83009.0
OI00001083-3,ORD00001083,PROD00208,2,11300.85,2260.17,20341.53
OI00001083-4,ORD00001083,PROD00135,4,8523.43,1704.69,32389.03
OI00001083-5,ORD00001083,PROD00106,1,16178.76,0.0,16178.76
OI00001084-1,ORD00001084,PROD00205,1,22069.77,0.0,22069.77
OI00001084-2,ORD00001084,PROD00059,1,15693.39,2354.01,13339.38
OI00001084-3,ORD00001084,PROD00171,1,6861.84,686.18,6175.66
OI00001084-4,ORD00001084,PROD00280,1,11325.36,0.0,11325.36
OI00001084-5,ORD00001084,PROD00291,4,16653.64,9992.18,56622.38
OI00001085-1,ORD00001085,PROD00206,4,22722.97,13633.78,77258.1
OI00001086-1,ORD00001086,PROD00113,4,20219.94,0.0,80879.76
OI00001086-2,ORD00001086,PROD00302,2,7756.84,775.68,14738.0
OI00001087-1,ORD00001087,PROD00340,4,17115.28,10269.17,58191.95
OI00001087-2,ORD00001087,PROD00156,4,6041.74,0.0,24166.96
OI00001087-3,ORD00001087,PROD00125,3,4153.82,0.0,12461.46
OI00001087-4,ORD00001087,PROD00216,4,4489.61,0.0,17958.44
OI00001087-5,ORD00001087,PROD00236,4,23089.06,9235.62,83120.62
OI00001088-1,ORD00001088,PROD00250,4,7116.48,0.0,28465.92
OI00001089-1,ORD00001089,PROD00324,1,1645.09,246.76,1398.33
OI00001089-2,ORD00001089,PROD00163,4,4227.47,2536.48,14373.4
OI00001089-3,ORD00001089,PROD00017,3,19254.54,0.0,57763.62
OI00001090-1,ORD00001090,PROD00135,1,8523.43,0.0,8523.43
OI00001090-2,ORD00001090,PROD00189,2,4749.05,0.0,9498.1
OI00001090-3,ORD00001090,PROD00040,3,3967.96,0.0,11903.88
OI00001091-1,ORD00001091,PROD00332,3,966.51,0.0,2899.53
OI00001091-2,ORD00001091,PROD00102,4,7550.93,3020.37,27183.35
OI00001092-1,ORD00001092,PROD00309,1,2478.12,371.72,2106.4
OI00001092-2,ORD00001092,PROD00020,4,1320.51,264.1,5017.94
OI00001092-3,ORD00001092,PROD00317,4,16337.28,6534.91,58814.21
OI00001092-4,ORD00001092,PROD00028,2,3322.41,0.0,6644.82
OI00001092-5,ORD00001092,PROD00328,3,24499.21,11024.64,62472.99
OI00001093-1,ORD00001093,PROD00243,3,5945.94,0.0,17837.82
OI00001093-2,ORD00001093,PROD00119,4,17032.97,10219.78,57912.1
OI00001093-3,ORD00001093,PROD00219,3,19321.62,0.0,57964.86
OI00001093-4,ORD00001093,PROD00034,4,20180.05,0.0,80720.2
OI00001094-1,ORD00001094,PROD00339,2,696.45,0.0,1392.9
OI00001094-2,ORD00001094,PROD00182,4,5279.14,0.0,21116.56
OI00001094-3,ORD00001094,PROD00232,2,12800.1,2560.02,23040.18
OI00001094-4,ORD00001094,PROD00343,2,19579.2,5873.76,33284.64
OI00001094-5,ORD00001094,PROD00225,2,4381.86,0.0,8763.72
OI00001095-1,ORD00001095,PROD00290,1,19169.41,0.0,19169.41
OI00001095-2,ORD00001095,PROD00287,3,4242.92,1909.31,10819.45
OI00001096-1,ORD00001096,PROD00193,3,9247.87,0.0,27743.61
OI00001097-1,ORD00001097,PROD00200,1,18445.4,922.27,17523.13
OI00001097-2,ORD00001097,PROD00107,3,10358.42,0.0,31075.26
OI00001097-3,ORD00001097,PROD00197,4,14707.92,8824.75,50006.93
OI00001097-4,ORD00001097,PROD00131,4,1596.96,0.0,6387.84
OI00001098-1,ORD00001098,PROD00322,4,14307.01,0.0,57228.04
OI00001099-1,ORD00001099,PROD00007,2,18525.88,0.0,37051.76
OI00001099-2,ORD00001099,PROD00040,1,3967.96,198.4,3769.56
OI00001099-3,ORD00001099,PROD00290,1,19169.41,2875.41,16294.0
OI00001100-1,ORD00001100,PROD00198,1,235.71,35.36,200.35
OI00001100-2,ORD00001100,PROD00303,3,15795.37,4738.61,42647.5
OI00001100-3,ORD00001100,PROD00105,4,8573.66,1714.73,32579.91
OI00001100-4,ORD00001100,PROD00148,1,15616.8,2342.52,13274.28
OI00001101-1,ORD00001101,PROD00104,1,15897.49,0.0,15897.49
OI00001101-2,ORD00001101,PROD00218,3,9795.93,4408.17,24979.62
OI00001102-1,ORD00001102,PROD00213,4,11796.15,2359.23,44825.37
OI00001102-2,ORD00001102,PROD00236,1,23089.06,2308.91,20780.15
OI00001103-1,ORD00001103,PROD00072,3,7657.87,3446.04,19527.57
OI00001104-1,ORD00001104,PROD00069,2,17377.04,0.0,34754.08
OI00001105-1,ORD00001105,PROD00225,4,4381.86,1752.74,15774.7
OI00001105-2,ORD00001105,PROD00114,4,7054.87,1410.97,26808.51
OI00001106-1,ORD00001106,PROD00037,3,17674.8,0.0,53024.4
OI00001106-2,ORD00001106,PROD00326,3,13890.31,0.0,41670.93
OI00001106-3,ORD00001106,PROD00207,1,1959.51,0.0,1959.51
OI00001106-4,ORD00001106,PROD00151,1,4900.37,490.04,4410.33
OI00001106-5,ORD00001106,PROD00085,2,20182.68,0.0,40365.36
OI00001107-1,ORD00001107,PROD00223,3,14073.25,0.0,42219.75
OI00001107-2,ORD00001107,PROD00193,1,9247.87,0.0,9247.87
OI00001107-3,ORD00001107,PROD00282,4,15862.74,0.0,63450.96
OI00001108-1,ORD00001108,PROD00183,4,14458.84,5783.54,52051.82
OI00001108-2,ORD00001108,PROD00325,3,24143.74,0.0,72431.22
OI00001108-3,ORD00001108,PROD00299,2,2709.32,812.8,4605.84
OI00001108-4,ORD00001108,PROD00094,4,1683.18,1009.91,5722.81
OI00001108-5,ORD00001108,PROD00225,4,4381.86,0.0,17527.44
OI00001109-1,ORD00001109,PROD00166,1,5219.63,0.0,5219.63
OI00001109-2,ORD00001109,PROD00172,3,9009.37,0.0,27028.11
OI00001109-3,ORD00001109,PROD00107,3,10358.42,0.0,31075.26
OI00001109-4,ORD00001109,PROD00350,3,17684.33,5305.3,47747.69
OI00001109-5,ORD00001109,PROD00205,4,22069.77,0.0,88279.08
OI00001110-1,ORD00001110,PROD00120,1,21353.8,0.0,21353.8
OI00001110-2,ORD00001110,PROD00185,3,17159.78,2573.97,48905.37
OI00001111-1,ORD00001111,PROD00077,3,19060.68,0.0,57182.04
OI00001111-2,ORD00001111,PROD00059,3,15693.39,7062.03,40018.14
OI00001112-1,ORD00001112,PROD00110,1,9699.44,0.0,9699.44
OI00001112-2,ORD00001112,PROD00005,3,12790.76,0.0,38372.28
OI00001112-3,ORD00001112,PROD00299,3,2709.32,0.0,8127.96
OI00001113-1,ORD00001113,PROD00100,1,14966.8,2245.02,12721.78
OI00001113-2,ORD00001113,PROD00271,3,21715.63,6514.69,58632.2
OI00001113-3,ORD00001113,PROD00027,1,12715.52,0.0,12715.52
OI00001113-4,ORD00001113,PROD00275,4,23306.6,0.0,93226.4
OI00001113-5,ORD00001113,PROD00044,3,6687.09,0.0,20061.27
OI00001114-1,ORD00001114,PROD00118,4,22031.03,4406.21,83717.91
OI00001114-2,ORD00001114,PROD00274,4,2466.2,0.0,9864.8
OI00001114-3,ORD00001114,PROD00324,1,1645.09,0.0,1645.09
OI00001115-1,ORD00001115,PROD00344,4,2433.74,1460.24,8274.72
OI00001115-2,ORD00001115,PROD00269,3,14198.95,2129.84,40467.01
OI00001115-3,ORD00001115,PROD00155,2,16388.99,0.0,32777.98
OI00001115-4,ORD00001115,PROD00233,1,579.27,28.96,550.31
OI00001115-5,ORD00001115,PROD00329,1,10605.13,0.0,10605.13
OI00001116-1,ORD00001116,PROD00092,2,5103.86,0.0,10207.72
OI00001116-2,ORD00001116,PROD00207,1,1959.51,0.0,1959.51
OI00001116-3,ORD00001116,PROD00095,2,13874.18,0.0,27748.36
OI00001117-1,ORD00001117,PROD00010,3,4667.93,0.0,14003.79
OI00001117-2,ORD00001117,PROD00087,3,21498.23,9674.2,54820.49
OI00001117-3,ORD00001117,PROD00049,1,1583.63,0.0,1583.63
OI00001118-1,ORD00001118,PROD00162,1,5270.48,0.0,5270.48
OI00001119-1,ORD00001119,PROD00218,2,9795.93,0.0,19591.86
OI00001119-2,ORD00001119,PROD00266,2,20418.91,0.0,40837.82
OI00001119-3,ORD00001119,PROD00070,2,23046.35,0.0,46092.7
OI00001119-4,ORD00001119,PROD00020,1,1320.51,0.0,1320.51
OI00001120-1,ORD00001120,PROD00072,1,7657.87,0.0,7657.87
OI00001120-2,ORD00001120,PROD00340,1,17115.28,0.0,17115.28
OI00001120-3,ORD00001120,PROD00059,2,15693.39,0.0,31386.78
OI00001120-4,ORD00001120,PROD00274,3,2466.2,0.0,7398.6
OI00001121-1,ORD00001121,PROD00093,4,23736.46,0.0,94945.84
OI00001121-2,ORD00001121,PROD00110,2,9699.44,0.0,19398.88
OI00001121-3,ORD00001121,PROD00307,3,13721.18,0.0,41163.54
OI00001122-1,ORD00001122,PROD00257,4,18404.82,0.0,73619.28
OI00001122-2,ORD00001122,PROD00153,4,8528.45,1705.69,32408.11
OI00001123-1,ORD00001123,PROD00099,3,16343.82,0.0,49031.46
OI00001123-2,ORD00001123,PROD00028,3,3322.41,0.0,9967.23
OI00001123-3,ORD00001123,PROD00224,4,23476.13,14085.68,79818.84
OI00001123-4,ORD00001123,PROD00344,4,2433.74,1460.24,8274.72
OI00001124-1,ORD00001124,PROD00091,4,3604.39,0.0,14417.56
OI00001124-2,ORD00001124,PROD00183,4,14458.84,0.0,57835.36
OI00001124-3,ORD00001124,PROD00172,2,9009.37,900.94,17117.8
OI00001125-1,ORD00001125,PROD00250,4,7116.48,0.0,28465.92
OI00001125-2,ORD00001125,PROD00190,2,2376.38,712.91,4039.85
OI00001125-3,ORD00001125,PROD00262,1,20752.25,2075.22,18677.03
OI00001126-1,ORD00001126,PROD00113,2,20219.94,2021.99,38417.89
OI00001126-2,ORD00001126,PROD00298,3,19293.46,0.0,57880.38
OI00001126-3,ORD00001126,PROD00148,4,15616.8,0.0,62467.2
OI00001127-1,ORD00001127,PROD00298,4,19293.46,0.0,77173.84
OI00001127-2,ORD00001127,PROD00325,3,24143.74,10864.68,61566.54
OI00001127-3,ORD00001127,PROD00128,2,20549.76,0.0,41099.52
OI00001127-4,ORD00001127,PROD00104,4,15897.49,3179.5,60410.46
OI00001127-5,ORD00001127,PROD00304,2,24529.51,0.0,49059.02
OI00001128-1,ORD00001128,PROD00331,4,15173.99,0.0,60695.96
OI00001128-2,ORD00001128,PROD00321,2,19868.88,0.0,39737.76
OI00001128-3,ORD00001128,PROD00139,2,1559.26,467.78,2650.74
OI00001128-4,ORD00001128,PROD00147,4,5524.18,2209.67,19887.05
OI00001129-1,ORD00001129,PROD00202,2,10405.57,0.0,20811.14
OI00001130-1,ORD00001130,PROD00337,1,17875.4,893.77,16981.63
OI00001130-2,ORD00001130,PROD00050,3,22567.65,0.0,67702.95
OI00001130-3,ORD00001130,PROD00345,1,15206.3,0.0,15206.3
OI00001130-4,ORD00001130,PROD00202,2,10405.57,3121.67,17689.47
OI00001130-5,ORD00001130,PROD00237,1,6989.25,0.0,6989.25
OI00001131-1,ORD00001131,PROD00031,4,5027.13,3016.28,17092.24
OI00001131-2,ORD00001131,PROD00086,1,21556.26,0.0,21556.26
OI00001131-3,ORD00001131,PROD00141,4,15103.07,3020.61,57391.67
OI00001131-4,ORD00001131,PROD00284,1,10726.51,1072.65,9653.86
OI00001132-1,ORD00001132,PROD00063,3,20579.93,3086.99,58652.8
OI00001132-2,ORD00001132,PROD00101,3,14649.72,2197.46,41751.7
OI00001133-1,ORD00001133,PROD00297,2,1594.03,159.4,3028.66
OI00001133-2,ORD00001133,PROD00152,3,5018.12,752.72,14301.64
OI00001134-1,ORD00001134,PROD00302,3,7756.84,0.0,23270.52
OI00001134-2,ORD00001134,PROD00111,4,11594.18,4637.67,41739.05
OI00001134-3,ORD00001134,PROD00135,1,8523.43,1278.51,7244.92
OI00001134-4,ORD00001134,PROD00057,2,634.37,190.31,1078.43
OI00001134-5,ORD00001134,PROD00212,4,11560.86,6936.52,39306.92
OI00001135-1,ORD00001135,PROD00211,2,2911.33,0.0,5822.66
OI00001136-1,ORD00001136,PROD00056,2,5382.68,0.0,10765.36
OI00001136-2,ORD00001136,PROD00293,1,9456.41,0.0,9456.41
OI00001136-3,ORD00001136,PROD00206,2,22722.97,4544.59,40901.35
OI00001136-4,ORD00001136,PROD00309,3,2478.12,1115.15,6319.21
OI00001137-1,ORD00001137,PROD00140,2,14612.46,1461.25,27763.67
OI00001137-2,ORD00001137,PROD00341,4,22735.67,4547.13,86395.55
OI00001137-3,ORD00001137,PROD00337,2,17875.4,5362.62,30388.18
OI00001138-1,ORD00001138,PROD00136,1,14715.94,2207.39,12508.55
OI00001138-2,ORD00001138,PROD00032,1,7626.11,381.31,7244.8
OI00001138-3,ORD00001138,PROD00253,2,23510.11,0.0,47020.22
OI00001138-4,ORD00001138,PROD00038,3,19552.23,5865.67,52791.02
OI00001138-5,ORD00001138,PROD00047,1,23596.32,1179.82,22416.5
OI00001139-1,ORD00001139,PROD00013,1,7604.86,0.0,7604.86
OI00001140-1,ORD00001140,PROD00214,1,4472.05,223.6,4248.45
OI00001140-2,ORD00001140,PROD00279,1,690.73,103.61,587.12
OI00001140-3,ORD00001140,PROD00038,1,19552.23,0.0,19552.23
OI00001140-4,ORD00001140,PROD00150,2,1889.59,0.0,3779.18
OI00001141-1,ORD00001141,PROD00080,1,16165.62,0.0,16165.62
OI00001141-2,ORD00001141,PROD00164,2,12489.77,0.0,24979.54
OI00001141-3,ORD00001141,PROD00218,1,9795.93,1469.39,8326.54
OI00001142-1,ORD00001142,PROD00196,1,10833.41,0.0,10833.41
OI00001142-2,ORD00001142,PROD00166,4,5219.63,0.0,20878.52
OI00001142-3,ORD00001142,PROD00045,4,3832.7,0.0,15330.8
OI00001142-4,ORD00001142,PROD00105,2,8573.66,2572.1,14575.22
OI00001142-5,ORD00001142,PROD00051,3,10511.67,0.0,31535.01
OI00001143-1,ORD00001143,PROD00285,1,7381.88,0.0,7381.88
OI00001143-2,ORD00001143,PROD00048,1,2165.22,0.0,2165.22
OI00001143-3,ORD00001143,PROD00274,4,2466.2,1479.72,8385.08
OI00001143-4,ORD00001143,PROD00154,3,21079.89,0.0,63239.67
OI00001143-5,ORD00001143,PROD00249,1,13843.66,1384.37,12459.29
OI00001144-1,ORD00001144,PROD00151,4,4900.37,0.0,19601.48
OI00001144-2,ORD00001144,PROD00310,1,11465.44,0.0,11465.44
OI00001144-3,ORD00001144,PROD00284,1,10726.51,0.0,10726.51
OI00001144-4,ORD00001144,PROD00327,4,16333.38,0.0,65333.52
OI00001145-1,ORD00001145,PROD00087,2,21498.23,6449.47,36546.99
OI00001145-2,ORD00001145,PROD00078,1,3767.12,0.0,3767.12
OI00001145-3,ORD00001145,PROD00146,1,8249.05,0.0,8249.05
OI00001146-1,ORD00001146,PROD00306,4,18198.52,10919.11,61874.97
OI00001146-2,ORD00001146,PROD00095,4,13874.18,0.0,55496.72
OI00001146-3,ORD00001146,PROD00209,3,1876.23,0.0,5628.69
OI00001146-4,ORD00001146,PROD00173,2,19657.54,0.0,39315.08
OI00001147-1,ORD00001147,PROD00145,4,21307.62,12784.57,72445.91
OI00001147-2,ORD00001147,PROD00034,4,20180.05,8072.02,72648.18
OI00001147-3,ORD00001147,PROD00278,3,20166.44,6049.93,54449.39
OI00001148-1,ORD00001148,PROD00292,2,21804.92,0.0,43609.84
OI00001148-2,ORD00001148,PROD00016,3,21060.14,0.0,63180.42
OI00001148-3,ORD00001148,PROD00303,3,15795.37,2369.31,45016.8
OI00001148-4,ORD00001148,PROD00232,3,12800.1,5760.05,32640.25
OI00001148-5,ORD00001148,PROD00206,2,22722.97,0.0,45445.94
OI00001149-1,ORD00001149,PROD00234,2,18943.28,1894.33,35992.23
OI00001150-1,ORD00001150,PROD00196,1,10833.41,541.67,10291.74
OI00001150-2,ORD00001150,PROD00012,1,11531.07,0.0,11531.07
OI00001150-3,ORD00001150,PROD00151,3,4900.37,0.0,14701.11
OI00001151-1,ORD00001151,PROD00093,3,23736.46,0.0,71209.38
OI00001151-2,ORD00001151,PROD00263,4,14672.69,0.0,58690.76
OI00001151-3,ORD00001151,PROD00003,1,24605.45,3690.82,20914.63
OI00001151-4,ORD00001151,PROD00211,4,2911.33,1164.53,10480.79
OI00001152-1,ORD00001152,PROD00073,1,3596.39,179.82,3416.57
OI00001152-2,ORD00001152,PROD00209,2,1876.23,0.0,3752.46
OI00001152-3,ORD00001152,PROD00257,1,18404.82,0.0,18404.82
OI00001152-4,ORD00001152,PROD00180,2,5881.39,0.0,11762.78
OI00001152-5,ORD00001152,PROD00118,2,22031.03,4406.21,39655.85
OI00001153-1,ORD00001153,PROD00275,3,23306.6,3495.99,66423.81
OI00001154-1,ORD00001154,PROD00303,3,15795.37,0.0,47386.11
OI00001154-2,ORD00001154,PROD00001,3,23270.16,0.0,69810.48
OI00001154-3,ORD00001154,PROD00020,3,1320.51,198.08,3763.45
OI00001154-4,ORD00001154,PROD00310,1,11465.44,0.0,11465.44
OI00001154-5,ORD00001154,PROD00191,1,719.62,107.94,611.68
OI00001155-1,ORD00001155,PROD00100,3,14966.8,2245.02,42655.38
OI00001155-2,ORD00001155,PROD00075,2,1735.74,520.72,2950.76
OI00001155-3,ORD00001155,PROD00272,2,6955.22,0.0,13910.44
OI00001156-1,ORD00001156,PROD00251,1,17885.84,1788.58,16097.26
OI00001156-2,ORD00001156,PROD00238,2,16218.76,0.0,32437.52
OI00001156-3,ORD00001156,PROD00066,1,21806.77,0.0,21806.77
OI00001157-1,ORD00001157,PROD00125,3,4153.82,0.0,12461.46
OI00001157-2,ORD00001157,PROD00314,3,8921.82,0.0,26765.46
OI00001157-3,ORD00001157,PROD00262,1,20752.25,3112.84,17639.41
OI00001158-1,ORD00001158,PROD00148,2,15616.8,3123.36,28110.24
OI00001158-2,ORD00001158,PROD00019,2,539.71,0.0,1079.42
OI00001158-3,ORD00001158,PROD00329,2,10605.13,0.0,21210.26
OI00001158-4,ORD00001158,PROD00198,2,235.71,0.0,471.42
OI00001159-1,ORD00001159,PROD00342,2,296.09,0.0,592.18
OI00001160-1,ORD00001160,PROD00306,1,18198.52,0.0,18198.52
OI00001160-2,ORD00001160,PROD00170,3,11306.22,0.0,33918.66
OI00001160-3,ORD00001160,PROD00253,3,23510.11,7053.03,63477.3
OI00001160-4,ORD00001160,PROD00293,3,9456.41,4255.38,24113.85
OI00001161-1,ORD00001161,PROD00215,4,16801.23,6720.49,60484.43
OI00001162-1,ORD00001162,PROD00220,1,5039.64,251.98,4787.66
OI00001162-2,ORD00001162,PROD00035,1,14071.44,703.57,13367.87
OI00001162-3,ORD00001162,PROD00170,4,11306.22,2261.24,42963.64
OI00001162-4,ORD00001162,PROD00124,2,24453.49,2445.35,46461.63
OI00001162-5,ORD00001162,PROD00140,3,14612.46,2191.87,41645.51
OI00001163-1,ORD00001163,PROD00048,2,2165.22,216.52,4113.92
OI00001163-2,ORD00001163,PROD00340,1,17115.28,0.0,17115.28
OI00001163-3,ORD00001163,PROD00301,1,15056.56,0.0,15056.56
OI00001163-4,ORD00001163,PROD00184,2,20269.51,6080.85,34458.17
OI00001164-1,ORD00001164,PROD00315,2,14855.14,4456.54,25253.74
OI00001164-2,ORD00001164,PROD00314,4,8921.82,0.0,35687.28
OI00001164-3,ORD00001164,PROD00138,3,12060.91,1809.14,34373.59
OI00001164-4,ORD00001164,PROD00256,2,15892.74,0.0,31785.48
OI00001164-5,ORD00001164,PROD00005,3,12790.76,5755.84,32616.44
OI00001165-1,ORD00001165,PROD00263,1,14672.69,0.0,14672.69
OI00001165-2,ORD00001165,PROD00141,1,15103.07,755.15,14347.92
OI00001165-3,ORD00001165,PROD00065,3,11181.79,0.0,33545.37
OI00001166-1,ORD00001166,PROD00274,3,2466.2,0.0,7398.6
OI00001166-2,ORD00001166,PROD00235,3,7450.54,2235.16,20116.46
OI00001166-3,ORD00001166,PROD00015,4,21482.35,0.0,85929.4
OI00001167-1,ORD00001167,PROD00232,1,12800.1,0.0,12800.1
OI00001167-2,ORD00001167,PROD00110,2,9699.44,2909.83,16489.05
OI00001167-3,ORD00001167,PROD00074,3,5428.76,2442.94,13843.34
OI00001168-1,ORD00001168,PROD00165,2,17905.46,3581.09,32229.83
OI00001169-1,ORD00001169,PROD00310,4,11465.44,2293.09,43568.67
OI00001169-2,ORD00001169,PROD00095,1,13874.18,693.71,13180.47
OI00001170-1,ORD00001170,PROD00072,2,7657.87,0.0,15315.74
OI00001170-2,ORD00001170,PROD00155,1,16388.99,819.45,15569.54
OI00001170-3,ORD00001170,PROD00238,2,16218.76,0.0,32437.52
OI00001170-4,ORD00001170,PROD00184,2,20269.51,4053.9,36485.12
OI00001170-5,ORD00001170,PROD00091,4,3604.39,720.88,13696.68
OI00001171-1,ORD00001171,PROD00182,1,5279.14,0.0,5279.14
OI00001171-2,ORD00001171,PROD00063,2,20579.93,4115.99,37043.87
OI00001172-1,ORD00001172,PROD00004,2,7422.27,0.0,14844.54
OI00001172-2,ORD00001172,PROD00024,4,13853.73,0.0,55414.92
OI00001172-3,ORD00001172,PROD00344,1,2433.74,0.0,2433.74
OI00001173-1,ORD00001173,PROD00251,4,17885.84,0.0,71543.36
OI00001173-2,ORD00001173,PROD00310,1,11465.44,0.0,11465.44
OI00001174-1,ORD00001174,PROD00051,4,10511.67,0.0,42046.68
OI00001174-2,ORD00001174,PROD00095,3,13874.18,2081.13,39541.41
OI00001174-3,ORD00001174,PROD00347,3,11947.7,5376.47,30466.63
OI00001174-4,ORD00001174,PROD00253,1,23510.11,2351.01,21159.1
OI00001175-1,ORD00001175,PROD00319,2,339.48,0.0,678.96
OI00001175-2,ORD00001175,PROD00001,3,23270.16,0.0,69810.48
OI00001175-3,ORD00001175,PROD00112,2,17029.83,5108.95,28950.71
OI00001175-4,ORD00001175,PROD00120,1,21353.8,1067.69,20286.11
OI00001175-5,ORD00001175,PROD00334,4,1905.27,381.05,7240.03
OI00001176-1,ORD00001176,PROD00148,2,15616.8,1561.68,29671.92
OI00001176-2,ORD00001176,PROD00007,1,18525.88,1852.59,16673.29
OI00001176-3,ORD00001176,PROD00152,3,5018.12,0.0,15054.36
OI00001176-4,ORD00001176,PROD00347,1,11947.7,0.0,11947.7
OI00001177-1,ORD00001177,PROD00030,3,7097.31,0.0,21291.93
OI00001177-2,ORD00001177,PROD00338,4,10521.18,6312.71,35772.01
OI00001177-3,ORD00001177,PROD00215,1,16801.23,0.0,16801.23
OI00001178-1,ORD00001178,PROD00245,1,7169.55,358.48,6811.07
OI00001178-2,ORD00001178,PROD00340,1,17115.28,2567.29,14547.99
OI00001178-3,ORD00001178,PROD00320,1,624.52,0.0,624.52
OI00001179-1,ORD00001179,PROD00349,4,22965.12,0.0,91860.48
OI00001179-2,ORD00001179,PROD00198,4,235.71,141.43,801.41
OI00001179-3,ORD00001179,PROD00219,2,19321.62,0.0,38643.24
OI00001179-4,ORD00001179,PROD00126,2,12025.16,0.0,24050.32
OI00001179-5,ORD00001179,PROD00102,4,7550.93,0.0,30203.72
OI00001180-1,ORD00001180,PROD00194,3,3968.03,1785.61,10118.48
OI00001180-2,ORD00001180,PROD00263,3,14672.69,2200.9,41817.17
OI00001181-1,ORD00001181,PROD00311,3,22435.59,0.0,67306.77
OI00001181-2,ORD00001181,PROD00012,1,11531.07,0.0,11531.07
OI00001182-1,ORD00001182,PROD00290,2,19169.41,0.0,38338.82
OI00001182-2,ORD00001182,PROD00038,2,19552.23,0.0,39104.46
OI00001182-3,ORD00001182,PROD00133,4,10071.99,0.0,40287.96
OI00001182-4,ORD00001182,PROD00307,4,13721.18,2744.24,52140.48
OI00001182-5,ORD00001182,PROD00314,2,8921.82,0.0,17843.64
OI00001183-1,ORD00001183,PROD00350,4,17684.33,3536.87,67200.45
OI00001183-2,ORD00001183,PROD00176,1,24960.21,0.0,24960.21
OI00001184-1,ORD00001184,PROD00342,1,296.09,14.8,281.29
OI00001184-2,ORD00001184,PROD00181,2,8549.46,2564.84,14534.08
OI00001184-3,ORD00001184,PROD00220,4,5039.64,0.0,20158.56
OI00001185-1,ORD00001185,PROD00033,2,8958.24,895.82,17020.66
OI00001185-2,ORD00001185,PROD00094,3,1683.18,0.0,5049.54
OI00001185-3,ORD00001185,PROD00177,2,19263.4,0.0,38526.8
OI00001186-1,ORD00001186,PROD00315,4,14855.14,2971.03,56449.53
OI00001186-2,ORD00001186,PROD00134,4,11362.61,4545.04,40905.4
OI00001186-3,ORD00001186,PROD00151,4,4900.37,0.0,19601.48
OI00001186-4,ORD00001186,PROD00085,3,20182.68,6054.8,54493.24
OI00001187-1,ORD00001187,PROD00162,1,5270.48,263.52,5006.96
OI00001187-2,ORD00001187,PROD00297,2,1594.03,318.81,2869.25
OI00001188-1,ORD00001188,PROD00074,1,5428.76,271.44,5157.32
OI00001189-1,ORD00001189,PROD00164,1,12489.77,1248.98,11240.79
OI00001189-2,ORD00001189,PROD00226,2,11496.46,0.0,22992.92
OI00001190-1,ORD00001190,PROD00224,3,23476.13,0.0,70428.39
OI00001190-2,ORD00001190,PROD00096,2,7650.09,0.0,15300.18
OI00001190-3,ORD00001190,PROD00150,4,1889.59,377.92,7180.44
OI00001191-1,ORD00001191,PROD00238,2,16218.76,0.0,32437.52
OI00001191-2,ORD00001191,PROD00060,3,7484.13,3367.86,19084.53
OI00001191-3,ORD00001191,PROD00336,1,1810.42,90.52,1719.9
OI00001191-4,ORD00001191,PROD00013,2,7604.86,0.0,15209.72
OI00001191-5,ORD00001191,PROD00333,2,15073.5,0.0,30147.0
OI00001192-1,ORD00001192,PROD00228,2,24578.41,7373.52,41783.3
OI00001192-2,ORD00001192,PROD00029,3,19909.52,0.0,59728.56
OI00001193-1,ORD00001193,PROD00007,4,18525.88,0.0,74103.52
OI00001193-2,ORD00001193,PROD00209,2,1876.23,562.87,3189.59
OI00001193-3,ORD00001193,PROD00072,4,7657.87,0.0,30631.48
OI00001193-4,ORD00001193,PROD00003,1,24605.45,0.0,24605.45
OI00001194-1,ORD00001194,PROD00150,3,1889.59,0.0,5668.77
OI00001194-2,ORD00001194,PROD00199,3,13170.12,3951.04,35559.32
OI00001194-3,ORD00001194,PROD00105,2,8573.66,0.0,17147.32
OI00001194-4,ORD00001194,PROD00217,4,11079.35,6647.61,37669.79
OI00001194-5,ORD00001194,PROD00296,4,3229.07,0.0,12916.28
OI00001195-1,ORD00001195,PROD00106,4,16178.76,0.0,64715.04
OI00001196-1,ORD00001196,PROD00069,1,17377.04,1737.7,15639.34
OI00001196-2,ORD00001196,PROD00190,4,2376.38,0.0,9505.52
OI00001196-3,ORD00001196,PROD00291,1,16653.64,0.0,16653.64
OI00001196-4,ORD00001196,PROD00097,2,19582.9,0.0,39165.8
OI00001196-5,ORD00001196,PROD00319,3,339.48,0.0,1018.44
OI00001197-1,ORD00001197,PROD00040,1,3967.96,0.0,3967.96
OI00001198-1,ORD00001198,PROD00329,1,10605.13,1060.51,9544.62
OI00001198-2,ORD00001198,PROD00025,2,12394.98,2479.0,22310.96
OI00001198-3,ORD00001198,PROD00261,1,17666.44,0.0,17666.44
OI00001198-4,ORD00001198,PROD00131,1,1596.96,0.0,1596.96
OI00001198-5,ORD00001198,PROD00145,1,21307.62,0.0,21307.62
OI00001199-1,ORD00001199,PROD00175,1,18643.02,2796.45,15846.57
OI00001199-2,ORD00001199,PROD00110,3,9699.44,0.0,29098.32
OI00001199-3,ORD00001199,PROD00268,1,17615.98,0.0,17615.98
OI00001199-4,ORD00001199,PROD00264,2,15922.7,1592.27,30253.13
OI00001199-5,ORD00001199,PROD00159,4,24425.69,0.0,97702.76
OI00001200-1,ORD00001200,PROD00053,4,17522.36,7008.94,63080.5
OI00001201-1,ORD00001201,PROD00282,3,15862.74,0.0,47588.22
OI00001201-2,ORD00001201,PROD00047,1,23596.32,0.0,23596.32
OI00001201-3,ORD00001201,PROD00237,1,6989.25,349.46,6639.79
OI00001201-4,ORD00001201,PROD00311,2,22435.59,2243.56,42627.62
OI00001202-1,ORD00001202,PROD00218,4,9795.93,0.0,39183.72
OI00001202-2,ORD00001202,PROD00044,4,6687.09,1337.42,25410.94
OI00001202-3,ORD00001202,PROD00225,3,4381.86,1314.56,11831.02
OI00001202-4,ORD00001202,PROD00267,2,16380.3,4914.09,27846.51
OI00001203-1,ORD00001203,PROD00165,1,17905.46,0.0,17905.46
OI00001204-1,ORD00001204,PROD00035,3,14071.44,2110.72,40103.6
OI00001204-2,ORD00001204,PROD00168,4,13786.27,8271.76,46873.32
OI00001204-3,ORD00001204,PROD00077,3,19060.68,0.0,57182.04
OI00001204-4,ORD00001204,PROD00187,2,24432.22,0.0,48864.44
OI00001204-5,ORD00001204,PROD00297,2,1594.03,0.0,3188.06
OI00001205-1,ORD00001205,PROD00172,1,9009.37,0.0,9009.37
OI00001205-2,ORD00001205,PROD00349,3,22965.12,6889.54,62005.82
OI00001205-3,ORD00001205,PROD00138,4,12060.91,2412.18,45831.46
OI00001205-4,ORD00001205,PROD00281,4,16522.7,6609.08,59481.72
OI00001206-1,ORD00001206,PROD00175,2,18643.02,0.0,37286.04
OI00001206-2,ORD00001206,PROD00237,2,6989.25,698.93,13279.57
OI00001206-3,ORD00001206,PROD00197,4,14707.92,5883.17,52948.51
OI00001206-4,ORD00001206,PROD00287,2,4242.92,0.0,8485.84
OI00001206-5,ORD00001206,PROD00163,1,4227.47,634.12,3593.35
OI00001207-1,ORD00001207,PROD00190,3,2376.38,356.46,6772.68
OI00001207-2,ORD00001207,PROD00055,2,2152.81,0.0,4305.62
OI00001207-3,ORD00001207,PROD00279,4,690.73,0.0,2762.92
OI00001207-4,ORD00001207,PROD00004,4,7422.27,0.0,29689.08
OI00001207-5,ORD00001207,PROD00005,4,12790.76,0.0,51163.04
OI00001208-1,ORD00001208,PROD00062,3,17873.06,0.0,53619.18
OI00001209-1,ORD00001209,PROD00001,1,23270.16,0.0,23270.16
OI00001209-2,ORD00001209,PROD00227,1,1146.28,0.0,1146.28
OI00001210-1,ORD00001210,PROD00346,3,8662.06,1299.31,24686.87
OI00001210-2,ORD00001210,PROD00111,1,11594.18,0.0,11594.18
OI00001210-3,ORD00001210,PROD00338,4,10521.18,6312.71,35772.01
OI00001211-1,ORD00001211,PROD00062,4,17873.06,0.0,71492.24
OI00001211-2,ORD00001211,PROD00193,3,9247.87,4161.54,23582.07
OI00001211-3,ORD00001211,PROD00313,4,23762.43,0.0,95049.72
OI00001211-4,ORD00001211,PROD00205,4,22069.77,4413.95,83865.13
OI00001212-1,ORD00001212,PROD00269,2,14198.95,0.0,28397.9
OI00001212-2,ORD00001212,PROD00148,3,15616.8,0.0,46850.4
OI00001212-3,ORD00001212,PROD00009,3,15614.07,0.0,46842.21
OI00001212-4,ORD00001212,PROD00083,3,3051.07,0.0,9153.21
OI00001213-1,ORD00001213,PROD00066,1,21806.77,2180.68,19626.09
OI00001213-2,ORD00001213,PROD00039,3,12707.28,0.0,38121.84
OI00001214-1,ORD00001214,PROD00245,2,7169.55,716.96,13622.14
OI00001214-2,ORD00001214,PROD00026,1,4075.27,0.0,4075.27
OI00001214-3,ORD00001214,PROD00253,1,23510.11,0.0,23510.11
OI00001215-1,ORD00001215,PROD00215,1,16801.23,0.0,16801.23
OI00001215-2,ORD00001215,PROD00259,1,6394.49,0.0,6394.49
OI00001216-1,ORD00001216,PROD00240,3,15221.18,4566.35,41097.19
OI00001216-2,ORD00001216,PROD00234,2,18943.28,0.0,37886.56
OI00001216-3,ORD00001216,PROD00164,3,12489.77,3746.93,33722.38
OI00001217-1,ORD00001217,PROD00096,1,7650.09,0.0,7650.09
OI00001217-2,ORD00001217,PROD00293,4,9456.41,1891.28,35934.36
OI00001217-3,ORD00001217,PROD00292,1,21804.92,0.0,21804.92
OI00001217-4,ORD00001217,PROD00197,2,14707.92,4412.38,25003.46
OI00001217-5,ORD00001217,PROD00259,4,6394.49,3836.69,21741.27
OI00001218-1,ORD00001218,PROD00047,4,23596.32,14157.79,80227.49
OI00001218-2,ORD00001218,PROD00072,4,7657.87,1531.57,29099.91
OI00001219-1,ORD00001219,PROD00171,3,6861.84,2058.55,18526.97
OI00001219-2,ORD00001219,PROD00086,4,21556.26,12933.76,73291.28
OI00001219-3,ORD00001219,PROD00066,3,21806.77,0.0,65420.31
OI00001219-4,ORD00001219,PROD00021,1,21222.98,3183.45,18039.53
OI00001219-5,ORD00001219,PROD00346,2,8662.06,0.0,17324.12
OI00001220-1,ORD00001220,PROD00009,3,15614.07,0.0,46842.21
OI00001220-2,ORD00001220,PROD00302,1,7756.84,775.68,6981.16
OI00001220-3,ORD00001220,PROD00174,3,13673.35,0.0,41020.05
OI00001220-4,ORD00001220,PROD00074,4,5428.76,0.0,21715.04
OI00001221-1,ORD00001221,PROD00121,3,17020.33,2553.05,48507.94
OI00001221-2,ORD00001221,PROD00336,2,1810.42,181.04,3439.8
OI00001222-1,ORD00001222,PROD00020,1,1320.51,132.05,1188.46
OI00001223-1,ORD00001223,PROD00002,3,11732.07,3519.62,31676.59
OI00001224-1,ORD00001224,PROD00172,3,9009.37,0.0,27028.11
OI00001224-2,ORD00001224,PROD00172,2,9009.37,1801.87,16216.87
OI00001225-1,ORD00001225,PROD00214,4,4472.05,0.0,17888.2
OI00001225-2,ORD00001225,PROD00125,4,4153.82,830.76,15784.52
OI00001225-3,ORD00001225,PROD00088,1,13567.39,1356.74,12210.65
OI00001225-4,ORD00001225,PROD00043,2,20878.59,0.0,41757.18
OI00001226-1,ORD00001226,PROD00132,4,1691.47,0.0,6765.88
OI00001226-2,ORD00001226,PROD00178,2,20555.44,0.0,41110.88
OI00001226-3,ORD00001226,PROD00046,1,20054.13,0.0,20054.13
OI00001226-4,ORD00001226,PROD00349,2,22965.12,6889.54,39040.7
OI00001227-1,ORD00001227,PROD00230,3,8334.56,0.0,25003.68
OI00001227-2,ORD00001227,PROD00049,1,1583.63,237.54,1346.09
OI00001227-3,ORD00001227,PROD00158,2,4832.45,1449.73,8215.17
OI00001227-4,ORD00001227,PROD00217,2,11079.35,1107.94,21050.76
OI00001227-5,ORD00001227,PROD00209,3,1876.23,844.3,4784.39
OI00001228-1,ORD00001228,PROD00261,4,17666.44,3533.29,67132.47
OI00001229-1,ORD00001229,PROD00210,2,18661.64,1866.16,35457.12
OI00001229-2,ORD00001229,PROD00279,3,690.73,0.0,2072.19
OI00001230-1,ORD00001230,PROD00304,2,24529.51,0.0,49059.02
OI00001230-2,ORD00001230,PROD00218,4,9795.93,1959.19,37224.53
OI00001231-1,ORD00001231,PROD00044,4,6687.09,0.0,26748.36
OI00001231-2,ORD00001231,PROD00087,2,21498.23,4299.65,38696.81
OI00001231-3,ORD00001231,PROD00329,1,10605.13,530.26,10074.87
OI00001231-4,ORD00001231,PROD00150,2,1889.59,0.0,3779.18
OI00001232-1,ORD00001232,PROD00246,4,2046.4,0.0,8185.6
OI00001232-2,ORD00001232,PROD00223,3,14073.25,4221.98,37997.77
OI00001232-3,ORD00001232,PROD00254,4,10249.25,0.0,40997.0
OI00001232-4,ORD00001232,PROD00013,2,7604.86,1520.97,13688.75
OI00001233-1,ORD00001233,PROD00064,4,2094.58,0.0,8378.32
OI00001233-2,ORD00001233,PROD00199,3,13170.12,1975.52,37534.84
OI00001233-3,ORD00001233,PROD00283,2,5877.29,1175.46,10579.12
OI00001234-1,ORD00001234,PROD00274,4,2466.2,0.0,9864.8
OI00001235-1,ORD00001235,PROD00023,1,5836.05,875.41,4960.64
OI00001235-2,ORD00001235,PROD00309,2,2478.12,0.0,4956.24
OI00001235-3,ORD00001235,PROD00139,2,1559.26,311.85,2806.67
OI00001236-1,ORD00001236,PROD00321,2,19868.88,5960.66,33777.1
OI00001237-1,ORD00001237,PROD00175,1,18643.02,0.0,18643.02
OI00001237-2,ORD00001237,PROD00330,4,16495.98,9897.59,56086.33
OI00001238-1,ORD00001238,PROD00206,3,22722.97,0.0,68168.91
OI00001239-1,ORD00001239,PROD00061,1,8790.91,439.55,8351.36
OI00001239-2,ORD00001239,PROD00087,1,21498.23,0.0,21498.23
OI00001240-1,ORD00001240,PROD00198,4,235.71,0.0,942.84
OI00001240-2,ORD00001240,PROD00133,4,10071.99,0.0,40287.96
OI00001241-1,ORD00001241,PROD00254,1,10249.25,1537.39,8711.86
OI00001241-2,ORD00001241,PROD00142,3,1480.08,222.01,4218.23
OI00001241-3,ORD00001241,PROD00340,3,17115.28,2567.29,48778.55
OI00001242-1,ORD00001242,PROD00107,3,10358.42,4661.29,26413.97
OI00001242-2,ORD00001242,PROD00156,3,6041.74,0.0,18125.22
OI00001242-3,ORD00001242,PROD00113,3,20219.94,0.0,60659.82
OI00001242-4,ORD00001242,PROD00034,3,20180.05,3027.01,57513.14
OI00001243-1,ORD00001243,PROD00260,2,2962.43,0.0,5924.86
OI00001243-2,ORD00001243,PROD00288,2,6121.73,1836.52,10406.94
OI00001243-3,ORD00001243,PROD00181,4,8549.46,5129.68,29068.16
OI00001244-1,ORD00001244,PROD00154,3,21079.89,0.0,63239.67
OI00001244-2,ORD00001244,PROD00079,1,9711.52,1456.73,8254.79
OI00001244-3,ORD00001244,PROD00236,4,23089.06,0.0,92356.24
OI00001244-4,ORD00001244,PROD00269,4,14198.95,0.0,56795.8
OI00001245-1,ORD00001245,PROD00313,2,23762.43,7128.73,40396.13
OI00001245-2,ORD00001245,PROD00333,3,15073.5,0.0,45220.5
OI00001245-3,ORD00001245,PROD00125,4,4153.82,1661.53,14953.75
OI00001245-4,ORD00001245,PROD00173,1,19657.54,0.0,19657.54
OI00001246-1,ORD00001246,PROD00306,2,18198.52,3639.7,32757.34
OI00001247-1,ORD00001247,PROD00027,4,12715.52,0.0,50862.08
OI00001248-1,ORD00001248,PROD00229,2,6335.91,1900.77,10771.05
OI00001248-2,ORD00001248,PROD00251,2,17885.84,3577.17,32194.51
OI00001248-3,ORD00001248,PROD00162,3,5270.48,2371.72,13439.72
OI00001248-4,ORD00001248,PROD00177,1,19263.4,0.0,19263.4
OI00001249-1,ORD00001249,PROD00180,1,5881.39,0.0,5881.39
OI00001249-2,ORD00001249,PROD00020,2,1320.51,396.15,2244.87
OI00001249-3,ORD00001249,PROD00326,1,13890.31,0.0,13890.31
OI00001249-4,ORD00001249,PROD00176,1,24960.21,3744.03,21216.18
OI00001249-5,ORD00001249,PROD00095,1,13874.18,0.0,13874.18
OI00001250-1,ORD00001250,PROD00306,3,18198.52,8189.33,46406.23
OI00001250-2,ORD00001250,PROD00345,2,15206.3,0.0,30412.6
OI00001250-3,ORD00001250,PROD00252,3,21548.3,0.0,64644.9
OI00001250-4,ORD00001250,PROD00041,1,18327.17,0.0,18327.17
OI00001251-1,ORD00001251,PROD00206,3,22722.97,0.0,68168.91
OI00001251-2,ORD00001251,PROD00236,3,23089.06,0.0,69267.18
OI00001252-1,ORD00001252,PROD00057,1,634.37,63.44,570.93
OI00001252-2,ORD00001252,PROD00187,4,24432.22,0.0,97728.88
OI00001252-3,ORD00001252,PROD00271,2,21715.63,4343.13,39088.13
OI00001253-1,ORD00001253,PROD00324,4,1645.09,0.0,6580.36
OI00001253-2,ORD00001253,PROD00310,1,11465.44,1146.54,10318.9
OI00001253-3,ORD00001253,PROD00119,3,17032.97,0.0,51098.91
OI00001254-1,ORD00001254,PROD00113,4,20219.94,12131.96,68747.8
OI00001254-2,ORD00001254,PROD00017,4,19254.54,0.0,77018.16
OI00001254-3,ORD00001254,PROD00243,2,5945.94,1189.19,10702.69
OI00001255-1,ORD00001255,PROD00198,1,235.71,0.0,235.71
OI00001255-2,ORD00001255,PROD00045,3,3832.7,574.9,10923.2
OI00001255-3,ORD00001255,PROD00192,4,5187.01,3112.21,17635.83
OI00001256-1,ORD00001256,PROD00015,3,21482.35,6444.7,58002.35
OI00001256-2,ORD00001256,PROD00061,4,8790.91,1758.18,33405.46
OI00001256-3,ORD00001256,PROD00082,1,23934.46,2393.45,21541.01
OI00001256-4,ORD00001256,PROD00319,1,339.48,16.97,322.51
OI00001257-1,ORD00001257,PROD00011,2,13382.68,2676.54,24088.82
OI00001257-2,ORD00001257,PROD00307,3,13721.18,0.0,41163.54
OI00001258-1,ORD00001258,PROD00316,2,3014.12,0.0,6028.24
OI00001258-2,ORD00001258,PROD00347,4,11947.7,2389.54,45401.26
OI00001258-3,ORD00001258,PROD00117,1,1680.75,0.0,1680.75
OI00001259-1,ORD00001259,PROD00020,3,1320.51,396.15,3565.38
OI00001259-2,ORD00001259,PROD00177,1,19263.4,2889.51,16373.89
OI00001259-3,ORD00001259,PROD00150,2,1889.59,0.0,3779.18
OI00001259-4,ORD00001259,PROD00075,3,1735.74,520.72,4686.5
OI00001259-5,ORD00001259,PROD00125,4,4153.82,0.0,16615.28
OI00001260-1,ORD00001260,PROD00055,2,2152.81,0.0,4305.62
OI00001260-2,ORD00001260,PROD00068,4,12144.87,0.0,48579.48
OI00001261-1,ORD00001261,PROD00033,1,8958.24,1343.74,7614.5
OI00001261-2,ORD00001261,PROD00170,3,11306.22,3391.87,30526.79
OI00001261-3,ORD00001261,PROD00013,3,7604.86,3422.19,19392.39
OI00001261-4,ORD00001261,PROD00133,2,10071.99,0.0,20143.98
OI00001261-5,ORD00001261,PROD00267,2,16380.3,4914.09,27846.51
OI00001262-1,ORD00001262,PROD00020,2,1320.51,396.15,2244.87
OI00001263-1,ORD00001263,PROD00165,1,17905.46,895.27,17010.19
OI00001264-1,ORD00001264,PROD00033,4,8958.24,0.0,35832.96
OI00001264-2,ORD00001264,PROD00083,1,3051.07,152.55,2898.52
OI00001264-3,ORD00001264,PROD00073,1,3596.39,539.46,3056.93
OI00001265-1,ORD00001265,PROD00304,2,24529.51,2452.95,46606.07
OI00001266-1,ORD00001266,PROD00223,4,14073.25,0.0,56293.0
OI00001266-2,ORD00001266,PROD00014,3,2236.5,0.0,6709.5
OI00001266-3,ORD00001266,PROD00290,4,19169.41,3833.88,72843.76
OI00001266-4,ORD00001266,PROD00001,4,23270.16,13962.1,79118.54
OI00001267-1,ORD00001267,PROD00131,3,1596.96,0.0,4790.88
OI00001268-1,ORD00001268,PROD00267,2,16380.3,3276.06,29484.54
OI00001268-2,ORD00001268,PROD00254,1,10249.25,0.0,10249.25
OI00001268-3,ORD00001268,PROD00159,3,24425.69,0.0,73277.07
OI00001268-4,ORD00001268,PROD00088,3,13567.39,4070.22,36631.95
OI00001269-1,ORD00001269,PROD00140,1,14612.46,1461.25,13151.21
OI00001270-1,ORD00001270,PROD00321,1,19868.88,1986.89,17881.99
OI00001270-2,ORD00001270,PROD00075,2,1735.74,173.57,3297.91
OI00001270-3,ORD00001270,PROD00278,1,20166.44,0.0,20166.44
OI00001271-1,ORD00001271,PROD00025,3,12394.98,0.0,37184.94
OI00001272-1,ORD00001272,PROD00159,2,24425.69,0.0,48851.38
OI00001272-2,ORD00001272,PROD00002,1,11732.07,0.0,11732.07
OI00001272-3,ORD00001272,PROD00275,2,23306.6,0.0,46613.2
OI00001272-4,ORD00001272,PROD00121,2,17020.33,0.0,34040.66
OI00001272-5,ORD00001272,PROD00282,2,15862.74,4758.82,26966.66
OI00001273-1,ORD00001273,PROD00114,4,7054.87,0.0,28219.48
OI00001273-2,ORD00001273,PROD00122,1,1221.77,183.27,1038.5
OI00001273-3,ORD00001273,PROD00246,2,2046.4,613.92,3478.88
OI00001273-4,ORD00001273,PROD00195,1,9755.37,487.77,9267.6
OI00001274-1,ORD00001274,PROD00022,1,973.58,0.0,973.58
OI00001275-1,ORD00001275,PROD00005,4,12790.76,0.0,51163.04
OI00001275-2,ORD00001275,PROD00223,2,14073.25,0.0,28146.5
OI00001275-3,ORD00001275,PROD00288,3,6121.73,0.0,18365.19
OI00001275-4,ORD00001275,PROD00335,3,11428.89,0.0,34286.67
OI00001276-1,ORD00001276,PROD00057,1,634.37,63.44,570.93
OI00001277-1,ORD00001277,PROD00311,4,22435.59,0.0,89742.36
OI00001277-2,ORD00001277,PROD00316,4,3014.12,0.0,12056.48
OI00001277-3,ORD00001277,PROD00174,4,13673.35,0.0,54693.4
OI00001277-4,ORD00001277,PROD00308,2,9807.02,980.7,18633.34
OI00001278-1,ORD00001278,PROD00346,4,8662.06,0.0,34648.24
OI00001279-1,ORD00001279,PROD00206,4,22722.97,4544.59,86347.29
OI00001279-2,ORD00001279,PROD00279,2,690.73,0.0,1381.46
OI00001280-1,ORD00001280,PROD00279,4,690.73,414.44,2348.48
OI00001280-2,ORD00001280,PROD00147,1,5524.18,0.0,5524.18
OI00001281-1,ORD00001281,PROD00153,4,8528.45,1705.69,32408.11
OI00001281-2,ORD00001281,PROD00091,4,3604.39,720.88,13696.68
OI00001281-3,ORD00001281,PROD00105,2,8573.66,0.0,17147.32
OI00001282-1,ORD00001282,PROD00153,2,8528.45,2558.54,14498.36
OI00001283-1,ORD00001283,PROD00308,4,9807.02,3922.81,35305.27
OI00001284-1,ORD00001284,PROD00199,3,13170.12,1975.52,37534.84
OI00001284-2,ORD00001284,PROD00276,4,9301.09,3720.44,33483.92
OI00001284-3,ORD00001284,PROD00262,4,20752.25,0.0,83009.0
OI00001285-1,ORD00001285,PROD00002,1,11732.07,0.0,11732.07
OI00001285-2,ORD00001285,PROD00278,2,20166.44,2016.64,38316.24
OI00001286-1,ORD00001286,PROD00177,2,19263.4,5779.02,32747.78
OI00001287-1,ORD00001287,PROD00169,2,5792.93,0.0,11585.86
OI00001287-2,ORD00001287,PROD00033,1,8958.24,0.0,8958.24
OI00001287-3,ORD00001287,PROD00026,4,4075.27,2445.16,13855.92
OI00001287-4,ORD00001287,PROD00075,1,1735.74,0.0,1735.74
OI00001288-1,ORD00001288,PROD00246,1,2046.4,204.64,1841.76
OI00001288-2,ORD00001288,PROD00099,1,16343.82,0.0,16343.82
OI00001288-3,ORD00001288,PROD00275,1,23306.6,1165.33,22141.27
OI00001289-1,ORD00001289,PROD00270,3,6520.83,1956.25,17606.24
OI00001289-2,ORD00001289,PROD00245,3,7169.55,2150.87,19357.78
OI00001289-3,ORD00001289,PROD00315,4,14855.14,5942.06,53478.5
OI00001289-4,ORD00001289,PROD00308,1,9807.02,0.0,9807.02
OI00001290-1,ORD00001290,PROD00280,4,11325.36,0.0,45301.44
OI00001290-2,ORD00001290,PROD00214,3,4472.05,1341.62,12074.53
OI00001290-3,ORD00001290,PROD00049,1,1583.63,0.0,1583.63
OI00001291-1,ORD00001291,PROD00209,2,1876.23,0.0,3752.46
OI00001291-2,ORD00001291,PROD00209,2,1876.23,0.0,3752.46
OI00001291-3,ORD00001291,PROD00087,4,21498.23,0.0,85992.92
OI00001292-1,ORD00001292,PROD00157,4,21965.78,0.0,87863.12
OI00001292-2,ORD00001292,PROD00250,1,7116.48,0.0,7116.48
OI00001292-3,ORD00001292,PROD00294,2,20220.76,4044.15,36397.37
OI00001292-4,ORD00001292,PROD00303,1,15795.37,789.77,15005.6
OI00001292-5,ORD00001292,PROD00272,2,6955.22,2086.57,11823.87
OI00001293-1,ORD00001293,PROD00040,4,3967.96,793.59,15078.25
OI00001293-2,ORD00001293,PROD00179,2,21643.38,6493.01,36793.75
OI00001293-3,ORD00001293,PROD00088,1,13567.39,678.37,12889.02
OI00001293-4,ORD00001293,PROD00114,2,7054.87,705.49,13404.25
OI00001294-1,ORD00001294,PROD00169,3,5792.93,1737.88,15640.91
OI00001294-2,ORD00001294,PROD00019,1,539.71,0.0,539.71
OI00001294-3,ORD00001294,PROD00309,1,2478.12,0.0,2478.12
OI00001294-4,ORD00001294,PROD00244,2,18055.76,3611.15,32500.37
OI00001294-5,ORD00001294,PROD00183,3,14458.84,0.0,43376.52
OI00001295-1,ORD00001295,PROD00121,1,17020.33,0.0,17020.33
OI00001295-2,ORD00001295,PROD00247,3,10596.3,4768.34,27020.56
OI00001295-3,ORD00001295,PROD00112,2,17029.83,0.0,34059.66
OI00001295-4,ORD00001295,PROD00165,3,17905.46,0.0,53716.38
OI00001296-1,ORD00001296,PROD00166,1,5219.63,782.94,4436.69
OI00001296-2,ORD00001296,PROD00131,4,1596.96,319.39,6068.45
OI00001297-1,ORD00001297,PROD00063,4,20579.93,0.0,82319.72
OI00001298-1,ORD00001298,PROD00285,3,7381.88,0.0,22145.64
OI00001298-2,ORD00001298,PROD00120,1,21353.8,0.0,21353.8
OI00001299-1,ORD00001299,PROD00307,4,13721.18,5488.47,49396.25
OI00001299-2,ORD00001299,PROD00339,3,696.45,208.94,1880.41
OI00001299-3,ORD00001299,PROD00024,4,13853.73,8312.24,47102.68
OI00001299-4,ORD00001299,PROD00339,3,696.45,0.0,2089.35
OI00001300-1,ORD00001300,PROD00288,2,6121.73,1836.52,10406.94
OI00001301-1,ORD00001301,PROD00169,1,5792.93,289.65,5503.28
OI00001301-2,ORD00001301,PROD00206,1,22722.97,0.0,22722.97
OI00001302-1,ORD00001302,PROD00015,4,21482.35,12889.41,73039.99
OI00001302-2,ORD00001302,PROD00070,1,23046.35,1152.32,21894.03
OI00001302-3,ORD00001302,PROD00337,2,17875.4,5362.62,30388.18
OI00001302-4,ORD00001302,PROD00151,1,4900.37,735.06,4165.31
OI00001303-1,ORD00001303,PROD00049,2,1583.63,0.0,3167.26
OI00001303-2,ORD00001303,PROD00211,2,2911.33,0.0,5822.66
OI00001303-3,ORD00001303,PROD00121,4,17020.33,0.0,68081.32
OI00001304-1,ORD00001304,PROD00149,3,5172.64,0.0,15517.92
OI00001304-2,ORD00001304,PROD00152,3,5018.12,0.0,15054.36
OI00001304-3,ORD00001304,PROD00343,1,19579.2,0.0,19579.2
OI00001305-1,ORD00001305,PROD00225,4,4381.86,0.0,17527.44
OI00001305-2,ORD00001305,PROD00047,1,23596.32,3539.45,20056.87
OI00001305-3,ORD00001305,PROD00264,4,15922.7,9553.62,54137.18
OI00001306-1,ORD00001306,PROD00146,1,8249.05,0.0,8249.05
OI00001306-2,ORD00001306,PROD00254,3,10249.25,0.0,30747.75
OI00001306-3,ORD00001306,PROD00318,1,21629.15,0.0,21629.15
OI00001306-4,ORD00001306,PROD00240,1,15221.18,0.0,15221.18
OI00001306-5,ORD00001306,PROD00160,2,21368.16,0.0,42736.32
OI00001307-1,ORD00001307,PROD00198,1,235.71,35.36,200.35
OI00001307-2,ORD00001307,PROD00037,1,17674.8,2651.22,15023.58
OI00001308-1,ORD00001308,PROD00296,2,3229.07,0.0,6458.14
OI00001308-2,ORD00001308,PROD00325,2,24143.74,0.0,48287.48
OI00001309-1,ORD00001309,PROD00308,2,9807.02,0.0,19614.04
OI00001309-2,ORD00001309,PROD00292,3,21804.92,0.0,65414.76
OI00001309-3,ORD00001309,PROD00119,4,17032.97,0.0,68131.88
OI00001309-4,ORD00001309,PROD00292,3,21804.92,0.0,65414.76
OI00001310-1,ORD00001310,PROD00065,3,11181.79,5031.81,28513.56
OI00001310-2,ORD00001310,PROD00324,2,1645.09,0.0,3290.18
OI00001310-3,ORD00001310,PROD00002,4,11732.07,2346.41,44581.87
OI00001311-1,ORD00001311,PROD00346,2,8662.06,0.0,17324.12
OI00001311-2,ORD00001311,PROD00132,2,1691.47,169.15,3213.79
OI00001311-3,ORD00001311,PROD00190,1,2376.38,356.46,2019.92
OI00001312-1,ORD00001312,PROD00260,4,2962.43,0.0,11849.72
OI00001313-1,ORD00001313,PROD00197,2,14707.92,2941.58,26474.26
OI00001313-2,ORD00001313,PROD00169,3,5792.93,0.0,17378.79
OI00001314-1,ORD00001314,PROD00296,3,3229.07,0.0,9687.21
OI00001315-1,ORD00001315,PROD00128,4,20549.76,8219.9,73979.14
OI00001316-1,ORD00001316,PROD00241,4,1662.19,0.0,6648.76
OI00001317-1,ORD00001317,PROD00104,1,15897.49,0.0,15897.49
OI00001317-2,ORD00001317,PROD00304,3,24529.51,0.0,73588.53
OI00001317-3,ORD00001317,PROD00070,4,23046.35,0.0,92185.4
OI00001317-4,ORD00001317,PROD00141,3,15103.07,6796.38,38512.83
OI00001317-5,ORD00001317,PROD00313,4,23762.43,14257.46,80792.26
OI00001318-1,ORD00001318,PROD00297,3,1594.03,239.1,4542.99
OI00001318-2,ORD00001318,PROD00009,4,15614.07,9368.44,53087.84
OI00001318-3,ORD00001318,PROD00055,4,2152.81,1291.69,7319.55
OI00001318-4,ORD00001318,PROD00329,1,10605.13,530.26,10074.87
OI00001318-5,ORD00001318,PROD00300,1,20412.89,0.0,20412.89
OI00001319-1,ORD00001319,PROD00269,3,14198.95,6389.53,36207.32
OI00001319-2,ORD00001319,PROD00230,1,8334.56,0.0,8334.56
OI00001320-1,ORD00001320,PROD00001,3,23270.16,0.0,69810.48
OI00001320-2,ORD00001320,PROD00278,4,20166.44,0.0,80665.76
OI00001320-3,ORD00001320,PROD00050,4,22567.65,4513.53,85757.07
OI00001321-1,ORD00001321,PROD00189,4,4749.05,1899.62,17096.58
OI00001321-2,ORD00001321,PROD00265,3,18730.82,0.0,56192.46
OI00001322-1,ORD00001322,PROD00210,2,18661.64,1866.16,35457.12
OI00001322-2,ORD00001322,PROD00176,3,24960.21,0.0,74880.63
OI00001322-3,ORD00001322,PROD00070,3,23046.35,0.0,69139.05
OI00001322-4,ORD00001322,PROD00288,4,6121.73,0.0,24486.92
OI00001323-1,ORD00001323,PROD00067,3,18306.34,0.0,54919.02
OI00001324-1,ORD00001324,PROD00155,1,16388.99,2458.35,13930.64
OI00001324-2,ORD00001324,PROD00211,2,2911.33,582.27,5240.39
OI00001324-3,ORD00001324,PROD00332,3,966.51,289.95,2609.58
OI00001324-4,ORD00001324,PROD00126,4,12025.16,4810.06,43290.58
OI00001325-1,ORD00001325,PROD00010,1,4667.93,0.0,4667.93
OI00001325-2,ORD00001325,PROD00041,2,18327.17,1832.72,34821.62
OI00001326-1,ORD00001326,PROD00333,2,15073.5,0.0,30147.0
OI00001326-2,ORD00001326,PROD00151,3,4900.37,0.0,14701.11
OI00001326-3,ORD00001326,PROD00251,4,17885.84,0.0,71543.36
OI00001326-4,ORD00001326,PROD00269,4,14198.95,2839.79,53956.01
OI00001326-5,ORD00001326,PROD00025,2,12394.98,1239.5,23550.46
OI00001327-1,ORD00001327,PROD00111,3,11594.18,0.0,34782.54
OI00001327-2,ORD00001327,PROD00349,3,22965.12,0.0,68895.36
OI00001327-3,ORD00001327,PROD00322,3,14307.01,2146.05,40774.98
OI00001327-4,ORD00001327,PROD00261,4,17666.44,10599.86,60065.9
OI00001328-1,ORD00001328,PROD00101,2,14649.72,0.0,29299.44
OI00001328-2,ORD00001328,PROD00226,4,11496.46,0.0,45985.84
OI00001329-1,ORD00001329,PROD00155,3,16388.99,0.0,49166.97
OI00001329-2,ORD00001329,PROD00237,4,6989.25,1397.85,26559.15
OI00001329-3,ORD00001329,PROD00089,4,7704.52,0.0,30818.08
OI00001329-4,ORD00001329,PROD00199,2,13170.12,1317.01,25023.23
OI00001330-1,ORD00001330,PROD00310,4,11465.44,2293.09,43568.67
OI00001330-2,ORD00001330,PROD00136,4,14715.94,0.0,58863.76
OI00001330-3,ORD00001330,PROD00314,3,8921.82,4014.82,22750.64
OI00001330-4,ORD00001330,PROD00147,2,5524.18,0.0,11048.36
OI00001330-5,ORD00001330,PROD00258,3,17451.91,0.0,52355.73
OI00001331-1,ORD00001331,PROD00015,2,21482.35,2148.24,40816.46
OI00001331-2,ORD00001331,PROD00200,4,18445.4,3689.08,70092.52
OI00001331-3,ORD00001331,PROD00286,4,3240.14,0.0,12960.56
OI00001332-1,ORD00001332,PROD00216,4,4489.61,0.0,17958.44
OI00001332-2,ORD00001332,PROD00042,3,3118.44,935.53,8419.79
OI00001332-3,ORD00001332,PROD00228,3,24578.41,0.0,73735.23
OI00001332-4,ORD00001332,PROD00153,1,8528.45,0.0,8528.45
OI00001333-1,ORD00001333,PROD00030,1,7097.31,1064.6,6032.71
OI00001333-2,ORD00001333,PROD00024,3,13853.73,6234.18,35327.01
OI00001333-3,ORD00001333,PROD00018,4,22565.26,0.0,90261.04
OI00001333-4,ORD00001333,PROD00204,3,17481.19,7866.54,44577.03
OI00001333-5,ORD00001333,PROD00260,2,2962.43,0.0,5924.86
OI00001334-1,ORD00001334,PROD00336,4,1810.42,0.0,7241.68
OI00001334-2,ORD00001334,PROD00126,3,12025.16,0.0,36075.48
OI00001334-3,ORD00001334,PROD00103,2,21963.07,2196.31,41729.83
OI00001335-1,ORD00001335,PROD00293,1,9456.41,0.0,9456.41
OI00001336-1,ORD00001336,PROD00216,1,4489.61,0.0,4489.61
OI00001336-2,ORD00001336,PROD00308,4,9807.02,0.0,39228.08
OI00001336-3,ORD00001336,PROD00042,1,3118.44,311.84,2806.6
OI00001337-1,ORD00001337,PROD00142,4,1480.08,296.02,5624.3
OI00001337-2,ORD00001337,PROD00040,3,3967.96,1785.58,10118.3
OI00001337-3,ORD00001337,PROD00157,4,21965.78,4393.16,83469.96
OI00001337-4,ORD00001337,PROD00218,1,9795.93,979.59,8816.34
OI00001338-1,ORD00001338,PROD00211,4,2911.33,1746.8,9898.52
OI00001338-2,ORD00001338,PROD00334,4,1905.27,762.11,6858.97
OI00001338-3,ORD00001338,PROD00076,1,22512.17,3376.83,19135.34
OI00001338-4,ORD00001338,PROD00191,2,719.62,0.0,1439.24
OI00001338-5,ORD00001338,PROD00207,3,1959.51,587.85,5290.68
OI00001339-1,ORD00001339,PROD00142,2,1480.08,444.02,2516.14
OI00001340-1,ORD00001340,PROD00255,4,4895.99,0.0,19583.96
OI00001340-2,ORD00001340,PROD00009,3,15614.07,0.0,46842.21
OI00001341-1,ORD00001341,PROD00035,3,14071.44,0.0,42214.32
OI00001341-2,ORD00001341,PROD00182,1,5279.14,0.0,5279.14
OI00001342-1,ORD00001342,PROD00231,2,1734.46,0.0,3468.92
OI00001342-2,ORD00001342,PROD00283,1,5877.29,0.0,5877.29
OI00001342-3,ORD00001342,PROD00233,3,579.27,0.0,1737.81
OI00001343-1,ORD00001343,PROD00097,3,19582.9,5874.87,52873.83
OI00001344-1,ORD00001344,PROD00116,4,4303.4,2582.04,14631.56
OI00001344-2,ORD00001344,PROD00116,3,4303.4,0.0,12910.2
OI00001345-1,ORD00001345,PROD00246,3,2046.4,0.0,6139.2
OI00001345-2,ORD00001345,PROD00105,1,8573.66,0.0,8573.66
OI00001345-3,ORD00001345,PROD00188,1,24505.29,2450.53,22054.76
OI00001345-4,ORD00001345,PROD00346,2,8662.06,0.0,17324.12
OI00001346-1,ORD00001346,PROD00163,1,4227.47,0.0,4227.47
OI00001346-2,ORD00001346,PROD00108,3,19693.27,8861.97,50217.84
OI00001346-3,ORD00001346,PROD00086,1,21556.26,1077.81,20478.45
OI00001346-4,ORD00001346,PROD00282,3,15862.74,0.0,47588.22
OI00001347-1,ORD00001347,PROD00088,4,13567.39,0.0,54269.56
OI00001348-1,ORD00001348,PROD00092,2,5103.86,1020.77,9186.95
OI00001348-2,ORD00001348,PROD00106,1,16178.76,1617.88,14560.88
OI00001348-3,ORD00001348,PROD00113,3,20219.94,6065.98,54593.84
OI00001348-4,ORD00001348,PROD00293,1,9456.41,945.64,8510.77
OI00001348-5,ORD00001348,PROD00022,1,973.58,0.0,973.58
OI00001349-1,ORD00001349,PROD00311,2,22435.59,0.0,44871.18
OI00001349-2,ORD00001349,PROD00081,1,14048.06,2107.21,11940.85
OI00001350-1,ORD00001350,PROD00027,1,12715.52,0.0,12715.52
OI00001350-2,ORD00001350,PROD00033,3,8958.24,0.0,26874.72
OI00001351-1,ORD00001351,PROD00206,1,22722.97,0.0,22722.97
OI00001351-2,ORD00001351,PROD00128,1,20549.76,0.0,20549.76
OI00001351-3,ORD00001351,PROD00329,3,10605.13,0.0,31815.39
OI00001352-1,ORD00001352,PROD00031,3,5027.13,0.0,15081.39
OI00001352-2,ORD00001352,PROD00006,4,8918.67,1783.73,33890.95
OI00001353-1,ORD00001353,PROD00185,3,17159.78,7721.9,43757.44
OI00001353-2,ORD00001353,PROD00161,3,15755.01,2363.25,44901.78
OI00001353-3,ORD00001353,PROD00209,4,1876.23,0.0,7504.92
OI00001353-4,ORD00001353,PROD00157,3,21965.78,0.0,65897.34
OI00001354-1,ORD00001354,PROD00307,3,13721.18,0.0,41163.54
OI00001354-2,ORD00001354,PROD00079,1,9711.52,485.58,9225.94
OI00001354-3,ORD00001354,PROD00158,1,4832.45,483.25,4349.2
OI00001354-4,ORD00001354,PROD00053,1,17522.36,876.12,16646.24
OI00001354-5,ORD00001354,PROD00054,4,17451.9,10471.14,59336.46
OI00001355-1,ORD00001355,PROD00326,2,13890.31,0.0,27780.62
OI00001355-2,ORD00001355,PROD00341,3,22735.67,0.0,68207.01
OI00001355-3,ORD00001355,PROD00064,4,2094.58,837.83,7540.49
OI00001355-4,ORD00001355,PROD00073,4,3596.39,1438.56,12947.0
OI00001355-5,ORD00001355,PROD00065,2,11181.79,3354.54,19009.04
OI00001356-1,ORD00001356,PROD00317,4,16337.28,0.0,65349.12
OI00001356-2,ORD00001356,PROD00016,2,21060.14,6318.04,35802.24
OI00001356-3,ORD00001356,PROD00139,4,1559.26,623.7,5613.34
OI00001356-4,ORD00001356,PROD00045,1,3832.7,0.0,3832.7
OI00001357-1,ORD00001357,PROD00253,2,23510.11,0.0,47020.22
OI00001357-2,ORD00001357,PROD00283,4,5877.29,0.0,23509.16
OI00001357-3,ORD00001357,PROD00104,2,15897.49,0.0,31794.98
OI00001358-1,ORD00001358,PROD00253,2,23510.11,0.0,47020.22
OI00001358-2,ORD00001358,PROD00098,4,24035.74,0.0,96142.96
OI00001358-3,ORD00001358,PROD00075,3,1735.74,0.0,5207.22
OI00001358-4,ORD00001358,PROD00152,3,5018.12,0.0,15054.36
OI00001358-5,ORD00001358,PROD00023,3,5836.05,2626.22,14881.93
OI00001359-1,ORD00001359,PROD00009,4,15614.07,0.0,62456.28
OI00001359-2,ORD00001359,PROD00148,1,15616.8,0.0,15616.8
OI00001359-3,ORD00001359,PROD00094,3,1683.18,0.0,5049.54
OI00001359-4,ORD00001359,PROD00215,3,16801.23,0.0,50403.69
OI00001360-1,ORD00001360,PROD00175,1,18643.02,2796.45,15846.57
OI00001360-2,ORD00001360,PROD00297,1,1594.03,0.0,1594.03
OI00001360-3,ORD00001360,PROD00043,3,20878.59,3131.79,59503.98
OI00001360-4,ORD00001360,PROD00201,3,17522.9,0.0,52568.7
OI00001360-5,ORD00001360,PROD00019,1,539.71,26.99,512.72
OI00001361-1,ORD00001361,PROD00252,4,21548.3,12928.98,73264.22
OI00001361-2,ORD00001361,PROD00196,3,10833.41,1625.01,30875.22
OI00001361-3,ORD00001361,PROD00315,2,14855.14,0.0,29710.28
OI00001361-4,ORD00001361,PROD00106,4,16178.76,9707.26,55007.78
OI00001361-5,ORD00001361,PROD00027,4,12715.52,7629.31,43232.77
OI00001362-1,ORD00001362,PROD00285,4,7381.88,0.0,29527.52
OI00001362-2,ORD00001362,PROD00144,4,4774.42,1909.77,17187.91
OI00001363-1,ORD00001363,PROD00261,1,17666.44,0.0,17666.44
OI00001363-2,ORD00001363,PROD00169,1,5792.93,868.94,4923.99
OI00001364-1,ORD00001364,PROD00149,3,5172.64,0.0,15517.92
OI00001364-2,ORD00001364,PROD00302,1,7756.84,0.0,7756.84
OI00001364-3,ORD00001364,PROD00236,1,23089.06,0.0,23089.06
OI00001364-4,ORD00001364,PROD00120,3,21353.8,3203.07,60858.33
OI00001364-5,ORD00001364,PROD00066,2,21806.77,4361.35,39252.19
OI00001365-1,ORD00001365,PROD00289,3,10900.59,4905.27,27796.5
OI00001366-1,ORD00001366,PROD00131,4,1596.96,958.18,5429.66
OI00001366-2,ORD00001366,PROD00271,4,21715.63,0.0,86862.52
OI00001366-3,ORD00001366,PROD00195,2,9755.37,1951.07,17559.67
OI00001366-4,ORD00001366,PROD00086,3,21556.26,9700.32,54968.46
OI00001366-5,ORD00001366,PROD00340,2,17115.28,0.0,34230.56
OI00001367-1,ORD00001367,PROD00270,2,6520.83,0.0,13041.66
OI00001368-1,ORD00001368,PROD00264,3,15922.7,2388.41,45379.69
OI00001368-2,ORD00001368,PROD00275,3,23306.6,10487.97,59431.83
OI00001368-3,ORD00001368,PROD00217,4,11079.35,2215.87,42101.53
OI00001368-4,ORD00001368,PROD00328,4,24499.21,9799.68,88197.16
OI00001368-5,ORD00001368,PROD00010,4,4667.93,0.0,18671.72
OI00001369-1,ORD00001369,PROD00167,4,7684.68,0.0,30738.72
OI00001369-2,ORD00001369,PROD00076,1,22512.17,0.0,22512.17
OI00001369-3,ORD00001369,PROD00183,2,14458.84,0.0,28917.68
OI00001369-4,ORD00001369,PROD00245,3,7169.55,0.0,21508.65
OI00001369-5,ORD00001369,PROD00169,2,5792.93,1158.59,10427.27
OI00001370-1,ORD00001370,PROD00045,1,3832.7,574.9,3257.8
OI00001370-2,ORD00001370,PROD00326,3,13890.31,4167.09,37503.84
OI00001370-3,ORD00001370,PROD00198,2,235.71,23.57,447.85
OI00001371-1,ORD00001371,PROD00253,4,23510.11,0.0,94040.44
OI00001371-2,ORD00001371,PROD00172,2,9009.37,0.0,18018.74
OI00001371-3,ORD00001371,PROD00314,4,8921.82,0.0,35687.28
OI00001371-4,ORD00001371,PROD00163,1,4227.47,0.0,4227.47
OI00001371-5,ORD00001371,PROD00329,4,10605.13,0.0,42420.52
OI00001372-1,ORD00001372,PROD00005,1,12790.76,1279.08,11511.68
OI00001372-2,ORD00001372,PROD00106,3,16178.76,7280.44,41255.84
OI00001373-1,ORD00001373,PROD00020,1,1320.51,198.08,1122.43
OI00001373-2,ORD00001373,PROD00168,4,13786.27,8271.76,46873.32
OI00001374-1,ORD00001374,PROD00278,2,20166.44,0.0,40332.88
OI00001374-2,ORD00001374,PROD00340,2,17115.28,1711.53,32519.03
OI00001374-3,ORD00001374,PROD00196,4,10833.41,4333.36,39000.28
OI00001375-1,ORD00001375,PROD00018,3,22565.26,0.0,67695.78
OI00001375-2,ORD00001375,PROD00105,2,8573.66,0.0,17147.32
OI00001375-3,ORD00001375,PROD00284,1,10726.51,0.0,10726.51
OI00001375-4,ORD00001375,PROD00171,2,6861.84,686.18,13037.5
OI00001375-5,ORD00001375,PROD00124,3,24453.49,7336.05,66024.42
OI00001376-1,ORD00001376,PROD00134,3,11362.61,1704.39,32383.44
OI00001376-2,ORD00001376,PROD00009,3,15614.07,0.0,46842.21
OI00001376-3,ORD00001376,PROD00300,2,20412.89,2041.29,38784.49
OI00001377-1,ORD00001377,PROD00325,2,24143.74,2414.37,45873.11
OI00001377-2,ORD00001377,PROD00070,1,23046.35,3456.95,19589.4
OI00001377-3,ORD00001377,PROD00171,2,6861.84,686.18,13037.5
OI00001377-4,ORD00001377,PROD00154,1,21079.89,0.0,21079.89
OI00001378-1,ORD00001378,PROD00257,3,18404.82,8282.17,46932.29
OI00001378-2,ORD00001378,PROD00022,2,973.58,0.0,1947.16
OI00001379-1,ORD00001379,PROD00345,4,15206.3,3041.26,57783.94
OI00001380-1,ORD00001380,PROD00198,2,235.71,23.57,447.85
OI00001380-2,ORD00001380,PROD00134,2,11362.61,2272.52,20452.7
OI00001381-1,ORD00001381,PROD00203,1,9647.39,482.37,9165.02
OI00001381-2,ORD00001381,PROD00288,1,6121.73,306.09,5815.64
OI00001381-3,ORD00001381,PROD00176,1,24960.21,3744.03,21216.18
OI00001382-1,ORD00001382,PROD00190,1,2376.38,0.0,2376.38
OI00001382-2,ORD00001382,PROD00294,3,20220.76,0.0,60662.28
OI00001382-3,ORD00001382,PROD00050,3,22567.65,6770.3,60932.65
OI00001383-1,ORD00001383,PROD00318,2,21629.15,4325.83,38932.47
OI00001383-2,ORD00001383,PROD00345,2,15206.3,3041.26,27371.34
OI00001383-3,ORD00001383,PROD00330,3,16495.98,7423.19,42064.75
OI00001384-1,ORD00001384,PROD00195,3,9755.37,2926.61,26339.5
OI00001384-2,ORD00001384,PROD00019,4,539.71,0.0,2158.84
OI00001384-3,ORD00001384,PROD00186,3,8185.68,0.0,24557.04
OI00001385-1,ORD00001385,PROD00222,4,18114.09,10868.45,61587.91
OI00001385-2,ORD00001385,PROD00253,1,23510.11,0.0,23510.11
OI00001386-1,ORD00001386,PROD00314,1,8921.82,446.09,8475.73
OI00001386-2,ORD00001386,PROD00208,2,11300.85,0.0,22601.7
OI00001386-3,ORD00001386,PROD00058,3,18176.41,0.0,54529.23
OI00001387-1,ORD00001387,PROD00057,1,634.37,0.0,634.37
OI00001388-1,ORD00001388,PROD00135,2,8523.43,2557.03,14489.83
OI00001388-2,ORD00001388,PROD00037,3,17674.8,7953.66,45070.74
OI00001388-3,ORD00001388,PROD00275,4,23306.6,0.0,93226.4
OI00001388-4,ORD00001388,PROD00089,3,7704.52,0.0,23113.56
OI00001388-5,ORD00001388,PROD00240,3,15221.18,2283.18,43380.36
OI00001389-1,ORD00001389,PROD00159,1,24425.69,1221.28,23204.41
OI00001389-2,ORD00001389,PROD00274,3,2466.2,1109.79,6288.81
OI00001389-3,ORD00001389,PROD00192,4,5187.01,0.0,20748.04
OI00001389-4,ORD00001389,PROD00318,3,21629.15,0.0,64887.45
OI00001390-1,ORD00001390,PROD00283,1,5877.29,881.59,4995.7
OI00001390-2,ORD00001390,PROD00299,3,2709.32,406.4,7721.56
OI00001390-3,ORD00001390,PROD00307,3,13721.18,2058.18,39105.36
OI00001391-1,ORD00001391,PROD00135,1,8523.43,0.0,8523.43
OI00001391-2,ORD00001391,PROD00211,2,2911.33,0.0,5822.66
OI00001391-3,ORD00001391,PROD00110,3,9699.44,1454.92,27643.4
OI00001391-4,ORD00001391,PROD00001,3,23270.16,0.0,69810.48
OI00001391-5,ORD00001391,PROD00239,1,6094.11,0.0,6094.11
OI00001392-1,ORD00001392,PROD00343,4,19579.2,11747.52,66569.28
OI00001392-2,ORD00001392,PROD00126,3,12025.16,0.0,36075.48
OI00001392-3,ORD00001392,PROD00285,3,7381.88,3321.85,18823.79
OI00001392-4,ORD00001392,PROD00164,3,12489.77,0.0,37469.31
OI00001393-1,ORD00001393,PROD00019,1,539.71,26.99,512.72
OI00001393-2,ORD00001393,PROD00014,2,2236.5,447.3,4025.7
OI00001393-3,ORD00001393,PROD00199,1,13170.12,0.0,13170.12
OI00001393-4,ORD00001393,PROD00040,4,3967.96,0.0,15871.84
OI00001394-1,ORD00001394,PROD00197,4,14707.92,5883.17,52948.51
OI00001395-1,ORD00001395,PROD00092,3,5103.86,0.0,15311.58
OI00001395-2,ORD00001395,PROD00349,1,22965.12,1148.26,21816.86
OI00001395-3,ORD00001395,PROD00080,1,16165.62,2424.84,13740.78
OI00001395-4,ORD00001395,PROD00187,2,24432.22,7329.67,41534.77
OI00001395-5,ORD00001395,PROD00282,4,15862.74,3172.55,60278.41
OI00001396-1,ORD00001396,PROD00123,3,4905.47,2207.46,12508.95
OI00001396-2,ORD00001396,PROD00183,4,14458.84,0.0,57835.36
OI00001396-3,ORD00001396,PROD00251,1,17885.84,894.29,16991.55
OI00001396-4,ORD00001396,PROD00066,2,21806.77,4361.35,39252.19
OI00001397-1,ORD00001397,PROD00177,1,19263.4,0.0,19263.4
OI00001397-2,ORD00001397,PROD00314,1,8921.82,0.0,8921.82
OI00001398-1,ORD00001398,PROD00085,4,20182.68,12109.61,68621.11
OI00001398-2,ORD00001398,PROD00159,2,24425.69,2442.57,46408.81
OI00001398-3,ORD00001398,PROD00208,2,11300.85,0.0,22601.7
OI00001399-1,ORD00001399,PROD00267,1,16380.3,0.0,16380.3
OI00001399-2,ORD00001399,PROD00342,1,296.09,44.41,251.68
OI00001399-3,ORD00001399,PROD00027,4,12715.52,7629.31,43232.77
OI00001400-1,ORD00001400,PROD00200,1,18445.4,1844.54,16600.86
OI00001400-2,ORD00001400,PROD00090,3,4577.37,0.0,13732.11
OI00001401-1,ORD00001401,PROD00073,4,3596.39,719.28,13666.28
OI00001402-1,ORD00001402,PROD00086,1,21556.26,0.0,21556.26
OI00001402-2,ORD00001402,PROD00321,2,19868.88,0.0,39737.76
OI00001403-1,ORD00001403,PROD00291,2,16653.64,0.0,33307.28
OI00001403-2,ORD00001403,PROD00317,3,16337.28,2450.59,46561.25
OI00001403-3,ORD00001403,PROD00164,4,12489.77,0.0,49959.08
OI00001403-4,ORD00001403,PROD00323,3,10163.0,1524.45,28964.55
OI00001403-5,ORD00001403,PROD00191,2,719.62,0.0,1439.24
OI00001404-1,ORD00001404,PROD00267,1,16380.3,2457.04,13923.26
OI00001405-1,ORD00001405,PROD00097,1,19582.9,2937.43,16645.47
OI00001405-2,ORD00001405,PROD00174,2,13673.35,0.0,27346.7
OI00001405-3,ORD00001405,PROD00106,1,16178.76,2426.81,13751.95
OI00001405-4,ORD00001405,PROD00304,2,24529.51,2452.95,46606.07
OI00001406-1,ORD00001406,PROD00255,1,4895.99,0.0,4895.99
OI00001406-2,ORD00001406,PROD00196,2,10833.41,0.0,21666.82
OI00001406-3,ORD00001406,PROD00015,1,21482.35,0.0,21482.35
OI00001407-1,ORD00001407,PROD00050,1,22567.65,0.0,22567.65
OI00001408-1,ORD00001408,PROD00101,1,14649.72,1464.97,13184.75
OI00001409-1,ORD00001409,PROD00294,1,20220.76,1011.04,19209.72
OI00001410-1,ORD00001410,PROD00194,2,3968.03,1190.41,6745.65
OI00001410-2,ORD00001410,PROD00310,3,11465.44,0.0,34396.32
OI00001410-3,ORD00001410,PROD00248,4,544.29,326.57,1850.59
OI00001410-4,ORD00001410,PROD00248,1,544.29,81.64,462.65
OI00001411-1,ORD00001411,PROD00280,4,11325.36,4530.14,40771.3
OI00001411-2,ORD00001411,PROD00026,3,4075.27,0.0,12225.81
OI00001411-3,ORD00001411,PROD00257,4,18404.82,7361.93,66257.35
OI00001412-1,ORD00001412,PROD00336,3,1810.42,271.56,5159.7
OI00001412-2,ORD00001412,PROD00132,4,1691.47,338.29,6427.59
OI00001412-3,ORD00001412,PROD00153,1,8528.45,852.85,7675.6
OI00001413-1,ORD00001413,PROD00312,1,9087.53,454.38,8633.15
OI00001413-2,ORD00001413,PROD00129,1,19114.26,1911.43,17202.83
OI00001414-1,ORD00001414,PROD00306,4,18198.52,10919.11,61874.97
OI00001415-1,ORD00001415,PROD00287,1,4242.92,0.0,4242.92
OI00001415-2,ORD00001415,PROD00204,2,17481.19,3496.24,31466.14
OI00001415-3,ORD00001415,PROD00201,4,17522.9,0.0,70091.6
OI00001416-1,ORD00001416,PROD00035,2,14071.44,4221.43,23921.45
OI00001416-2,ORD00001416,PROD00204,2,17481.19,0.0,34962.38
OI00001417-1,ORD00001417,PROD00293,1,9456.41,945.64,8510.77
OI00001417-2,ORD00001417,PROD00262,4,20752.25,0.0,83009.0
OI00001417-3,ORD00001417,PROD00142,1,1480.08,0.0,1480.08
OI00001417-4,ORD00001417,PROD00309,2,2478.12,0.0,4956.24
OI00001418-1,ORD00001418,PROD00328,1,24499.21,0.0,24499.21
OI00001418-2,ORD00001418,PROD00210,3,18661.64,2799.25,53185.67
OI00001418-3,ORD00001418,PROD00123,3,4905.47,0.0,14716.41
OI00001418-4,ORD00001418,PROD00246,3,2046.4,0.0,6139.2
OI00001418-5,ORD00001418,PROD00130,4,22922.02,9168.81,82519.27
OI00001419-1,ORD00001419,PROD00156,1,6041.74,0.0,6041.74
OI00001420-1,ORD00001420,PROD00263,4,14672.69,5869.08,52821.68
OI00001420-2,ORD00001420,PROD00297,1,1594.03,0.0,1594.03
OI00001420-3,ORD00001420,PROD00174,4,13673.35,0.0,54693.4
OI00001421-1,ORD00001421,PROD00017,3,19254.54,2888.18,54875.44
OI00001421-2,ORD00001421,PROD00257,4,18404.82,0.0,73619.28
OI00001422-1,ORD00001422,PROD00003,3,24605.45,0.0,73816.35
OI00001422-2,ORD00001422,PROD00201,3,17522.9,5256.87,47311.83
OI00001422-3,ORD00001422,PROD00119,3,17032.97,0.0,51098.91
OI00001422-4,ORD00001422,PROD00123,4,4905.47,981.09,18640.79
OI00001423-1,ORD00001423,PROD00235,4,7450.54,4470.32,25331.84
OI00001423-2,ORD00001423,PROD00224,1,23476.13,0.0,23476.13
OI00001423-3,ORD00001423,PROD00199,3,13170.12,0.0,39510.36
OI00001423-4,ORD00001423,PROD00159,3,24425.69,10991.56,62285.51
OI00001424-1,ORD00001424,PROD00122,1,1221.77,0.0,1221.77
OI00001424-2,ORD00001424,PROD00116,2,4303.4,0.0,8606.8
OI00001424-3,ORD00001424,PROD00298,4,19293.46,11576.08,65597.76
OI00001424-4,ORD00001424,PROD00232,3,12800.1,1920.02,36480.28
OI00001425-1,ORD00001425,PROD00274,1,2466.2,246.62,2219.58
OI00001425-2,ORD00001425,PROD00156,4,6041.74,3625.04,20541.92
OI00001425-3,ORD00001425,PROD00112,1,17029.83,1702.98,15326.85
OI00001426-1,ORD00001426,PROD00084,4,6169.9,0.0,24679.6
OI00001426-2,ORD00001426,PROD00233,3,579.27,173.78,1564.03
OI00001426-3,ORD00001426,PROD00154,4,21079.89,4215.98,80103.58
OI00001427-1,ORD00001427,PROD00243,4,5945.94,0.0,23783.76
OI00001427-2,ORD00001427,PROD00231,3,1734.46,0.0,5203.38
OI00001427-3,ORD00001427,PROD00345,3,15206.3,2280.95,43337.95
OI00001427-4,ORD00001427,PROD00175,4,18643.02,0.0,74572.08
OI00001427-5,ORD00001427,PROD00263,4,14672.69,0.0,58690.76
OI00001428-1,ORD00001428,PROD00138,1,12060.91,0.0,12060.91
OI00001428-2,ORD00001428,PROD00297,1,1594.03,159.4,1434.63
OI00001428-3,ORD00001428,PROD00260,3,2962.43,1333.09,7554.2
OI00001429-1,ORD00001429,PROD00303,2,15795.37,4738.61,26852.13
OI00001429-2,ORD00001429,PROD00209,1,1876.23,0.0,1876.23
OI00001429-3,ORD00001429,PROD00266,2,20418.91,2041.89,38795.93
OI00001429-4,ORD00001429,PROD00281,4,16522.7,0.0,66090.8
OI00001430-1,ORD00001430,PROD00240,1,15221.18,2283.18,12938.0
OI00001430-2,ORD00001430,PROD00106,4,16178.76,0.0,64715.04
OI00001430-3,ORD00001430,PROD00193,2,9247.87,924.79,17570.95
OI00001431-1,ORD00001431,PROD00029,4,19909.52,0.0,79638.08
OI00001432-1,ORD00001432,PROD00096,1,7650.09,382.5,7267.59
OI00001432-2,ORD00001432,PROD00277,2,16643.7,0.0,33287.4
OI00001433-1,ORD00001433,PROD00027,2,12715.52,0.0,25431.04
OI00001433-2,ORD00001433,PROD00316,2,3014.12,0.0,6028.24
OI00001434-1,ORD00001434,PROD00194,3,3968.03,1785.61,10118.48
OI00001435-1,ORD00001435,PROD00098,3,24035.74,3605.36,68501.86
OI00001435-2,ORD00001435,PROD00276,4,9301.09,0.0,37204.36
OI00001436-1,ORD00001436,PROD00247,1,10596.3,0.0,10596.3
OI00001436-2,ORD00001436,PROD00196,3,10833.41,0.0,32500.23
OI00001437-1,ORD00001437,PROD00126,1,12025.16,0.0,12025.16
OI00001437-2,ORD00001437,PROD00297,1,1594.03,0.0,1594.03
OI00001437-3,ORD00001437,PROD00086,3,21556.26,0.0,64668.78
OI00001438-1,ORD00001438,PROD00211,3,2911.33,0.0,8733.99
OI00001438-2,ORD00001438,PROD00187,3,24432.22,0.0,73296.66
OI00001438-3,ORD00001438,PROD00246,4,2046.4,818.56,7367.04
OI00001438-4,ORD00001438,PROD00272,4,6955.22,2782.09,25038.79
OI00001439-1,ORD00001439,PROD00067,2,18306.34,0.0,36612.68
OI00001439-2,ORD00001439,PROD00128,1,20549.76,1027.49,19522.27
OI00001439-3,ORD00001439,PROD00018,1,22565.26,2256.53,20308.73
OI00001439-4,ORD00001439,PROD00167,4,7684.68,1536.94,29201.78
OI00001439-5,ORD00001439,PROD00107,2,10358.42,2071.68,18645.16
OI00001440-1,ORD00001440,PROD00129,2,19114.26,0.0,38228.52
OI00001441-1,ORD00001441,PROD00243,4,5945.94,0.0,23783.76
OI00001442-1,ORD00001442,PROD00278,1,20166.44,1008.32,19158.12
OI00001442-2,ORD00001442,PROD00003,1,24605.45,0.0,24605.45
OI00001443-1,ORD00001443,PROD00041,2,18327.17,0.0,36654.34
OI00001443-2,ORD00001443,PROD00076,2,22512.17,6753.65,38270.69
OI00001443-3,ORD00001443,PROD00336,1,1810.42,0.0,1810.42
OI00001444-1,ORD00001444,PROD00204,3,17481.19,5244.36,47199.21
OI00001445-1,ORD00001445,PROD00208,4,11300.85,0.0,45203.4
OI00001445-2,ORD00001445,PROD00239,3,6094.11,2742.35,15539.98
OI00001445-3,ORD00001445,PROD00010,1,4667.93,0.0,4667.93
OI00001446-1,ORD00001446,PROD00027,2,12715.52,3814.66,21616.38
OI00001446-2,ORD00001446,PROD00204,1,17481.19,874.06,16607.13
OI00001447-1,ORD00001447,PROD00104,1,15897.49,1589.75,14307.74
OI00001447-2,ORD00001447,PROD00191,4,719.62,0.0,2878.48
OI00001448-1,ORD00001448,PROD00219,1,19321.62,0.0,19321.62
OI00001449-1,ORD00001449,PROD00206,4,22722.97,0.0,90891.88
OI00001449-2,ORD00001449,PROD00138,3,12060.91,3618.27,32564.46
OI00001450-1,ORD00001450,PROD00290,4,19169.41,3833.88,72843.76
OI00001451-1,ORD00001451,PROD00038,2,19552.23,0.0,39104.46
OI00001451-2,ORD00001451,PROD00062,2,17873.06,3574.61,32171.51
OI00001451-3,ORD00001451,PROD00181,2,8549.46,0.0,17098.92
OI00001452-1,ORD00001452,PROD00295,2,2274.03,227.4,4320.66
OI00001452-2,ORD00001452,PROD00300,3,20412.89,6123.87,55114.8
OI00001452-3,ORD00001452,PROD00083,1,3051.07,0.0,3051.07
OI00001453-1,ORD00001453,PROD00310,4,11465.44,0.0,45861.76
OI00001453-2,ORD00001453,PROD00145,2,21307.62,0.0,42615.24
OI00001454-1,ORD00001454,PROD00159,2,24425.69,0.0,48851.38
OI00001455-1,ORD00001455,PROD00067,3,18306.34,5491.9,49427.12
OI00001455-2,ORD00001455,PROD00041,2,18327.17,5498.15,31156.19
OI00001455-3,ORD00001455,PROD00036,2,19263.87,0.0,38527.74
OI00001455-4,ORD00001455,PROD00335,4,11428.89,6857.33,38858.23
OI00001456-1,ORD00001456,PROD00153,2,8528.45,2558.54,14498.36
OI00001456-2,ORD00001456,PROD00157,2,21965.78,6589.73,37341.83
OI00001456-3,ORD00001456,PROD00176,3,24960.21,7488.06,67392.57
OI00001457-1,ORD00001457,PROD00186,4,8185.68,0.0,32742.72
OI00001457-2,ORD00001457,PROD00173,4,19657.54,11794.52,66835.64
OI00001457-3,ORD00001457,PROD00158,2,4832.45,966.49,8698.41
OI00001457-4,ORD00001457,PROD00347,1,11947.7,0.0,11947.7
OI00001458-1,ORD00001458,PROD00329,3,10605.13,0.0,31815.39
OI00001459-1,ORD00001459,PROD00026,3,4075.27,0.0,12225.81
OI00001460-1,ORD00001460,PROD00213,2,11796.15,0.0,23592.3
OI00001460-2,ORD00001460,PROD00086,4,21556.26,4311.25,81913.79
OI00001460-3,ORD00001460,PROD00071,2,9271.17,0.0,18542.34
OI00001460-4,ORD00001460,PROD00134,2,11362.61,0.0,22725.22
OI00001461-1,ORD00001461,PROD00138,1,12060.91,0.0,12060.91
OI00001462-1,ORD00001462,PROD00236,2,23089.06,0.0,46178.12
OI00001463-1,ORD00001463,PROD00216,1,4489.61,0.0,4489.61
OI00001463-2,ORD00001463,PROD00325,1,24143.74,2414.37,21729.37
OI00001463-3,ORD00001463,PROD00137,2,22614.03,4522.81,40705.25
OI00001464-1,ORD00001464,PROD00230,3,8334.56,0.0,25003.68
OI00001464-2,ORD00001464,PROD00081,2,14048.06,4214.42,23881.7
OI00001464-3,ORD00001464,PROD00166,4,5219.63,3131.78,17746.74
OI00001465-1,ORD00001465,PROD00305,1,17525.16,0.0,17525.16
OI00001465-2,ORD00001465,PROD00086,4,21556.26,0.0,86225.04
OI00001466-1,ORD00001466,PROD00104,2,15897.49,3179.5,28615.48
OI00001467-1,ORD00001467,PROD00222,3,18114.09,2717.11,51625.16
OI00001468-1,ORD00001468,PROD00251,2,17885.84,5365.75,30405.93
OI00001468-2,ORD00001468,PROD00167,3,7684.68,0.0,23054.04
OI00001468-3,ORD00001468,PROD00338,1,10521.18,1578.18,8943.0
OI00001468-4,ORD00001468,PROD00146,2,8249.05,2474.71,14023.39
OI00001468-5,ORD00001468,PROD00128,1,20549.76,1027.49,19522.27
OI00001469-1,ORD00001469,PROD00187,3,24432.22,7329.67,65966.99
OI00001469-2,ORD00001469,PROD00116,2,4303.4,0.0,8606.8
OI00001469-3,ORD00001469,PROD00119,4,17032.97,6813.19,61318.69
OI00001469-4,ORD00001469,PROD00010,3,4667.93,0.0,14003.79
OI00001470-1,ORD00001470,PROD00114,3,7054.87,1058.23,20106.38
OI00001470-2,ORD00001470,PROD00102,2,7550.93,1510.19,13591.67
OI00001470-3,ORD00001470,PROD00051,2,10511.67,0.0,21023.34
OI00001470-4,ORD00001470,PROD00011,4,13382.68,0.0,53530.72
OI00001470-5,ORD00001470,PROD00142,3,1480.08,0.0,4440.24
OI00001471-1,ORD00001471,PROD00092,2,5103.86,0.0,10207.72
OI00001472-1,ORD00001472,PROD00098,4,24035.74,0.0,96142.96
OI00001472-2,ORD00001472,PROD00029,2,19909.52,0.0,39819.04
OI00001472-3,ORD00001472,PROD00178,1,20555.44,0.0,20555.44
OI00001473-1,ORD00001473,PROD00168,1,13786.27,0.0,13786.27
OI00001473-2,ORD00001473,PROD00250,1,7116.48,0.0,7116.48
OI00001474-1,ORD00001474,PROD00137,1,22614.03,0.0,22614.03
OI00001474-2,ORD00001474,PROD00078,2,3767.12,1130.14,6404.1
OI00001474-3,ORD00001474,PROD00346,3,8662.06,0.0,25986.18
OI00001474-4,ORD00001474,PROD00202,3,10405.57,0.0,31216.71
OI00001474-5,ORD00001474,PROD00041,2,18327.17,0.0,36654.34
OI00001475-1,ORD00001475,PROD00249,1,13843.66,1384.37,12459.29
OI00001476-1,ORD00001476,PROD00159,3,24425.69,0.0,73277.07
OI00001476-2,ORD00001476,PROD00316,4,3014.12,0.0,12056.48
OI00001477-1,ORD00001477,PROD00201,4,17522.9,0.0,70091.6
OI00001478-1,ORD00001478,PROD00062,4,17873.06,0.0,71492.24
OI00001478-2,ORD00001478,PROD00039,3,12707.28,5718.28,32403.56
OI00001478-3,ORD00001478,PROD00222,2,18114.09,0.0,36228.18
OI00001478-4,ORD00001478,PROD00068,1,12144.87,0.0,12144.87
OI00001479-1,ORD00001479,PROD00029,3,19909.52,5972.86,53755.7
OI00001479-2,ORD00001479,PROD00288,4,6121.73,2448.69,22038.23
OI00001480-1,ORD00001480,PROD00098,2,24035.74,7210.72,40860.76
OI00001480-2,ORD00001480,PROD00217,1,11079.35,1107.94,9971.41
OI00001480-3,ORD00001480,PROD00022,1,973.58,0.0,973.58
OI00001481-1,ORD00001481,PROD00111,2,11594.18,1159.42,22028.94
OI00001482-1,ORD00001482,PROD00201,1,17522.9,876.15,16646.75
OI00001482-2,ORD00001482,PROD00125,1,4153.82,207.69,3946.13
OI00001482-3,ORD00001482,PROD00261,4,17666.44,10599.86,60065.9
OI00001483-1,ORD00001483,PROD00216,1,4489.61,0.0,4489.61
OI00001483-2,ORD00001483,PROD00322,1,14307.01,2146.05,12160.96
OI00001483-3,ORD00001483,PROD00303,4,15795.37,0.0,63181.48
OI00001484-1,ORD00001484,PROD00007,4,18525.88,0.0,74103.52
OI00001485-1,ORD00001485,PROD00345,3,15206.3,2280.95,43337.95
OI00001486-1,ORD00001486,PROD00010,4,4667.93,1867.17,16804.55
OI00001486-2,ORD00001486,PROD00115,1,24607.38,2460.74,22146.64
OI00001486-3,ORD00001486,PROD00114,1,7054.87,352.74,6702.13
OI00001487-1,ORD00001487,PROD00191,1,719.62,107.94,611.68
OI00001487-2,ORD00001487,PROD00131,3,1596.96,0.0,4790.88
OI00001487-3,ORD00001487,PROD00312,2,9087.53,908.75,17266.31
OI00001487-4,ORD00001487,PROD00237,1,6989.25,0.0,6989.25
OI00001487-5,ORD00001487,PROD00199,4,13170.12,0.0,52680.48
OI00001488-1,ORD00001488,PROD00231,3,1734.46,0.0,5203.38
OI00001488-2,ORD00001488,PROD00288,3,6121.73,918.26,17446.93
OI00001488-3,ORD00001488,PROD00052,1,22735.31,1136.77,21598.54
OI00001488-4,ORD00001488,PROD00156,3,6041.74,906.26,17218.96
OI00001489-1,ORD00001489,PROD00128,1,20549.76,2054.98,18494.78
OI00001489-2,ORD00001489,PROD00025,4,12394.98,0.0,49579.92
OI00001489-3,ORD00001489,PROD00302,2,7756.84,0.0,15513.68
OI00001490-1,ORD00001490,PROD00220,3,5039.64,0.0,15118.92
OI00001490-2,ORD00001490,PROD00123,4,4905.47,2943.28,16678.6
OI00001490-3,ORD00001490,PROD00245,4,7169.55,0.0,28678.2
OI00001491-1,ORD00001491,PROD00247,1,10596.3,1059.63,9536.67
OI00001491-2,ORD00001491,PROD00083,4,3051.07,0.0,12204.28
OI00001491-3,ORD00001491,PROD00191,3,719.62,215.89,1942.97
OI00001491-4,ORD00001491,PROD00247,2,10596.3,0.0,21192.6
OI00001491-5,ORD00001491,PROD00053,2,17522.36,0.0,35044.72
OI00001492-1,ORD00001492,PROD00337,1,17875.4,0.0,17875.4
OI00001493-1,ORD00001493,PROD00282,2,15862.74,3172.55,28552.93
OI00001493-2,ORD00001493,PROD00254,4,10249.25,6149.55,34847.45
OI00001493-3,ORD00001493,PROD00235,2,7450.54,1490.11,13410.97
OI00001493-4,ORD00001493,PROD00262,4,20752.25,0.0,83009.0
OI00001493-5,ORD00001493,PROD00159,4,24425.69,0.0,97702.76
OI00001494-1,ORD00001494,PROD00128,2,20549.76,6164.93,34934.59
OI00001494-2,ORD00001494,PROD00031,1,5027.13,0.0,5027.13
OI00001494-3,ORD00001494,PROD00298,1,19293.46,0.0,19293.46
OI00001495-1,ORD00001495,PROD00010,4,4667.93,2800.76,15870.96
OI00001495-2,ORD00001495,PROD00143,1,8628.21,431.41,8196.8
OI00001496-1,ORD00001496,PROD00079,4,9711.52,5826.91,33019.17
OI00001496-2,ORD00001496,PROD00100,3,14966.8,0.0,44900.4
OI00001496-3,ORD00001496,PROD00268,4,17615.98,0.0,70463.92
OI00001496-4,ORD00001496,PROD00075,3,1735.74,0.0,5207.22
OI00001497-1,ORD00001497,PROD00128,1,20549.76,0.0,20549.76
OI00001497-2,ORD00001497,PROD00115,3,24607.38,0.0,73822.14
OI00001498-1,ORD00001498,PROD00095,3,13874.18,0.0,41622.54
OI00001499-1,ORD00001499,PROD00260,1,2962.43,0.0,2962.43
OI00001499-2,ORD00001499,PROD00036,4,19263.87,3852.77,73202.71
OI00001500-1,ORD00001500,PROD00297,2,1594.03,159.4,3028.66
OI00001500-2,ORD00001500,PROD00270,3,6520.83,0.0,19562.49
OI00001501-1,ORD00001501,PROD00214,1,4472.05,0.0,4472.05
OI00001501-2,ORD00001501,PROD00072,4,7657.87,1531.57,29099.91
OI00001502-1,ORD00001502,PROD00008,2,2128.1,0.0,4256.2
OI00001502-2,ORD00001502,PROD00133,2,10071.99,0.0,20143.98
OI00001503-1,ORD00001503,PROD00121,4,17020.33,0.0,68081.32
OI00001503-2,ORD00001503,PROD00154,3,21079.89,0.0,63239.67
OI00001503-3,ORD00001503,PROD00116,1,4303.4,0.0,4303.4
OI00001503-4,ORD00001503,PROD00273,1,16836.47,2525.47,14311.0
OI00001504-1,ORD00001504,PROD00135,1,8523.43,852.34,7671.09
OI00001505-1,ORD00001505,PROD00233,1,579.27,57.93,521.34
OI00001505-2,ORD00001505,PROD00291,1,16653.64,0.0,16653.64
OI00001505-3,ORD00001505,PROD00298,2,19293.46,5788.04,32798.88
OI00001506-1,ORD00001506,PROD00287,2,4242.92,0.0,8485.84
OI00001506-2,ORD00001506,PROD00033,1,8958.24,0.0,8958.24
OI00001506-3,ORD00001506,PROD00135,1,8523.43,0.0,8523.43
OI00001506-4,ORD00001506,PROD00048,2,2165.22,0.0,4330.44
OI00001507-1,ORD00001507,PROD00005,3,12790.76,0.0,38372.28
OI00001507-2,ORD00001507,PROD00119,2,17032.97,0.0,34065.94
OI00001507-3,ORD00001507,PROD00326,1,13890.31,694.52,13195.79
OI00001508-1,ORD00001508,PROD00185,4,17159.78,0.0,68639.12
OI00001508-2,ORD00001508,PROD00294,3,20220.76,0.0,60662.28
OI00001508-3,ORD00001508,PROD00198,4,235.71,0.0,942.84
OI00001508-4,ORD00001508,PROD00152,4,5018.12,2007.25,18065.23
OI00001508-5,ORD00001508,PROD00109,1,16822.54,0.0,16822.54
OI00001509-1,ORD00001509,PROD00140,3,14612.46,2191.87,41645.51
OI00001509-2,ORD00001509,PROD00065,2,11181.79,1118.18,21245.4
OI00001509-3,ORD00001509,PROD00168,4,13786.27,5514.51,49630.57
OI00001509-4,ORD00001509,PROD00138,1,12060.91,603.05,11457.86
OI00001510-1,ORD00001510,PROD00136,3,14715.94,4414.78,39733.04
OI00001510-2,ORD00001510,PROD00322,4,14307.01,0.0,57228.04
OI00001510-3,ORD00001510,PROD00310,2,11465.44,0.0,22930.88
OI00001510-4,ORD00001510,PROD00312,1,9087.53,1363.13,7724.4
OI00001511-1,ORD00001511,PROD00154,1,21079.89,0.0,21079.89
OI00001511-2,ORD00001511,PROD00198,1,235.71,0.0,235.71
OI00001511-3,ORD00001511,PROD00086,4,21556.26,4311.25,81913.79
OI00001511-4,ORD00001511,PROD00180,2,5881.39,0.0,11762.78
OI00001512-1,ORD00001512,PROD00124,1,24453.49,3668.02,20785.47
OI00001512-2,ORD00001512,PROD00019,1,539.71,0.0,539.71
OI00001512-3,ORD00001512,PROD00274,4,2466.2,1479.72,8385.08
OI00001512-4,ORD00001512,PROD00171,3,6861.84,1029.28,19556.24
OI00001513-1,ORD00001513,PROD00148,1,15616.8,0.0,15616.8
OI00001513-2,ORD00001513,PROD00144,4,4774.42,0.0,19097.68
OI00001513-3,ORD00001513,PROD00267,4,16380.3,3276.06,62245.14
OI00001513-4,ORD00001513,PROD00307,3,13721.18,4116.35,37047.19
OI00001514-1,ORD00001514,PROD00007,2,18525.88,1852.59,35199.17
OI00001514-2,ORD00001514,PROD00055,1,2152.81,0.0,2152.81
OI00001514-3,ORD00001514,PROD00234,4,18943.28,0.0,75773.12
OI00001514-4,ORD00001514,PROD00037,4,17674.8,3534.96,67164.24
OI00001515-1,ORD00001515,PROD00102,2,7550.93,0.0,15101.86
OI00001515-2,ORD00001515,PROD00228,1,24578.41,0.0,24578.41
OI00001515-3,ORD00001515,PROD00038,4,19552.23,0.0,78208.92
OI00001515-4,ORD00001515,PROD00294,4,20220.76,0.0,80883.04
OI00001515-5,ORD00001515,PROD00019,3,539.71,161.91,1457.22
OI00001516-1,ORD00001516,PROD00183,3,14458.84,4337.65,39038.87
OI00001517-1,ORD00001517,PROD00156,4,6041.74,3625.04,20541.92
OI00001517-2,ORD00001517,PROD00176,3,24960.21,0.0,74880.63
OI00001517-3,ORD00001517,PROD00118,1,22031.03,1101.55,20929.48
OI00001517-4,ORD00001517,PROD00349,1,22965.12,0.0,22965.12
OI00001517-5,ORD00001517,PROD00120,3,21353.8,0.0,64061.4
OI00001518-1,ORD00001518,PROD00299,2,2709.32,270.93,5147.71
OI00001518-2,ORD00001518,PROD00321,4,19868.88,0.0,79475.52
OI00001518-3,ORD00001518,PROD00110,4,9699.44,5819.66,32978.1
OI00001518-4,ORD00001518,PROD00058,4,18176.41,10905.85,61799.79
OI00001518-5,ORD00001518,PROD00234,2,18943.28,0.0,37886.56
OI00001519-1,ORD00001519,PROD00140,4,14612.46,8767.48,49682.36
OI00001519-2,ORD00001519,PROD00078,2,3767.12,1130.14,6404.1
OI00001520-1,ORD00001520,PROD00319,2,339.48,33.95,645.01
OI00001520-2,ORD00001520,PROD00338,4,10521.18,4208.47,37876.25
OI00001521-1,ORD00001521,PROD00141,2,15103.07,0.0,30206.14
OI00001521-2,ORD00001521,PROD00247,4,10596.3,2119.26,40265.94
OI00001522-1,ORD00001522,PROD00245,2,7169.55,0.0,14339.1
OI00001523-1,ORD00001523,PROD00013,4,7604.86,4562.92,25856.52
OI00001523-2,ORD00001523,PROD00301,2,15056.56,0.0,30113.12
OI00001523-3,ORD00001523,PROD00135,4,8523.43,0.0,34093.72
OI00001524-1,ORD00001524,PROD00152,3,5018.12,0.0,15054.36
OI00001525-1,ORD00001525,PROD00339,2,696.45,69.65,1323.25
OI00001525-2,ORD00001525,PROD00051,4,10511.67,2102.33,39944.35
OI00001525-3,ORD00001525,PROD00299,2,2709.32,0.0,5418.64
OI00001526-1,ORD00001526,PROD00200,1,18445.4,0.0,18445.4
OI00001526-2,ORD00001526,PROD00025,1,12394.98,0.0,12394.98
OI00001527-1,ORD00001527,PROD00300,4,20412.89,0.0,81651.56
OI00001528-1,ORD00001528,PROD00072,1,7657.87,0.0,7657.87
OI00001529-1,ORD00001529,PROD00272,3,6955.22,3129.85,17735.81
OI00001529-2,ORD00001529,PROD00193,1,9247.87,1387.18,7860.69
OI00001530-1,ORD00001530,PROD00038,1,19552.23,0.0,19552.23
OI00001530-2,ORD00001530,PROD00341,3,22735.67,6820.7,61386.31
OI00001531-1,ORD00001531,PROD00186,3,8185.68,3683.56,20873.48
OI00001531-2,ORD00001531,PROD00215,1,16801.23,1680.12,15121.11
OI00001531-3,ORD00001531,PROD00071,2,9271.17,0.0,18542.34
OI00001531-4,ORD00001531,PROD00272,2,6955.22,0.0,13910.44
OI00001532-1,ORD00001532,PROD00148,1,15616.8,780.84,14835.96
OI00001532-2,ORD00001532,PROD00197,1,14707.92,2206.19,12501.73
OI00001532-3,ORD00001532,PROD00323,2,10163.0,0.0,20326.0
OI00001532-4,ORD00001532,PROD00080,2,16165.62,1616.56,30714.68
OI00001533-1,ORD00001533,PROD00097,3,19582.9,8812.31,49936.39
OI00001533-2,ORD00001533,PROD00313,1,23762.43,1188.12,22574.31
OI00001533-3,ORD00001533,PROD00237,4,6989.25,0.0,27957.0
OI00001533-4,ORD00001533,PROD00008,2,2128.1,0.0,4256.2
OI00001533-5,ORD00001533,PROD00116,1,4303.4,645.51,3657.89
OI00001534-1,ORD00001534,PROD00077,4,19060.68,3812.14,72430.58
OI00001534-2,ORD00001534,PROD00053,2,17522.36,1752.24,33292.48
OI00001534-3,ORD00001534,PROD00309,2,2478.12,247.81,4708.43
OI00001534-4,ORD00001534,PROD00299,3,2709.32,812.8,7315.16
OI00001534-5,ORD00001534,PROD00320,3,624.52,0.0,1873.56
OI00001535-1,ORD00001535,PROD00133,3,10071.99,4532.4,25683.57
OI00001535-2,ORD00001535,PROD00267,3,16380.3,0.0,49140.9
OI00001535-3,ORD00001535,PROD00323,4,10163.0,6097.8,34554.2
OI00001536-1,ORD00001536,PROD00039,3,12707.28,0.0,38121.84
OI00001537-1,ORD00001537,PROD00013,3,7604.86,2281.46,20533.12
OI00001537-2,ORD00001537,PROD00256,4,15892.74,0.0,63570.96
OI00001537-3,ORD00001537,PROD00171,3,6861.84,3087.83,17497.69
OI00001537-4,ORD00001537,PROD00179,1,21643.38,3246.51,18396.87
OI00001537-5,ORD00001537,PROD00199,2,13170.12,1317.01,25023.23
OI00001538-1,ORD00001538,PROD00051,2,10511.67,0.0,21023.34
OI00001538-2,ORD00001538,PROD00137,4,22614.03,0.0,90456.12
OI00001538-3,ORD00001538,PROD00240,2,15221.18,0.0,30442.36
OI00001538-4,ORD00001538,PROD00212,2,11560.86,3468.26,19653.46
OI00001538-5,ORD00001538,PROD00204,4,17481.19,10488.71,59436.05
OI00001539-1,ORD00001539,PROD00038,1,19552.23,0.0,19552.23
OI00001539-2,ORD00001539,PROD00319,3,339.48,0.0,1018.44
OI00001539-3,ORD00001539,PROD00337,4,17875.4,3575.08,67926.52
OI00001540-1,ORD00001540,PROD00251,3,17885.84,0.0,53657.52
OI00001540-2,ORD00001540,PROD00035,2,14071.44,0.0,28142.88
OI00001540-3,ORD00001540,PROD00232,3,12800.1,5760.05,32640.25
OI00001541-1,ORD00001541,PROD00234,1,18943.28,0.0,18943.28
OI00001541-2,ORD00001541,PROD00271,4,21715.63,0.0,86862.52
OI00001541-3,ORD00001541,PROD00182,4,5279.14,3167.48,17949.08
OI00001541-4,ORD00001541,PROD00238,4,16218.76,0.0,64875.04
OI00001542-1,ORD00001542,PROD00106,2,16178.76,0.0,32357.52
OI00001542-2,ORD00001542,PROD00008,1,2128.1,0.0,2128.1
OI00001543-1,ORD00001543,PROD00086,3,21556.26,9700.32,54968.46
OI00001543-2,ORD00001543,PROD00287,2,4242.92,848.58,7637.26
OI00001543-3,ORD00001543,PROD00239,2,6094.11,0.0,12188.22
OI00001543-4,ORD00001543,PROD00057,1,634.37,31.72,602.65
OI00001543-5,ORD00001543,PROD00350,2,17684.33,0.0,35368.66
OI00001544-1,ORD00001544,PROD00279,3,690.73,0.0,2072.19
OI00001544-2,ORD00001544,PROD00095,1,13874.18,693.71,13180.47
OI00001544-3,ORD00001544,PROD00069,1,17377.04,0.0,17377.04
OI00001545-1,ORD00001545,PROD00241,3,1662.19,747.99,4238.58
OI00001545-2,ORD00001545,PROD00036,4,19263.87,11558.32,65497.16
OI00001545-3,ORD00001545,PROD00083,4,3051.07,1220.43,10983.85
OI00001545-4,ORD00001545,PROD00221,2,17014.99,5104.5,28925.48
OI00001545-5,ORD00001545,PROD00203,3,9647.39,0.0,28942.17
OI00001546-1,ORD00001546,PROD00010,3,4667.93,0.0,14003.79
OI00001547-1,ORD00001547,PROD00066,4,21806.77,0.0,87227.08
OI00001547-2,ORD00001547,PROD00107,1,10358.42,0.0,10358.42
OI00001548-1,ORD00001548,PROD00165,1,17905.46,0.0,17905.46
OI00001548-2,ORD00001548,PROD00335,2,11428.89,0.0,22857.78
OI00001549-1,ORD00001549,PROD00170,2,11306.22,2261.24,20351.2
OI00001549-2,ORD00001549,PROD00059,4,15693.39,6277.36,56496.2
OI00001549-3,ORD00001549,PROD00073,1,3596.39,359.64,3236.75
OI00001549-4,ORD00001549,PROD00058,4,18176.41,10905.85,61799.79
OI00001550-1,ORD00001550,PROD00314,4,8921.82,3568.73,32118.55
OI00001550-2,ORD00001550,PROD00242,3,23459.95,0.0,70379.85
OI00001550-3,ORD00001550,PROD00128,2,20549.76,0.0,41099.52
OI00001550-4,ORD00001550,PROD00131,3,1596.96,0.0,4790.88
OI00001551-1,ORD00001551,PROD00136,4,14715.94,0.0,58863.76
OI00001551-2,ORD00001551,PROD00016,3,21060.14,0.0,63180.42
OI00001551-3,ORD00001551,PROD00170,1,11306.22,0.0,11306.22
OI00001551-4,ORD00001551,PROD00169,1,5792.93,289.65,5503.28
OI00001552-1,ORD00001552,PROD00265,1,18730.82,1873.08,16857.74
OI00001552-2,ORD00001552,PROD00067,3,18306.34,0.0,54919.02
OI00001553-1,ORD00001553,PROD00209,4,1876.23,0.0,7504.92
OI00001553-2,ORD00001553,PROD00100,1,14966.8,0.0,14966.8
OI00001553-3,ORD00001553,PROD00084,3,6169.9,0.0,18509.7
OI00001553-4,ORD00001553,PROD00082,2,23934.46,7180.34,40688.58
OI00001553-5,ORD00001553,PROD00084,2,6169.9,1850.97,10488.83
OI00001554-1,ORD00001554,PROD00234,4,18943.28,11365.97,64407.15
OI00001554-2,ORD00001554,PROD00156,2,6041.74,0.0,12083.48
OI00001555-1,ORD00001555,PROD00175,2,18643.02,3728.6,33557.44
OI00001555-2,ORD00001555,PROD00187,1,24432.22,0.0,24432.22
OI00001556-1,ORD00001556,PROD00260,4,2962.43,0.0,11849.72
OI00001556-2,ORD00001556,PROD00238,4,16218.76,9731.26,55143.78
OI00001556-3,ORD00001556,PROD00279,2,690.73,69.07,1312.39
OI00001557-1,ORD00001557,PROD00010,2,4667.93,0.0,9335.86
OI00001557-2,ORD00001557,PROD00131,3,1596.96,479.09,4311.79
OI00001557-3,ORD00001557,PROD00260,1,2962.43,444.36,2518.07
OI00001557-4,ORD00001557,PROD00304,4,24529.51,0.0,98118.04
OI00001557-5,ORD00001557,PROD00279,4,690.73,0.0,2762.92
OI00001558-1,ORD00001558,PROD00189,3,4749.05,2137.07,12110.08
OI00001558-2,ORD00001558,PROD00152,3,5018.12,1505.44,13548.92
OI00001559-1,ORD00001559,PROD00165,4,17905.46,3581.09,68040.75
OI00001559-2,ORD00001559,PROD00307,1,13721.18,0.0,13721.18
OI00001559-3,ORD00001559,PROD00349,2,22965.12,2296.51,43633.73
OI00001559-4,ORD00001559,PROD00304,2,24529.51,0.0,49059.02
OI00001560-1,ORD00001560,PROD00129,3,19114.26,8601.42,48741.36
OI00001560-2,ORD00001560,PROD00054,1,17451.9,872.6,16579.3
OI00001560-3,ORD00001560,PROD00001,3,23270.16,6981.05,62829.43
OI00001560-4,ORD00001560,PROD00293,4,9456.41,0.0,37825.64
OI00001561-1,ORD00001561,PROD00104,4,15897.49,9538.49,54051.47
OI00001561-2,ORD00001561,PROD00268,4,17615.98,0.0,70463.92
OI00001562-1,ORD00001562,PROD00067,2,18306.34,0.0,36612.68
OI00001563-1,ORD00001563,PROD00293,4,9456.41,3782.56,34043.08
OI00001563-2,ORD00001563,PROD00305,2,17525.16,1752.52,33297.8
OI00001564-1,ORD00001564,PROD00109,4,16822.54,10093.52,57196.64
OI00001564-2,ORD00001564,PROD00277,3,16643.7,0.0,49931.1
OI00001565-1,ORD00001565,PROD00334,1,1905.27,190.53,1714.74
OI00001565-2,ORD00001565,PROD00133,2,10071.99,2014.4,18129.58
OI00001565-3,ORD00001565,PROD00240,4,15221.18,9132.71,51752.01
OI00001565-4,ORD00001565,PROD00125,1,4153.82,623.07,3530.75
OI00001565-5,ORD00001565,PROD00292,1,21804.92,3270.74,18534.18
OI00001566-1,ORD00001566,PROD00299,3,2709.32,0.0,8127.96
OI00001566-2,ORD00001566,PROD00161,4,15755.01,9453.01,53567.03
OI00001566-3,ORD00001566,PROD00329,3,10605.13,0.0,31815.39
OI00001566-4,ORD00001566,PROD00142,1,1480.08,0.0,1480.08
OI00001566-5,ORD00001566,PROD00232,4,12800.1,5120.04,46080.36
OI00001567-1,ORD00001567,PROD00146,2,8249.05,0.0,16498.1
OI00001567-2,ORD00001567,PROD00232,3,12800.1,3840.03,34560.27
OI00001567-3,ORD00001567,PROD00056,4,5382.68,0.0,21530.72
OI00001568-1,ORD00001568,PROD00108,3,19693.27,8861.97,50217.84
OI00001568-2,ORD00001568,PROD00327,1,16333.38,816.67,15516.71
OI00001568-3,ORD00001568,PROD00311,4,22435.59,0.0,89742.36
OI00001568-4,ORD00001568,PROD00260,3,2962.43,444.36,8442.93
OI00001568-5,ORD00001568,PROD00260,2,2962.43,888.73,5036.13
OI00001569-1,ORD00001569,PROD00270,3,6520.83,0.0,19562.49
OI00001569-2,ORD00001569,PROD00157,1,21965.78,1098.29,20867.49
OI00001569-3,ORD00001569,PROD00108,1,19693.27,984.66,18708.61
OI00001569-4,ORD00001569,PROD00334,1,1905.27,285.79,1619.48
OI00001570-1,ORD00001570,PROD00162,1,5270.48,790.57,4479.91
OI00001570-2,ORD00001570,PROD00321,1,19868.88,993.44,18875.44
OI00001571-1,ORD00001571,PROD00102,3,7550.93,0.0,22652.79
OI00001571-2,ORD00001571,PROD00007,2,18525.88,0.0,37051.76
OI00001572-1,ORD00001572,PROD00096,2,7650.09,0.0,15300.18
OI00001573-1,ORD00001573,PROD00161,3,15755.01,0.0,47265.03
OI00001573-2,ORD00001573,PROD00146,4,8249.05,0.0,32996.2
OI00001574-1,ORD00001574,PROD00138,4,12060.91,2412.18,45831.46
OI00001574-2,ORD00001574,PROD00039,3,12707.28,1906.09,36215.75
OI00001575-1,ORD00001575,PROD00161,3,15755.01,0.0,47265.03
OI00001575-2,ORD00001575,PROD00232,1,12800.1,0.0,12800.1
OI00001575-3,ORD00001575,PROD00019,1,539.71,26.99,512.72
OI00001576-1,ORD00001576,PROD00136,3,14715.94,4414.78,39733.04
OI00001576-2,ORD00001576,PROD00141,4,15103.07,3020.61,57391.67
OI00001576-3,ORD00001576,PROD00057,2,634.37,0.0,1268.74
OI00001577-1,ORD00001577,PROD00215,3,16801.23,0.0,50403.69
OI00001578-1,ORD00001578,PROD00278,2,20166.44,6049.93,34282.95
OI00001578-2,ORD00001578,PROD00324,1,1645.09,0.0,1645.09
OI00001579-1,ORD00001579,PROD00128,1,20549.76,0.0,20549.76
OI00001579-2,ORD00001579,PROD00190,3,2376.38,0.0,7129.14
OI00001579-3,ORD00001579,PROD00175,3,18643.02,0.0,55929.06
OI00001580-1,ORD00001580,PROD00256,4,15892.74,6357.1,57213.86
OI00001580-2,ORD00001580,PROD00311,3,22435.59,0.0,67306.77
OI00001580-3,ORD00001580,PROD00119,2,17032.97,1703.3,32362.64
OI00001580-4,ORD00001580,PROD00210,2,18661.64,3732.33,33590.95
OI00001581-1,ORD00001581,PROD00092,2,5103.86,510.39,9697.33
OI00001581-2,ORD00001581,PROD00290,4,19169.41,11501.65,65175.99
OI00001581-3,ORD00001581,PROD00339,2,696.45,69.65,1323.25
OI00001581-4,ORD00001581,PROD00289,1,10900.59,0.0,10900.59
OI00001581-5,ORD00001581,PROD00095,2,13874.18,0.0,27748.36
OI00001582-1,ORD00001582,PROD00054,4,17451.9,6980.76,62826.84
OI00001582-2,ORD00001582,PROD00020,4,1320.51,792.31,4489.73
OI00001582-3,ORD00001582,PROD00237,1,6989.25,1048.39,5940.86
OI00001582-4,ORD00001582,PROD00035,3,14071.44,6332.15,35882.17
OI00001583-1,ORD00001583,PROD00130,3,22922.02,6876.61,61889.45
OI00001583-2,ORD00001583,PROD00017,4,19254.54,3850.91,73167.25
OI00001584-1,ORD00001584,PROD00283,2,5877.29,1763.19,9991.39
OI00001585-1,ORD00001585,PROD00333,2,15073.5,0.0,30147.0
OI00001585-2,ORD00001585,PROD00002,3,11732.07,0.0,35196.21
OI00001585-3,ORD00001585,PROD00013,4,7604.86,0.0,30419.44
OI00001585-4,ORD00001585,PROD00082,2,23934.46,2393.45,45475.47
OI00001586-1,ORD00001586,PROD00120,4,21353.8,4270.76,81144.44
OI00001586-2,ORD00001586,PROD00144,2,4774.42,477.44,9071.4
OI00001586-3,ORD00001586,PROD00028,3,3322.41,0.0,9967.23
OI00001586-4,ORD00001586,PROD00318,3,21629.15,3244.37,61643.08
OI00001586-5,ORD00001586,PROD00278,4,20166.44,0.0,80665.76
OI00001587-1,ORD00001587,PROD00339,1,696.45,0.0,696.45
OI00001587-2,ORD00001587,PROD00086,4,21556.26,8622.5,77602.54
OI00001588-1,ORD00001588,PROD00188,3,24505.29,0.0,73515.87
OI00001588-2,ORD00001588,PROD00139,4,1559.26,311.85,5925.19
OI00001588-3,ORD00001588,PROD00007,4,18525.88,11115.53,62987.99
OI00001588-4,ORD00001588,PROD00010,4,4667.93,0.0,18671.72
OI00001589-1,ORD00001589,PROD00112,4,17029.83,6811.93,61307.39
OI00001589-2,ORD00001589,PROD00239,3,6094.11,914.12,17368.21
OI00001589-3,ORD00001589,PROD00254,3,10249.25,0.0,30747.75
OI00001589-4,ORD00001589,PROD00227,1,1146.28,171.94,974.34
OI00001590-1,ORD00001590,PROD00028,4,3322.41,0.0,13289.64
OI00001590-2,ORD00001590,PROD00073,4,3596.39,0.0,14385.56
OI00001590-3,ORD00001590,PROD00280,3,11325.36,0.0,33976.08
OI00001590-4,ORD00001590,PROD00205,1,22069.77,2206.98,19862.79
OI00001591-1,ORD00001591,PROD00132,1,1691.47,84.57,1606.9
OI00001591-2,ORD00001591,PROD00014,1,2236.5,0.0,2236.5
OI00001591-3,ORD00001591,PROD00101,4,14649.72,0.0,58598.88
OI00001591-4,ORD00001591,PROD00331,4,15173.99,0.0,60695.96
OI00001592-1,ORD00001592,PROD00039,4,12707.28,2541.46,48287.66
OI00001592-2,ORD00001592,PROD00157,4,21965.78,8786.31,79076.81
OI00001593-1,ORD00001593,PROD00064,2,2094.58,0.0,4189.16
OI00001593-2,ORD00001593,PROD00069,3,17377.04,0.0,52131.12
OI00001594-1,ORD00001594,PROD00296,1,3229.07,322.91,2906.16
OI00001595-1,ORD00001595,PROD00061,4,8790.91,0.0,35163.64
OI00001596-1,ORD00001596,PROD00246,4,2046.4,1227.84,6957.76
OI00001597-1,ORD00001597,PROD00116,4,4303.4,1721.36,15492.24
OI00001597-2,ORD00001597,PROD00297,3,1594.03,717.31,4064.78
OI00001598-1,ORD00001598,PROD00212,1,11560.86,1734.13,9826.73
OI00001598-2,ORD00001598,PROD00028,3,3322.41,0.0,9967.23
OI00001598-3,ORD00001598,PROD00047,1,23596.32,2359.63,21236.69
OI00001599-1,ORD00001599,PROD00285,3,7381.88,0.0,22145.64
OI00001599-2,ORD00001599,PROD00091,1,3604.39,0.0,3604.39
OI00001599-3,ORD00001599,PROD00025,2,12394.98,0.0,24789.96
OI00001599-4,ORD00001599,PROD00341,3,22735.67,6820.7,61386.31
OI00001600-1,ORD00001600,PROD00007,2,18525.88,3705.18,33346.58
OI00001601-1,ORD00001601,PROD00328,2,24499.21,4899.84,44098.58
OI00001601-2,ORD00001601,PROD00217,3,11079.35,3323.81,29914.24
OI00001601-3,ORD00001601,PROD00232,3,12800.1,0.0,38400.3
OI00001602-1,ORD00001602,PROD00133,2,10071.99,0.0,20143.98
OI00001602-2,ORD00001602,PROD00145,1,21307.62,1065.38,20242.24
OI00001602-3,ORD00001602,PROD00146,1,8249.05,0.0,8249.05
OI00001602-4,ORD00001602,PROD00109,4,16822.54,0.0,67290.16
OI00001602-5,ORD00001602,PROD00021,3,21222.98,0.0,63668.94
OI00001603-1,ORD00001603,PROD00217,4,11079.35,6647.61,37669.79
OI00001603-2,ORD00001603,PROD00294,4,20220.76,4044.15,76838.89
OI00001603-3,ORD00001603,PROD00274,1,2466.2,369.93,2096.27
OI00001603-4,ORD00001603,PROD00347,4,11947.7,0.0,47790.8
OI00001604-1,ORD00001604,PROD00155,1,16388.99,0.0,16388.99
OI00001604-2,ORD00001604,PROD00267,3,16380.3,4914.09,44226.81
OI00001604-3,ORD00001604,PROD00201,1,17522.9,0.0,17522.9
OI00001604-4,ORD00001604,PROD00140,1,14612.46,1461.25,13151.21
OI00001605-1,ORD00001605,PROD00024,3,13853.73,2078.06,39483.13
OI00001605-2,ORD00001605,PROD00131,3,1596.96,0.0,4790.88
OI00001605-3,ORD00001605,PROD00014,4,2236.5,0.0,8946.0
OI00001606-1,ORD00001606,PROD00303,1,15795.37,0.0,15795.37
OI00001606-2,ORD00001606,PROD00060,1,7484.13,1122.62,6361.51
OI00001606-3,ORD00001606,PROD00030,3,7097.31,3193.79,18098.14
OI00001606-4,ORD00001606,PROD00037,3,17674.8,2651.22,50373.18
OI00001607-1,ORD00001607,PROD00296,4,3229.07,0.0,12916.28
OI00001607-2,ORD00001607,PROD00257,2,18404.82,0.0,36809.64
OI00001607-3,ORD00001607,PROD00338,4,10521.18,6312.71,35772.01
OI00001608-1,ORD00001608,PROD00080,2,16165.62,4849.69,27481.55
OI00001609-1,ORD00001609,PROD00340,2,17115.28,0.0,34230.56
OI00001609-2,ORD00001609,PROD00172,3,9009.37,0.0,27028.11
OI00001609-3,ORD00001609,PROD00280,2,11325.36,2265.07,20385.65
OI00001609-4,ORD00001609,PROD00265,4,18730.82,7492.33,67430.95
OI00001610-1,ORD00001610,PROD00312,3,9087.53,1363.13,25899.46
OI00001610-2,ORD00001610,PROD00157,4,21965.78,0.0,87863.12
OI00001610-3,ORD00001610,PROD00151,2,4900.37,980.07,8820.67
OI00001611-1,ORD00001611,PROD00350,4,17684.33,0.0,70737.32
OI00001611-2,ORD00001611,PROD00042,3,3118.44,467.77,8887.55
OI00001611-3,ORD00001611,PROD00041,4,18327.17,0.0,73308.68
OI00001612-1,ORD00001612,PROD00074,2,5428.76,542.88,10314.64
OI00001612-2,ORD00001612,PROD00229,4,6335.91,2534.36,22809.28
OI00001612-3,ORD00001612,PROD00258,4,17451.91,6980.76,62826.88
OI00001613-1,ORD00001613,PROD00263,3,14672.69,2200.9,41817.17
OI00001613-2,ORD00001613,PROD00151,1,4900.37,0.0,4900.37
OI00001613-3,ORD00001613,PROD00143,1,8628.21,0.0,8628.21
OI00001614-1,ORD00001614,PROD00169,4,5792.93,0.0,23171.72
OI00001615-1,ORD00001615,PROD00128,1,20549.76,0.0,20549.76
OI00001615-2,ORD00001615,PROD00079,3,9711.52,2913.46,26221.1
OI00001615-3,ORD00001615,PROD00147,3,5524.18,828.63,15743.91
OI00001615-4,ORD00001615,PROD00310,2,11465.44,1146.54,21784.34
OI00001616-1,ORD00001616,PROD00284,4,10726.51,0.0,42906.04
OI00001616-2,ORD00001616,PROD00068,2,12144.87,0.0,24289.74
OI00001616-3,ORD00001616,PROD00239,1,6094.11,914.12,5179.99
OI00001616-4,ORD00001616,PROD00215,3,16801.23,5040.37,45363.32
OI00001617-1,ORD00001617,PROD00068,2,12144.87,1214.49,23075.25
OI00001618-1,ORD00001618,PROD00346,2,8662.06,2598.62,14725.5
OI00001618-2,ORD00001618,PROD00252,1,21548.3,2154.83,19393.47
OI00001618-3,ORD00001618,PROD00212,2,11560.86,0.0,23121.72
OI00001618-4,ORD00001618,PROD00153,4,8528.45,0.0,34113.8
OI00001619-1,ORD00001619,PROD00108,1,19693.27,984.66,18708.61
OI00001620-1,ORD00001620,PROD00203,4,9647.39,0.0,38589.56
OI00001621-1,ORD00001621,PROD00263,4,14672.69,2934.54,55756.22
OI00001621-2,ORD00001621,PROD00119,3,17032.97,2554.95,48543.96
OI00001621-3,ORD00001621,PROD00167,3,7684.68,0.0,23054.04
OI00001622-1,ORD00001622,PROD00091,3,3604.39,0.0,10813.17
OI00001622-2,ORD00001622,PROD00039,2,12707.28,3812.18,21602.38
OI00001622-3,ORD00001622,PROD00268,4,17615.98,3523.2,66940.72
OI00001622-4,ORD00001622,PROD00300,1,20412.89,0.0,20412.89
OI00001622-5,ORD00001622,PROD00315,3,14855.14,2228.27,42337.15
OI00001623-1,ORD00001623,PROD00273,3,16836.47,2525.47,47983.94
OI00001623-2,ORD00001623,PROD00019,3,539.71,0.0,1619.13
OI00001624-1,ORD00001624,PROD00316,4,3014.12,0.0,12056.48
OI00001624-2,ORD00001624,PROD00086,2,21556.26,6466.88,36645.64
OI00001625-1,ORD00001625,PROD00224,3,23476.13,0.0,70428.39
OI00001625-2,ORD00001625,PROD00227,4,1146.28,458.51,4126.61
OI00001625-3,ORD00001625,PROD00200,2,18445.4,1844.54,35046.26
OI00001625-4,ORD00001625,PROD00278,3,20166.44,0.0,60499.32
OI00001625-5,ORD00001625,PROD00242,2,23459.95,4691.99,42227.91
OI00001626-1,ORD00001626,PROD00248,4,544.29,217.72,1959.44
OI00001626-2,ORD00001626,PROD00116,3,4303.4,645.51,12264.69
OI00001626-3,ORD00001626,PROD00041,1,18327.17,916.36,17410.81
OI00001626-4,ORD00001626,PROD00094,2,1683.18,0.0,3366.36
OI00001626-5,ORD00001626,PROD00137,3,22614.03,10176.31,57665.78
OI00001627-1,ORD00001627,PROD00099,2,16343.82,1634.38,31053.26
OI00001627-2,ORD00001627,PROD00256,1,15892.74,0.0,15892.74
OI00001628-1,ORD00001628,PROD00241,2,1662.19,0.0,3324.38
OI00001628-2,ORD00001628,PROD00065,4,11181.79,0.0,44727.16
OI00001628-3,ORD00001628,PROD00326,2,13890.31,0.0,27780.62
OI00001628-4,ORD00001628,PROD00282,3,15862.74,2379.41,45208.81
OI00001628-5,ORD00001628,PROD00012,3,11531.07,5188.98,29404.23
OI00001629-1,ORD00001629,PROD00149,4,5172.64,2069.06,18621.5
OI00001629-2,ORD00001629,PROD00310,2,11465.44,2293.09,20637.79
OI00001629-3,ORD00001629,PROD00231,4,1734.46,1040.68,5897.16
OI00001630-1,ORD00001630,PROD00276,1,9301.09,0.0,9301.09
OI00001630-2,ORD00001630,PROD00299,4,2709.32,1625.59,9211.69
OI00001630-3,ORD00001630,PROD00147,4,5524.18,3314.51,18782.21
OI00001630-4,ORD00001630,PROD00236,2,23089.06,4617.81,41560.31
OI00001630-5,ORD00001630,PROD00201,3,17522.9,2628.44,49940.26
OI00001631-1,ORD00001631,PROD00344,4,2433.74,486.75,9248.21
OI00001631-2,ORD00001631,PROD00117,2,1680.75,0.0,3361.5
OI00001631-3,ORD00001631,PROD00092,1,5103.86,765.58,4338.28
OI00001632-1,ORD00001632,PROD00239,4,6094.11,0.0,24376.44
OI00001632-2,ORD00001632,PROD00006,4,8918.67,0.0,35674.68
OI00001632-3,ORD00001632,PROD00123,3,4905.47,0.0,14716.41
OI00001632-4,ORD00001632,PROD00299,3,2709.32,0.0,8127.96
OI00001632-5,ORD00001632,PROD00216,3,4489.61,0.0,13468.83
OI00001633-1,ORD00001633,PROD00106,1,16178.76,0.0,16178.76
OI00001633-2,ORD00001633,PROD00066,1,21806.77,0.0,21806.77
OI00001633-3,ORD00001633,PROD00126,1,12025.16,1803.77,10221.39
OI00001634-1,ORD00001634,PROD00074,2,5428.76,0.0,10857.52
OI00001634-2,ORD00001634,PROD00183,4,14458.84,5783.54,52051.82
OI00001634-3,ORD00001634,PROD00320,1,624.52,0.0,624.52
OI00001634-4,ORD00001634,PROD00281,1,16522.7,0.0,16522.7
OI00001635-1,ORD00001635,PROD00235,3,7450.54,0.0,22351.62
OI00001635-2,ORD00001635,PROD00167,4,7684.68,1536.94,29201.78
OI00001636-1,ORD00001636,PROD00037,3,17674.8,2651.22,50373.18
OI00001636-2,ORD00001636,PROD00188,4,24505.29,14703.17,83317.99
OI00001636-3,ORD00001636,PROD00318,3,21629.15,3244.37,61643.08
OI00001636-4,ORD00001636,PROD00298,3,19293.46,0.0,57880.38
OI00001637-1,ORD00001637,PROD00189,1,4749.05,0.0,4749.05
OI00001637-2,ORD00001637,PROD00166,2,5219.63,1565.89,8873.37
OI00001637-3,ORD00001637,PROD00323,4,10163.0,0.0,40652.0
OI00001638-1,ORD00001638,PROD00147,1,5524.18,552.42,4971.76
OI00001638-2,ORD00001638,PROD00115,3,24607.38,0.0,73822.14
OI00001638-3,ORD00001638,PROD00161,2,15755.01,4726.5,26783.52
OI00001639-1,ORD00001639,PROD00331,2,15173.99,0.0,30347.98
OI00001639-2,ORD00001639,PROD00202,3,10405.57,0.0,31216.71
OI00001639-3,ORD00001639,PROD00035,2,14071.44,0.0,28142.88
OI00001639-4,ORD00001639,PROD00154,3,21079.89,3161.98,60077.69
OI00001639-5,ORD00001639,PROD00152,3,5018.12,0.0,15054.36
OI00001640-1,ORD00001640,PROD00243,4,5945.94,2378.38,21405.38
OI00001640-2,ORD00001640,PROD00135,4,8523.43,0.0,34093.72
OI00001641-1,ORD00001641,PROD00350,2,17684.33,0.0,35368.66
OI00001641-2,ORD00001641,PROD00047,2,23596.32,7078.9,40113.74
OI00001641-3,ORD00001641,PROD00146,3,8249.05,0.0,24747.15
OI00001642-1,ORD00001642,PROD00295,3,2274.03,0.0,6822.09
OI00001643-1,ORD00001643,PROD00182,4,5279.14,2111.66,19004.9
OI00001643-2,ORD00001643,PROD00163,1,4227.47,634.12,3593.35
OI00001644-1,ORD00001644,PROD00070,2,23046.35,0.0,46092.7
OI00001645-1,ORD00001645,PROD00045,1,3832.7,0.0,3832.7
OI00001645-2,ORD00001645,PROD00155,2,16388.99,0.0,32777.98
OI00001645-3,ORD00001645,PROD00258,3,17451.91,2617.79,49737.94
OI00001645-4,ORD00001645,PROD00036,2,19263.87,0.0,38527.74
OI00001645-5,ORD00001645,PROD00308,4,9807.02,5884.21,33343.87
OI00001646-1,ORD00001646,PROD00253,2,23510.11,0.0,47020.22
OI00001646-2,ORD00001646,PROD00066,1,21806.77,0.0,21806.77
OI00001647-1,ORD00001647,PROD00258,1,17451.91,0.0,17451.91
OI00001647-2,ORD00001647,PROD00021,1,21222.98,0.0,21222.98
OI00001648-1,ORD00001648,PROD00309,1,2478.12,247.81,2230.31
OI00001648-2,ORD00001648,PROD00280,1,11325.36,1132.54,10192.82
OI00001648-3,ORD00001648,PROD00195,4,9755.37,0.0,39021.48
OI00001648-4,ORD00001648,PROD00185,2,17159.78,0.0,34319.56
OI00001648-5,ORD00001648,PROD00060,1,7484.13,1122.62,6361.51
OI00001649-1,ORD00001649,PROD00099,3,16343.82,2451.57,46579.89
OI00001649-2,ORD00001649,PROD00288,2,6121.73,0.0,12243.46
OI00001650-1,ORD00001650,PROD00251,1,17885.84,0.0,17885.84
OI00001650-2,ORD00001650,PROD00036,4,19263.87,0.0,77055.48
OI00001650-3,ORD00001650,PROD00006,2,8918.67,2675.6,15161.74
OI00001650-4,ORD00001650,PROD00281,1,16522.7,1652.27,14870.43
OI00001651-1,ORD00001651,PROD00058,2,18176.41,5452.92,30899.9
OI00001652-1,ORD00001652,PROD00304,3,24529.51,3679.43,69909.1
OI00001652-2,ORD00001652,PROD00015,4,21482.35,0.0,85929.4
OI00001652-3,ORD00001652,PROD00132,4,1691.47,338.29,6427.59
OI00001653-1,ORD00001653,PROD00184,4,20269.51,0.0,81078.04
OI00001653-2,ORD00001653,PROD00116,1,4303.4,215.17,4088.23
OI00001654-1,ORD00001654,PROD00329,1,10605.13,0.0,10605.13
OI00001654-2,ORD00001654,PROD00334,1,1905.27,0.0,1905.27
OI00001654-3,ORD00001654,PROD00226,1,11496.46,0.0,11496.46
OI00001654-4,ORD00001654,PROD00294,4,20220.76,0.0,80883.04
OI00001655-1,ORD00001655,PROD00305,3,17525.16,2628.77,49946.71
OI00001655-2,ORD00001655,PROD00306,4,18198.52,3639.7,69154.38
OI00001655-3,ORD00001655,PROD00310,2,11465.44,3439.63,19491.25
OI00001656-1,ORD00001656,PROD00056,3,5382.68,1614.8,14533.24
OI00001656-2,ORD00001656,PROD00005,1,12790.76,1279.08,11511.68
OI00001656-3,ORD00001656,PROD00254,1,10249.25,0.0,10249.25
OI00001656-4,ORD00001656,PROD00336,1,1810.42,181.04,1629.38
OI00001657-1,ORD00001657,PROD00016,4,21060.14,0.0,84240.56
OI00001657-2,ORD00001657,PROD00274,4,2466.2,0.0,9864.8
OI00001658-1,ORD00001658,PROD00003,4,24605.45,0.0,98421.8
OI00001658-2,ORD00001658,PROD00073,3,3596.39,1078.92,9710.25
OI00001658-3,ORD00001658,PROD00073,3,3596.39,1078.92,9710.25
OI00001658-4,ORD00001658,PROD00173,3,19657.54,0.0,58972.62
OI00001658-5,ORD00001658,PROD00162,1,5270.48,0.0,5270.48
OI00001659-1,ORD00001659,PROD00160,2,21368.16,0.0,42736.32
OI00001659-2,ORD00001659,PROD00220,4,5039.64,2015.86,18142.7
OI00001660-1,ORD00001660,PROD00326,2,13890.31,0.0,27780.62
OI00001660-2,ORD00001660,PROD00124,1,24453.49,0.0,24453.49
OI00001660-3,ORD00001660,PROD00133,2,10071.99,1007.2,19136.78
OI00001660-4,ORD00001660,PROD00131,4,1596.96,0.0,6387.84
OI00001660-5,ORD00001660,PROD00266,3,20418.91,3062.84,58193.89
OI00001661-1,ORD00001661,PROD00051,4,10511.67,0.0,42046.68
OI00001661-2,ORD00001661,PROD00252,1,21548.3,0.0,21548.3
OI00001661-3,ORD00001661,PROD00020,4,1320.51,0.0,5282.04
OI00001662-1,ORD00001662,PROD00227,4,1146.28,229.26,4355.86
OI00001662-2,ORD00001662,PROD00020,1,1320.51,0.0,1320.51
OI00001662-3,ORD00001662,PROD00184,3,20269.51,0.0,60808.53
OI00001662-4,ORD00001662,PROD00263,1,14672.69,0.0,14672.69
OI00001662-5,ORD00001662,PROD00138,3,12060.91,0.0,36182.73
OI00001663-1,ORD00001663,PROD00110,4,9699.44,0.0,38797.76
OI00001663-2,ORD00001663,PROD00038,4,19552.23,7820.89,70388.03
OI00001663-3,ORD00001663,PROD00196,1,10833.41,0.0,10833.41
OI00001664-1,ORD00001664,PROD00046,2,20054.13,2005.41,38102.85
OI00001665-1,ORD00001665,PROD00195,3,9755.37,0.0,29266.11
OI00001665-2,ORD00001665,PROD00090,4,4577.37,1830.95,16478.53
OI00001665-3,ORD00001665,PROD00127,4,21020.66,8408.26,75674.38
OI00001666-1,ORD00001666,PROD00014,2,2236.5,0.0,4473.0
OI00001666-2,ORD00001666,PROD00347,3,11947.7,5376.47,30466.63
OI00001666-3,ORD00001666,PROD00162,3,5270.48,0.0,15811.44
OI00001667-1,ORD00001667,PROD00004,1,7422.27,0.0,7422.27
OI00001667-2,ORD00001667,PROD00308,4,9807.02,5884.21,33343.87
OI00001668-1,ORD00001668,PROD00193,4,9247.87,0.0,36991.48
OI00001668-2,ORD00001668,PROD00065,1,11181.79,1677.27,9504.52
OI00001668-3,ORD00001668,PROD00228,2,24578.41,2457.84,46698.98
OI00001668-4,ORD00001668,PROD00272,2,6955.22,1391.04,12519.4
OI00001668-5,ORD00001668,PROD00189,1,4749.05,474.91,4274.14
OI00001669-1,ORD00001669,PROD00310,1,11465.44,573.27,10892.17
OI00001670-1,ORD00001670,PROD00133,1,10071.99,0.0,10071.99
OI00001670-2,ORD00001670,PROD00141,3,15103.07,4530.92,40778.29
OI00001670-3,ORD00001670,PROD00140,2,14612.46,4383.74,24841.18
OI00001670-4,ORD00001670,PROD00243,4,5945.94,0.0,23783.76
OI00001671-1,ORD00001671,PROD00339,3,696.45,313.4,1775.95
OI00001671-2,ORD00001671,PROD00064,3,2094.58,0.0,6283.74
OI00001671-3,ORD00001671,PROD00305,3,17525.16,0.0,52575.48
OI00001672-1,ORD00001672,PROD00044,4,6687.09,4012.25,22736.11
OI00001672-2,ORD00001672,PROD00182,4,5279.14,0.0,21116.56
OI00001673-1,ORD00001673,PROD00058,4,18176.41,10905.85,61799.79
OI00001674-1,ORD00001674,PROD00340,3,17115.28,7701.88,43643.96
OI00001674-2,ORD00001674,PROD00164,2,12489.77,0.0,24979.54
OI00001674-3,ORD00001674,PROD00161,1,15755.01,787.75,14967.26
OI00001674-4,ORD00001674,PROD00109,2,16822.54,0.0,33645.08
OI00001674-5,ORD00001674,PROD00217,3,11079.35,4985.71,28252.34
OI00001675-1,ORD00001675,PROD00007,4,18525.88,7410.35,66693.17
OI00001675-2,ORD00001675,PROD00053,2,17522.36,5256.71,29788.01
OI00001675-3,ORD00001675,PROD00319,3,339.48,152.77,865.67
OI00001675-4,ORD00001675,PROD00336,3,1810.42,271.56,5159.7
OI00001676-1,ORD00001676,PROD00155,3,16388.99,0.0,49166.97
OI00001676-2,ORD00001676,PROD00148,2,15616.8,4685.04,26548.56
OI00001676-3,ORD00001676,PROD00327,2,16333.38,0.0,32666.76
OI00001676-4,ORD00001676,PROD00180,2,5881.39,1176.28,10586.5
OI00001676-5,ORD00001676,PROD00104,2,15897.49,1589.75,30205.23
OI00001677-1,ORD00001677,PROD00285,1,7381.88,1107.28,6274.6
OI00001677-2,ORD00001677,PROD00107,1,10358.42,0.0,10358.42
OI00001677-3,ORD00001677,PROD00213,3,11796.15,1769.42,33619.03
OI00001677-4,ORD00001677,PROD00141,4,15103.07,9061.84,51350.44
OI00001677-5,ORD00001677,PROD00242,1,23459.95,0.0,23459.95
OI00001678-1,ORD00001678,PROD00020,3,1320.51,0.0,3961.53
OI00001678-2,ORD00001678,PROD00002,4,11732.07,7039.24,39889.04
OI00001678-3,ORD00001678,PROD00296,1,3229.07,0.0,3229.07
OI00001678-4,ORD00001678,PROD00214,1,4472.05,0.0,4472.05
OI00001679-1,ORD00001679,PROD00053,2,17522.36,0.0,35044.72
OI00001680-1,ORD00001680,PROD00251,2,17885.84,5365.75,30405.93
OI00001680-2,ORD00001680,PROD00344,3,2433.74,1095.18,6206.04
OI00001680-3,ORD00001680,PROD00095,2,13874.18,1387.42,26360.94
OI00001681-1,ORD00001681,PROD00241,1,1662.19,249.33,1412.86
OI00001682-1,ORD00001682,PROD00081,1,14048.06,2107.21,11940.85
OI00001683-1,ORD00001683,PROD00248,1,544.29,54.43,489.86
OI00001683-2,ORD00001683,PROD00210,4,18661.64,3732.33,70914.23
OI00001683-3,ORD00001683,PROD00010,2,4667.93,933.59,8402.27
OI00001683-4,ORD00001683,PROD00221,3,17014.99,7656.75,43388.22
OI00001684-1,ORD00001684,PROD00033,4,8958.24,0.0,35832.96
OI00001684-2,ORD00001684,PROD00207,2,1959.51,0.0,3919.02
OI00001684-3,ORD00001684,PROD00001,1,23270.16,0.0,23270.16
OI00001684-4,ORD00001684,PROD00350,4,17684.33,0.0,70737.32
OI00001685-1,ORD00001685,PROD00267,1,16380.3,1638.03,14742.27
OI00001685-2,ORD00001685,PROD00324,4,1645.09,987.05,5593.31
OI00001685-3,ORD00001685,PROD00223,2,14073.25,0.0,28146.5
OI00001685-4,ORD00001685,PROD00019,4,539.71,323.83,1835.01
OI00001686-1,ORD00001686,PROD00345,4,15206.3,3041.26,57783.94
OI00001686-2,ORD00001686,PROD00156,4,6041.74,1208.35,22958.61
OI00001687-1,ORD00001687,PROD00345,3,15206.3,0.0,45618.9
OI00001687-2,ORD00001687,PROD00203,3,9647.39,1447.11,27495.06
OI00001687-3,ORD00001687,PROD00069,4,17377.04,3475.41,66032.75
OI00001688-1,ORD00001688,PROD00083,1,3051.07,152.55,2898.52
OI00001688-2,ORD00001688,PROD00301,3,15056.56,2258.48,42911.2
OI00001688-3,ORD00001688,PROD00245,3,7169.55,0.0,21508.65
OI00001688-4,ORD00001688,PROD00021,2,21222.98,0.0,42445.96
OI00001688-5,ORD00001688,PROD00171,2,6861.84,0.0,13723.68
OI00001689-1,ORD00001689,PROD00030,2,7097.31,0.0,14194.62
OI00001689-2,ORD00001689,PROD00200,3,18445.4,0.0,55336.2
OI00001690-1,ORD00001690,PROD00017,4,19254.54,0.0,77018.16
OI00001690-2,ORD00001690,PROD00021,4,21222.98,0.0,84891.92
OI00001690-3,ORD00001690,PROD00172,1,9009.37,450.47,8558.9
OI00001690-4,ORD00001690,PROD00264,3,15922.7,0.0,47768.1
OI00001690-5,ORD00001690,PROD00332,2,966.51,0.0,1933.02
OI00001691-1,ORD00001691,PROD00286,2,3240.14,324.01,6156.27
OI00001691-2,ORD00001691,PROD00325,1,24143.74,0.0,24143.74
OI00001691-3,ORD00001691,PROD00184,2,20269.51,2026.95,38512.07
OI00001692-1,ORD00001692,PROD00112,3,17029.83,0.0,51089.49
OI00001692-2,ORD00001692,PROD00077,3,19060.68,8577.31,48604.73
OI00001693-1,ORD00001693,PROD00255,2,4895.99,0.0,9791.98
OI00001693-2,ORD00001693,PROD00173,2,19657.54,0.0,39315.08
OI00001694-1,ORD00001694,PROD00004,3,7422.27,0.0,22266.81
OI00001695-1,ORD00001695,PROD00137,2,22614.03,0.0,45228.06
OI00001696-1,ORD00001696,PROD00108,3,19693.27,0.0,59079.81
OI00001696-2,ORD00001696,PROD00205,1,22069.77,0.0,22069.77
OI00001696-3,ORD00001696,PROD00185,4,17159.78,6863.91,61775.21
OI00001696-4,ORD00001696,PROD00321,1,19868.88,0.0,19868.88
OI00001696-5,ORD00001696,PROD00238,2,16218.76,1621.88,30815.64
OI00001697-1,ORD00001697,PROD00338,4,10521.18,4208.47,37876.25
OI00001697-2,ORD00001697,PROD00009,4,15614.07,0.0,62456.28
OI00001697-3,ORD00001697,PROD00190,3,2376.38,0.0,7129.14
OI00001697-4,ORD00001697,PROD00155,2,16388.99,0.0,32777.98
OI00001697-5,ORD00001697,PROD00189,4,4749.05,2849.43,16146.77
OI00001698-1,ORD00001698,PROD00149,1,5172.64,0.0,5172.64
OI00001698-2,ORD00001698,PROD00106,2,16178.76,4853.63,27503.89
OI00001698-3,ORD00001698,PROD00231,2,1734.46,520.34,2948.58
OI00001698-4,ORD00001698,PROD00309,4,2478.12,991.25,8921.23
OI00001699-1,ORD00001699,PROD00270,2,6520.83,1956.25,11085.41
OI00001699-2,ORD00001699,PROD00293,1,9456.41,0.0,9456.41
OI00001700-1,ORD00001700,PROD00042,3,3118.44,0.0,9355.32
OI00001700-2,ORD00001700,PROD00122,2,1221.77,0.0,2443.54
OI00001701-1,ORD00001701,PROD00042,1,3118.44,0.0,3118.44
OI00001701-2,ORD00001701,PROD00170,1,11306.22,565.31,10740.91
OI00001701-3,ORD00001701,PROD00224,4,23476.13,14085.68,79818.84
OI00001702-1,ORD00001702,PROD00153,4,8528.45,1705.69,32408.11
OI00001702-2,ORD00001702,PROD00242,1,23459.95,0.0,23459.95
OI00001703-1,ORD00001703,PROD00316,1,3014.12,452.12,2562.0
OI00001703-2,ORD00001703,PROD00001,2,23270.16,4654.03,41886.29
OI00001703-3,ORD00001703,PROD00172,2,9009.37,0.0,18018.74
OI00001704-1,ORD00001704,PROD00181,4,8549.46,0.0,34197.84
OI00001704-2,ORD00001704,PROD00347,4,11947.7,0.0,47790.8
OI00001704-3,ORD00001704,PROD00106,4,16178.76,0.0,64715.04
OI00001705-1,ORD00001705,PROD00285,3,7381.88,0.0,22145.64
OI00001705-2,ORD00001705,PROD00147,4,5524.18,0.0,22096.72
OI00001706-1,ORD00001706,PROD00252,2,21548.3,0.0,43096.6
OI00001706-2,ORD00001706,PROD00028,2,3322.41,996.72,5648.1
OI00001706-3,ORD00001706,PROD00047,1,23596.32,3539.45,20056.87
OI00001706-4,ORD00001706,PROD00075,4,1735.74,0.0,6942.96
OI00001706-5,ORD00001706,PROD00195,4,9755.37,0.0,39021.48
OI00001707-1,ORD00001707,PROD00088,2,13567.39,0.0,27134.78
OI00001707-2,ORD00001707,PROD00259,4,6394.49,0.0,25577.96
OI00001708-1,ORD00001708,PROD00050,1,22567.65,0.0,22567.65
OI00001709-1,ORD00001709,PROD00012,4,11531.07,0.0,46124.28
OI00001709-2,ORD00001709,PROD00079,4,9711.52,0.0,38846.08
OI00001709-3,ORD00001709,PROD00156,4,6041.74,2416.7,21750.26
OI00001709-4,ORD00001709,PROD00293,2,9456.41,2836.92,16075.9
OI00001710-1,ORD00001710,PROD00248,4,544.29,0.0,2177.16
OI00001711-1,ORD00001711,PROD00150,3,1889.59,850.32,4818.45
OI00001711-2,ORD00001711,PROD00287,1,4242.92,0.0,4242.92
OI00001711-3,ORD00001711,PROD00147,3,5524.18,828.63,15743.91
OI00001711-4,ORD00001711,PROD00127,3,21020.66,3153.1,59908.88
OI00001712-1,ORD00001712,PROD00277,4,16643.7,6657.48,59917.32
OI00001712-2,ORD00001712,PROD00030,3,7097.31,0.0,21291.93
OI00001713-1,ORD00001713,PROD00284,2,10726.51,1072.65,20380.37
OI00001714-1,ORD00001714,PROD00277,2,16643.7,1664.37,31623.03
OI00001714-2,ORD00001714,PROD00141,2,15103.07,0.0,30206.14
OI00001714-3,ORD00001714,PROD00182,1,5279.14,527.91,4751.23
OI00001714-4,ORD00001714,PROD00207,3,1959.51,587.85,5290.68
OI00001714-5,ORD00001714,PROD00110,1,9699.44,484.97,9214.47
OI00001715-1,ORD00001715,PROD00293,4,9456.41,0.0,37825.64
OI00001715-2,ORD00001715,PROD00202,2,10405.57,0.0,20811.14
OI00001715-3,ORD00001715,PROD00114,3,7054.87,0.0,21164.61
OI00001715-4,ORD00001715,PROD00184,3,20269.51,6080.85,54727.68
OI00001715-5,ORD00001715,PROD00208,3,11300.85,0.0,33902.55
OI00001716-1,ORD00001716,PROD00259,4,6394.49,0.0,25577.96
OI00001716-2,ORD00001716,PROD00003,1,24605.45,0.0,24605.45
OI00001717-1,ORD00001717,PROD00001,3,23270.16,6981.05,62829.43
OI00001717-2,ORD00001717,PROD00031,2,5027.13,502.71,9551.55
OI00001717-3,ORD00001717,PROD00207,3,1959.51,293.93,5584.6
OI00001717-4,ORD00001717,PROD00142,4,1480.08,296.02,5624.3
OI00001718-1,ORD00001718,PROD00060,3,7484.13,0.0,22452.39
OI00001718-2,ORD00001718,PROD00122,4,1221.77,733.06,4154.02
OI00001719-1,ORD00001719,PROD00327,1,16333.38,0.0,16333.38
OI00001720-1,ORD00001720,PROD00111,3,11594.18,0.0,34782.54
OI00001720-2,ORD00001720,PROD00279,4,690.73,414.44,2348.48
OI00001721-1,ORD00001721,PROD00001,1,23270.16,0.0,23270.16
OI00001721-2,ORD00001721,PROD00301,3,15056.56,2258.48,42911.2
OI00001721-3,ORD00001721,PROD00099,1,16343.82,0.0,16343.82
OI00001722-1,ORD00001722,PROD00049,1,1583.63,0.0,1583.63
OI00001722-2,ORD00001722,PROD00287,1,4242.92,212.15,4030.77
OI00001722-3,ORD00001722,PROD00335,1,11428.89,1142.89,10286.0
OI00001722-4,ORD00001722,PROD00152,1,5018.12,0.0,5018.12
OI00001723-1,ORD00001723,PROD00049,2,1583.63,316.73,2850.53
OI00001723-2,ORD00001723,PROD00211,4,2911.33,0.0,11645.32
OI00001723-3,ORD00001723,PROD00257,4,18404.82,11042.89,62576.39
OI00001723-4,ORD00001723,PROD00253,1,23510.11,1175.51,22334.6
OI00001723-5,ORD00001723,PROD00004,1,7422.27,1113.34,6308.93
OI00001724-1,ORD00001724,PROD00188,1,24505.29,1225.26,23280.03
OI00001724-2,ORD00001724,PROD00052,4,22735.31,0.0,90941.24
OI00001724-3,ORD00001724,PROD00079,2,9711.52,0.0,19423.04
OI00001724-4,ORD00001724,PROD00072,1,7657.87,0.0,7657.87
OI00001724-5,ORD00001724,PROD00144,3,4774.42,0.0,14323.26
OI00001725-1,ORD00001725,PROD00110,4,9699.44,5819.66,32978.1
OI00001726-1,ORD00001726,PROD00198,2,235.71,70.71,400.71
OI00001726-2,ORD00001726,PROD00230,3,8334.56,2500.37,22503.31
OI00001726-3,ORD00001726,PROD00004,4,7422.27,1484.45,28204.63
OI00001727-1,ORD00001727,PROD00017,2,19254.54,0.0,38509.08
OI00001727-2,ORD00001727,PROD00199,3,13170.12,0.0,39510.36
OI00001728-1,ORD00001728,PROD00284,4,10726.51,0.0,42906.04
OI00001729-1,ORD00001729,PROD00348,2,16456.2,0.0,32912.4
OI00001729-2,ORD00001729,PROD00031,2,5027.13,0.0,10054.26
OI00001730-1,ORD00001730,PROD00114,1,7054.87,0.0,7054.87
OI00001730-2,ORD00001730,PROD00340,3,17115.28,5134.58,46211.26
OI00001731-1,ORD00001731,PROD00293,4,9456.41,3782.56,34043.08
OI00001732-1,ORD00001732,PROD00034,2,20180.05,0.0,40360.1
OI00001733-1,ORD00001733,PROD00053,1,17522.36,0.0,17522.36
OI00001733-2,ORD00001733,PROD00131,4,1596.96,0.0,6387.84
OI00001733-3,ORD00001733,PROD00278,1,20166.44,3024.97,17141.47
OI00001734-1,ORD00001734,PROD00121,3,17020.33,2553.05,48507.94
OI00001734-2,ORD00001734,PROD00289,3,10900.59,0.0,32701.77
OI00001734-3,ORD00001734,PROD00144,3,4774.42,0.0,14323.26
OI00001734-4,ORD00001734,PROD00207,1,1959.51,195.95,1763.56
OI00001734-5,ORD00001734,PROD00349,3,22965.12,6889.54,62005.82
OI00001735-1,ORD00001735,PROD00222,2,18114.09,5434.23,30793.95
OI00001735-2,ORD00001735,PROD00317,3,16337.28,4901.18,44110.66
OI00001735-3,ORD00001735,PROD00335,1,11428.89,571.44,10857.45
OI00001735-4,ORD00001735,PROD00133,2,10071.99,2014.4,18129.58
OI00001736-1,ORD00001736,PROD00149,3,5172.64,775.9,14742.02
OI00001737-1,ORD00001737,PROD00148,4,15616.8,3123.36,59343.84
OI00001737-2,ORD00001737,PROD00200,1,18445.4,1844.54,16600.86
OI00001737-3,ORD00001737,PROD00177,2,19263.4,0.0,38526.8
OI00001737-4,ORD00001737,PROD00050,4,22567.65,0.0,90270.6
OI00001737-5,ORD00001737,PROD00254,2,10249.25,2049.85,18448.65
OI00001738-1,ORD00001738,PROD00266,3,20418.91,6125.67,55131.06
OI00001738-2,ORD00001738,PROD00008,2,2128.1,638.43,3617.77
OI00001738-3,ORD00001738,PROD00199,2,13170.12,2634.02,23706.22
OI00001738-4,ORD00001738,PROD00229,4,6335.91,0.0,25343.64
OI00001739-1,ORD00001739,PROD00205,4,22069.77,0.0,88279.08
OI00001739-2,ORD00001739,PROD00098,3,24035.74,7210.72,64896.5
OI00001739-3,ORD00001739,PROD00268,2,17615.98,0.0,35231.96
OI00001739-4,ORD00001739,PROD00205,4,22069.77,4413.95,83865.13
OI00001739-5,ORD00001739,PROD00334,1,1905.27,0.0,1905.27
OI00001740-1,ORD00001740,PROD00152,1,5018.12,0.0,5018.12
OI00001740-2,ORD00001740,PROD00033,3,8958.24,1343.74,25530.98
OI00001740-3,ORD00001740,PROD00068,2,12144.87,0.0,24289.74
OI00001740-4,ORD00001740,PROD00076,3,22512.17,0.0,67536.51
OI00001741-1,ORD00001741,PROD00018,1,22565.26,2256.53,20308.73
OI00001741-2,ORD00001741,PROD00165,3,17905.46,5371.64,48344.74
OI00001741-3,ORD00001741,PROD00200,1,18445.4,922.27,17523.13
OI00001741-4,ORD00001741,PROD00093,1,23736.46,0.0,23736.46
OI00001742-1,ORD00001742,PROD00170,2,11306.22,0.0,22612.44
OI00001742-2,ORD00001742,PROD00097,1,19582.9,1958.29,17624.61
OI00001743-1,ORD00001743,PROD00118,3,22031.03,9913.96,56179.13
OI00001743-2,ORD00001743,PROD00077,2,19060.68,0.0,38121.36
OI00001743-3,ORD00001743,PROD00065,1,11181.79,0.0,11181.79
OI00001743-4,ORD00001743,PROD00310,1,11465.44,0.0,11465.44
OI00001743-5,ORD00001743,PROD00297,3,1594.03,0.0,4782.09
OI00001744-1,ORD00001744,PROD00016,4,21060.14,8424.06,75816.5
OI00001744-2,ORD00001744,PROD00114,3,7054.87,3174.69,17989.92
OI00001744-3,ORD00001744,PROD00101,4,14649.72,2929.94,55668.94
OI00001745-1,ORD00001745,PROD00059,4,15693.39,6277.36,56496.2
OI00001746-1,ORD00001746,PROD00349,1,22965.12,2296.51,20668.61
OI00001746-2,ORD00001746,PROD00056,1,5382.68,0.0,5382.68
OI00001746-3,ORD00001746,PROD00349,4,22965.12,0.0,91860.48
OI00001746-4,ORD00001746,PROD00160,2,21368.16,2136.82,40599.5
OI00001746-5,ORD00001746,PROD00177,4,19263.4,7705.36,69348.24
OI00001747-1,ORD00001747,PROD00232,3,12800.1,0.0,38400.3
OI00001747-2,ORD00001747,PROD00066,4,21806.77,0.0,87227.08
OI00001747-3,ORD00001747,PROD00154,2,21079.89,0.0,42159.78
OI00001747-4,ORD00001747,PROD00253,2,23510.11,0.0,47020.22
OI00001748-1,ORD00001748,PROD00168,1,13786.27,0.0,13786.27
OI00001748-2,ORD00001748,PROD00239,2,6094.11,1218.82,10969.4
OI00001749-1,ORD00001749,PROD00118,2,22031.03,4406.21,39655.85
OI00001749-2,ORD00001749,PROD00242,2,23459.95,0.0,46919.9
OI00001749-3,ORD00001749,PROD00135,4,8523.43,1704.69,32389.03
OI00001750-1,ORD00001750,PROD00066,4,21806.77,0.0,87227.08
OI00001750-2,ORD00001750,PROD00165,4,17905.46,0.0,71621.84
OI00001750-3,ORD00001750,PROD00341,2,22735.67,0.0,45471.34
OI00001750-4,ORD00001750,PROD00321,4,19868.88,0.0,79475.52
OI00001750-5,ORD00001750,PROD00107,1,10358.42,1553.76,8804.66
OI00001751-1,ORD00001751,PROD00191,2,719.62,71.96,1367.28
OI00001752-1,ORD00001752,PROD00132,3,1691.47,0.0,5074.41
OI00001753-1,ORD00001753,PROD00183,2,14458.84,2891.77,26025.91
OI00001753-2,ORD00001753,PROD00306,4,18198.52,0.0,72794.08
OI00001753-3,ORD00001753,PROD00181,4,8549.46,0.0,34197.84
OI00001754-1,ORD00001754,PROD00246,1,2046.4,0.0,2046.4
OI00001754-2,ORD00001754,PROD00350,3,17684.33,0.0,53052.99
OI00001754-3,ORD00001754,PROD00117,2,1680.75,0.0,3361.5
OI00001754-4,ORD00001754,PROD00298,4,19293.46,0.0,77173.84
OI00001754-5,ORD00001754,PROD00319,4,339.48,135.79,1222.13
OI00001755-1,ORD00001755,PROD00325,3,24143.74,0.0,72431.22
OI00001755-2,ORD00001755,PROD00151,3,4900.37,1470.11,13231.0
OI00001756-1,ORD00001756,PROD00212,1,11560.86,1734.13,9826.73
OI00001756-2,ORD00001756,PROD00272,1,6955.22,347.76,6607.46
OI00001756-3,ORD00001756,PROD00263,4,14672.69,0.0,58690.76
OI00001756-4,ORD00001756,PROD00067,1,18306.34,0.0,18306.34
OI00001756-5,ORD00001756,PROD00294,2,20220.76,2022.08,38419.44
OI00001757-1,ORD00001757,PROD00264,2,15922.7,1592.27,30253.13
OI00001757-2,ORD00001757,PROD00148,1,15616.8,0.0,15616.8
OI00001758-1,ORD00001758,PROD00165,3,17905.46,5371.64,48344.74
OI00001758-2,ORD00001758,PROD00021,4,21222.98,0.0,84891.92
OI00001758-3,ORD00001758,PROD00149,4,5172.64,0.0,20690.56
OI00001758-4,ORD00001758,PROD00061,3,8790.91,3955.91,22416.82
OI00001758-5,ORD00001758,PROD00269,2,14198.95,1419.9,26978.0
OI00001759-1,ORD00001759,PROD00131,1,1596.96,79.85,1517.11
OI00001759-2,ORD00001759,PROD00010,2,4667.93,466.79,8869.07
OI00001759-3,ORD00001759,PROD00198,4,235.71,0.0,942.84
OI00001759-4,ORD00001759,PROD00206,1,22722.97,0.0,22722.97
OI00001760-1,ORD00001760,PROD00080,1,16165.62,0.0,16165.62
OI00001760-2,ORD00001760,PROD00331,2,15173.99,0.0,30347.98
OI00001760-3,ORD00001760,PROD00298,2,19293.46,3858.69,34728.23
OI00001760-4,ORD00001760,PROD00213,2,11796.15,1179.62,22412.68
OI00001760-5,ORD00001760,PROD00285,3,7381.88,1107.28,21038.36
OI00001761-1,ORD00001761,PROD00006,3,8918.67,4013.4,22742.61
OI00001761-2,ORD00001761,PROD00185,4,17159.78,6863.91,61775.21
OI00001762-1,ORD00001762,PROD00017,3,19254.54,5776.36,51987.26
OI00001762-2,ORD00001762,PROD00181,2,8549.46,0.0,17098.92
OI00001762-3,ORD00001762,PROD00094,2,1683.18,0.0,3366.36
OI00001762-4,ORD00001762,PROD00335,3,11428.89,0.0,34286.67
OI00001763-1,ORD00001763,PROD00337,3,17875.4,2681.31,50944.89
OI00001763-2,ORD00001763,PROD00180,1,5881.39,0.0,5881.39
OI00001763-3,ORD00001763,PROD00134,2,11362.61,0.0,22725.22
OI00001763-4,ORD00001763,PROD00015,4,21482.35,12889.41,73039.99
OI00001763-5,ORD00001763,PROD00121,4,17020.33,6808.13,61273.19
OI00001764-1,ORD00001764,PROD00193,3,9247.87,4161.54,23582.07
OI00001764-2,ORD00001764,PROD00271,1,21715.63,0.0,21715.63
OI00001765-1,ORD00001765,PROD00321,3,19868.88,5960.66,53645.98
OI00001765-2,ORD00001765,PROD00133,2,10071.99,0.0,20143.98
OI00001765-3,ORD00001765,PROD00319,2,339.48,33.95,645.01
OI00001765-4,ORD00001765,PROD00294,2,20220.76,0.0,40441.52
OI00001765-5,ORD00001765,PROD00107,4,10358.42,0.0,41433.68
OI00001766-1,ORD00001766,PROD00237,4,6989.25,2795.7,25161.3
OI00001766-2,ORD00001766,PROD00253,4,23510.11,4702.02,89338.42
OI00001766-3,ORD00001766,PROD00188,2,24505.29,0.0,49010.58
OI00001766-4,ORD00001766,PROD00287,4,4242.92,0.0,16971.68
OI00001767-1,ORD00001767,PROD00038,3,19552.23,0.0,58656.69
OI00001767-2,ORD00001767,PROD00285,1,7381.88,738.19,6643.69
OI00001767-3,ORD00001767,PROD00335,3,11428.89,0.0,34286.67
OI00001767-4,ORD00001767,PROD00222,4,18114.09,0.0,72456.36
OI00001767-5,ORD00001767,PROD00099,2,16343.82,3268.76,29418.88
OI00001768-1,ORD00001768,PROD00017,1,19254.54,0.0,19254.54
OI00001769-1,ORD00001769,PROD00158,3,4832.45,0.0,14497.35
OI00001770-1,ORD00001770,PROD00134,1,11362.61,0.0,11362.61
OI00001771-1,ORD00001771,PROD00236,1,23089.06,0.0,23089.06
OI00001771-2,ORD00001771,PROD00322,1,14307.01,0.0,14307.01
OI00001771-3,ORD00001771,PROD00247,2,10596.3,2119.26,19073.34
OI00001772-1,ORD00001772,PROD00237,2,6989.25,698.93,13279.57
OI00001772-2,ORD00001772,PROD00232,2,12800.1,0.0,25600.2
OI00001772-3,ORD00001772,PROD00300,4,20412.89,0.0,81651.56
OI00001772-4,ORD00001772,PROD00024,2,13853.73,0.0,27707.46
OI00001773-1,ORD00001773,PROD00030,3,7097.31,2129.19,19162.74
OI00001773-2,ORD00001773,PROD00199,4,13170.12,0.0,52680.48
OI00001774-1,ORD00001774,PROD00186,4,8185.68,3274.27,29468.45
OI00001774-2,ORD00001774,PROD00101,2,14649.72,1464.97,27834.47
OI00001774-3,ORD00001774,PROD00240,1,15221.18,0.0,15221.18
OI00001775-1,ORD00001775,PROD00347,4,11947.7,0.0,47790.8
OI00001775-2,ORD00001775,PROD00321,2,19868.88,5960.66,33777.1
OI00001775-3,ORD00001775,PROD00212,1,11560.86,1156.09,10404.77
OI00001775-4,ORD00001775,PROD00218,3,9795.93,1469.39,27918.4
OI00001776-1,ORD00001776,PROD00176,4,24960.21,0.0,99840.84
OI00001776-2,ORD00001776,PROD00178,4,20555.44,4111.09,78110.67
OI00001776-3,ORD00001776,PROD00303,3,15795.37,0.0,47386.11
OI00001776-4,ORD00001776,PROD00100,4,14966.8,0.0,59867.2
OI00001776-5,ORD00001776,PROD00140,4,14612.46,0.0,58449.84
OI00001777-1,ORD00001777,PROD00337,4,17875.4,0.0,71501.6
OI00001777-2,ORD00001777,PROD00305,4,17525.16,0.0,70100.64
OI00001777-3,ORD00001777,PROD00172,4,9009.37,5405.62,30631.86
OI00001777-4,ORD00001777,PROD00199,4,13170.12,5268.05,47412.43
OI00001778-1,ORD00001778,PROD00141,4,15103.07,0.0,60412.28
OI00001778-2,ORD00001778,PROD00164,1,12489.77,1873.47,10616.3
OI00001779-1,ORD00001779,PROD00087,1,21498.23,2149.82,19348.41
OI00001779-2,ORD00001779,PROD00140,4,14612.46,0.0,58449.84
OI00001779-3,ORD00001779,PROD00117,3,1680.75,0.0,5042.25
OI00001779-4,ORD00001779,PROD00014,2,2236.5,223.65,4249.35
OI00001780-1,ORD00001780,PROD00269,1,14198.95,0.0,14198.95
OI00001780-2,ORD00001780,PROD00118,2,22031.03,0.0,44062.06
OI00001780-3,ORD00001780,PROD00274,3,2466.2,369.93,7028.67
OI00001780-4,ORD00001780,PROD00298,2,19293.46,0.0,38586.92
OI00001781-1,ORD00001781,PROD00269,1,14198.95,2129.84,12069.11
OI00001781-2,ORD00001781,PROD00142,1,1480.08,74.0,1406.08
OI00001781-3,ORD00001781,PROD00114,4,7054.87,0.0,28219.48
OI00001782-1,ORD00001782,PROD00112,2,17029.83,5108.95,28950.71
OI00001782-2,ORD00001782,PROD00132,1,1691.47,0.0,1691.47
OI00001782-3,ORD00001782,PROD00053,1,17522.36,2628.35,14894.01
OI00001782-4,ORD00001782,PROD00073,4,3596.39,0.0,14385.56
OI00001783-1,ORD00001783,PROD00106,2,16178.76,0.0,32357.52
OI00001783-2,ORD00001783,PROD00203,4,9647.39,0.0,38589.56
OI00001783-3,ORD00001783,PROD00332,4,966.51,0.0,3866.04
OI00001783-4,ORD00001783,PROD00202,4,10405.57,6243.34,35378.94
OI00001784-1,ORD00001784,PROD00293,4,9456.41,0.0,37825.64
OI00001784-2,ORD00001784,PROD00058,3,18176.41,5452.92,49076.31
OI00001785-1,ORD00001785,PROD00028,1,3322.41,0.0,3322.41
OI00001786-1,ORD00001786,PROD00057,3,634.37,0.0,1903.11
OI00001786-2,ORD00001786,PROD00201,3,17522.9,5256.87,47311.83
OI00001786-3,ORD00001786,PROD00135,4,8523.43,1704.69,32389.03
OI00001786-4,ORD00001786,PROD00290,4,19169.41,0.0,76677.64
OI00001786-5,ORD00001786,PROD00266,2,20418.91,0.0,40837.82
OI00001787-1,ORD00001787,PROD00229,3,6335.91,0.0,19007.73
OI00001787-2,ORD00001787,PROD00243,2,5945.94,0.0,11891.88
OI00001787-3,ORD00001787,PROD00012,3,11531.07,5188.98,29404.23
OI00001788-1,ORD00001788,PROD00207,4,1959.51,0.0,7838.04
OI00001789-1,ORD00001789,PROD00349,1,22965.12,0.0,22965.12
OI00001789-2,ORD00001789,PROD00308,2,9807.02,0.0,19614.04
OI00001789-3,ORD00001789,PROD00205,1,22069.77,0.0,22069.77
OI00001789-4,ORD00001789,PROD00292,1,21804.92,0.0,21804.92
OI00001789-5,ORD00001789,PROD00097,4,19582.9,3916.58,74415.02
OI00001790-1,ORD00001790,PROD00107,2,10358.42,1035.84,19681.0
OI00001791-1,ORD00001791,PROD00006,4,8918.67,3567.47,32107.21
OI00001791-2,ORD00001791,PROD00034,1,20180.05,3027.01,17153.04
OI00001791-3,ORD00001791,PROD00208,3,11300.85,0.0,33902.55
OI00001791-4,ORD00001791,PROD00016,4,21060.14,0.0,84240.56
OI00001791-5,ORD00001791,PROD00021,4,21222.98,0.0,84891.92
OI00001792-1,ORD00001792,PROD00138,2,12060.91,0.0,24121.82
OI00001792-2,ORD00001792,PROD00117,3,1680.75,504.23,4538.02
OI00001792-3,ORD00001792,PROD00180,4,5881.39,0.0,23525.56
OI00001792-4,ORD00001792,PROD00222,3,18114.09,8151.34,46190.93
OI00001792-5,ORD00001792,PROD00146,1,8249.05,0.0,8249.05
OI00001793-1,ORD00001793,PROD00006,2,8918.67,0.0,17837.34
OI00001793-2,ORD00001793,PROD00232,2,12800.1,3840.03,21760.17
OI00001793-3,ORD00001793,PROD00200,3,18445.4,0.0,55336.2
OI00001793-4,ORD00001793,PROD00043,4,20878.59,4175.72,79338.64
OI00001793-5,ORD00001793,PROD00266,3,20418.91,9188.51,52068.22
OI00001794-1,ORD00001794,PROD00288,3,6121.73,2754.78,15610.41
OI00001794-2,ORD00001794,PROD00301,2,15056.56,0.0,30113.12
OI00001794-3,ORD00001794,PROD00103,2,21963.07,6588.92,37337.22
OI00001794-4,ORD00001794,PROD00018,4,22565.26,13539.16,76721.88
OI00001794-5,ORD00001794,PROD00191,4,719.62,0.0,2878.48
OI00001795-1,ORD00001795,PROD00064,3,2094.58,0.0,6283.74
OI00001796-1,ORD00001796,PROD00206,4,22722.97,0.0,90891.88
OI00001796-2,ORD00001796,PROD00113,1,20219.94,2021.99,18197.95
OI00001796-3,ORD00001796,PROD00085,2,20182.68,0.0,40365.36
OI00001796-4,ORD00001796,PROD00205,3,22069.77,0.0,66209.31
OI00001796-5,ORD00001796,PROD00002,2,11732.07,0.0,23464.14
OI00001797-1,ORD00001797,PROD00093,4,23736.46,0.0,94945.84
OI00001798-1,ORD00001798,PROD00183,2,14458.84,0.0,28917.68
OI00001798-2,ORD00001798,PROD00286,3,3240.14,0.0,9720.42
OI00001798-3,ORD00001798,PROD00012,3,11531.07,0.0,34593.21
OI00001798-4,ORD00001798,PROD00103,1,21963.07,3294.46,18668.61
OI00001798-5,ORD00001798,PROD00273,2,16836.47,5050.94,28622.0
OI00001799-1,ORD00001799,PROD00155,1,16388.99,2458.35,13930.64
OI00001800-1,ORD00001800,PROD00230,2,8334.56,1666.91,15002.21
OI00001800-2,ORD00001800,PROD00184,4,20269.51,4053.9,77024.14
OI00001800-3,ORD00001800,PROD00308,4,9807.02,0.0,39228.08
OI00001801-1,ORD00001801,PROD00122,1,1221.77,0.0,1221.77
OI00001801-2,ORD00001801,PROD00044,2,6687.09,668.71,12705.47
OI00001801-3,ORD00001801,PROD00075,2,1735.74,347.15,3124.33
OI00001802-1,ORD00001802,PROD00259,3,6394.49,0.0,19183.47
OI00001803-1,ORD00001803,PROD00339,1,696.45,0.0,696.45
OI00001803-2,ORD00001803,PROD00174,1,13673.35,0.0,13673.35
OI00001803-3,ORD00001803,PROD00028,1,3322.41,332.24,2990.17
OI00001803-4,ORD00001803,PROD00217,3,11079.35,0.0,33238.05
OI00001803-5,ORD00001803,PROD00135,4,8523.43,1704.69,32389.03
OI00001804-1,ORD00001804,PROD00300,1,20412.89,3061.93,17350.96
OI00001804-2,ORD00001804,PROD00167,1,7684.68,768.47,6916.21
OI00001804-3,ORD00001804,PROD00293,2,9456.41,2836.92,16075.9
OI00001805-1,ORD00001805,PROD00014,4,2236.5,447.3,8498.7
OI00001805-2,ORD00001805,PROD00305,3,17525.16,0.0,52575.48
OI00001805-3,ORD00001805,PROD00181,2,8549.46,0.0,17098.92
OI00001806-1,ORD00001806,PROD00340,2,17115.28,1711.53,32519.03
OI00001806-2,ORD00001806,PROD00225,3,4381.86,0.0,13145.58
OI00001807-1,ORD00001807,PROD00093,3,23736.46,0.0,71209.38
OI00001807-2,ORD00001807,PROD00061,2,8790.91,0.0,17581.82
OI00001807-3,ORD00001807,PROD00264,4,15922.7,0.0,63690.8
OI00001807-4,ORD00001807,PROD00148,2,15616.8,1561.68,29671.92
OI00001807-5,ORD00001807,PROD00306,4,18198.52,7279.41,65514.67
OI00001808-1,ORD00001808,PROD00187,3,24432.22,7329.67,65966.99
OI00001808-2,ORD00001808,PROD00159,4,24425.69,4885.14,92817.62
OI00001808-3,ORD00001808,PROD00136,1,14715.94,735.8,13980.14
OI00001809-1,ORD00001809,PROD00338,4,10521.18,0.0,42084.72
OI00001809-2,ORD00001809,PROD00079,3,9711.52,0.0,29134.56
OI00001809-3,ORD00001809,PROD00301,2,15056.56,0.0,30113.12
OI00001809-4,ORD00001809,PROD00016,2,21060.14,2106.01,40014.27
OI00001810-1,ORD00001810,PROD00193,3,9247.87,0.0,27743.61
OI00001811-1,ORD00001811,PROD00185,2,17159.78,0.0,34319.56
OI00001811-2,ORD00001811,PROD00145,3,21307.62,0.0,63922.86
OI00001811-3,ORD00001811,PROD00322,2,14307.01,0.0,28614.02
OI00001811-4,ORD00001811,PROD00053,4,17522.36,10513.42,59576.02
OI00001812-1,ORD00001812,PROD00285,2,7381.88,0.0,14763.76
OI00001812-2,ORD00001812,PROD00181,3,8549.46,2564.84,23083.54
OI00001812-3,ORD00001812,PROD00173,3,19657.54,2948.63,56023.99
OI00001813-1,ORD00001813,PROD00105,3,8573.66,3858.15,21862.83
OI00001813-2,ORD00001813,PROD00248,4,544.29,108.86,2068.3
OI00001814-1,ORD00001814,PROD00155,1,16388.99,0.0,16388.99
OI00001815-1,ORD00001815,PROD00046,3,20054.13,0.0,60162.39
OI00001815-2,ORD00001815,PROD00349,4,22965.12,9186.05,82674.43
OI00001815-3,ORD00001815,PROD00165,2,17905.46,0.0,35810.92
OI00001815-4,ORD00001815,PROD00321,4,19868.88,7947.55,71527.97
OI00001816-1,ORD00001816,PROD00316,2,3014.12,0.0,6028.24
OI00001817-1,ORD00001817,PROD00260,3,2962.43,1333.09,7554.2
OI00001817-2,ORD00001817,PROD00348,1,16456.2,0.0,16456.2
OI00001817-3,ORD00001817,PROD00018,3,22565.26,0.0,67695.78
OI00001817-4,ORD00001817,PROD00283,2,5877.29,1175.46,10579.12
OI00001817-5,ORD00001817,PROD00041,1,18327.17,0.0,18327.17
OI00001818-1,ORD00001818,PROD00025,1,12394.98,1239.5,11155.48
OI00001818-2,ORD00001818,PROD00098,2,24035.74,7210.72,40860.76
OI00001818-3,ORD00001818,PROD00112,4,17029.83,0.0,68119.32
OI00001819-1,ORD00001819,PROD00279,4,690.73,276.29,2486.63
OI00001819-2,ORD00001819,PROD00087,1,21498.23,2149.82,19348.41
OI00001820-1,ORD00001820,PROD00267,1,16380.3,819.01,15561.29
OI00001820-2,ORD00001820,PROD00232,4,12800.1,2560.02,48640.38
OI00001820-3,ORD00001820,PROD00128,3,20549.76,0.0,61649.28
OI00001820-4,ORD00001820,PROD00005,2,12790.76,0.0,25581.52
OI00001821-1,ORD00001821,PROD00223,3,14073.25,2110.99,40108.76
OI00001821-2,ORD00001821,PROD00143,2,8628.21,2588.46,14667.96
OI00001821-3,ORD00001821,PROD00212,3,11560.86,0.0,34682.58
OI00001821-4,ORD00001821,PROD00016,3,21060.14,3159.02,60021.4
OI00001822-1,ORD00001822,PROD00209,2,1876.23,187.62,3564.84
OI00001822-2,ORD00001822,PROD00305,3,17525.16,5257.55,47317.93
OI00001822-3,ORD00001822,PROD00048,4,2165.22,433.04,8227.84
OI00001822-4,ORD00001822,PROD00155,3,16388.99,4916.7,44250.27
OI00001823-1,ORD00001823,PROD00157,3,21965.78,3294.87,62602.47
OI00001824-1,ORD00001824,PROD00048,3,2165.22,0.0,6495.66
OI00001824-2,ORD00001824,PROD00224,4,23476.13,0.0,93904.52
OI00001825-1,ORD00001825,PROD00299,1,2709.32,270.93,2438.39
OI00001825-2,ORD00001825,PROD00290,4,19169.41,0.0,76677.64
OI00001825-3,ORD00001825,PROD00302,4,7756.84,1551.37,29475.99
OI00001825-4,ORD00001825,PROD00215,1,16801.23,0.0,16801.23
OI00001826-1,ORD00001826,PROD00125,2,4153.82,0.0,8307.64
OI00001826-2,ORD00001826,PROD00197,4,14707.92,0.0,58831.68
OI00001827-1,ORD00001827,PROD00286,3,3240.14,0.0,9720.42
OI00001827-2,ORD00001827,PROD00199,1,13170.12,0.0,13170.12
OI00001827-3,ORD00001827,PROD00264,4,15922.7,3184.54,60506.26
OI00001827-4,ORD00001827,PROD00155,3,16388.99,2458.35,46708.62
OI00001828-1,ORD00001828,PROD00300,4,20412.89,12247.73,69403.83
OI00001828-2,ORD00001828,PROD00167,4,7684.68,4610.81,26127.91
OI00001828-3,ORD00001828,PROD00205,3,22069.77,3310.47,62898.84
OI00001829-1,ORD00001829,PROD00173,1,19657.54,2948.63,16708.91
OI00001829-2,ORD00001829,PROD00068,4,12144.87,7286.92,41292.56
OI00001829-3,ORD00001829,PROD00246,4,2046.4,0.0,8185.6
OI00001830-1,ORD00001830,PROD00240,1,15221.18,0.0,15221.18
OI00001830-2,ORD00001830,PROD00211,1,2911.33,0.0,2911.33
OI00001831-1,ORD00001831,PROD00022,1,973.58,0.0,973.58
OI00001831-2,ORD00001831,PROD00078,1,3767.12,565.07,3202.05
OI00001832-1,ORD00001832,PROD00189,2,4749.05,0.0,9498.1
OI00001833-1,ORD00001833,PROD00271,3,21715.63,9772.03,55374.86
OI00001833-2,ORD00001833,PROD00337,1,17875.4,0.0,17875.4
OI00001833-3,ORD00001833,PROD00210,3,18661.64,8397.74,47587.18
OI00001833-4,ORD00001833,PROD00052,2,22735.31,0.0,45470.62
OI00001833-5,ORD00001833,PROD00163,3,4227.47,0.0,12682.41
OI00001834-1,ORD00001834,PROD00289,4,10900.59,2180.12,41422.24
OI00001834-2,ORD00001834,PROD00211,2,2911.33,0.0,5822.66
OI00001835-1,ORD00001835,PROD00050,1,22567.65,1128.38,21439.27
OI00001835-2,ORD00001835,PROD00021,1,21222.98,3183.45,18039.53
OI00001835-3,ORD00001835,PROD00252,1,21548.3,0.0,21548.3
OI00001835-4,ORD00001835,PROD00187,2,24432.22,0.0,48864.44
OI00001835-5,ORD00001835,PROD00309,1,2478.12,247.81,2230.31
OI00001836-1,ORD00001836,PROD00186,1,8185.68,0.0,8185.68
OI00001836-2,ORD00001836,PROD00068,4,12144.87,0.0,48579.48
OI00001836-3,ORD00001836,PROD00093,3,23736.46,7120.94,64088.44
OI00001836-4,ORD00001836,PROD00318,4,21629.15,0.0,86516.6
OI00001837-1,ORD00001837,PROD00100,1,14966.8,0.0,14966.8
OI00001837-2,ORD00001837,PROD00004,4,7422.27,1484.45,28204.63
OI00001837-3,ORD00001837,PROD00188,1,24505.29,0.0,24505.29
OI00001837-4,ORD00001837,PROD00021,4,21222.98,0.0,84891.92
OI00001837-5,ORD00001837,PROD00006,2,8918.67,0.0,17837.34
OI00001838-1,ORD00001838,PROD00103,4,21963.07,0.0,87852.28
OI00001838-2,ORD00001838,PROD00145,4,21307.62,0.0,85230.48
OI00001838-3,ORD00001838,PROD00080,1,16165.62,0.0,16165.62
OI00001839-1,ORD00001839,PROD00092,4,5103.86,1020.77,19394.67
OI00001840-1,ORD00001840,PROD00206,1,22722.97,1136.15,21586.82
OI00001840-2,ORD00001840,PROD00183,3,14458.84,4337.65,39038.87
OI00001841-1,ORD00001841,PROD00174,2,13673.35,1367.34,25979.36
OI00001841-2,ORD00001841,PROD00234,2,18943.28,0.0,37886.56
OI00001841-3,ORD00001841,PROD00346,2,8662.06,866.21,16457.91
OI00001842-1,ORD00001842,PROD00004,1,7422.27,0.0,7422.27
OI00001843-1,ORD00001843,PROD00237,1,6989.25,0.0,6989.25
OI00001843-2,ORD00001843,PROD00092,1,5103.86,765.58,4338.28
OI00001843-3,ORD00001843,PROD00268,1,17615.98,880.8,16735.18
OI00001844-1,ORD00001844,PROD00295,2,2274.03,682.21,3865.85
OI00001844-2,ORD00001844,PROD00119,1,17032.97,2554.95,14478.02
OI00001845-1,ORD00001845,PROD00042,4,3118.44,0.0,12473.76
OI00001845-2,ORD00001845,PROD00243,1,5945.94,297.3,5648.64
OI00001845-3,ORD00001845,PROD00298,3,19293.46,0.0,57880.38
OI00001846-1,ORD00001846,PROD00091,4,3604.39,2162.63,12254.93
OI00001846-2,ORD00001846,PROD00136,4,14715.94,8829.56,50034.2
OI00001846-3,ORD00001846,PROD00271,3,21715.63,9772.03,55374.86
OI00001847-1,ORD00001847,PROD00156,1,6041.74,906.26,5135.48
OI00001848-1,ORD00001848,PROD00051,1,10511.67,1051.17,9460.5
OI00001848-2,ORD00001848,PROD00114,2,7054.87,0.0,14109.74
OI00001848-3,ORD00001848,PROD00201,3,17522.9,7885.31,44683.39
OI00001849-1,ORD00001849,PROD00162,4,5270.48,3162.29,17919.63
OI00001850-1,ORD00001850,PROD00002,3,11732.07,0.0,35196.21
OI00001851-1,ORD00001851,PROD00328,2,24499.21,0.0,48998.42
OI00001852-1,ORD00001852,PROD00175,2,18643.02,3728.6,33557.44
OI00001852-2,ORD00001852,PROD00349,2,22965.12,0.0,45930.24
OI00001853-1,ORD00001853,PROD00192,4,5187.01,2074.8,18673.24
OI00001853-2,ORD00001853,PROD00056,4,5382.68,1076.54,20454.18
OI00001853-3,ORD00001853,PROD00310,4,11465.44,0.0,45861.76
OI00001853-4,ORD00001853,PROD00019,3,539.71,161.91,1457.22
OI00001853-5,ORD00001853,PROD00049,4,1583.63,950.18,5384.34
OI00001854-1,ORD00001854,PROD00186,1,8185.68,409.28,7776.4
OI00001854-2,ORD00001854,PROD00311,2,22435.59,0.0,44871.18
OI00001854-3,ORD00001854,PROD00334,1,1905.27,95.26,1810.01
OI00001855-1,ORD00001855,PROD00266,3,20418.91,9188.51,52068.22
OI00001856-1,ORD00001856,PROD00182,2,5279.14,1583.74,8974.54
OI00001856-2,ORD00001856,PROD00172,2,9009.37,0.0,18018.74
OI00001856-3,ORD00001856,PROD00240,1,15221.18,2283.18,12938.0
OI00001857-1,ORD00001857,PROD00093,1,23736.46,1186.82,22549.64
OI00001857-2,ORD00001857,PROD00276,3,9301.09,1395.16,26508.11
OI00001857-3,ORD00001857,PROD00076,2,22512.17,2251.22,42773.12
OI00001857-4,ORD00001857,PROD00057,2,634.37,63.44,1205.3
OI00001858-1,ORD00001858,PROD00263,1,14672.69,2200.9,12471.79
OI00001858-2,ORD00001858,PROD00061,1,8790.91,879.09,7911.82
OI00001858-3,ORD00001858,PROD00113,4,20219.94,0.0,80879.76
OI00001858-4,ORD00001858,PROD00301,1,15056.56,1505.66,13550.9
OI00001859-1,ORD00001859,PROD00026,2,4075.27,0.0,8150.54
OI00001860-1,ORD00001860,PROD00237,4,6989.25,1397.85,26559.15
OI00001860-2,ORD00001860,PROD00254,1,10249.25,0.0,10249.25
OI00001860-3,ORD00001860,PROD00143,4,8628.21,0.0,34512.84
OI00001860-4,ORD00001860,PROD00198,2,235.71,0.0,471.42
OI00001860-5,ORD00001860,PROD00054,3,17451.9,2617.79,49737.91
OI00001861-1,ORD00001861,PROD00231,2,1734.46,520.34,2948.58
OI00001861-2,ORD00001861,PROD00163,3,4227.47,634.12,12048.29
OI00001861-3,ORD00001861,PROD00289,1,10900.59,1090.06,9810.53
OI00001861-4,ORD00001861,PROD00086,2,21556.26,0.0,43112.52
OI00001862-1,ORD00001862,PROD00340,4,17115.28,0.0,68461.12
OI00001862-2,ORD00001862,PROD00272,2,6955.22,0.0,13910.44
OI00001862-3,ORD00001862,PROD00023,1,5836.05,291.8,5544.25
OI00001862-4,ORD00001862,PROD00183,1,14458.84,722.94,13735.9
OI00001862-5,ORD00001862,PROD00240,3,15221.18,6849.53,38814.01
OI00001863-1,ORD00001863,PROD00283,2,5877.29,1763.19,9991.39
OI00001864-1,ORD00001864,PROD00256,4,15892.74,6357.1,57213.86
OI00001864-2,ORD00001864,PROD00123,3,4905.47,1471.64,13244.77
OI00001864-3,ORD00001864,PROD00319,3,339.48,152.77,865.67
OI00001865-1,ORD00001865,PROD00310,4,11465.44,0.0,45861.76
OI00001865-2,ORD00001865,PROD00091,3,3604.39,0.0,10813.17
OI00001865-3,ORD00001865,PROD00019,1,539.71,53.97,485.74
OI00001865-4,ORD00001865,PROD00103,1,21963.07,3294.46,18668.61
OI00001866-1,ORD00001866,PROD00196,4,10833.41,0.0,43333.64
OI00001866-2,ORD00001866,PROD00296,1,3229.07,322.91,2906.16
OI00001867-1,ORD00001867,PROD00109,1,16822.54,0.0,16822.54
OI00001868-1,ORD00001868,PROD00272,2,6955.22,1391.04,12519.4
OI00001868-2,ORD00001868,PROD00245,3,7169.55,0.0,21508.65
OI00001868-3,ORD00001868,PROD00121,3,17020.33,0.0,51060.99
OI00001868-4,ORD00001868,PROD00092,4,5103.86,3062.32,17353.12
OI00001869-1,ORD00001869,PROD00252,3,21548.3,3232.24,61412.66
OI00001869-2,ORD00001869,PROD00259,1,6394.49,0.0,6394.49
OI00001869-3,ORD00001869,PROD00096,2,7650.09,765.01,14535.17
OI00001869-4,ORD00001869,PROD00303,2,15795.37,0.0,31590.74
OI00001869-5,ORD00001869,PROD00189,1,4749.05,237.45,4511.6
OI00001870-1,ORD00001870,PROD00226,4,11496.46,4598.58,41387.26
OI00001871-1,ORD00001871,PROD00225,3,4381.86,1971.84,11173.74
OI00001871-2,ORD00001871,PROD00332,1,966.51,0.0,966.51
OI00001871-3,ORD00001871,PROD00167,4,7684.68,4610.81,26127.91
OI00001872-1,ORD00001872,PROD00038,2,19552.23,5865.67,33238.79
OI00001872-2,ORD00001872,PROD00155,2,16388.99,0.0,32777.98
OI00001873-1,ORD00001873,PROD00036,3,19263.87,2889.58,54902.03
OI00001874-1,ORD00001874,PROD00140,1,14612.46,2191.87,12420.59
OI00001874-2,ORD00001874,PROD00097,4,19582.9,7833.16,70498.44
OI00001874-3,ORD00001874,PROD00192,4,5187.01,3112.21,17635.83
OI00001874-4,ORD00001874,PROD00181,4,8549.46,0.0,34197.84
OI00001874-5,ORD00001874,PROD00314,3,8921.82,0.0,26765.46
OI00001875-1,ORD00001875,PROD00003,3,24605.45,0.0,73816.35
OI00001875-2,ORD00001875,PROD00009,4,15614.07,6245.63,56210.65
OI00001875-3,ORD00001875,PROD00140,2,14612.46,2922.49,26302.43
OI00001875-4,ORD00001875,PROD00330,3,16495.98,0.0,49487.94
OI00001876-1,ORD00001876,PROD00304,4,24529.51,0.0,98118.04
OI00001876-2,ORD00001876,PROD00319,2,339.48,0.0,678.96
OI00001876-3,ORD00001876,PROD00143,2,8628.21,0.0,17256.42
OI00001876-4,ORD00001876,PROD00001,1,23270.16,2327.02,20943.14
OI00001877-1,ORD00001877,PROD00126,3,12025.16,1803.77,34271.71
OI00001877-2,ORD00001877,PROD00165,2,17905.46,3581.09,32229.83
OI00001877-3,ORD00001877,PROD00158,1,4832.45,0.0,4832.45
OI00001877-4,ORD00001877,PROD00046,3,20054.13,9024.36,51138.03
OI00001877-5,ORD00001877,PROD00256,1,15892.74,0.0,15892.74
OI00001878-1,ORD00001878,PROD00211,3,2911.33,1310.1,7423.89
OI00001879-1,ORD00001879,PROD00166,3,5219.63,782.94,14875.95
OI00001879-2,ORD00001879,PROD00084,1,6169.9,0.0,6169.9
OI00001879-3,ORD00001879,PROD00064,2,2094.58,0.0,4189.16
OI00001880-1,ORD00001880,PROD00146,1,8249.05,412.45,7836.6
OI00001880-2,ORD00001880,PROD00043,4,20878.59,0.0,83514.36
OI00001880-3,ORD00001880,PROD00342,3,296.09,0.0,888.27
OI00001880-4,ORD00001880,PROD00142,4,1480.08,296.02,5624.3
OI00001880-5,ORD00001880,PROD00032,3,7626.11,0.0,22878.33
OI00001881-1,ORD00001881,PROD00293,1,9456.41,0.0,9456.41
OI00001881-2,ORD00001881,PROD00227,3,1146.28,0.0,3438.84
OI00001882-1,ORD00001882,PROD00091,1,3604.39,0.0,3604.39
OI00001883-1,ORD00001883,PROD00197,1,14707.92,1470.79,13237.13
OI00001884-1,ORD00001884,PROD00139,1,1559.26,0.0,1559.26
OI00001884-2,ORD00001884,PROD00112,2,17029.83,1702.98,32356.68
OI00001884-3,ORD00001884,PROD00201,3,17522.9,7885.31,44683.39
OI00001885-1,ORD00001885,PROD00035,3,14071.44,2110.72,40103.6
OI00001885-2,ORD00001885,PROD00164,1,12489.77,624.49,11865.28
OI00001885-3,ORD00001885,PROD00332,1,966.51,144.98,821.53
OI00001885-4,ORD00001885,PROD00192,4,5187.01,2074.8,18673.24
OI00001885-5,ORD00001885,PROD00088,1,13567.39,2035.11,11532.28
OI00001886-1,ORD00001886,PROD00300,1,20412.89,3061.93,17350.96
OI00001887-1,ORD00001887,PROD00139,1,1559.26,0.0,1559.26
OI00001887-2,ORD00001887,PROD00057,3,634.37,0.0,1903.11
OI00001887-3,ORD00001887,PROD00044,2,6687.09,1337.42,12036.76
OI00001887-4,ORD00001887,PROD00186,4,8185.68,3274.27,29468.45
OI00001887-5,ORD00001887,PROD00298,2,19293.46,3858.69,34728.23
OI00001888-1,ORD00001888,PROD00062,2,17873.06,5361.92,30384.2
OI00001889-1,ORD00001889,PROD00027,3,12715.52,5721.98,32424.58
OI00001889-2,ORD00001889,PROD00158,4,4832.45,1932.98,17396.82
OI00001890-1,ORD00001890,PROD00038,2,19552.23,1955.22,37149.24
OI00001890-2,ORD00001890,PROD00096,1,7650.09,0.0,7650.09
OI00001890-3,ORD00001890,PROD00339,4,696.45,139.29,2646.51
OI00001890-4,ORD00001890,PROD00343,3,19579.2,5873.76,52863.84
OI00001890-5,ORD00001890,PROD00053,4,17522.36,0.0,70089.44
OI00001891-1,ORD00001891,PROD00287,1,4242.92,0.0,4242.92
OI00001892-1,ORD00001892,PROD00112,1,17029.83,0.0,17029.83
OI00001892-2,ORD00001892,PROD00207,2,1959.51,0.0,3919.02
OI00001893-1,ORD00001893,PROD00065,2,11181.79,3354.54,19009.04
OI00001894-1,ORD00001894,PROD00323,2,10163.0,0.0,20326.0
OI00001895-1,ORD00001895,PROD00082,2,23934.46,4786.89,43082.03
OI00001895-2,ORD00001895,PROD00218,4,9795.93,0.0,39183.72
OI00001895-3,ORD00001895,PROD00230,4,8334.56,1666.91,31671.33
OI00001896-1,ORD00001896,PROD00334,4,1905.27,1143.16,6477.92
OI00001896-2,ORD00001896,PROD00219,4,19321.62,3864.32,73422.16
OI00001897-1,ORD00001897,PROD00039,1,12707.28,635.36,12071.92
OI00001897-2,ORD00001897,PROD00333,3,15073.5,0.0,45220.5
OI00001898-1,ORD00001898,PROD00190,1,2376.38,0.0,2376.38
OI00001899-1,ORD00001899,PROD00177,3,19263.4,0.0,57790.2
OI00001899-2,ORD00001899,PROD00222,3,18114.09,0.0,54342.27
OI00001900-1,ORD00001900,PROD00092,4,5103.86,1020.77,19394.67
OI00001900-2,ORD00001900,PROD00120,3,21353.8,9609.21,54452.19
OI00001900-3,ORD00001900,PROD00095,2,13874.18,2774.84,24973.52
OI00001900-4,ORD00001900,PROD00337,1,17875.4,1787.54,16087.86
OI00001900-5,ORD00001900,PROD00087,2,21498.23,2149.82,40846.64
OI00001901-1,ORD00001901,PROD00011,4,13382.68,8029.61,45501.11
OI00001901-2,ORD00001901,PROD00021,3,21222.98,0.0,63668.94
OI00001901-3,ORD00001901,PROD00334,2,1905.27,0.0,3810.54
OI00001901-4,ORD00001901,PROD00234,2,18943.28,0.0,37886.56
OI00001901-5,ORD00001901,PROD00267,3,16380.3,4914.09,44226.81
OI00001902-1,ORD00001902,PROD00096,1,7650.09,1147.51,6502.58
OI00001902-2,ORD00001902,PROD00098,3,24035.74,0.0,72107.22
OI00001902-3,ORD00001902,PROD00160,4,21368.16,12820.9,72651.74
OI00001902-4,ORD00001902,PROD00030,3,7097.31,0.0,21291.93
OI00001902-5,ORD00001902,PROD00241,1,1662.19,83.11,1579.08
OI00001903-1,ORD00001903,PROD00290,3,19169.41,8626.23,48882.0
OI00001903-2,ORD00001903,PROD00296,4,3229.07,0.0,12916.28
OI00001903-3,ORD00001903,PROD00178,4,20555.44,4111.09,78110.67
OI00001904-1,ORD00001904,PROD00280,1,11325.36,0.0,11325.36
OI00001904-2,ORD00001904,PROD00297,3,1594.03,0.0,4782.09
OI00001905-1,ORD00001905,PROD00088,2,13567.39,0.0,27134.78
OI00001905-2,ORD00001905,PROD00299,3,2709.32,0.0,8127.96
OI00001905-3,ORD00001905,PROD00052,2,22735.31,0.0,45470.62
OI00001906-1,ORD00001906,PROD00212,2,11560.86,3468.26,19653.46
OI00001906-2,ORD00001906,PROD00182,1,5279.14,791.87,4487.27
OI00001906-3,ORD00001906,PROD00051,1,10511.67,1051.17,9460.5
OI00001906-4,ORD00001906,PROD00211,4,2911.33,0.0,11645.32
OI00001906-5,ORD00001906,PROD00176,1,24960.21,3744.03,21216.18
OI00001907-1,ORD00001907,PROD00006,3,8918.67,4013.4,22742.61
OI00001907-2,ORD00001907,PROD00016,3,21060.14,0.0,63180.42
OI00001907-3,ORD00001907,PROD00252,2,21548.3,2154.83,40941.77
OI00001907-4,ORD00001907,PROD00073,2,3596.39,0.0,7192.78
OI00001907-5,ORD00001907,PROD00134,2,11362.61,1136.26,21588.96
OI00001908-1,ORD00001908,PROD00111,1,11594.18,0.0,11594.18
OI00001908-2,ORD00001908,PROD00265,1,18730.82,936.54,17794.28
OI00001909-1,ORD00001909,PROD00072,1,7657.87,0.0,7657.87
OI00001909-2,ORD00001909,PROD00083,4,3051.07,1830.64,10373.64
OI00001909-3,ORD00001909,PROD00163,4,4227.47,0.0,16909.88
OI00001910-1,ORD00001910,PROD00123,1,4905.47,0.0,4905.47
OI00001910-2,ORD00001910,PROD00274,4,2466.2,0.0,9864.8
OI00001911-1,ORD00001911,PROD00133,1,10071.99,0.0,10071.99
OI00001911-2,ORD00001911,PROD00121,1,17020.33,1702.03,15318.3
OI00001911-3,ORD00001911,PROD00010,2,4667.93,1400.38,7935.48
OI00001911-4,ORD00001911,PROD00214,3,4472.05,1341.62,12074.53
OI00001911-5,ORD00001911,PROD00191,1,719.62,107.94,611.68
OI00001912-1,ORD00001912,PROD00039,3,12707.28,0.0,38121.84
OI00001912-2,ORD00001912,PROD00279,1,690.73,34.54,656.19
OI00001912-3,ORD00001912,PROD00024,2,13853.73,2770.75,24936.71
OI00001913-1,ORD00001913,PROD00273,4,16836.47,10101.88,57244.0
OI00001913-2,ORD00001913,PROD00324,2,1645.09,0.0,3290.18
OI00001913-3,ORD00001913,PROD00033,3,8958.24,2687.47,24187.25
OI00001913-4,ORD00001913,PROD00311,4,22435.59,0.0,89742.36
OI00001914-1,ORD00001914,PROD00341,4,22735.67,0.0,90942.68
OI00001914-2,ORD00001914,PROD00110,2,9699.44,0.0,19398.88
OI00001914-3,ORD00001914,PROD00157,2,21965.78,0.0,43931.56
OI00001915-1,ORD00001915,PROD00151,4,4900.37,0.0,19601.48
OI00001916-1,ORD00001916,PROD00173,3,19657.54,0.0,58972.62
OI00001916-2,ORD00001916,PROD00234,3,18943.28,0.0,56829.84
OI00001917-1,ORD00001917,PROD00183,4,14458.84,8675.3,49160.06
OI00001917-2,ORD00001917,PROD00238,2,16218.76,4865.63,27571.89
OI00001917-3,ORD00001917,PROD00044,4,6687.09,1337.42,25410.94
OI00001917-4,ORD00001917,PROD00040,4,3967.96,2380.78,13491.06
OI00001917-5,ORD00001917,PROD00284,4,10726.51,2145.3,40760.74
OI00001918-1,ORD00001918,PROD00257,4,18404.82,3680.96,69938.32
OI00001918-2,ORD00001918,PROD00337,1,17875.4,0.0,17875.4
OI00001919-1,ORD00001919,PROD00330,2,16495.98,0.0,32991.96
OI00001919-2,ORD00001919,PROD00143,4,8628.21,0.0,34512.84
OI00001919-3,ORD00001919,PROD00020,3,1320.51,0.0,3961.53
OI00001919-4,ORD00001919,PROD00060,3,7484.13,0.0,22452.39
OI00001920-1,ORD00001920,PROD00115,3,24607.38,0.0,73822.14
OI00001920-2,ORD00001920,PROD00276,1,9301.09,465.05,8836.04
OI00001920-3,ORD00001920,PROD00297,4,1594.03,0.0,6376.12
OI00001920-4,ORD00001920,PROD00347,1,11947.7,0.0,11947.7
OI00001921-1,ORD00001921,PROD00099,1,16343.82,1634.38,14709.44
OI00001921-2,ORD00001921,PROD00327,3,16333.38,0.0,49000.14
OI00001921-3,ORD00001921,PROD00339,4,696.45,417.87,2367.93
OI00001921-4,ORD00001921,PROD00072,1,7657.87,0.0,7657.87
OI00001921-5,ORD00001921,PROD00143,3,8628.21,2588.46,23296.17
OI00001922-1,ORD00001922,PROD00162,3,5270.48,0.0,15811.44
OI00001922-2,ORD00001922,PROD00211,2,2911.33,582.27,5240.39
OI00001922-3,ORD00001922,PROD00161,4,15755.01,3151.0,59869.04
OI00001922-4,ORD00001922,PROD00005,2,12790.76,0.0,25581.52
OI00001922-5,ORD00001922,PROD00240,1,15221.18,0.0,15221.18
OI00001923-1,ORD00001923,PROD00184,3,20269.51,9121.28,51687.25
OI00001923-2,ORD00001923,PROD00173,2,19657.54,5897.26,33417.82
OI00001923-3,ORD00001923,PROD00164,3,12489.77,0.0,37469.31
OI00001924-1,ORD00001924,PROD00240,2,15221.18,4566.35,25876.01
OI00001924-2,ORD00001924,PROD00070,1,23046.35,0.0,23046.35
OI00001924-3,ORD00001924,PROD00020,4,1320.51,0.0,5282.04
OI00001924-4,ORD00001924,PROD00348,1,16456.2,0.0,16456.2
OI00001925-1,ORD00001925,PROD00152,4,5018.12,0.0,20072.48
OI00001925-2,ORD00001925,PROD00228,3,24578.41,11060.28,62674.95
OI00001926-1,ORD00001926,PROD00160,4,21368.16,4273.63,81199.01
OI00001927-1,ORD00001927,PROD00077,4,19060.68,0.0,76242.72
OI00001927-2,ORD00001927,PROD00150,3,1889.59,283.44,5385.33
OI00001927-3,ORD00001927,PROD00031,3,5027.13,1508.14,13573.25
OI00001928-1,ORD00001928,PROD00061,4,8790.91,1758.18,33405.46
OI00001929-1,ORD00001929,PROD00147,3,5524.18,0.0,16572.54
OI00001930-1,ORD00001930,PROD00338,4,10521.18,4208.47,37876.25
OI00001930-2,ORD00001930,PROD00290,4,19169.41,11501.65,65175.99
OI00001930-3,ORD00001930,PROD00132,1,1691.47,0.0,1691.47
OI00001930-4,ORD00001930,PROD00328,1,24499.21,0.0,24499.21
OI00001931-1,ORD00001931,PROD00303,2,15795.37,0.0,31590.74
OI00001931-2,ORD00001931,PROD00207,2,1959.51,0.0,3919.02
OI00001931-3,ORD00001931,PROD00240,1,15221.18,0.0,15221.18
OI00001931-4,ORD00001931,PROD00271,1,21715.63,0.0,21715.63
OI00001931-5,ORD00001931,PROD00349,2,22965.12,0.0,45930.24
OI00001932-1,ORD00001932,PROD00136,3,14715.94,6622.17,37525.65
OI00001933-1,ORD00001933,PROD00238,3,16218.76,4865.63,43790.65
OI00001933-2,ORD00001933,PROD00042,4,3118.44,0.0,12473.76
OI00001934-1,ORD00001934,PROD00139,2,1559.26,467.78,2650.74
OI00001934-2,ORD00001934,PROD00080,3,16165.62,2424.84,46072.02
OI00001934-3,ORD00001934,PROD00350,4,17684.33,0.0,70737.32
OI00001934-4,ORD00001934,PROD00015,3,21482.35,0.0,64447.05
OI00001935-1,ORD00001935,PROD00106,1,16178.76,0.0,16178.76
OI00001935-2,ORD00001935,PROD00173,3,19657.54,0.0,58972.62
OI00001936-1,ORD00001936,PROD00006,4,8918.67,0.0,35674.68
OI00001936-2,ORD00001936,PROD00127,4,21020.66,12612.4,71470.24
OI00001936-3,ORD00001936,PROD00299,2,2709.32,0.0,5418.64
OI00001936-4,ORD00001936,PROD00017,3,19254.54,0.0,57763.62
OI00001937-1,ORD00001937,PROD00225,2,4381.86,1314.56,7449.16
OI00001937-2,ORD00001937,PROD00188,2,24505.29,4901.06,44109.52
OI00001937-3,ORD00001937,PROD00136,2,14715.94,0.0,29431.88
OI00001937-4,ORD00001937,PROD00218,1,9795.93,0.0,9795.93
OI00001938-1,ORD00001938,PROD00160,3,21368.16,9615.67,54488.81
OI00001938-2,ORD00001938,PROD00073,4,3596.39,2157.83,12227.73
OI00001938-3,ORD00001938,PROD00044,3,6687.09,0.0,20061.27
OI00001938-4,ORD00001938,PROD00162,2,5270.48,527.05,10013.91
OI00001938-5,ORD00001938,PROD00163,2,4227.47,422.75,8032.19
OI00001939-1,ORD00001939,PROD00314,3,8921.82,0.0,26765.46
OI00001939-2,ORD00001939,PROD00094,2,1683.18,0.0,3366.36
OI00001939-3,ORD00001939,PROD00100,3,14966.8,4490.04,40410.36
OI00001940-1,ORD00001940,PROD00343,3,19579.2,8810.64,49926.96
OI00001940-2,ORD00001940,PROD00088,1,13567.39,0.0,13567.39
OI00001941-1,ORD00001941,PROD00046,4,20054.13,0.0,80216.52
OI00001941-2,ORD00001941,PROD00185,3,17159.78,0.0,51479.34
OI00001941-3,ORD00001941,PROD00068,3,12144.87,0.0,36434.61
OI00001941-4,ORD00001941,PROD00144,4,4774.42,954.88,18142.8
OI00001941-5,ORD00001941,PROD00251,4,17885.84,0.0,71543.36
OI00001942-1,ORD00001942,PROD00126,1,12025.16,0.0,12025.16
OI00001942-2,ORD00001942,PROD00219,3,19321.62,0.0,57964.86
OI00001942-3,ORD00001942,PROD00025,4,12394.98,0.0,49579.92
OI00001942-4,ORD00001942,PROD00198,2,235.71,23.57,447.85
OI00001942-5,ORD00001942,PROD00153,4,8528.45,0.0,34113.8
OI00001943-1,ORD00001943,PROD00117,3,1680.75,756.34,4285.91
OI00001943-2,ORD00001943,PROD00149,4,5172.64,0.0,20690.56
OI00001943-3,ORD00001943,PROD00299,1,2709.32,0.0,2709.32
OI00001943-4,ORD00001943,PROD00063,1,20579.93,0.0,20579.93
OI00001943-5,ORD00001943,PROD00013,4,7604.86,0.0,30419.44
OI00001944-1,ORD00001944,PROD00048,4,2165.22,0.0,8660.88
OI00001945-1,ORD00001945,PROD00016,4,21060.14,8424.06,75816.5
OI00001945-2,ORD00001945,PROD00074,4,5428.76,0.0,21715.04
OI00001945-3,ORD00001945,PROD00185,1,17159.78,2573.97,14585.81
OI00001945-4,ORD00001945,PROD00245,3,7169.55,0.0,21508.65
OI00001946-1,ORD00001946,PROD00333,2,15073.5,4522.05,25624.95
OI00001947-1,ORD00001947,PROD00133,3,10071.99,0.0,30215.97
OI00001947-2,ORD00001947,PROD00236,3,23089.06,0.0,69267.18
OI00001947-3,ORD00001947,PROD00125,4,4153.82,0.0,16615.28
OI00001947-4,ORD00001947,PROD00256,3,15892.74,4767.82,42910.4
OI00001947-5,ORD00001947,PROD00213,3,11796.15,0.0,35388.45
OI00001948-1,ORD00001948,PROD00089,4,7704.52,4622.71,26195.37
OI00001949-1,ORD00001949,PROD00225,1,4381.86,438.19,3943.67
OI00001949-2,ORD00001949,PROD00118,2,22031.03,0.0,44062.06
OI00001950-1,ORD00001950,PROD00202,2,10405.57,1040.56,19770.58
OI00001950-2,ORD00001950,PROD00199,1,13170.12,658.51,12511.61
OI00001951-1,ORD00001951,PROD00200,3,18445.4,8300.43,47035.77
OI00001951-2,ORD00001951,PROD00188,1,24505.29,0.0,24505.29
OI00001951-3,ORD00001951,PROD00084,4,6169.9,0.0,24679.6
OI00001952-1,ORD00001952,PROD00068,2,12144.87,0.0,24289.74
OI00001952-2,ORD00001952,PROD00245,3,7169.55,3226.3,18282.35
OI00001953-1,ORD00001953,PROD00227,4,1146.28,229.26,4355.86
OI00001953-2,ORD00001953,PROD00247,3,10596.3,0.0,31788.9
OI00001954-1,ORD00001954,PROD00328,4,24499.21,0.0,97996.84
OI00001954-2,ORD00001954,PROD00069,4,17377.04,6950.82,62557.34
OI00001955-1,ORD00001955,PROD00062,1,17873.06,0.0,17873.06
OI00001955-2,ORD00001955,PROD00071,4,9271.17,0.0,37084.68
OI00001955-3,ORD00001955,PROD00251,4,17885.84,0.0,71543.36
OI00001956-1,ORD00001956,PROD00198,4,235.71,0.0,942.84
OI00001956-2,ORD00001956,PROD00111,4,11594.18,0.0,46376.72
OI00001956-3,ORD00001956,PROD00185,3,17159.78,2573.97,48905.37
OI00001956-4,ORD00001956,PROD00128,1,20549.76,0.0,20549.76
OI00001956-5,ORD00001956,PROD00183,2,14458.84,0.0,28917.68
OI00001957-1,ORD00001957,PROD00341,3,22735.67,0.0,68207.01
OI00001958-1,ORD00001958,PROD00054,2,17451.9,3490.38,31413.42
OI00001958-2,ORD00001958,PROD00244,2,18055.76,0.0,36111.52
OI00001959-1,ORD00001959,PROD00233,3,579.27,173.78,1564.03
OI00001959-2,ORD00001959,PROD00328,1,24499.21,2449.92,22049.29
OI00001960-1,ORD00001960,PROD00242,2,23459.95,0.0,46919.9
OI00001961-1,ORD00001961,PROD00268,3,17615.98,0.0,52847.94
OI00001962-1,ORD00001962,PROD00068,2,12144.87,0.0,24289.74
OI00001963-1,ORD00001963,PROD00236,3,23089.06,3463.36,65803.82
OI00001964-1,ORD00001964,PROD00270,1,6520.83,326.04,6194.79
OI00001964-2,ORD00001964,PROD00002,3,11732.07,0.0,35196.21
OI00001964-3,ORD00001964,PROD00239,3,6094.11,0.0,18282.33
OI00001964-4,ORD00001964,PROD00087,3,21498.23,0.0,64494.69
OI00001964-5,ORD00001964,PROD00114,1,7054.87,0.0,7054.87
OI00001965-1,ORD00001965,PROD00167,3,7684.68,3458.11,19595.93
OI00001965-2,ORD00001965,PROD00278,3,20166.44,0.0,60499.32
OI00001965-3,ORD00001965,PROD00301,3,15056.56,4516.97,40652.71
OI00001965-4,ORD00001965,PROD00050,3,22567.65,0.0,67702.95
OI00001966-1,ORD00001966,PROD00212,3,11560.86,5202.39,29480.19
OI00001966-2,ORD00001966,PROD00202,2,10405.57,1040.56,19770.58
OI00001966-3,ORD00001966,PROD00092,4,5103.86,0.0,20415.44
OI00001966-4,ORD00001966,PROD00054,1,17451.9,0.0,17451.9
OI00001967-1,ORD00001967,PROD00340,3,17115.28,0.0,51345.84
OI00001967-2,ORD00001967,PROD00350,3,17684.33,2652.65,50400.34
OI00001967-3,ORD00001967,PROD00075,1,1735.74,86.79,1648.95
OI00001968-1,ORD00001968,PROD00294,3,20220.76,0.0,60662.28
OI00001968-2,ORD00001968,PROD00218,4,9795.93,1959.19,37224.53
OI00001969-1,ORD00001969,PROD00345,4,15206.3,6082.52,54742.68
OI00001969-2,ORD00001969,PROD00262,3,20752.25,6225.67,56031.08
OI00001969-3,ORD00001969,PROD00162,4,5270.48,0.0,21081.92
OI00001969-4,ORD00001969,PROD00318,1,21629.15,0.0,21629.15
OI00001969-5,ORD00001969,PROD00028,4,3322.41,1993.45,11296.19
OI00001970-1,ORD00001970,PROD00259,4,6394.49,2557.8,23020.16
OI00001971-1,ORD00001971,PROD00233,4,579.27,0.0,2317.08
OI00001971-2,ORD00001971,PROD00038,2,19552.23,0.0,39104.46
OI00001972-1,ORD00001972,PROD00347,2,11947.7,0.0,23895.4
OI00001972-2,ORD00001972,PROD00127,4,21020.66,8408.26,75674.38
OI00001972-3,ORD00001972,PROD00008,3,2128.1,319.22,6065.08
OI00001973-1,ORD00001973,PROD00200,3,18445.4,0.0,55336.2
OI00001973-2,ORD00001973,PROD00261,4,17666.44,0.0,70665.76
OI00001974-1,ORD00001974,PROD00113,2,20219.94,2021.99,38417.89
OI00001975-1,ORD00001975,PROD00248,2,544.29,0.0,1088.58
OI00001975-2,ORD00001975,PROD00080,2,16165.62,0.0,32331.24
OI00001975-3,ORD00001975,PROD00014,3,2236.5,335.48,6374.02
OI00001975-4,ORD00001975,PROD00338,3,10521.18,3156.35,28407.19
OI00001976-1,ORD00001976,PROD00175,4,18643.02,3728.6,70843.48
OI00001976-2,ORD00001976,PROD00011,1,13382.68,1338.27,12044.41
OI00001977-1,ORD00001977,PROD00209,1,1876.23,281.43,1594.8
OI00001977-2,ORD00001977,PROD00106,1,16178.76,0.0,16178.76
OI00001978-1,ORD00001978,PROD00065,3,11181.79,1677.27,31868.1
OI00001978-2,ORD00001978,PROD00275,3,23306.6,6991.98,62927.82
OI00001979-1,ORD00001979,PROD00219,1,19321.62,0.0,19321.62
OI00001980-1,ORD00001980,PROD00127,4,21020.66,0.0,84082.64
OI00001980-2,ORD00001980,PROD00027,3,12715.52,5721.98,32424.58
OI00001981-1,ORD00001981,PROD00101,4,14649.72,5859.89,52738.99
OI00001981-2,ORD00001981,PROD00225,1,4381.86,657.28,3724.58
OI00001981-3,ORD00001981,PROD00327,4,16333.38,0.0,65333.52
OI00001982-1,ORD00001982,PROD00245,4,7169.55,0.0,28678.2
OI00001982-2,ORD00001982,PROD00004,3,7422.27,0.0,22266.81
OI00001982-3,ORD00001982,PROD00192,4,5187.01,1037.4,19710.64
OI00001983-1,ORD00001983,PROD00035,3,14071.44,0.0,42214.32
OI00001983-2,ORD00001983,PROD00251,3,17885.84,0.0,53657.52
OI00001983-3,ORD00001983,PROD00322,1,14307.01,0.0,14307.01
OI00001984-1,ORD00001984,PROD00293,2,9456.41,0.0,18912.82
OI00001984-2,ORD00001984,PROD00325,2,24143.74,0.0,48287.48
OI00001984-3,ORD00001984,PROD00105,2,8573.66,1714.73,15432.59
OI00001985-1,ORD00001985,PROD00008,4,2128.1,1276.86,7235.54
OI00001986-1,ORD00001986,PROD00262,3,20752.25,0.0,62256.75
OI00001986-2,ORD00001986,PROD00215,4,16801.23,3360.25,63844.67
OI00001986-3,ORD00001986,PROD00037,3,17674.8,7953.66,45070.74
OI00001987-1,ORD00001987,PROD00162,4,5270.48,2108.19,18973.73
OI00001987-2,ORD00001987,PROD00302,2,7756.84,1551.37,13962.31
OI00001987-3,ORD00001987,PROD00044,1,6687.09,334.35,6352.74
OI00001988-1,ORD00001988,PROD00205,3,22069.77,3310.47,62898.84
OI00001988-2,ORD00001988,PROD00222,4,18114.09,3622.82,68833.54
OI00001988-3,ORD00001988,PROD00129,4,19114.26,3822.85,72634.19
OI00001988-4,ORD00001988,PROD00024,3,13853.73,0.0,41561.19
OI00001989-1,ORD00001989,PROD00165,2,17905.46,0.0,35810.92
OI00001989-2,ORD00001989,PROD00252,3,21548.3,0.0,64644.9
OI00001989-3,ORD00001989,PROD00148,4,15616.8,6246.72,56220.48
OI00001990-1,ORD00001990,PROD00073,2,3596.39,0.0,7192.78
OI00001990-2,ORD00001990,PROD00221,1,17014.99,2552.25,14462.74
OI00001990-3,ORD00001990,PROD00284,3,10726.51,4826.93,27352.6
OI00001991-1,ORD00001991,PROD00348,2,16456.2,4936.86,27975.54
OI00001991-2,ORD00001991,PROD00270,4,6520.83,3912.5,22170.82
OI00001991-3,ORD00001991,PROD00142,1,1480.08,0.0,1480.08
OI00001991-4,ORD00001991,PROD00195,4,9755.37,0.0,39021.48
OI00001992-1,ORD00001992,PROD00084,1,6169.9,0.0,6169.9
OI00001992-2,ORD00001992,PROD00127,1,21020.66,0.0,21020.66
OI00001993-1,ORD00001993,PROD00041,1,18327.17,0.0,18327.17
OI00001994-1,ORD00001994,PROD00273,3,16836.47,0.0,50509.41
OI00001994-2,ORD00001994,PROD00268,4,17615.98,0.0,70463.92
OI00001994-3,ORD00001994,PROD00191,2,719.62,215.89,1223.35
OI00001994-4,ORD00001994,PROD00149,3,5172.64,0.0,15517.92
OI00001994-5,ORD00001994,PROD00292,4,21804.92,0.0,87219.68
OI00001995-1,ORD00001995,PROD00130,3,22922.02,3438.3,65327.76
OI00001995-2,ORD00001995,PROD00268,2,17615.98,0.0,35231.96
OI00001995-3,ORD00001995,PROD00038,4,19552.23,7820.89,70388.03
OI00001995-4,ORD00001995,PROD00280,2,11325.36,3397.61,19253.11
OI00001996-1,ORD00001996,PROD00218,4,9795.93,0.0,39183.72
OI00001996-2,ORD00001996,PROD00337,2,17875.4,3575.08,32175.72
OI00001996-3,ORD00001996,PROD00295,3,2274.03,1023.31,5798.78
OI00001996-4,ORD00001996,PROD00276,4,9301.09,5580.65,31623.71
OI00001997-1,ORD00001997,PROD00350,4,17684.33,0.0,70737.32
OI00001997-2,ORD00001997,PROD00063,1,20579.93,3086.99,17492.94
OI00001997-3,ORD00001997,PROD00222,2,18114.09,0.0,36228.18
OI00001998-1,ORD00001998,PROD00304,2,24529.51,2452.95,46606.07
OI00001998-2,ORD00001998,PROD00275,3,23306.6,0.0,69919.8
OI00001999-1,ORD00001999,PROD00098,4,24035.74,4807.15,91335.81
OI00001999-2,ORD00001999,PROD00290,1,19169.41,0.0,19169.41
OI00001999-3,ORD00001999,PROD00003,2,24605.45,7381.64,41829.26
OI00001999-4,ORD00001999,PROD00254,1,10249.25,1024.92,9224.33
OI00002000-1,ORD00002000,PROD00082,1,23934.46,0.0,23934.46
OI00002000-2,ORD00002000,PROD00064,3,2094.58,942.56,5341.18
OI00002000-3,ORD00002000,PROD00039,1,12707.28,1906.09,10801.19
OI00002000-4,ORD00002000,PROD00141,3,15103.07,6796.38,38512.83
OI00002001-1,ORD00002001,PROD00078,1,3767.12,0.0,3767.12
OI00002001-2,ORD00002001,PROD00201,3,17522.9,2628.44,49940.26
OI00002002-1,ORD00002002,PROD00019,2,539.71,0.0,1079.42
OI00002002-2,ORD00002002,PROD00097,2,19582.9,1958.29,37207.51
OI00002002-3,ORD00002002,PROD00066,3,21806.77,0.0,65420.31
OI00002003-1,ORD00002003,PROD00161,3,15755.01,4726.5,42538.53
OI00002003-2,ORD00002003,PROD00270,3,6520.83,0.0,19562.49
OI00002003-3,ORD00002003,PROD00345,3,15206.3,0.0,45618.9
OI00002003-4,ORD00002003,PROD00032,2,7626.11,0.0,15252.22
OI00002004-1,ORD00002004,PROD00189,1,4749.05,712.36,4036.69
OI00002004-2,ORD00002004,PROD00308,2,9807.02,2942.11,16671.93
OI00002004-3,ORD00002004,PROD00127,2,21020.66,4204.13,37837.19
OI00002005-1,ORD00002005,PROD00155,2,16388.99,0.0,32777.98
OI00002006-1,ORD00002006,PROD00090,2,4577.37,1373.21,7781.53
OI00002006-2,ORD00002006,PROD00169,2,5792.93,0.0,11585.86
OI00002006-3,ORD00002006,PROD00251,4,17885.84,10731.5,60811.86
OI00002006-4,ORD00002006,PROD00330,2,16495.98,1649.6,31342.36
OI00002006-5,ORD00002006,PROD00224,3,23476.13,0.0,70428.39
OI00002007-1,ORD00002007,PROD00183,4,14458.84,0.0,57835.36
OI00002007-2,ORD00002007,PROD00173,3,19657.54,0.0,58972.62
OI00002007-3,ORD00002007,PROD00286,1,3240.14,0.0,3240.14
OI00002007-4,ORD00002007,PROD00240,1,15221.18,0.0,15221.18
OI00002008-1,ORD00002008,PROD00298,2,19293.46,3858.69,34728.23
OI00002008-2,ORD00002008,PROD00066,3,21806.77,0.0,65420.31
OI00002009-1,ORD00002009,PROD00107,3,10358.42,0.0,31075.26
OI00002010-1,ORD00002010,PROD00314,3,8921.82,2676.55,24088.91
OI00002010-2,ORD00002010,PROD00093,3,23736.46,3560.47,67648.91
OI00002010-3,ORD00002010,PROD00243,2,5945.94,0.0,11891.88
OI00002010-4,ORD00002010,PROD00290,1,19169.41,0.0,19169.41
OI00002010-5,ORD00002010,PROD00309,1,2478.12,0.0,2478.12
OI00002011-1,ORD00002011,PROD00307,2,13721.18,2744.24,24698.12
OI00002011-2,ORD00002011,PROD00186,3,8185.68,1227.85,23329.19
OI00002011-3,ORD00002011,PROD00342,1,296.09,0.0,296.09
OI00002012-1,ORD00002012,PROD00091,1,3604.39,540.66,3063.73
OI00002012-2,ORD00002012,PROD00201,3,17522.9,5256.87,47311.83
OI00002013-1,ORD00002013,PROD00202,3,10405.57,0.0,31216.71
OI00002013-2,ORD00002013,PROD00201,3,17522.9,0.0,52568.7
OI00002014-1,ORD00002014,PROD00302,1,7756.84,0.0,7756.84
OI00002014-2,ORD00002014,PROD00076,2,22512.17,6753.65,38270.69
OI00002014-3,ORD00002014,PROD00004,1,7422.27,371.11,7051.16
OI00002014-4,ORD00002014,PROD00323,2,10163.0,0.0,20326.0
OI00002015-1,ORD00002015,PROD00261,1,17666.44,2649.97,15016.47
OI00002015-2,ORD00002015,PROD00260,4,2962.43,1184.97,10664.75
OI00002015-3,ORD00002015,PROD00164,4,12489.77,0.0,49959.08
OI00002015-4,ORD00002015,PROD00029,2,19909.52,0.0,39819.04
OI00002016-1,ORD00002016,PROD00023,1,5836.05,875.41,4960.64
OI00002016-2,ORD00002016,PROD00217,2,11079.35,3323.8,18834.9
OI00002016-3,ORD00002016,PROD00072,3,7657.87,2297.36,20676.25
OI00002016-4,ORD00002016,PROD00218,4,9795.93,1959.19,37224.53
OI00002016-5,ORD00002016,PROD00170,3,11306.22,1695.93,32222.73
OI00002017-1,ORD00002017,PROD00237,1,6989.25,0.0,6989.25
OI00002017-2,ORD00002017,PROD00149,3,5172.64,775.9,14742.02
OI00002017-3,ORD00002017,PROD00327,2,16333.38,0.0,32666.76
OI00002018-1,ORD00002018,PROD00271,3,21715.63,0.0,65146.89
OI00002018-2,ORD00002018,PROD00172,3,9009.37,4054.22,22973.89
OI00002018-3,ORD00002018,PROD00211,2,2911.33,0.0,5822.66
OI00002018-4,ORD00002018,PROD00062,4,17873.06,0.0,71492.24
OI00002019-1,ORD00002019,PROD00188,1,24505.29,3675.79,20829.5
OI00002019-2,ORD00002019,PROD00256,4,15892.74,6357.1,57213.86
OI00002019-3,ORD00002019,PROD00346,4,8662.06,0.0,34648.24
OI00002019-4,ORD00002019,PROD00290,3,19169.41,5750.82,51757.41
OI00002019-5,ORD00002019,PROD00210,3,18661.64,2799.25,53185.67
OI00002020-1,ORD00002020,PROD00079,2,9711.52,1942.3,17480.74
OI00002020-2,ORD00002020,PROD00203,3,9647.39,2894.22,26047.95
OI00002020-3,ORD00002020,PROD00132,2,1691.47,0.0,3382.94
OI00002021-1,ORD00002021,PROD00174,3,13673.35,2051.0,38969.05
OI00002021-2,ORD00002021,PROD00301,3,15056.56,6775.45,38394.23
OI00002021-3,ORD00002021,PROD00102,4,7550.93,4530.56,25673.16
OI00002022-1,ORD00002022,PROD00036,3,19263.87,0.0,57791.61
OI00002022-2,ORD00002022,PROD00220,3,5039.64,0.0,15118.92
OI00002022-3,ORD00002022,PROD00030,2,7097.31,1419.46,12775.16
OI00002023-1,ORD00002023,PROD00080,2,16165.62,3233.12,29098.12
OI00002023-2,ORD00002023,PROD00287,2,4242.92,0.0,8485.84
OI00002023-3,ORD00002023,PROD00009,2,15614.07,0.0,31228.14
OI00002023-4,ORD00002023,PROD00327,2,16333.38,0.0,32666.76
OI00002024-1,ORD00002024,PROD00045,3,3832.7,1149.81,10348.29
OI00002025-1,ORD00002025,PROD00347,3,11947.7,0.0,35843.1
OI00002025-2,ORD00002025,PROD00309,1,2478.12,247.81,2230.31
OI00002025-3,ORD00002025,PROD00240,2,15221.18,4566.35,25876.01
OI00002025-4,ORD00002025,PROD00337,3,17875.4,2681.31,50944.89
OI00002026-1,ORD00002026,PROD00259,2,6394.49,0.0,12788.98
OI00002026-2,ORD00002026,PROD00156,4,6041.74,1208.35,22958.61
OI00002026-3,ORD00002026,PROD00201,4,17522.9,7009.16,63082.44
OI00002026-4,ORD00002026,PROD00159,2,24425.69,2442.57,46408.81
OI00002027-1,ORD00002027,PROD00350,3,17684.33,7957.95,45095.04
OI00002027-2,ORD00002027,PROD00009,3,15614.07,0.0,46842.21
OI00002028-1,ORD00002028,PROD00245,2,7169.55,716.96,13622.14
OI00002028-2,ORD00002028,PROD00195,2,9755.37,0.0,19510.74
OI00002028-3,ORD00002028,PROD00074,3,5428.76,814.31,15471.97
OI00002028-4,ORD00002028,PROD00082,4,23934.46,0.0,95737.84
OI00002028-5,ORD00002028,PROD00324,3,1645.09,740.29,4194.98
OI00002029-1,ORD00002029,PROD00240,2,15221.18,0.0,30442.36
OI00002029-2,ORD00002029,PROD00345,2,15206.3,0.0,30412.6
OI00002029-3,ORD00002029,PROD00327,3,16333.38,2450.01,46550.13
OI00002030-1,ORD00002030,PROD00307,4,13721.18,0.0,54884.72
OI00002030-2,ORD00002030,PROD00280,1,11325.36,566.27,10759.09
OI00002030-3,ORD00002030,PROD00263,4,14672.69,0.0,58690.76
OI00002031-1,ORD00002031,PROD00087,3,21498.23,0.0,64494.69
OI00002031-2,ORD00002031,PROD00310,3,11465.44,0.0,34396.32
OI00002031-3,ORD00002031,PROD00126,3,12025.16,0.0,36075.48
OI00002031-4,ORD00002031,PROD00267,4,16380.3,6552.12,58969.08
OI00002031-5,ORD00002031,PROD00166,4,5219.63,0.0,20878.52
OI00002032-1,ORD00002032,PROD00117,2,1680.75,0.0,3361.5
OI00002032-2,ORD00002032,PROD00279,2,690.73,138.15,1243.31
OI00002032-3,ORD00002032,PROD00015,1,21482.35,1074.12,20408.23
OI00002032-4,ORD00002032,PROD00297,2,1594.03,0.0,3188.06
OI00002032-5,ORD00002032,PROD00241,4,1662.19,664.88,5983.88
OI00002033-1,ORD00002033,PROD00127,1,21020.66,0.0,21020.66
OI00002033-2,ORD00002033,PROD00345,2,15206.3,0.0,30412.6
OI00002033-3,ORD00002033,PROD00015,1,21482.35,1074.12,20408.23
OI00002033-4,ORD00002033,PROD00111,1,11594.18,1159.42,10434.76
OI00002033-5,ORD00002033,PROD00188,2,24505.29,0.0,49010.58
OI00002034-1,ORD00002034,PROD00111,1,11594.18,0.0,11594.18
OI00002034-2,ORD00002034,PROD00125,4,4153.82,2492.29,14122.99
OI00002035-1,ORD00002035,PROD00041,2,18327.17,1832.72,34821.62
OI00002035-2,ORD00002035,PROD00024,2,13853.73,0.0,27707.46
OI00002036-1,ORD00002036,PROD00094,3,1683.18,504.95,4544.59
OI00002037-1,ORD00002037,PROD00205,1,22069.77,0.0,22069.77
OI00002037-2,ORD00002037,PROD00003,1,24605.45,3690.82,20914.63
OI00002037-3,ORD00002037,PROD00298,1,19293.46,964.67,18328.79
OI00002038-1,ORD00002038,PROD00272,2,6955.22,0.0,13910.44
OI00002038-2,ORD00002038,PROD00112,4,17029.83,0.0,68119.32
OI00002038-3,ORD00002038,PROD00191,1,719.62,0.0,719.62
OI00002039-1,ORD00002039,PROD00239,1,6094.11,914.12,5179.99
OI00002040-1,ORD00002040,PROD00096,1,7650.09,0.0,7650.09
OI00002040-2,ORD00002040,PROD00028,1,3322.41,332.24,2990.17
OI00002040-3,ORD00002040,PROD00122,1,1221.77,122.18,1099.59
OI00002040-4,ORD00002040,PROD00104,3,15897.49,7153.87,40538.6
OI00002040-5,ORD00002040,PROD00291,1,16653.64,0.0,16653.64
OI00002041-1,ORD00002041,PROD00013,3,7604.86,2281.46,20533.12
OI00002042-1,ORD00002042,PROD00350,3,17684.33,0.0,53052.99
OI00002042-2,ORD00002042,PROD00231,4,1734.46,0.0,6937.84
OI00002043-1,ORD00002043,PROD00051,4,10511.67,2102.33,39944.35
OI00002044-1,ORD00002044,PROD00086,4,21556.26,4311.25,81913.79
OI00002044-2,ORD00002044,PROD00348,1,16456.2,0.0,16456.2
OI00002045-1,ORD00002045,PROD00240,4,15221.18,9132.71,51752.01
OI00002045-2,ORD00002045,PROD00070,1,23046.35,0.0,23046.35
OI00002045-3,ORD00002045,PROD00164,1,12489.77,0.0,12489.77
OI00002045-4,ORD00002045,PROD00097,4,19582.9,0.0,78331.6
OI00002046-1,ORD00002046,PROD00088,1,13567.39,1356.74,12210.65
OI00002046-2,ORD00002046,PROD00294,3,20220.76,0.0,60662.28
OI00002047-1,ORD00002047,PROD00345,1,15206.3,0.0,15206.3
OI00002047-2,ORD00002047,PROD00102,1,7550.93,755.09,6795.84
OI00002047-3,ORD00002047,PROD00268,3,17615.98,0.0,52847.94
OI00002048-1,ORD00002048,PROD00002,3,11732.07,3519.62,31676.59
OI00002048-2,ORD00002048,PROD00164,2,12489.77,2497.95,22481.59
OI00002048-3,ORD00002048,PROD00150,4,1889.59,377.92,7180.44
OI00002049-1,ORD00002049,PROD00232,4,12800.1,0.0,51200.4
OI00002049-2,ORD00002049,PROD00004,2,7422.27,0.0,14844.54
OI00002049-3,ORD00002049,PROD00334,4,1905.27,381.05,7240.03
OI00002049-4,ORD00002049,PROD00140,3,14612.46,0.0,43837.38
OI00002050-1,ORD00002050,PROD00044,4,6687.09,0.0,26748.36
OI00002051-1,ORD00002051,PROD00125,2,4153.82,830.76,7476.88
OI00002051-2,ORD00002051,PROD00096,1,7650.09,0.0,7650.09
OI00002051-3,ORD00002051,PROD00281,2,16522.7,0.0,33045.4
OI00002051-4,ORD00002051,PROD00006,3,8918.67,0.0,26756.01
OI00002052-1,ORD00002052,PROD00101,4,14649.72,5859.89,52738.99
OI00002052-2,ORD00002052,PROD00016,1,21060.14,2106.01,18954.13
OI00002052-3,ORD00002052,PROD00306,1,18198.52,0.0,18198.52
OI00002052-4,ORD00002052,PROD00016,2,21060.14,0.0,42120.28
OI00002053-1,ORD00002053,PROD00327,3,16333.38,2450.01,46550.13
OI00002053-2,ORD00002053,PROD00040,1,3967.96,198.4,3769.56
OI00002053-3,ORD00002053,PROD00026,4,4075.27,0.0,16301.08
OI00002053-4,ORD00002053,PROD00277,3,16643.7,2496.56,47434.54
OI00002054-1,ORD00002054,PROD00323,1,10163.0,0.0,10163.0
OI00002054-2,ORD00002054,PROD00131,1,1596.96,79.85,1517.11
OI00002055-1,ORD00002055,PROD00127,1,21020.66,2102.07,18918.59
OI00002056-1,ORD00002056,PROD00209,4,1876.23,1125.74,6379.18
OI00002056-2,ORD00002056,PROD00206,4,22722.97,4544.59,86347.29
OI00002056-3,ORD00002056,PROD00214,1,4472.05,447.21,4024.84
OI00002057-1,ORD00002057,PROD00050,4,22567.65,0.0,90270.6
OI00002058-1,ORD00002058,PROD00039,4,12707.28,2541.46,48287.66
OI00002058-2,ORD00002058,PROD00021,2,21222.98,0.0,42445.96
OI00002058-3,ORD00002058,PROD00341,2,22735.67,4547.13,40924.21
OI00002059-1,ORD00002059,PROD00084,4,6169.9,1233.98,23445.62
OI00002059-2,ORD00002059,PROD00337,2,17875.4,0.0,35750.8
OI00002059-3,ORD00002059,PROD00098,2,24035.74,0.0,48071.48
OI00002059-4,ORD00002059,PROD00317,3,16337.28,7351.78,41660.06
OI00002059-5,ORD00002059,PROD00302,2,7756.84,1551.37,13962.31
OI00002060-1,ORD00002060,PROD00090,4,4577.37,0.0,18309.48
OI00002060-2,ORD00002060,PROD00318,2,21629.15,0.0,43258.3
OI00002060-3,ORD00002060,PROD00322,3,14307.01,6438.15,36482.88
OI00002060-4,ORD00002060,PROD00242,1,23459.95,0.0,23459.95
OI00002061-1,ORD00002061,PROD00101,3,14649.72,2197.46,41751.7
OI00002061-2,ORD00002061,PROD00147,3,5524.18,0.0,16572.54
OI00002061-3,ORD00002061,PROD00070,4,23046.35,0.0,92185.4
OI00002061-4,ORD00002061,PROD00300,2,20412.89,0.0,40825.78
OI00002062-1,ORD00002062,PROD00284,4,10726.51,6435.91,36470.13
OI00002062-2,ORD00002062,PROD00233,4,579.27,0.0,2317.08
OI00002062-3,ORD00002062,PROD00080,4,16165.62,0.0,64662.48
OI00002062-4,ORD00002062,PROD00171,2,6861.84,0.0,13723.68
OI00002062-5,ORD00002062,PROD00160,1,21368.16,1068.41,20299.75
OI00002063-1,ORD00002063,PROD00139,1,1559.26,0.0,1559.26
OI00002063-2,ORD00002063,PROD00135,2,8523.43,0.0,17046.86
OI00002064-1,ORD00002064,PROD00091,4,3604.39,0.0,14417.56
OI00002064-2,ORD00002064,PROD00206,2,22722.97,4544.59,40901.35
OI00002064-3,ORD00002064,PROD00285,4,7381.88,0.0,29527.52
OI00002065-1,ORD00002065,PROD00137,3,22614.03,0.0,67842.09
OI00002065-2,ORD00002065,PROD00061,3,8790.91,0.0,26372.73
OI00002065-3,ORD00002065,PROD00139,3,1559.26,0.0,4677.78
OI00002066-1,ORD00002066,PROD00136,3,14715.94,4414.78,39733.04
OI00002066-2,ORD00002066,PROD00171,4,6861.84,4117.1,23330.26
OI00002066-3,ORD00002066,PROD00148,2,15616.8,0.0,31233.6
OI00002066-4,ORD00002066,PROD00324,3,1645.09,0.0,4935.27
OI00002066-5,ORD00002066,PROD00321,3,19868.88,2980.33,56626.31
OI00002067-1,ORD00002067,PROD00063,4,20579.93,0.0,82319.72
OI00002068-1,ORD00002068,PROD00306,4,18198.52,0.0,72794.08
OI00002068-2,ORD00002068,PROD00130,4,22922.02,13753.21,77934.87
OI00002068-3,ORD00002068,PROD00105,3,8573.66,0.0,25720.98
OI00002068-4,ORD00002068,PROD00334,4,1905.27,0.0,7621.08
OI00002068-5,ORD00002068,PROD00331,1,15173.99,0.0,15173.99
OI00002069-1,ORD00002069,PROD00134,3,11362.61,5113.17,28974.66
OI00002070-1,ORD00002070,PROD00121,1,17020.33,0.0,17020.33
OI00002070-2,ORD00002070,PROD00239,2,6094.11,0.0,12188.22
OI00002071-1,ORD00002071,PROD00072,3,7657.87,1148.68,21824.93
OI00002072-1,ORD00002072,PROD00087,3,21498.23,0.0,64494.69
OI00002072-2,ORD00002072,PROD00025,1,12394.98,0.0,12394.98
OI00002072-3,ORD00002072,PROD00324,4,1645.09,0.0,6580.36
OI00002072-4,ORD00002072,PROD00218,4,9795.93,5877.56,33306.16
OI00002073-1,ORD00002073,PROD00321,4,19868.88,0.0,79475.52
OI00002073-2,ORD00002073,PROD00229,3,6335.91,1900.77,17106.96
OI00002073-3,ORD00002073,PROD00053,2,17522.36,0.0,35044.72
OI00002073-4,ORD00002073,PROD00266,4,20418.91,8167.56,73508.08
OI00002073-5,ORD00002073,PROD00322,1,14307.01,715.35,13591.66
OI00002074-1,ORD00002074,PROD00225,1,4381.86,0.0,4381.86
OI00002074-2,ORD00002074,PROD00298,1,19293.46,0.0,19293.46
OI00002074-3,ORD00002074,PROD00056,2,5382.68,0.0,10765.36
OI00002075-1,ORD00002075,PROD00131,1,1596.96,0.0,1596.96
OI00002076-1,ORD00002076,PROD00117,2,1680.75,0.0,3361.5
OI00002076-2,ORD00002076,PROD00089,1,7704.52,770.45,6934.07
OI00002076-3,ORD00002076,PROD00201,1,17522.9,0.0,17522.9
OI00002076-4,ORD00002076,PROD00316,3,3014.12,0.0,9042.36
OI00002076-5,ORD00002076,PROD00191,1,719.62,35.98,683.64
OI00002077-1,ORD00002077,PROD00259,3,6394.49,0.0,19183.47
OI00002077-2,ORD00002077,PROD00017,1,19254.54,2888.18,16366.36
OI00002077-3,ORD00002077,PROD00035,3,14071.44,0.0,42214.32
OI00002077-4,ORD00002077,PROD00143,3,8628.21,0.0,25884.63
OI00002078-1,ORD00002078,PROD00087,2,21498.23,6449.47,36546.99
OI00002078-2,ORD00002078,PROD00274,4,2466.2,0.0,9864.8
OI00002078-3,ORD00002078,PROD00182,3,5279.14,0.0,15837.42
OI00002078-4,ORD00002078,PROD00266,3,20418.91,9188.51,52068.22
OI00002079-1,ORD00002079,PROD00110,4,9699.44,5819.66,32978.1
OI00002079-2,ORD00002079,PROD00312,2,9087.53,1817.51,16357.55
OI00002079-3,ORD00002079,PROD00118,1,22031.03,0.0,22031.03
OI00002079-4,ORD00002079,PROD00161,4,15755.01,3151.0,59869.04
OI00002080-1,ORD00002080,PROD00009,4,15614.07,0.0,62456.28
OI00002080-2,ORD00002080,PROD00321,1,19868.88,0.0,19868.88
OI00002080-3,ORD00002080,PROD00189,2,4749.05,949.81,8548.29
OI00002080-4,ORD00002080,PROD00140,1,14612.46,0.0,14612.46
OI00002081-1,ORD00002081,PROD00175,4,18643.02,11185.81,63386.27
OI00002081-2,ORD00002081,PROD00014,2,2236.5,447.3,4025.7
OI00002082-1,ORD00002082,PROD00215,2,16801.23,0.0,33602.46
OI00002082-2,ORD00002082,PROD00158,4,4832.45,966.49,18363.31
OI00002082-3,ORD00002082,PROD00009,4,15614.07,0.0,62456.28
OI00002082-4,ORD00002082,PROD00042,2,3118.44,0.0,6236.88
OI00002082-5,ORD00002082,PROD00030,1,7097.31,709.73,6387.58
OI00002083-1,ORD00002083,PROD00160,3,21368.16,0.0,64104.48
OI00002083-2,ORD00002083,PROD00270,1,6520.83,0.0,6520.83
OI00002083-3,ORD00002083,PROD00143,3,8628.21,2588.46,23296.17
OI00002083-4,ORD00002083,PROD00151,1,4900.37,490.04,4410.33
OI00002084-1,ORD00002084,PROD00081,3,14048.06,6321.63,35822.55
OI00002084-2,ORD00002084,PROD00126,4,12025.16,2405.03,45695.61
OI00002084-3,ORD00002084,PROD00303,3,15795.37,0.0,47386.11
OI00002085-1,ORD00002085,PROD00249,3,13843.66,4153.1,37377.88
OI00002085-2,ORD00002085,PROD00181,2,8549.46,0.0,17098.92
OI00002086-1,ORD00002086,PROD00149,4,5172.64,1034.53,19656.03
OI00002086-2,ORD00002086,PROD00304,1,24529.51,0.0,24529.51
OI00002086-3,ORD00002086,PROD00338,4,10521.18,0.0,42084.72
OI00002086-4,ORD00002086,PROD00087,2,21498.23,2149.82,40846.64
OI00002086-5,ORD00002086,PROD00302,2,7756.84,1551.37,13962.31
OI00002087-1,ORD00002087,PROD00204,4,17481.19,0.0,69924.76
OI00002087-2,ORD00002087,PROD00348,1,16456.2,0.0,16456.2
OI00002087-3,ORD00002087,PROD00031,2,5027.13,1508.14,8546.12
OI00002087-4,ORD00002087,PROD00265,3,18730.82,0.0,56192.46
OI00002087-5,ORD00002087,PROD00020,4,1320.51,0.0,5282.04
OI00002088-1,ORD00002088,PROD00066,3,21806.77,0.0,65420.31
OI00002089-1,ORD00002089,PROD00175,1,18643.02,2796.45,15846.57
OI00002089-2,ORD00002089,PROD00104,4,15897.49,3179.5,60410.46
OI00002089-3,ORD00002089,PROD00127,3,21020.66,0.0,63061.98
OI00002089-4,ORD00002089,PROD00315,3,14855.14,2228.27,42337.15
OI00002089-5,ORD00002089,PROD00037,3,17674.8,0.0,53024.4
OI00002090-1,ORD00002090,PROD00073,1,3596.39,179.82,3416.57
OI00002090-2,ORD00002090,PROD00126,2,12025.16,0.0,24050.32
OI00002090-3,ORD00002090,PROD00209,1,1876.23,0.0,1876.23
OI00002091-1,ORD00002091,PROD00267,2,16380.3,4914.09,27846.51
OI00002091-2,ORD00002091,PROD00196,3,10833.41,3250.02,29250.21
OI00002092-1,ORD00002092,PROD00034,4,20180.05,0.0,80720.2
OI00002092-2,ORD00002092,PROD00197,1,14707.92,0.0,14707.92
OI00002092-3,ORD00002092,PROD00104,2,15897.49,0.0,31794.98
OI00002092-4,ORD00002092,PROD00259,3,6394.49,0.0,19183.47
OI00002092-5,ORD00002092,PROD00145,1,21307.62,2130.76,19176.86
OI00002093-1,ORD00002093,PROD00347,1,11947.7,1792.15,10155.55
OI00002093-2,ORD00002093,PROD00310,2,11465.44,0.0,22930.88
OI00002094-1,ORD00002094,PROD00035,1,14071.44,1407.14,12664.3
OI00002094-2,ORD00002094,PROD00124,4,24453.49,4890.7,92923.26
OI00002095-1,ORD00002095,PROD00176,4,24960.21,4992.04,94848.8
OI00002095-2,ORD00002095,PROD00160,3,21368.16,0.0,64104.48
OI00002095-3,ORD00002095,PROD00153,3,8528.45,2558.54,23026.81
OI00002095-4,ORD00002095,PROD00030,2,7097.31,0.0,14194.62
OI00002096-1,ORD00002096,PROD00056,1,5382.68,0.0,5382.68
OI00002097-1,ORD00002097,PROD00026,2,4075.27,0.0,8150.54
OI00002097-2,ORD00002097,PROD00128,2,20549.76,6164.93,34934.59
OI00002098-1,ORD00002098,PROD00162,3,5270.48,2371.72,13439.72
OI00002098-2,ORD00002098,PROD00015,4,21482.35,0.0,85929.4
OI00002098-3,ORD00002098,PROD00074,4,5428.76,0.0,21715.04
OI00002098-4,ORD00002098,PROD00009,4,15614.07,0.0,62456.28
OI00002098-5,ORD00002098,PROD00217,1,11079.35,553.97,10525.38
OI00002099-1,ORD00002099,PROD00153,3,8528.45,2558.54,23026.81
OI00002100-1,ORD00002100,PROD00147,2,5524.18,1657.25,9391.11
OI00002100-2,ORD00002100,PROD00131,2,1596.96,159.7,3034.22
OI00002100-3,ORD00002100,PROD00297,4,1594.03,0.0,6376.12
OI00002100-4,ORD00002100,PROD00028,2,3322.41,664.48,5980.34
OI00002101-1,ORD00002101,PROD00087,3,21498.23,0.0,64494.69
OI00002101-2,ORD00002101,PROD00342,1,296.09,0.0,296.09
OI00002101-3,ORD00002101,PROD00118,3,22031.03,6609.31,59483.78
OI00002101-4,ORD00002101,PROD00318,2,21629.15,2162.92,41095.38
OI00002102-1,ORD00002102,PROD00136,1,14715.94,1471.59,13244.35
OI00002102-2,ORD00002102,PROD00343,3,19579.2,5873.76,52863.84
OI00002102-3,ORD00002102,PROD00184,1,20269.51,1013.48,19256.03
OI00002102-4,ORD00002102,PROD00348,3,16456.2,4936.86,44431.74
OI00002102-5,ORD00002102,PROD00299,1,2709.32,406.4,2302.92
OI00002103-1,ORD00002103,PROD00153,4,8528.45,0.0,34113.8
OI00002103-2,ORD00002103,PROD00165,2,17905.46,0.0,35810.92
OI00002103-3,ORD00002103,PROD00300,1,20412.89,0.0,20412.89
OI00002104-1,ORD00002104,PROD00270,4,6520.83,1304.17,24779.15
OI00002104-2,ORD00002104,PROD00276,3,9301.09,0.0,27903.27
OI00002105-1,ORD00002105,PROD00250,3,7116.48,0.0,21349.44
OI00002105-2,ORD00002105,PROD00064,3,2094.58,314.19,5969.55
OI00002105-3,ORD00002105,PROD00232,1,12800.1,1920.01,10880.09
OI00002105-4,ORD00002105,PROD00316,2,3014.12,301.41,5726.83
OI00002106-1,ORD00002106,PROD00015,1,21482.35,3222.35,18260.0
OI00002106-2,ORD00002106,PROD00159,1,24425.69,1221.28,23204.41
OI00002106-3,ORD00002106,PROD00248,1,544.29,81.64,462.65
OI00002106-4,ORD00002106,PROD00254,2,10249.25,0.0,20498.5
OI00002106-5,ORD00002106,PROD00217,1,11079.35,1661.9,9417.45
OI00002107-1,ORD00002107,PROD00007,4,18525.88,7410.35,66693.17
OI00002107-2,ORD00002107,PROD00317,2,16337.28,4901.18,27773.38
OI00002107-3,ORD00002107,PROD00045,4,3832.7,0.0,15330.8
OI00002108-1,ORD00002108,PROD00332,2,966.51,289.95,1643.07
OI00002108-2,ORD00002108,PROD00258,2,17451.91,0.0,34903.82
OI00002108-3,ORD00002108,PROD00288,4,6121.73,1224.35,23262.57
OI00002109-1,ORD00002109,PROD00201,1,17522.9,0.0,17522.9
OI00002109-2,ORD00002109,PROD00184,4,20269.51,0.0,81078.04
OI00002109-3,ORD00002109,PROD00167,3,7684.68,1152.7,21901.34
OI00002109-4,ORD00002109,PROD00347,4,11947.7,0.0,47790.8
OI00002110-1,ORD00002110,PROD00290,2,19169.41,1916.94,36421.88
OI00002111-1,ORD00002111,PROD00292,3,21804.92,0.0,65414.76
OI00002111-2,ORD00002111,PROD00062,4,17873.06,0.0,71492.24
OI00002111-3,ORD00002111,PROD00037,2,17674.8,0.0,35349.6
OI00002112-1,ORD00002112,PROD00191,1,719.62,71.96,647.66
OI00002112-2,ORD00002112,PROD00077,3,19060.68,2859.1,54322.94
OI00002112-3,ORD00002112,PROD00311,4,22435.59,0.0,89742.36
OI00002113-1,ORD00002113,PROD00291,4,16653.64,9992.18,56622.38
OI00002113-2,ORD00002113,PROD00160,4,21368.16,8547.26,76925.38
OI00002113-3,ORD00002113,PROD00249,3,13843.66,4153.1,37377.88
OI00002113-4,ORD00002113,PROD00247,4,10596.3,6357.78,36027.42
OI00002114-1,ORD00002114,PROD00178,2,20555.44,2055.54,39055.34
OI00002115-1,ORD00002115,PROD00093,3,23736.46,7120.94,64088.44
OI00002115-2,ORD00002115,PROD00041,4,18327.17,0.0,73308.68
OI00002116-1,ORD00002116,PROD00208,1,11300.85,0.0,11300.85
OI00002116-2,ORD00002116,PROD00250,4,7116.48,0.0,28465.92
OI00002116-3,ORD00002116,PROD00056,1,5382.68,538.27,4844.41
OI00002117-1,ORD00002117,PROD00269,3,14198.95,6389.53,36207.32
OI00002118-1,ORD00002118,PROD00089,2,7704.52,0.0,15409.04
OI00002118-2,ORD00002118,PROD00212,2,11560.86,0.0,23121.72
OI00002119-1,ORD00002119,PROD00233,3,579.27,86.89,1650.92
OI00002119-2,ORD00002119,PROD00318,3,21629.15,0.0,64887.45
OI00002119-3,ORD00002119,PROD00312,3,9087.53,0.0,27262.59
OI00002119-4,ORD00002119,PROD00001,3,23270.16,0.0,69810.48
OI00002120-1,ORD00002120,PROD00066,3,21806.77,6542.03,58878.28
OI00002120-2,ORD00002120,PROD00090,4,4577.37,0.0,18309.48
OI00002121-1,ORD00002121,PROD00175,4,18643.02,0.0,74572.08
OI00002121-2,ORD00002121,PROD00060,2,7484.13,0.0,14968.26
OI00002122-1,ORD00002122,PROD00072,1,7657.87,765.79,6892.08
OI00002122-2,ORD00002122,PROD00172,2,9009.37,2702.81,15315.93
OI00002122-3,ORD00002122,PROD00341,1,22735.67,3410.35,19325.32
OI00002122-4,ORD00002122,PROD00053,1,17522.36,2628.35,14894.01
OI00002123-1,ORD00002123,PROD00108,4,19693.27,3938.65,74834.43
OI00002124-1,ORD00002124,PROD00156,4,6041.74,0.0,24166.96
OI00002124-2,ORD00002124,PROD00260,1,2962.43,444.36,2518.07
OI00002124-3,ORD00002124,PROD00127,2,21020.66,2102.07,39939.25
OI00002124-4,ORD00002124,PROD00168,3,13786.27,0.0,41358.81
OI00002124-5,ORD00002124,PROD00006,2,8918.67,0.0,17837.34
OI00002125-1,ORD00002125,PROD00116,4,4303.4,0.0,17213.6
OI00002126-1,ORD00002126,PROD00129,3,19114.26,0.0,57342.78
OI00002126-2,ORD00002126,PROD00230,3,8334.56,1250.18,23753.5
OI00002127-1,ORD00002127,PROD00028,3,3322.41,498.36,9468.87
OI00002127-2,ORD00002127,PROD00257,4,18404.82,7361.93,66257.35
OI00002128-1,ORD00002128,PROD00169,2,5792.93,0.0,11585.86
OI00002128-2,ORD00002128,PROD00319,3,339.48,101.84,916.6
OI00002128-3,ORD00002128,PROD00310,1,11465.44,1146.54,10318.9
OI00002128-4,ORD00002128,PROD00183,2,14458.84,4337.65,24580.03
OI00002129-1,ORD00002129,PROD00038,3,19552.23,0.0,58656.69
OI00002130-1,ORD00002130,PROD00046,2,20054.13,2005.41,38102.85
OI00002130-2,ORD00002130,PROD00044,4,6687.09,0.0,26748.36
OI00002130-3,ORD00002130,PROD00226,4,11496.46,0.0,45985.84
OI00002130-4,ORD00002130,PROD00071,2,9271.17,0.0,18542.34
OI00002130-5,ORD00002130,PROD00199,1,13170.12,1317.01,11853.11
OI00002131-1,ORD00002131,PROD00289,3,10900.59,3270.18,29431.59
OI00002131-2,ORD00002131,PROD00135,3,8523.43,0.0,25570.29
OI00002132-1,ORD00002132,PROD00203,1,9647.39,1447.11,8200.28
OI00002132-2,ORD00002132,PROD00122,4,1221.77,0.0,4887.08
OI00002132-3,ORD00002132,PROD00321,3,19868.88,0.0,59606.64
OI00002132-4,ORD00002132,PROD00018,1,22565.26,3384.79,19180.47
OI00002133-1,ORD00002133,PROD00107,3,10358.42,3107.53,27967.73
OI00002133-2,ORD00002133,PROD00097,4,19582.9,0.0,78331.6
OI00002134-1,ORD00002134,PROD00213,4,11796.15,0.0,47184.6
OI00002135-1,ORD00002135,PROD00253,1,23510.11,1175.51,22334.6
OI00002135-2,ORD00002135,PROD00070,1,23046.35,3456.95,19589.4
OI00002135-3,ORD00002135,PROD00072,1,7657.87,0.0,7657.87
OI00002135-4,ORD00002135,PROD00325,2,24143.74,4828.75,43458.73
OI00002135-5,ORD00002135,PROD00282,1,15862.74,0.0,15862.74
OI00002136-1,ORD00002136,PROD00220,2,5039.64,503.96,9575.32
OI00002136-2,ORD00002136,PROD00084,1,6169.9,0.0,6169.9
OI00002136-3,ORD00002136,PROD00332,4,966.51,0.0,3866.04
OI00002136-4,ORD00002136,PROD00152,3,5018.12,1505.44,13548.92
OI00002137-1,ORD00002137,PROD00328,1,24499.21,2449.92,22049.29
OI00002137-2,ORD00002137,PROD00323,1,10163.0,0.0,10163.0
OI00002137-3,ORD00002137,PROD00208,3,11300.85,1695.13,32207.42
OI00002137-4,ORD00002137,PROD00147,2,5524.18,1104.84,9943.52
OI00002138-1,ORD00002138,PROD00231,2,1734.46,346.89,3122.03
OI00002138-2,ORD00002138,PROD00125,1,4153.82,207.69,3946.13
OI00002138-3,ORD00002138,PROD00129,1,19114.26,1911.43,17202.83
OI00002138-4,ORD00002138,PROD00175,3,18643.02,2796.45,53132.61
OI00002139-1,ORD00002139,PROD00258,4,17451.91,6980.76,62826.88
OI00002139-2,ORD00002139,PROD00064,1,2094.58,0.0,2094.58
OI00002139-3,ORD00002139,PROD00170,2,11306.22,0.0,22612.44
OI00002139-4,ORD00002139,PROD00070,2,23046.35,2304.63,43788.07
OI00002139-5,ORD00002139,PROD00215,2,16801.23,0.0,33602.46
OI00002140-1,ORD00002140,PROD00168,1,13786.27,0.0,13786.27
OI00002140-2,ORD00002140,PROD00008,1,2128.1,0.0,2128.1
OI00002140-3,ORD00002140,PROD00198,1,235.71,0.0,235.71
OI00002140-4,ORD00002140,PROD00312,4,9087.53,5452.52,30897.6
OI00002140-5,ORD00002140,PROD00007,1,18525.88,0.0,18525.88
OI00002141-1,ORD00002141,PROD00164,3,12489.77,1873.47,35595.84
OI00002141-2,ORD00002141,PROD00226,2,11496.46,3448.94,19543.98
OI00002141-3,ORD00002141,PROD00159,4,24425.69,0.0,97702.76
OI00002141-4,ORD00002141,PROD00125,4,4153.82,1661.53,14953.75
OI00002141-5,ORD00002141,PROD00119,1,17032.97,1703.3,15329.67
OI00002142-1,ORD00002142,PROD00163,4,4227.47,845.49,16064.39
OI00002142-2,ORD00002142,PROD00035,2,14071.44,0.0,28142.88
OI00002142-3,ORD00002142,PROD00056,2,5382.68,0.0,10765.36
OI00002142-4,ORD00002142,PROD00180,3,5881.39,0.0,17644.17
OI00002142-5,ORD00002142,PROD00339,3,696.45,313.4,1775.95
OI00002143-1,ORD00002143,PROD00336,1,1810.42,0.0,1810.42
OI00002143-2,ORD00002143,PROD00181,3,8549.46,3847.26,21801.12
OI00002143-3,ORD00002143,PROD00008,3,2128.1,0.0,6384.3
OI00002143-4,ORD00002143,PROD00339,3,696.45,0.0,2089.35
OI00002143-5,ORD00002143,PROD00093,3,23736.46,7120.94,64088.44
OI00002144-1,ORD00002144,PROD00230,4,8334.56,1666.91,31671.33
OI00002144-2,ORD00002144,PROD00200,4,18445.4,0.0,73781.6
OI00002144-3,ORD00002144,PROD00324,4,1645.09,0.0,6580.36
OI00002144-4,ORD00002144,PROD00269,3,14198.95,0.0,42596.85
OI00002144-5,ORD00002144,PROD00104,3,15897.49,0.0,47692.47
OI00002145-1,ORD00002145,PROD00149,2,5172.64,0.0,10345.28
OI00002145-2,ORD00002145,PROD00271,1,21715.63,2171.56,19544.07
OI00002145-3,ORD00002145,PROD00101,4,14649.72,0.0,58598.88
OI00002146-1,ORD00002146,PROD00125,2,4153.82,0.0,8307.64
OI00002146-2,ORD00002146,PROD00242,1,23459.95,0.0,23459.95
OI00002146-3,ORD00002146,PROD00159,1,24425.69,2442.57,21983.12
OI00002146-4,ORD00002146,PROD00167,1,7684.68,0.0,7684.68
OI00002147-1,ORD00002147,PROD00175,4,18643.02,3728.6,70843.48
OI00002148-1,ORD00002148,PROD00283,2,5877.29,0.0,11754.58
OI00002148-2,ORD00002148,PROD00117,1,1680.75,0.0,1680.75
OI00002148-3,ORD00002148,PROD00272,4,6955.22,0.0,27820.88
OI00002148-4,ORD00002148,PROD00225,3,4381.86,0.0,13145.58
OI00002148-5,ORD00002148,PROD00184,2,20269.51,0.0,40539.02
OI00002149-1,ORD00002149,PROD00272,4,6955.22,0.0,27820.88
OI00002149-2,ORD00002149,PROD00305,2,17525.16,0.0,35050.32
OI00002149-3,ORD00002149,PROD00306,4,18198.52,10919.11,61874.97
OI00002149-4,ORD00002149,PROD00090,4,4577.37,0.0,18309.48
OI00002150-1,ORD00002150,PROD00296,4,3229.07,645.81,12270.47
OI00002150-2,ORD00002150,PROD00133,3,10071.99,0.0,30215.97
OI00002150-3,ORD00002150,PROD00159,3,24425.69,0.0,73277.07
OI00002151-1,ORD00002151,PROD00153,2,8528.45,0.0,17056.9
OI00002151-2,ORD00002151,PROD00072,4,7657.87,4594.72,26036.76
OI00002151-3,ORD00002151,PROD00310,1,11465.44,1719.82,9745.62
OI00002152-1,ORD00002152,PROD00222,4,18114.09,0.0,72456.36
OI00002152-2,ORD00002152,PROD00119,3,17032.97,0.0,51098.91
OI00002152-3,ORD00002152,PROD00164,4,12489.77,2497.95,47461.13
OI00002153-1,ORD00002153,PROD00339,4,696.45,278.58,2507.22
OI00002154-1,ORD00002154,PROD00115,3,24607.38,3691.11,70131.03
OI00002154-2,ORD00002154,PROD00166,1,5219.63,0.0,5219.63
OI00002154-3,ORD00002154,PROD00249,3,13843.66,4153.1,37377.88
OI00002154-4,ORD00002154,PROD00220,1,5039.64,0.0,5039.64
OI00002154-5,ORD00002154,PROD00321,3,19868.88,8941.0,50665.64
OI00002155-1,ORD00002155,PROD00296,2,3229.07,0.0,6458.14
OI00002155-2,ORD00002155,PROD00154,3,21079.89,0.0,63239.67
OI00002155-3,ORD00002155,PROD00143,3,8628.21,1294.23,24590.4
OI00002155-4,ORD00002155,PROD00028,3,3322.41,0.0,9967.23
OI00002155-5,ORD00002155,PROD00163,3,4227.47,1902.36,10780.05
OI00002156-1,ORD00002156,PROD00328,2,24499.21,0.0,48998.42
OI00002157-1,ORD00002157,PROD00344,4,2433.74,0.0,9734.96
OI00002157-2,ORD00002157,PROD00262,4,20752.25,8300.9,74708.1
OI00002157-3,ORD00002157,PROD00237,3,6989.25,1048.39,19919.36
OI00002157-4,ORD00002157,PROD00214,2,4472.05,0.0,8944.1
OI00002157-5,ORD00002157,PROD00324,4,1645.09,0.0,6580.36
OI00002158-1,ORD00002158,PROD00095,4,13874.18,5549.67,49947.05
OI00002158-2,ORD00002158,PROD00050,2,22567.65,0.0,45135.3
OI00002158-3,ORD00002158,PROD00313,2,23762.43,0.0,47524.86
OI00002158-4,ORD00002158,PROD00293,3,9456.41,0.0,28369.23
OI00002159-1,ORD00002159,PROD00201,2,17522.9,0.0,35045.8
OI00002160-1,ORD00002160,PROD00189,3,4749.05,0.0,14247.15
OI00002160-2,ORD00002160,PROD00277,2,16643.7,0.0,33287.4
OI00002160-3,ORD00002160,PROD00276,2,9301.09,0.0,18602.18
OI00002161-1,ORD00002161,PROD00015,2,21482.35,0.0,42964.7
OI00002161-2,ORD00002161,PROD00259,2,6394.49,639.45,12149.53
OI00002162-1,ORD00002162,PROD00158,4,4832.45,1932.98,17396.82
OI00002163-1,ORD00002163,PROD00300,4,20412.89,12247.73,69403.83
OI00002163-2,ORD00002163,PROD00072,1,7657.87,0.0,7657.87
OI00002163-3,ORD00002163,PROD00076,3,22512.17,0.0,67536.51
OI00002163-4,ORD00002163,PROD00269,4,14198.95,0.0,56795.8
OI00002163-5,ORD00002163,PROD00277,4,16643.7,6657.48,59917.32
OI00002164-1,ORD00002164,PROD00198,1,235.71,35.36,200.35
OI00002164-2,ORD00002164,PROD00349,2,22965.12,0.0,45930.24
OI00002164-3,ORD00002164,PROD00011,2,13382.68,0.0,26765.36
OI00002164-4,ORD00002164,PROD00279,4,690.73,0.0,2762.92
OI00002165-1,ORD00002165,PROD00202,2,10405.57,0.0,20811.14
OI00002165-2,ORD00002165,PROD00204,2,17481.19,0.0,34962.38
OI00002166-1,ORD00002166,PROD00202,2,10405.57,2081.11,18730.03
OI00002166-2,ORD00002166,PROD00008,2,2128.1,0.0,4256.2
OI00002167-1,ORD00002167,PROD00342,4,296.09,0.0,1184.36
OI00002167-2,ORD00002167,PROD00293,1,9456.41,1418.46,8037.95
OI00002167-3,ORD00002167,PROD00047,4,23596.32,0.0,94385.28
OI00002168-1,ORD00002168,PROD00051,4,10511.67,2102.33,39944.35
OI00002169-1,ORD00002169,PROD00269,3,14198.95,0.0,42596.85
OI00002169-2,ORD00002169,PROD00163,3,4227.47,0.0,12682.41
OI00002170-1,ORD00002170,PROD00194,2,3968.03,0.0,7936.06
OI00002170-2,ORD00002170,PROD00295,3,2274.03,0.0,6822.09
OI00002170-3,ORD00002170,PROD00054,1,17451.9,1745.19,15706.71
OI00002170-4,ORD00002170,PROD00160,4,21368.16,0.0,85472.64
OI00002170-5,ORD00002170,PROD00019,4,539.71,323.83,1835.01
OI00002171-1,ORD00002171,PROD00152,4,5018.12,2007.25,18065.23
OI00002172-1,ORD00002172,PROD00103,1,21963.07,3294.46,18668.61
OI00002172-2,ORD00002172,PROD00195,2,9755.37,0.0,19510.74
OI00002172-3,ORD00002172,PROD00143,1,8628.21,0.0,8628.21
OI00002173-1,ORD00002173,PROD00241,2,1662.19,0.0,3324.38
OI00002173-2,ORD00002173,PROD00039,4,12707.28,0.0,50829.12
OI00002173-3,ORD00002173,PROD00029,2,19909.52,5972.86,33846.18
OI00002174-1,ORD00002174,PROD00137,3,22614.03,0.0,67842.09
OI00002174-2,ORD00002174,PROD00236,1,23089.06,0.0,23089.06
OI00002174-3,ORD00002174,PROD00329,1,10605.13,1590.77,9014.36
OI00002175-1,ORD00002175,PROD00339,1,696.45,0.0,696.45
OI00002175-2,ORD00002175,PROD00328,1,24499.21,1224.96,23274.25
OI00002176-1,ORD00002176,PROD00114,2,7054.87,0.0,14109.74
OI00002176-2,ORD00002176,PROD00256,1,15892.74,0.0,15892.74
OI00002177-1,ORD00002177,PROD00088,2,13567.39,0.0,27134.78
OI00002178-1,ORD00002178,PROD00260,1,2962.43,0.0,2962.43
OI00002178-2,ORD00002178,PROD00335,2,11428.89,0.0,22857.78
OI00002179-1,ORD00002179,PROD00281,1,16522.7,0.0,16522.7
OI00002179-2,ORD00002179,PROD00081,4,14048.06,5619.22,50573.02
OI00002179-3,ORD00002179,PROD00221,2,17014.99,0.0,34029.98
OI00002179-4,ORD00002179,PROD00024,3,13853.73,0.0,41561.19
OI00002180-1,ORD00002180,PROD00033,2,8958.24,1791.65,16124.83
OI00002180-2,ORD00002180,PROD00152,2,5018.12,0.0,10036.24
OI00002180-3,ORD00002180,PROD00127,2,21020.66,0.0,42041.32
OI00002180-4,ORD00002180,PROD00024,2,13853.73,1385.37,26322.09
OI00002180-5,ORD00002180,PROD00129,4,19114.26,0.0,76457.04
OI00002181-1,ORD00002181,PROD00247,4,10596.3,0.0,42385.2
OI00002181-2,ORD00002181,PROD00132,2,1691.47,338.29,3044.65
OI00002182-1,ORD00002182,PROD00010,2,4667.93,0.0,9335.86
OI00002182-2,ORD00002182,PROD00014,4,2236.5,1341.9,7604.1
OI00002182-3,ORD00002182,PROD00131,1,1596.96,0.0,1596.96
OI00002182-4,ORD00002182,PROD00285,4,7381.88,4429.13,25098.39
OI00002182-5,ORD00002182,PROD00126,2,12025.16,2405.03,21645.29
OI00002183-1,ORD00002183,PROD00344,4,2433.74,1460.24,8274.72
OI00002183-2,ORD00002183,PROD00055,3,2152.81,645.84,5812.59
OI00002183-3,ORD00002183,PROD00015,3,21482.35,0.0,64447.05
OI00002184-1,ORD00002184,PROD00031,1,5027.13,251.36,4775.77
OI00002185-1,ORD00002185,PROD00291,1,16653.64,2498.05,14155.59
OI00002185-2,ORD00002185,PROD00037,4,17674.8,0.0,70699.2
OI00002186-1,ORD00002186,PROD00183,4,14458.84,5783.54,52051.82
OI00002186-2,ORD00002186,PROD00348,3,16456.2,4936.86,44431.74
OI00002186-3,ORD00002186,PROD00203,3,9647.39,4341.33,24600.84
OI00002187-1,ORD00002187,PROD00194,4,3968.03,793.61,15078.51
OI00002187-2,ORD00002187,PROD00003,4,24605.45,0.0,98421.8
OI00002187-3,ORD00002187,PROD00113,4,20219.94,4043.99,76835.77
OI00002187-4,ORD00002187,PROD00030,3,7097.31,1064.6,20227.33
OI00002187-5,ORD00002187,PROD00135,1,8523.43,0.0,8523.43
OI00002188-1,ORD00002188,PROD00305,2,17525.16,3505.03,31545.29
OI00002188-2,ORD00002188,PROD00328,2,24499.21,0.0,48998.42
OI00002188-3,ORD00002188,PROD00068,3,12144.87,0.0,36434.61
OI00002188-4,ORD00002188,PROD00157,2,21965.78,4393.16,39538.4
OI00002188-5,ORD00002188,PROD00127,3,21020.66,0.0,63061.98
OI00002189-1,ORD00002189,PROD00248,4,544.29,0.0,2177.16
OI00002189-2,ORD00002189,PROD00068,4,12144.87,2428.97,46150.51
OI00002189-3,ORD00002189,PROD00288,3,6121.73,1836.52,16528.67
OI00002190-1,ORD00002190,PROD00268,1,17615.98,880.8,16735.18
OI00002190-2,ORD00002190,PROD00162,2,5270.48,0.0,10540.96
OI00002190-3,ORD00002190,PROD00332,1,966.51,0.0,966.51
OI00002190-4,ORD00002190,PROD00174,2,13673.35,1367.34,25979.36
OI00002191-1,ORD00002191,PROD00118,2,22031.03,0.0,44062.06
OI00002191-2,ORD00002191,PROD00108,3,19693.27,0.0,59079.81
OI00002191-3,ORD00002191,PROD00307,3,13721.18,0.0,41163.54
OI00002191-4,ORD00002191,PROD00204,1,17481.19,1748.12,15733.07
OI00002191-5,ORD00002191,PROD00335,3,11428.89,0.0,34286.67
OI00002192-1,ORD00002192,PROD00048,1,2165.22,0.0,2165.22
OI00002193-1,ORD00002193,PROD00251,2,17885.84,5365.75,30405.93
OI00002193-2,ORD00002193,PROD00335,4,11428.89,2285.78,43429.78
OI00002193-3,ORD00002193,PROD00019,3,539.71,161.91,1457.22
OI00002194-1,ORD00002194,PROD00309,3,2478.12,0.0,7434.36
OI00002195-1,ORD00002195,PROD00313,4,23762.43,0.0,95049.72
OI00002195-2,ORD00002195,PROD00017,2,19254.54,5776.36,32732.72
OI00002196-1,ORD00002196,PROD00278,1,20166.44,0.0,20166.44
OI00002196-2,ORD00002196,PROD00266,1,20418.91,0.0,20418.91
OI00002196-3,ORD00002196,PROD00057,4,634.37,0.0,2537.48
OI00002196-4,ORD00002196,PROD00220,3,5039.64,0.0,15118.92
OI00002197-1,ORD00002197,PROD00339,4,696.45,417.87,2367.93
OI00002197-2,ORD00002197,PROD00233,1,579.27,86.89,492.38
OI00002197-3,ORD00002197,PROD00218,1,9795.93,489.8,9306.13
OI00002197-4,ORD00002197,PROD00164,4,12489.77,0.0,49959.08
OI00002197-5,ORD00002197,PROD00119,4,17032.97,0.0,68131.88
OI00002198-1,ORD00002198,PROD00226,4,11496.46,2299.29,43686.55
OI00002198-2,ORD00002198,PROD00057,2,634.37,63.44,1205.3
OI00002198-3,ORD00002198,PROD00168,4,13786.27,8271.76,46873.32
OI00002199-1,ORD00002199,PROD00061,2,8790.91,879.09,16702.73
OI00002199-2,ORD00002199,PROD00288,3,6121.73,2754.78,15610.41
OI00002199-3,ORD00002199,PROD00085,3,20182.68,6054.8,54493.24
OI00002199-4,ORD00002199,PROD00345,1,15206.3,1520.63,13685.67
OI00002199-5,ORD00002199,PROD00208,1,11300.85,1695.13,9605.72
OI00002200-1,ORD00002200,PROD00172,3,9009.37,0.0,27028.11
OI00002200-2,ORD00002200,PROD00239,2,6094.11,0.0,12188.22
OI00002200-3,ORD00002200,PROD00143,2,8628.21,862.82,16393.6
OI00002200-4,ORD00002200,PROD00214,2,4472.05,0.0,8944.1
OI00002200-5,ORD00002200,PROD00272,3,6955.22,0.0,20865.66
OI00002201-1,ORD00002201,PROD00223,3,14073.25,0.0,42219.75
OI00002202-1,ORD00002202,PROD00140,1,14612.46,730.62,13881.84
OI00002203-1,ORD00002203,PROD00027,4,12715.52,0.0,50862.08
OI00002204-1,ORD00002204,PROD00083,2,3051.07,915.32,5186.82
OI00002204-2,ORD00002204,PROD00288,3,6121.73,2754.78,15610.41
OI00002204-3,ORD00002204,PROD00157,2,21965.78,2196.58,41734.98
OI00002204-4,ORD00002204,PROD00106,3,16178.76,0.0,48536.28
OI00002204-5,ORD00002204,PROD00302,4,7756.84,3102.74,27924.62
OI00002205-1,ORD00002205,PROD00246,2,2046.4,204.64,3888.16
OI00002205-2,ORD00002205,PROD00209,3,1876.23,0.0,5628.69
OI00002205-3,ORD00002205,PROD00229,3,6335.91,1900.77,17106.96
OI00002205-4,ORD00002205,PROD00237,2,6989.25,2096.78,11881.72
OI00002205-5,ORD00002205,PROD00248,1,544.29,0.0,544.29
OI00002206-1,ORD00002206,PROD00029,4,19909.52,11945.71,67692.37
OI00002206-2,ORD00002206,PROD00254,4,10249.25,0.0,40997.0
OI00002206-3,ORD00002206,PROD00286,3,3240.14,0.0,9720.42
OI00002206-4,ORD00002206,PROD00206,1,22722.97,3408.45,19314.52
OI00002206-5,ORD00002206,PROD00055,4,2152.81,0.0,8611.24
OI00002207-1,ORD00002207,PROD00180,4,5881.39,0.0,23525.56
OI00002207-2,ORD00002207,PROD00024,3,13853.73,0.0,41561.19
OI00002208-1,ORD00002208,PROD00181,2,8549.46,854.95,16243.97
OI00002208-2,ORD00002208,PROD00001,4,23270.16,0.0,93080.64
OI00002208-3,ORD00002208,PROD00080,4,16165.62,6466.25,58196.23
OI00002208-4,ORD00002208,PROD00240,1,15221.18,761.06,14460.12
OI00002209-1,ORD00002209,PROD00092,4,5103.86,0.0,20415.44
OI00002209-2,ORD00002209,PROD00292,1,21804.92,3270.74,18534.18
OI00002209-3,ORD00002209,PROD00151,2,4900.37,980.07,8820.67
OI00002210-1,ORD00002210,PROD00086,4,21556.26,0.0,86225.04
OI00002210-2,ORD00002210,PROD00074,3,5428.76,0.0,16286.28
OI00002211-1,ORD00002211,PROD00295,1,2274.03,0.0,2274.03
OI00002211-2,ORD00002211,PROD00262,3,20752.25,3112.84,59143.91
OI00002212-1,ORD00002212,PROD00197,4,14707.92,5883.17,52948.51
OI00002212-2,ORD00002212,PROD00081,1,14048.06,2107.21,11940.85
OI00002212-3,ORD00002212,PROD00105,4,8573.66,3429.46,30865.18
OI00002213-1,ORD00002213,PROD00017,2,19254.54,1925.45,36583.63
OI00002213-2,ORD00002213,PROD00034,2,20180.05,0.0,40360.1
OI00002213-3,ORD00002213,PROD00016,4,21060.14,0.0,84240.56
OI00002214-1,ORD00002214,PROD00197,4,14707.92,2941.58,55890.1
OI00002214-2,ORD00002214,PROD00208,3,11300.85,0.0,33902.55
OI00002214-3,ORD00002214,PROD00336,1,1810.42,0.0,1810.42
OI00002214-4,ORD00002214,PROD00120,2,21353.8,0.0,42707.6
OI00002215-1,ORD00002215,PROD00115,2,24607.38,4921.48,44293.28
OI00002215-2,ORD00002215,PROD00223,1,14073.25,703.66,13369.59
OI00002215-3,ORD00002215,PROD00282,1,15862.74,0.0,15862.74
OI00002216-1,ORD00002216,PROD00232,2,12800.1,0.0,25600.2
OI00002216-2,ORD00002216,PROD00060,2,7484.13,748.41,14219.85
OI00002216-3,ORD00002216,PROD00228,4,24578.41,0.0,98313.64
OI00002217-1,ORD00002217,PROD00062,1,17873.06,893.65,16979.41
OI00002217-2,ORD00002217,PROD00006,3,8918.67,4013.4,22742.61
OI00002217-3,ORD00002217,PROD00188,4,24505.29,0.0,98021.16
OI00002218-1,ORD00002218,PROD00253,3,23510.11,0.0,70530.33
OI00002218-2,ORD00002218,PROD00048,2,2165.22,0.0,4330.44
OI00002218-3,ORD00002218,PROD00176,4,24960.21,14976.13,84864.71
OI00002218-4,ORD00002218,PROD00089,3,7704.52,2311.36,20802.2
OI00002218-5,ORD00002218,PROD00204,2,17481.19,1748.12,33214.26
OI00002219-1,ORD00002219,PROD00172,3,9009.37,0.0,27028.11
OI00002219-2,ORD00002219,PROD00188,1,24505.29,1225.26,23280.03
OI00002220-1,ORD00002220,PROD00244,3,18055.76,5416.73,48750.55
OI00002220-2,ORD00002220,PROD00172,2,9009.37,0.0,18018.74
OI00002221-1,ORD00002221,PROD00172,1,9009.37,1351.41,7657.96
OI00002221-2,ORD00002221,PROD00034,4,20180.05,4036.01,76684.19
OI00002221-3,ORD00002221,PROD00082,1,23934.46,0.0,23934.46
OI00002222-1,ORD00002222,PROD00040,3,3967.96,0.0,11903.88
OI00002222-2,ORD00002222,PROD00221,3,17014.99,0.0,51044.97
OI00002222-3,ORD00002222,PROD00078,2,3767.12,0.0,7534.24
OI00002222-4,ORD00002222,PROD00346,3,8662.06,1299.31,24686.87
OI00002223-1,ORD00002223,PROD00086,4,21556.26,0.0,86225.04
OI00002224-1,ORD00002224,PROD00127,4,21020.66,0.0,84082.64
OI00002224-2,ORD00002224,PROD00284,1,10726.51,0.0,10726.51
OI00002224-3,ORD00002224,PROD00206,1,22722.97,1136.15,21586.82
OI00002225-1,ORD00002225,PROD00166,1,5219.63,0.0,5219.63
OI00002226-1,ORD00002226,PROD00111,3,11594.18,5217.38,29565.16
OI00002226-2,ORD00002226,PROD00013,3,7604.86,0.0,22814.58
OI00002227-1,ORD00002227,PROD00175,4,18643.02,7457.21,67114.87
OI00002227-2,ORD00002227,PROD00303,1,15795.37,2369.31,13426.06
OI00002228-1,ORD00002228,PROD00292,3,21804.92,3270.74,62144.02
OI00002228-2,ORD00002228,PROD00012,2,11531.07,3459.32,19602.82
OI00002228-3,ORD00002228,PROD00039,2,12707.28,0.0,25414.56
OI00002228-4,ORD00002228,PROD00221,4,17014.99,3403.0,64656.96
OI00002229-1,ORD00002229,PROD00290,2,19169.41,1916.94,36421.88
OI00002229-2,ORD00002229,PROD00082,1,23934.46,1196.72,22737.74
OI00002229-3,ORD00002229,PROD00137,3,22614.03,6784.21,61057.88
OI00002230-1,ORD00002230,PROD00077,1,19060.68,0.0,19060.68
OI00002230-2,ORD00002230,PROD00115,1,24607.38,3691.11,20916.27
OI00002230-3,ORD00002230,PROD00133,4,10071.99,0.0,40287.96
OI00002230-4,ORD00002230,PROD00214,3,4472.05,670.81,12745.34
OI00002230-5,ORD00002230,PROD00062,4,17873.06,3574.61,67917.63
OI00002231-1,ORD00002231,PROD00147,3,5524.18,0.0,16572.54
OI00002232-1,ORD00002232,PROD00149,1,5172.64,258.63,4914.01
OI00002232-2,ORD00002232,PROD00139,3,1559.26,0.0,4677.78
OI00002232-3,ORD00002232,PROD00271,4,21715.63,0.0,86862.52
OI00002232-4,ORD00002232,PROD00289,3,10900.59,0.0,32701.77
OI00002233-1,ORD00002233,PROD00139,4,1559.26,311.85,5925.19
OI00002233-2,ORD00002233,PROD00131,1,1596.96,0.0,1596.96
OI00002234-1,ORD00002234,PROD00251,3,17885.84,0.0,53657.52
OI00002234-2,ORD00002234,PROD00279,4,690.73,0.0,2762.92
OI00002234-3,ORD00002234,PROD00259,1,6394.49,959.17,5435.32
OI00002235-1,ORD00002235,PROD00266,2,20418.91,0.0,40837.82
OI00002236-1,ORD00002236,PROD00181,1,8549.46,854.95,7694.51
OI00002236-2,ORD00002236,PROD00089,1,7704.52,385.23,7319.29
OI00002236-3,ORD00002236,PROD00314,4,8921.82,0.0,35687.28
OI00002236-4,ORD00002236,PROD00196,2,10833.41,0.0,21666.82
OI00002236-5,ORD00002236,PROD00190,4,2376.38,0.0,9505.52
OI00002237-1,ORD00002237,PROD00121,1,17020.33,0.0,17020.33
OI00002237-2,ORD00002237,PROD00241,3,1662.19,0.0,4986.57
OI00002237-3,ORD00002237,PROD00131,1,1596.96,159.7,1437.26
OI00002237-4,ORD00002237,PROD00106,3,16178.76,0.0,48536.28
OI00002237-5,ORD00002237,PROD00326,4,13890.31,5556.12,50005.12
OI00002238-1,ORD00002238,PROD00255,1,4895.99,734.4,4161.59
OI00002238-2,ORD00002238,PROD00014,4,2236.5,0.0,8946.0
OI00002238-3,ORD00002238,PROD00289,3,10900.59,0.0,32701.77
OI00002238-4,ORD00002238,PROD00010,2,4667.93,1400.38,7935.48
OI00002239-1,ORD00002239,PROD00342,2,296.09,0.0,592.18
OI00002239-2,ORD00002239,PROD00049,3,1583.63,712.63,4038.26
OI00002239-3,ORD00002239,PROD00127,1,21020.66,0.0,21020.66
OI00002240-1,ORD00002240,PROD00340,4,17115.28,3423.06,65038.06
OI00002240-2,ORD00002240,PROD00294,1,20220.76,1011.04,19209.72
OI00002240-3,ORD00002240,PROD00217,4,11079.35,6647.61,37669.79
OI00002240-4,ORD00002240,PROD00132,4,1691.47,338.29,6427.59
OI00002241-1,ORD00002241,PROD00152,1,5018.12,501.81,4516.31
OI00002242-1,ORD00002242,PROD00202,1,10405.57,0.0,10405.57
OI00002242-2,ORD00002242,PROD00329,4,10605.13,2121.03,40299.49
OI00002243-1,ORD00002243,PROD00073,2,3596.39,0.0,7192.78
OI00002243-2,ORD00002243,PROD00109,2,16822.54,3364.51,30280.57
OI00002243-3,ORD00002243,PROD00067,2,18306.34,0.0,36612.68
OI00002244-1,ORD00002244,PROD00234,4,18943.28,0.0,75773.12
OI00002244-2,ORD00002244,PROD00186,4,8185.68,4911.41,27831.31
OI00002245-1,ORD00002245,PROD00270,3,6520.83,0.0,19562.49
OI00002245-2,ORD00002245,PROD00048,1,2165.22,0.0,2165.22
OI00002245-3,ORD00002245,PROD00270,3,6520.83,978.12,18584.37
OI00002245-4,ORD00002245,PROD00018,2,22565.26,6769.58,38360.94
OI00002245-5,ORD00002245,PROD00194,2,3968.03,793.61,7142.45
OI00002246-1,ORD00002246,PROD00153,2,8528.45,0.0,17056.9
OI00002246-2,ORD00002246,PROD00342,3,296.09,44.41,843.86
OI00002246-3,ORD00002246,PROD00170,2,11306.22,0.0,22612.44
OI00002246-4,ORD00002246,PROD00340,3,17115.28,2567.29,48778.55
OI00002246-5,ORD00002246,PROD00244,1,18055.76,902.79,17152.97
OI00002247-1,ORD00002247,PROD00331,1,15173.99,0.0,15173.99
OI00002247-2,ORD00002247,PROD00163,3,4227.47,634.12,12048.29
OI00002248-1,ORD00002248,PROD00228,4,24578.41,9831.36,88482.28
OI00002248-2,ORD00002248,PROD00341,1,22735.67,2273.57,20462.1
OI00002248-3,ORD00002248,PROD00292,4,21804.92,0.0,87219.68
OI00002248-4,ORD00002248,PROD00213,1,11796.15,0.0,11796.15
OI00002249-1,ORD00002249,PROD00070,1,23046.35,0.0,23046.35
OI00002249-2,ORD00002249,PROD00287,3,4242.92,1909.31,10819.45
OI00002249-3,ORD00002249,PROD00225,2,4381.86,0.0,8763.72
OI00002249-4,ORD00002249,PROD00324,3,1645.09,740.29,4194.98
OI00002249-5,ORD00002249,PROD00027,1,12715.52,1271.55,11443.97
OI00002250-1,ORD00002250,PROD00071,4,9271.17,5562.7,31521.98
OI00002250-2,ORD00002250,PROD00101,4,14649.72,0.0,58598.88
OI00002250-3,ORD00002250,PROD00150,4,1889.59,1133.75,6424.61
OI00002250-4,ORD00002250,PROD00238,1,16218.76,2432.81,13785.95
OI00002251-1,ORD00002251,PROD00012,1,11531.07,0.0,11531.07
OI00002252-1,ORD00002252,PROD00030,4,7097.31,0.0,28389.24
OI00002252-2,ORD00002252,PROD00164,1,12489.77,0.0,12489.77
OI00002252-3,ORD00002252,PROD00251,3,17885.84,5365.75,48291.77
OI00002252-4,ORD00002252,PROD00175,1,18643.02,0.0,18643.02
OI00002252-5,ORD00002252,PROD00299,1,2709.32,270.93,2438.39
OI00002253-1,ORD00002253,PROD00340,1,17115.28,0.0,17115.28
OI00002254-1,ORD00002254,PROD00081,2,14048.06,1404.81,26691.31
OI00002254-2,ORD00002254,PROD00345,3,15206.3,6842.83,38776.07
OI00002254-3,ORD00002254,PROD00302,4,7756.84,1551.37,29475.99
OI00002255-1,ORD00002255,PROD00177,1,19263.4,963.17,18300.23
OI00002256-1,ORD00002256,PROD00132,2,1691.47,0.0,3382.94
OI00002256-2,ORD00002256,PROD00168,2,13786.27,1378.63,26193.91
OI00002257-1,ORD00002257,PROD00129,2,19114.26,1911.43,36317.09
OI00002257-2,ORD00002257,PROD00172,4,9009.37,0.0,36037.48
OI00002258-1,ORD00002258,PROD00225,1,4381.86,0.0,4381.86
OI00002258-2,ORD00002258,PROD00001,4,23270.16,4654.03,88426.61
OI00002258-3,ORD00002258,PROD00039,2,12707.28,2541.46,22873.1
OI00002258-4,ORD00002258,PROD00016,4,21060.14,0.0,84240.56
OI00002258-5,ORD00002258,PROD00339,1,696.45,34.82,661.63
OI00002259-1,ORD00002259,PROD00343,3,19579.2,2936.88,55800.72
OI00002259-2,ORD00002259,PROD00078,1,3767.12,188.36,3578.76
OI00002259-3,ORD00002259,PROD00062,2,17873.06,0.0,35746.12
OI00002259-4,ORD00002259,PROD00118,3,22031.03,3304.65,62788.44
OI00002260-1,ORD00002260,PROD00199,3,13170.12,5926.55,33583.81
OI00002260-2,ORD00002260,PROD00074,3,5428.76,0.0,16286.28
OI00002261-1,ORD00002261,PROD00243,1,5945.94,891.89,5054.05
OI00002262-1,ORD00002262,PROD00153,4,8528.45,1705.69,32408.11
OI00002262-2,ORD00002262,PROD00138,4,12060.91,7236.55,41007.09
OI00002262-3,ORD00002262,PROD00348,1,16456.2,0.0,16456.2
OI00002262-4,ORD00002262,PROD00349,4,22965.12,0.0,91860.48
OI00002262-5,ORD00002262,PROD00134,2,11362.61,3408.78,19316.44
OI00002263-1,ORD00002263,PROD00171,4,6861.84,4117.1,23330.26
OI00002263-2,ORD00002263,PROD00153,3,8528.45,0.0,25585.35
OI00002263-3,ORD00002263,PROD00298,1,19293.46,1929.35,17364.11
OI00002263-4,ORD00002263,PROD00164,1,12489.77,1873.47,10616.3
OI00002264-1,ORD00002264,PROD00032,4,7626.11,0.0,30504.44
OI00002265-1,ORD00002265,PROD00200,3,18445.4,0.0,55336.2
OI00002266-1,ORD00002266,PROD00056,1,5382.68,0.0,5382.68
OI00002266-2,ORD00002266,PROD00335,3,11428.89,0.0,34286.67
OI00002266-3,ORD00002266,PROD00244,2,18055.76,3611.15,32500.37
OI00002266-4,ORD00002266,PROD00213,3,11796.15,0.0,35388.45
OI00002266-5,ORD00002266,PROD00248,2,544.29,108.86,979.72
OI00002267-1,ORD00002267,PROD00172,3,9009.37,0.0,27028.11
OI00002268-1,ORD00002268,PROD00310,4,11465.44,4586.18,41275.58
OI00002268-2,ORD00002268,PROD00308,1,9807.02,0.0,9807.02
OI00002268-3,ORD00002268,PROD00150,2,1889.59,188.96,3590.22
OI00002268-4,ORD00002268,PROD00005,1,12790.76,1918.61,10872.15
OI00002268-5,ORD00002268,PROD00066,2,21806.77,0.0,43613.54
OI00002269-1,ORD00002269,PROD00242,3,23459.95,3518.99,66860.86
OI00002269-2,ORD00002269,PROD00011,2,13382.68,0.0,26765.36
OI00002270-1,ORD00002270,PROD00256,4,15892.74,0.0,63570.96
OI00002270-2,ORD00002270,PROD00070,1,23046.35,2304.63,20741.72
OI00002270-3,ORD00002270,PROD00137,2,22614.03,6784.21,38443.85
OI00002271-1,ORD00002271,PROD00224,3,23476.13,0.0,70428.39
OI00002271-2,ORD00002271,PROD00286,2,3240.14,0.0,6480.28
OI00002271-3,ORD00002271,PROD00113,3,20219.94,0.0,60659.82
OI00002271-4,ORD00002271,PROD00067,3,18306.34,5491.9,49427.12
OI00002272-1,ORD00002272,PROD00076,2,22512.17,4502.43,40521.91
OI00002272-2,ORD00002272,PROD00115,2,24607.38,0.0,49214.76
OI00002273-1,ORD00002273,PROD00100,3,14966.8,4490.04,40410.36
OI00002273-2,ORD00002273,PROD00333,4,15073.5,0.0,60294.0
OI00002273-3,ORD00002273,PROD00249,2,13843.66,1384.37,26302.95
OI00002274-1,ORD00002274,PROD00165,1,17905.46,895.27,17010.19
OI00002274-2,ORD00002274,PROD00078,2,3767.12,0.0,7534.24
OI00002274-3,ORD00002274,PROD00006,1,8918.67,891.87,8026.8
OI00002275-1,ORD00002275,PROD00246,3,2046.4,306.96,5832.24
OI00002275-2,ORD00002275,PROD00159,3,24425.69,0.0,73277.07
OI00002275-3,ORD00002275,PROD00347,3,11947.7,3584.31,32258.79
OI00002275-4,ORD00002275,PROD00057,1,634.37,0.0,634.37
OI00002275-5,ORD00002275,PROD00272,1,6955.22,0.0,6955.22
OI00002276-1,ORD00002276,PROD00130,4,22922.02,4584.4,87103.68
OI00002276-2,ORD00002276,PROD00041,2,18327.17,1832.72,34821.62
OI00002276-3,ORD00002276,PROD00273,4,16836.47,3367.29,63978.59
OI00002277-1,ORD00002277,PROD00113,2,20219.94,0.0,40439.88
OI00002277-2,ORD00002277,PROD00228,4,24578.41,0.0,98313.64
OI00002278-1,ORD00002278,PROD00076,2,22512.17,6753.65,38270.69
OI00002278-2,ORD00002278,PROD00221,2,17014.99,3403.0,30626.98
OI00002278-3,ORD00002278,PROD00059,1,15693.39,0.0,15693.39
OI00002278-4,ORD00002278,PROD00001,2,23270.16,0.0,46540.32
OI00002278-5,ORD00002278,PROD00249,3,13843.66,0.0,41530.98
OI00002279-1,ORD00002279,PROD00166,2,5219.63,0.0,10439.26
OI00002280-1,ORD00002280,PROD00130,4,22922.02,0.0,91688.08
OI00002281-1,ORD00002281,PROD00305,1,17525.16,0.0,17525.16
OI00002281-2,ORD00002281,PROD00182,4,5279.14,1055.83,20060.73
OI00002282-1,ORD00002282,PROD00298,1,19293.46,1929.35,17364.11
OI00002282-2,ORD00002282,PROD00286,1,3240.14,162.01,3078.13
OI00002282-3,ORD00002282,PROD00153,4,8528.45,5117.07,28996.73
OI00002283-1,ORD00002283,PROD00331,3,15173.99,4552.2,40969.77
OI00002283-2,ORD00002283,PROD00231,3,1734.46,520.34,4683.04
OI00002283-3,ORD00002283,PROD00305,3,17525.16,7886.32,44689.16
OI00002283-4,ORD00002283,PROD00186,4,8185.68,0.0,32742.72
OI00002284-1,ORD00002284,PROD00308,4,9807.02,0.0,39228.08
OI00002284-2,ORD00002284,PROD00223,2,14073.25,2814.65,25331.85
OI00002284-3,ORD00002284,PROD00164,2,12489.77,0.0,24979.54
OI00002285-1,ORD00002285,PROD00225,2,4381.86,0.0,8763.72
OI00002285-2,ORD00002285,PROD00073,2,3596.39,719.28,6473.5
OI00002286-1,ORD00002286,PROD00318,1,21629.15,2162.92,19466.23
OI00002287-1,ORD00002287,PROD00114,2,7054.87,2116.46,11993.28
OI00002287-2,ORD00002287,PROD00096,1,7650.09,1147.51,6502.58
OI00002287-3,ORD00002287,PROD00015,1,21482.35,0.0,21482.35
OI00002287-4,ORD00002287,PROD00302,1,7756.84,0.0,7756.84
OI00002287-5,ORD00002287,PROD00147,3,5524.18,2485.88,14086.66
OI00002288-1,ORD00002288,PROD00146,1,8249.05,0.0,8249.05
OI00002288-2,ORD00002288,PROD00291,1,16653.64,1665.36,14988.28
OI00002288-3,ORD00002288,PROD00115,3,24607.38,0.0,73822.14
OI00002289-1,ORD00002289,PROD00053,2,17522.36,0.0,35044.72
OI00002289-2,ORD00002289,PROD00313,2,23762.43,0.0,47524.86
OI00002289-3,ORD00002289,PROD00029,4,19909.52,0.0,79638.08
OI00002289-4,ORD00002289,PROD00122,2,1221.77,0.0,2443.54
OI00002290-1,ORD00002290,PROD00344,1,2433.74,243.37,2190.37
OI00002290-2,ORD00002290,PROD00203,2,9647.39,1929.48,17365.3
OI00002290-3,ORD00002290,PROD00096,1,7650.09,765.01,6885.08
OI00002290-4,ORD00002290,PROD00207,1,1959.51,195.95,1763.56
OI00002290-5,ORD00002290,PROD00251,4,17885.84,10731.5,60811.86
OI00002291-1,ORD00002291,PROD00098,4,24035.74,4807.15,91335.81
OI00002291-2,ORD00002291,PROD00127,1,21020.66,2102.07,18918.59
OI00002291-3,ORD00002291,PROD00241,4,1662.19,0.0,6648.76
OI00002291-4,ORD00002291,PROD00298,2,19293.46,1929.35,36657.57
OI00002292-1,ORD00002292,PROD00256,3,15892.74,0.0,47678.22
OI00002292-2,ORD00002292,PROD00006,1,8918.67,1337.8,7580.87
OI00002292-3,ORD00002292,PROD00330,3,16495.98,0.0,49487.94
OI00002292-4,ORD00002292,PROD00187,1,24432.22,1221.61,23210.61
OI00002292-5,ORD00002292,PROD00072,4,7657.87,0.0,30631.48
OI00002293-1,ORD00002293,PROD00119,2,17032.97,5109.89,28956.05
OI00002293-2,ORD00002293,PROD00076,4,22512.17,0.0,90048.68
OI00002293-3,ORD00002293,PROD00076,4,22512.17,9004.87,81043.81
OI00002293-4,ORD00002293,PROD00082,3,23934.46,0.0,71803.38
OI00002293-5,ORD00002293,PROD00198,2,235.71,0.0,471.42
OI00002294-1,ORD00002294,PROD00035,4,14071.44,2814.29,53471.47
OI00002295-1,ORD00002295,PROD00085,3,20182.68,9082.21,51465.83
OI00002295-2,ORD00002295,PROD00162,1,5270.48,790.57,4479.91
OI00002295-3,ORD00002295,PROD00303,4,15795.37,9477.22,53704.26
OI00002295-4,ORD00002295,PROD00018,3,22565.26,0.0,67695.78
OI00002296-1,ORD00002296,PROD00187,2,24432.22,7329.67,41534.77
OI00002297-1,ORD00002297,PROD00318,3,21629.15,0.0,64887.45
OI00002297-2,ORD00002297,PROD00233,1,579.27,0.0,579.27
OI00002298-1,ORD00002298,PROD00094,1,1683.18,0.0,1683.18
OI00002298-2,ORD00002298,PROD00274,1,2466.2,0.0,2466.2
OI00002298-3,ORD00002298,PROD00199,2,13170.12,2634.02,23706.22
OI00002298-4,ORD00002298,PROD00231,1,1734.46,0.0,1734.46
OI00002299-1,ORD00002299,PROD00080,1,16165.62,0.0,16165.62
OI00002299-2,ORD00002299,PROD00294,2,20220.76,0.0,40441.52
OI00002299-3,ORD00002299,PROD00044,2,6687.09,668.71,12705.47
OI00002299-4,ORD00002299,PROD00053,4,17522.36,0.0,70089.44
OI00002299-5,ORD00002299,PROD00002,4,11732.07,7039.24,39889.04
OI00002300-1,ORD00002300,PROD00209,3,1876.23,844.3,4784.39
OI00002301-1,ORD00002301,PROD00227,2,1146.28,0.0,2292.56
OI00002301-2,ORD00002301,PROD00275,4,23306.6,4661.32,88565.08
OI00002301-3,ORD00002301,PROD00173,4,19657.54,0.0,78630.16
OI00002301-4,ORD00002301,PROD00205,4,22069.77,4413.95,83865.13
OI00002302-1,ORD00002302,PROD00168,3,13786.27,0.0,41358.81
OI00002302-2,ORD00002302,PROD00002,3,11732.07,5279.43,29916.78
OI00002303-1,ORD00002303,PROD00021,2,21222.98,0.0,42445.96
OI00002303-2,ORD00002303,PROD00273,1,16836.47,0.0,16836.47
OI00002303-3,ORD00002303,PROD00322,3,14307.01,0.0,42921.03
OI00002304-1,ORD00002304,PROD00150,3,1889.59,283.44,5385.33
OI00002304-2,ORD00002304,PROD00323,2,10163.0,0.0,20326.0
OI00002304-3,ORD00002304,PROD00270,1,6520.83,0.0,6520.83
OI00002304-4,ORD00002304,PROD00148,1,15616.8,0.0,15616.8
OI00002304-5,ORD00002304,PROD00147,1,5524.18,0.0,5524.18
OI00002305-1,ORD00002305,PROD00195,1,9755.37,975.54,8779.83
OI00002305-2,ORD00002305,PROD00344,1,2433.74,121.69,2312.05
OI00002305-3,ORD00002305,PROD00349,1,22965.12,0.0,22965.12
OI00002305-4,ORD00002305,PROD00176,3,24960.21,11232.09,63648.54
OI00002306-1,ORD00002306,PROD00142,4,1480.08,888.05,5032.27
OI00002307-1,ORD00002307,PROD00172,3,9009.37,0.0,27028.11
OI00002307-2,ORD00002307,PROD00329,2,10605.13,0.0,21210.26
OI00002307-3,ORD00002307,PROD00321,4,19868.88,0.0,79475.52
OI00002308-1,ORD00002308,PROD00320,2,624.52,0.0,1249.04
OI00002308-2,ORD00002308,PROD00224,3,23476.13,10564.26,59864.13
OI00002308-3,ORD00002308,PROD00333,1,15073.5,2261.03,12812.47
OI00002309-1,ORD00002309,PROD00250,2,7116.48,0.0,14232.96
OI00002309-2,ORD00002309,PROD00156,3,6041.74,0.0,18125.22
OI00002309-3,ORD00002309,PROD00262,1,20752.25,1037.61,19714.64
OI00002310-1,ORD00002310,PROD00330,2,16495.98,0.0,32991.96
OI00002310-2,ORD00002310,PROD00140,4,14612.46,2922.49,55527.35
OI00002310-3,ORD00002310,PROD00127,1,21020.66,0.0,21020.66
OI00002311-1,ORD00002311,PROD00010,3,4667.93,2100.57,11903.22
OI00002311-2,ORD00002311,PROD00282,4,15862.74,3172.55,60278.41
OI00002311-3,ORD00002311,PROD00324,2,1645.09,0.0,3290.18
OI00002311-4,ORD00002311,PROD00054,3,17451.9,0.0,52355.7
OI00002311-5,ORD00002311,PROD00295,4,2274.03,0.0,9096.12
OI00002312-1,ORD00002312,PROD00108,1,19693.27,984.66,18708.61
OI00002312-2,ORD00002312,PROD00008,1,2128.1,106.41,2021.69
OI00002312-3,ORD00002312,PROD00209,1,1876.23,0.0,1876.23
OI00002312-4,ORD00002312,PROD00010,2,4667.93,1400.38,7935.48
OI00002313-1,ORD00002313,PROD00282,1,15862.74,0.0,15862.74
OI00002313-2,ORD00002313,PROD00028,1,3322.41,166.12,3156.29
OI00002314-1,ORD00002314,PROD00190,4,2376.38,0.0,9505.52
OI00002314-2,ORD00002314,PROD00058,2,18176.41,0.0,36352.82
OI00002315-1,ORD00002315,PROD00257,4,18404.82,3680.96,69938.32
OI00002315-2,ORD00002315,PROD00089,2,7704.52,1540.9,13868.14
OI00002315-3,ORD00002315,PROD00182,4,5279.14,3167.48,17949.08
OI00002315-4,ORD00002315,PROD00328,3,24499.21,3674.88,69822.75
OI00002315-5,ORD00002315,PROD00144,3,4774.42,0.0,14323.26
OI00002316-1,ORD00002316,PROD00062,4,17873.06,0.0,71492.24
OI00002316-2,ORD00002316,PROD00334,2,1905.27,0.0,3810.54
OI00002316-3,ORD00002316,PROD00173,4,19657.54,0.0,78630.16
OI00002316-4,ORD00002316,PROD00218,1,9795.93,0.0,9795.93
OI00002317-1,ORD00002317,PROD00230,1,8334.56,416.73,7917.83
OI00002317-2,ORD00002317,PROD00171,1,6861.84,0.0,6861.84
OI00002317-3,ORD00002317,PROD00135,1,8523.43,0.0,8523.43
OI00002318-1,ORD00002318,PROD00325,2,24143.74,4828.75,43458.73
OI00002318-2,ORD00002318,PROD00213,3,11796.15,5308.27,30080.18
OI00002318-3,ORD00002318,PROD00189,3,4749.05,0.0,14247.15
OI00002318-4,ORD00002318,PROD00338,1,10521.18,0.0,10521.18
OI00002318-5,ORD00002318,PROD00238,1,16218.76,0.0,16218.76
OI00002319-1,ORD00002319,PROD00281,2,16522.7,1652.27,31393.13
OI00002319-2,ORD00002319,PROD00127,4,21020.66,0.0,84082.64
OI00002320-1,ORD00002320,PROD00249,3,13843.66,6229.65,35301.33
OI00002321-1,ORD00002321,PROD00002,2,11732.07,1173.21,22290.93
OI00002321-2,ORD00002321,PROD00064,2,2094.58,0.0,4189.16
OI00002321-3,ORD00002321,PROD00098,3,24035.74,0.0,72107.22
OI00002322-1,ORD00002322,PROD00074,4,5428.76,3257.26,18457.78
OI00002322-2,ORD00002322,PROD00079,1,9711.52,0.0,9711.52
OI00002323-1,ORD00002323,PROD00295,3,2274.03,0.0,6822.09
OI00002324-1,ORD00002324,PROD00206,1,22722.97,2272.3,20450.67
OI00002324-2,ORD00002324,PROD00141,2,15103.07,4530.92,25675.22
OI00002324-3,ORD00002324,PROD00007,4,18525.88,0.0,74103.52
OI00002325-1,ORD00002325,PROD00017,2,19254.54,5776.36,32732.72
OI00002325-2,ORD00002325,PROD00317,2,16337.28,1633.73,31040.83
OI00002325-3,ORD00002325,PROD00272,1,6955.22,1043.28,5911.94
OI00002326-1,ORD00002326,PROD00125,2,4153.82,415.38,7892.26
OI00002326-2,ORD00002326,PROD00065,4,11181.79,2236.36,42490.8
OI00002327-1,ORD00002327,PROD00260,1,2962.43,296.24,2666.19
OI00002327-2,ORD00002327,PROD00325,3,24143.74,3621.56,68809.66
OI00002327-3,ORD00002327,PROD00276,4,9301.09,5580.65,31623.71
OI00002328-1,ORD00002328,PROD00138,2,12060.91,0.0,24121.82
OI00002328-2,ORD00002328,PROD00104,4,15897.49,3179.5,60410.46
OI00002328-3,ORD00002328,PROD00178,4,20555.44,0.0,82221.76
OI00002329-1,ORD00002329,PROD00003,3,24605.45,0.0,73816.35
OI00002329-2,ORD00002329,PROD00208,4,11300.85,2260.17,42943.23
OI00002329-3,ORD00002329,PROD00331,2,15173.99,0.0,30347.98
OI00002329-4,ORD00002329,PROD00017,2,19254.54,0.0,38509.08
OI00002329-5,ORD00002329,PROD00204,1,17481.19,2622.18,14859.01
OI00002330-1,ORD00002330,PROD00125,3,4153.82,0.0,12461.46
OI00002330-2,ORD00002330,PROD00107,2,10358.42,0.0,20716.84
OI00002330-3,ORD00002330,PROD00103,1,21963.07,3294.46,18668.61
OI00002331-1,ORD00002331,PROD00144,1,4774.42,0.0,4774.42
OI00002331-2,ORD00002331,PROD00128,4,20549.76,0.0,82199.04
OI00002331-3,ORD00002331,PROD00276,1,9301.09,0.0,9301.09
OI00002331-4,ORD00002331,PROD00306,2,18198.52,3639.7,32757.34
OI00002332-1,ORD00002332,PROD00343,2,19579.2,3915.84,35242.56
OI00002332-2,ORD00002332,PROD00248,1,544.29,0.0,544.29
OI00002332-3,ORD00002332,PROD00249,2,13843.66,0.0,27687.32
OI00002333-1,ORD00002333,PROD00219,1,19321.62,1932.16,17389.46
OI00002333-2,ORD00002333,PROD00216,2,4489.61,0.0,8979.22
OI00002333-3,ORD00002333,PROD00195,3,9755.37,0.0,29266.11
OI00002333-4,ORD00002333,PROD00149,4,5172.64,0.0,20690.56
OI00002334-1,ORD00002334,PROD00283,2,5877.29,0.0,11754.58
OI00002334-2,ORD00002334,PROD00173,1,19657.54,2948.63,16708.91
OI00002334-3,ORD00002334,PROD00282,2,15862.74,1586.27,30139.21
OI00002334-4,ORD00002334,PROD00329,1,10605.13,0.0,10605.13
OI00002335-1,ORD00002335,PROD00149,1,5172.64,0.0,5172.64
OI00002335-2,ORD00002335,PROD00166,4,5219.63,2087.85,18790.67
OI00002335-3,ORD00002335,PROD00298,4,19293.46,11576.08,65597.76
OI00002335-4,ORD00002335,PROD00010,4,4667.93,0.0,18671.72
OI00002335-5,ORD00002335,PROD00315,1,14855.14,0.0,14855.14
OI00002336-1,ORD00002336,PROD00272,4,6955.22,1391.04,26429.84
OI00002336-2,ORD00002336,PROD00192,1,5187.01,518.7,4668.31
OI00002336-3,ORD00002336,PROD00110,4,9699.44,3879.78,34917.98
OI00002336-4,ORD00002336,PROD00048,4,2165.22,866.09,7794.79
OI00002337-1,ORD00002337,PROD00242,2,23459.95,0.0,46919.9
OI00002337-2,ORD00002337,PROD00270,4,6520.83,0.0,26083.32
OI00002338-1,ORD00002338,PROD00309,2,2478.12,0.0,4956.24
OI00002339-1,ORD00002339,PROD00247,1,10596.3,1589.44,9006.86
OI00002340-1,ORD00002340,PROD00335,4,11428.89,4571.56,41144.0
OI00002340-2,ORD00002340,PROD00268,2,17615.98,0.0,35231.96
OI00002340-3,ORD00002340,PROD00119,2,17032.97,1703.3,32362.64
OI00002341-1,ORD00002341,PROD00089,2,7704.52,1540.9,13868.14
OI00002341-2,ORD00002341,PROD00233,2,579.27,0.0,1158.54
OI00002342-1,ORD00002342,PROD00282,3,15862.74,2379.41,45208.81
OI00002342-2,ORD00002342,PROD00189,3,4749.05,0.0,14247.15
OI00002343-1,ORD00002343,PROD00280,1,11325.36,0.0,11325.36
OI00002343-2,ORD00002343,PROD00244,2,18055.76,5416.73,30694.79
OI00002343-3,ORD00002343,PROD00139,4,1559.26,0.0,6237.04
OI00002343-4,ORD00002343,PROD00205,4,22069.77,8827.91,79451.17
OI00002344-1,ORD00002344,PROD00332,1,966.51,0.0,966.51
OI00002344-2,ORD00002344,PROD00173,2,19657.54,3931.51,35383.57
OI00002344-3,ORD00002344,PROD00253,3,23510.11,0.0,70530.33
OI00002345-1,ORD00002345,PROD00097,1,19582.9,979.15,18603.75
OI00002346-1,ORD00002346,PROD00257,1,18404.82,0.0,18404.82
OI00002346-2,ORD00002346,PROD00099,2,16343.82,0.0,32687.64
OI00002346-3,ORD00002346,PROD00057,3,634.37,285.47,1617.64
OI00002346-4,ORD00002346,PROD00216,4,4489.61,0.0,17958.44
OI00002346-5,ORD00002346,PROD00010,1,4667.93,0.0,4667.93
OI00002347-1,ORD00002347,PROD00347,2,11947.7,0.0,23895.4
OI00002347-2,ORD00002347,PROD00168,2,13786.27,0.0,27572.54
OI00002347-3,ORD00002347,PROD00223,2,14073.25,0.0,28146.5
OI00002347-4,ORD00002347,PROD00197,1,14707.92,2206.19,12501.73
OI00002347-5,ORD00002347,PROD00291,2,16653.64,0.0,33307.28
OI00002348-1,ORD00002348,PROD00119,1,17032.97,851.65,16181.32
OI00002348-2,ORD00002348,PROD00049,3,1583.63,0.0,4750.89
OI00002349-1,ORD00002349,PROD00044,4,6687.09,0.0,26748.36
OI00002349-2,ORD00002349,PROD00309,3,2478.12,0.0,7434.36
OI00002349-3,ORD00002349,PROD00239,3,6094.11,0.0,18282.33
OI00002349-4,ORD00002349,PROD00172,1,9009.37,900.94,8108.43
OI00002350-1,ORD00002350,PROD00003,3,24605.45,3690.82,70125.53
OI00002351-1,ORD00002351,PROD00187,3,24432.22,0.0,73296.66
OI00002351-2,ORD00002351,PROD00242,4,23459.95,0.0,93839.8
OI00002352-1,ORD00002352,PROD00077,2,19060.68,3812.14,34309.22
OI00002353-1,ORD00002353,PROD00217,1,11079.35,0.0,11079.35
OI00002353-2,ORD00002353,PROD00151,2,4900.37,0.0,9800.74
OI00002353-3,ORD00002353,PROD00188,4,24505.29,4901.06,93120.1
OI00002354-1,ORD00002354,PROD00242,1,23459.95,1173.0,22286.95
OI00002354-2,ORD00002354,PROD00173,2,19657.54,0.0,39315.08
OI00002354-3,ORD00002354,PROD00066,4,21806.77,13084.06,74143.02
OI00002355-1,ORD00002355,PROD00162,4,5270.48,2108.19,18973.73
OI00002356-1,ORD00002356,PROD00245,1,7169.55,0.0,7169.55
OI00002357-1,ORD00002357,PROD00060,2,7484.13,0.0,14968.26
OI00002357-2,ORD00002357,PROD00257,3,18404.82,0.0,55214.46
OI00002357-3,ORD00002357,PROD00157,4,21965.78,4393.16,83469.96
OI00002358-1,ORD00002358,PROD00136,1,14715.94,1471.59,13244.35
OI00002358-2,ORD00002358,PROD00001,4,23270.16,4654.03,88426.61
OI00002358-3,ORD00002358,PROD00306,3,18198.52,0.0,54595.56
OI00002358-4,ORD00002358,PROD00163,1,4227.47,422.75,3804.72
OI00002359-1,ORD00002359,PROD00333,1,15073.5,753.68,14319.82
OI00002360-1,ORD00002360,PROD00333,1,15073.5,0.0,15073.5
OI00002360-2,ORD00002360,PROD00054,2,17451.9,1745.19,33158.61
OI00002361-1,ORD00002361,PROD00233,2,579.27,0.0,1158.54
OI00002362-1,ORD00002362,PROD00133,1,10071.99,0.0,10071.99
OI00002362-2,ORD00002362,PROD00033,1,8958.24,1343.74,7614.5
OI00002362-3,ORD00002362,PROD00333,3,15073.5,0.0,45220.5
OI00002362-4,ORD00002362,PROD00067,4,18306.34,10983.8,62241.56
OI00002363-1,ORD00002363,PROD00063,4,20579.93,0.0,82319.72
OI00002364-1,ORD00002364,PROD00063,3,20579.93,3086.99,58652.8
OI00002365-1,ORD00002365,PROD00075,2,1735.74,0.0,3471.48
OI00002365-2,ORD00002365,PROD00032,4,7626.11,0.0,30504.44
OI00002365-3,ORD00002365,PROD00065,1,11181.79,0.0,11181.79
OI00002365-4,ORD00002365,PROD00217,3,11079.35,1661.9,31576.15
OI00002365-5,ORD00002365,PROD00029,2,19909.52,3981.9,35837.14
OI00002366-1,ORD00002366,PROD00077,2,19060.68,0.0,38121.36
OI00002366-2,ORD00002366,PROD00217,4,11079.35,0.0,44317.4
OI00002366-3,ORD00002366,PROD00076,1,22512.17,1125.61,21386.56
OI00002366-4,ORD00002366,PROD00147,4,5524.18,0.0,22096.72
OI00002366-5,ORD00002366,PROD00167,2,7684.68,0.0,15369.36
OI00002367-1,ORD00002367,PROD00221,1,17014.99,0.0,17014.99
OI00002368-1,ORD00002368,PROD00115,3,24607.38,11073.32,62748.82
OI00002369-1,ORD00002369,PROD00307,1,13721.18,2058.18,11663.0
OI00002369-2,ORD00002369,PROD00248,4,544.29,217.72,1959.44
OI00002369-3,ORD00002369,PROD00165,4,17905.46,10743.28,60878.56
OI00002369-4,ORD00002369,PROD00193,1,9247.87,0.0,9247.87
OI00002369-5,ORD00002369,PROD00286,2,3240.14,0.0,6480.28
OI00002370-1,ORD00002370,PROD00328,3,24499.21,3674.88,69822.75
OI00002370-2,ORD00002370,PROD00157,4,21965.78,0.0,87863.12
OI00002370-3,ORD00002370,PROD00122,3,1221.77,549.8,3115.51
OI00002371-1,ORD00002371,PROD00245,1,7169.55,0.0,7169.55
OI00002371-2,ORD00002371,PROD00341,4,22735.67,9094.27,81848.41
OI00002371-3,ORD00002371,PROD00185,2,17159.78,0.0,34319.56
OI00002371-4,ORD00002371,PROD00124,1,24453.49,3668.02,20785.47
OI00002371-5,ORD00002371,PROD00248,3,544.29,0.0,1632.87
OI00002372-1,ORD00002372,PROD00060,3,7484.13,2245.24,20207.15
OI00002373-1,ORD00002373,PROD00184,2,20269.51,4053.9,36485.12
OI00002373-2,ORD00002373,PROD00011,3,13382.68,6022.21,34125.83
OI00002373-3,ORD00002373,PROD00337,3,17875.4,0.0,53626.2
OI00002373-4,ORD00002373,PROD00307,3,13721.18,2058.18,39105.36
OI00002373-5,ORD00002373,PROD00293,2,9456.41,1891.28,17021.54
OI00002374-1,ORD00002374,PROD00026,4,4075.27,0.0,16301.08
OI00002374-2,ORD00002374,PROD00311,2,22435.59,0.0,44871.18
OI00002374-3,ORD00002374,PROD00040,4,3967.96,2380.78,13491.06
OI00002374-4,ORD00002374,PROD00049,1,1583.63,158.36,1425.27
OI00002374-5,ORD00002374,PROD00178,3,20555.44,0.0,61666.32
OI00002375-1,ORD00002375,PROD00014,1,2236.5,111.83,2124.67
OI00002375-2,ORD00002375,PROD00258,2,17451.91,0.0,34903.82
OI00002375-3,ORD00002375,PROD00063,2,20579.93,6173.98,34985.88
OI00002375-4,ORD00002375,PROD00061,4,8790.91,3516.36,31647.28
OI00002375-5,ORD00002375,PROD00171,2,6861.84,1372.37,12351.31
OI00002376-1,ORD00002376,PROD00169,4,5792.93,1158.59,22013.13
OI00002376-2,ORD00002376,PROD00256,2,15892.74,0.0,31785.48
OI00002377-1,ORD00002377,PROD00064,4,2094.58,0.0,8378.32
OI00002377-2,ORD00002377,PROD00236,1,23089.06,0.0,23089.06
OI00002377-3,ORD00002377,PROD00048,2,2165.22,0.0,4330.44
OI00002377-4,ORD00002377,PROD00090,4,4577.37,2746.42,15563.06
OI00002378-1,ORD00002378,PROD00120,4,21353.8,0.0,85415.2
OI00002378-2,ORD00002378,PROD00093,1,23736.46,3560.47,20175.99
OI00002378-3,ORD00002378,PROD00159,2,24425.69,0.0,48851.38
OI00002378-4,ORD00002378,PROD00312,3,9087.53,0.0,27262.59
OI00002379-1,ORD00002379,PROD00333,4,15073.5,0.0,60294.0
OI00002379-2,ORD00002379,PROD00317,3,16337.28,0.0,49011.84
OI00002379-3,ORD00002379,PROD00176,1,24960.21,3744.03,21216.18
OI00002380-1,ORD00002380,PROD00295,3,2274.03,0.0,6822.09
OI00002381-1,ORD00002381,PROD00115,4,24607.38,0.0,98429.52
OI00002381-2,ORD00002381,PROD00344,2,2433.74,243.37,4624.11
OI00002381-3,ORD00002381,PROD00108,4,19693.27,7877.31,70895.77
OI00002381-4,ORD00002381,PROD00179,4,21643.38,0.0,86573.52
OI00002381-5,ORD00002381,PROD00114,1,7054.87,352.74,6702.13
OI00002382-1,ORD00002382,PROD00054,1,17451.9,2617.79,14834.11
OI00002382-2,ORD00002382,PROD00326,1,13890.31,0.0,13890.31
OI00002382-3,ORD00002382,PROD00336,2,1810.42,0.0,3620.84
OI00002383-1,ORD00002383,PROD00092,3,5103.86,765.58,14546.0
OI00002384-1,ORD00002384,PROD00088,2,13567.39,0.0,27134.78
OI00002385-1,ORD00002385,PROD00248,2,544.29,108.86,979.72
OI00002385-2,ORD00002385,PROD00165,4,17905.46,0.0,71621.84
OI00002385-3,ORD00002385,PROD00295,3,2274.03,0.0,6822.09
OI00002385-4,ORD00002385,PROD00300,1,20412.89,0.0,20412.89
OI00002385-5,ORD00002385,PROD00246,1,2046.4,204.64,1841.76
OI00002386-1,ORD00002386,PROD00064,2,2094.58,0.0,4189.16
OI00002386-2,ORD00002386,PROD00218,2,9795.93,0.0,19591.86
OI00002387-1,ORD00002387,PROD00108,4,19693.27,0.0,78773.08
OI00002387-2,ORD00002387,PROD00191,1,719.62,71.96,647.66
OI00002387-3,ORD00002387,PROD00119,1,17032.97,851.65,16181.32
OI00002387-4,ORD00002387,PROD00279,3,690.73,0.0,2072.19
OI00002387-5,ORD00002387,PROD00307,2,13721.18,2744.24,24698.12
OI00002388-1,ORD00002388,PROD00119,1,17032.97,0.0,17032.97
OI00002388-2,ORD00002388,PROD00115,2,24607.38,2460.74,46754.02
OI00002388-3,ORD00002388,PROD00032,3,7626.11,2287.83,20590.5
OI00002388-4,ORD00002388,PROD00137,4,22614.03,0.0,90456.12
OI00002389-1,ORD00002389,PROD00008,1,2128.1,0.0,2128.1
OI00002389-2,ORD00002389,PROD00120,3,21353.8,0.0,64061.4
OI00002389-3,ORD00002389,PROD00333,2,15073.5,0.0,30147.0
OI00002389-4,ORD00002389,PROD00136,1,14715.94,2207.39,12508.55
OI00002390-1,ORD00002390,PROD00265,3,18730.82,0.0,56192.46
OI00002390-2,ORD00002390,PROD00070,3,23046.35,3456.95,65682.1
OI00002391-1,ORD00002391,PROD00113,4,20219.94,0.0,80879.76
OI00002391-2,ORD00002391,PROD00191,4,719.62,0.0,2878.48
OI00002391-3,ORD00002391,PROD00052,3,22735.31,0.0,68205.93
OI00002392-1,ORD00002392,PROD00349,4,22965.12,0.0,91860.48
OI00002392-2,ORD00002392,PROD00331,4,15173.99,0.0,60695.96
OI00002392-3,ORD00002392,PROD00120,1,21353.8,0.0,21353.8
OI00002392-4,ORD00002392,PROD00294,1,20220.76,3033.11,17187.65
OI00002393-1,ORD00002393,PROD00014,2,2236.5,223.65,4249.35
OI00002393-2,ORD00002393,PROD00106,1,16178.76,0.0,16178.76
OI00002394-1,ORD00002394,PROD00239,1,6094.11,0.0,6094.11
OI00002395-1,ORD00002395,PROD00298,2,19293.46,0.0,38586.92
OI00002395-2,ORD00002395,PROD00008,3,2128.1,0.0,6384.3
OI00002395-3,ORD00002395,PROD00265,2,18730.82,0.0,37461.64
OI00002395-4,ORD00002395,PROD00245,2,7169.55,0.0,14339.1
OI00002395-5,ORD00002395,PROD00201,2,17522.9,0.0,35045.8
OI00002396-1,ORD00002396,PROD00245,2,7169.55,0.0,14339.1
OI00002396-2,ORD00002396,PROD00185,3,17159.78,0.0,51479.34
OI00002396-3,ORD00002396,PROD00218,3,9795.93,0.0,29387.79
OI00002397-1,ORD00002397,PROD00320,1,624.52,0.0,624.52
OI00002397-2,ORD00002397,PROD00013,4,7604.86,0.0,30419.44
OI00002397-3,ORD00002397,PROD00018,3,22565.26,3384.79,64310.99
OI00002397-4,ORD00002397,PROD00281,1,16522.7,0.0,16522.7
OI00002398-1,ORD00002398,PROD00213,3,11796.15,0.0,35388.45
OI00002398-2,ORD00002398,PROD00165,4,17905.46,0.0,71621.84
OI00002398-3,ORD00002398,PROD00229,1,6335.91,950.39,5385.52
OI00002398-4,ORD00002398,PROD00229,3,6335.91,0.0,19007.73
OI00002398-5,ORD00002398,PROD00095,1,13874.18,0.0,13874.18
OI00002399-1,ORD00002399,PROD00341,3,22735.67,3410.35,64796.66
OI00002399-2,ORD00002399,PROD00248,3,544.29,0.0,1632.87
OI00002399-3,ORD00002399,PROD00289,2,10900.59,0.0,21801.18
OI00002400-1,ORD00002400,PROD00348,2,16456.2,0.0,32912.4
OI00002400-2,ORD00002400,PROD00013,1,7604.86,0.0,7604.86
OI00002400-3,ORD00002400,PROD00132,1,1691.47,0.0,1691.47
OI00002400-4,ORD00002400,PROD00018,3,22565.26,10154.37,57541.41
OI00002400-5,ORD00002400,PROD00323,1,10163.0,508.15,9654.85
OI00002401-1,ORD00002401,PROD00222,3,18114.09,0.0,54342.27
OI00002401-2,ORD00002401,PROD00266,3,20418.91,0.0,61256.73
OI00002401-3,ORD00002401,PROD00026,1,4075.27,0.0,4075.27
OI00002402-1,ORD00002402,PROD00184,3,20269.51,6080.85,54727.68
OI00002402-2,ORD00002402,PROD00237,4,6989.25,2795.7,25161.3
OI00002402-3,ORD00002402,PROD00109,3,16822.54,7570.14,42897.48
OI00002403-1,ORD00002403,PROD00145,2,21307.62,0.0,42615.24
OI00002404-1,ORD00002404,PROD00043,2,20878.59,4175.72,37581.46
OI00002405-1,ORD00002405,PROD00058,2,18176.41,5452.92,30899.9
OI00002405-2,ORD00002405,PROD00055,4,2152.81,0.0,8611.24
OI00002405-3,ORD00002405,PROD00091,3,3604.39,0.0,10813.17
OI00002405-4,ORD00002405,PROD00286,1,3240.14,0.0,3240.14
OI00002405-5,ORD00002405,PROD00290,3,19169.41,5750.82,51757.41
OI00002406-1,ORD00002406,PROD00225,1,4381.86,219.09,4162.77
OI00002407-1,ORD00002407,PROD00339,4,696.45,0.0,2785.8
OI00002407-2,ORD00002407,PROD00052,1,22735.31,3410.3,19325.01
OI00002407-3,ORD00002407,PROD00118,2,22031.03,6609.31,37452.75
OI00002407-4,ORD00002407,PROD00127,1,21020.66,2102.07,18918.59
OI00002408-1,ORD00002408,PROD00193,1,9247.87,462.39,8785.48
OI00002408-2,ORD00002408,PROD00262,3,20752.25,0.0,62256.75
OI00002408-3,ORD00002408,PROD00143,4,8628.21,3451.28,31061.56
OI00002409-1,ORD00002409,PROD00129,3,19114.26,0.0,57342.78
OI00002409-2,ORD00002409,PROD00341,2,22735.67,0.0,45471.34
OI00002410-1,ORD00002410,PROD00140,3,14612.46,2191.87,41645.51
OI00002410-2,ORD00002410,PROD00305,2,17525.16,3505.03,31545.29
OI00002411-1,ORD00002411,PROD00154,3,21079.89,0.0,63239.67
OI00002411-2,ORD00002411,PROD00003,3,24605.45,3690.82,70125.53
OI00002411-3,ORD00002411,PROD00174,3,13673.35,2051.0,38969.05
OI00002412-1,ORD00002412,PROD00254,1,10249.25,1537.39,8711.86
OI00002412-2,ORD00002412,PROD00245,2,7169.55,716.96,13622.14
OI00002412-3,ORD00002412,PROD00204,4,17481.19,3496.24,66428.52
OI00002412-4,ORD00002412,PROD00131,4,1596.96,0.0,6387.84
OI00002412-5,ORD00002412,PROD00232,1,12800.1,0.0,12800.1
OI00002413-1,ORD00002413,PROD00276,4,9301.09,0.0,37204.36
OI00002414-1,ORD00002414,PROD00223,4,14073.25,2814.65,53478.35
OI00002414-2,ORD00002414,PROD00218,4,9795.93,0.0,39183.72
OI00002414-3,ORD00002414,PROD00313,1,23762.43,2376.24,21386.19
OI00002414-4,ORD00002414,PROD00062,2,17873.06,0.0,35746.12
OI00002415-1,ORD00002415,PROD00108,1,19693.27,984.66,18708.61
OI00002415-2,ORD00002415,PROD00223,4,14073.25,0.0,56293.0
OI00002415-3,ORD00002415,PROD00272,3,6955.22,1043.28,19822.38
OI00002415-4,ORD00002415,PROD00230,3,8334.56,2500.37,22503.31
OI00002415-5,ORD00002415,PROD00060,1,7484.13,1122.62,6361.51
OI00002416-1,ORD00002416,PROD00249,1,13843.66,2076.55,11767.11
OI00002416-2,ORD00002416,PROD00156,3,6041.74,906.26,17218.96
OI00002416-3,ORD00002416,PROD00245,4,7169.55,0.0,28678.2
OI00002416-4,ORD00002416,PROD00140,1,14612.46,0.0,14612.46
OI00002417-1,ORD00002417,PROD00044,3,6687.09,0.0,20061.27
OI00002418-1,ORD00002418,PROD00319,3,339.48,50.92,967.52
OI00002418-2,ORD00002418,PROD00166,2,5219.63,0.0,10439.26
OI00002418-3,ORD00002418,PROD00200,2,18445.4,1844.54,35046.26
OI00002418-4,ORD00002418,PROD00133,3,10071.99,4532.4,25683.57
OI00002418-5,ORD00002418,PROD00282,3,15862.74,0.0,47588.22
OI00002419-1,ORD00002419,PROD00108,2,19693.27,0.0,39386.54
OI00002419-2,ORD00002419,PROD00140,2,14612.46,0.0,29224.92
OI00002419-3,ORD00002419,PROD00171,1,6861.84,686.18,6175.66
OI00002419-4,ORD00002419,PROD00175,2,18643.02,0.0,37286.04
OI00002420-1,ORD00002420,PROD00244,4,18055.76,7222.3,65000.74
OI00002420-2,ORD00002420,PROD00168,4,13786.27,0.0,55145.08
OI00002421-1,ORD00002421,PROD00012,2,11531.07,1153.11,21909.03
OI00002421-2,ORD00002421,PROD00217,1,11079.35,1661.9,9417.45
OI00002421-3,ORD00002421,PROD00096,4,7650.09,1530.02,29070.34
OI00002421-4,ORD00002421,PROD00349,3,22965.12,0.0,68895.36
OI00002422-1,ORD00002422,PROD00029,4,19909.52,7963.81,71674.27
OI00002423-1,ORD00002423,PROD00240,3,15221.18,0.0,45663.54
OI00002423-2,ORD00002423,PROD00143,4,8628.21,0.0,34512.84
OI00002423-3,ORD00002423,PROD00216,3,4489.61,1346.88,12121.95
OI00002423-4,ORD00002423,PROD00034,1,20180.05,1009.0,19171.05
OI00002424-1,ORD00002424,PROD00089,3,7704.52,2311.36,20802.2
OI00002424-2,ORD00002424,PROD00091,3,3604.39,0.0,10813.17
OI00002424-3,ORD00002424,PROD00051,4,10511.67,4204.67,37842.01
OI00002424-4,ORD00002424,PROD00038,3,19552.23,2932.83,55723.86
OI00002425-1,ORD00002425,PROD00073,2,3596.39,0.0,7192.78
OI00002425-2,ORD00002425,PROD00245,1,7169.55,0.0,7169.55
OI00002425-3,ORD00002425,PROD00269,1,14198.95,0.0,14198.95
OI00002425-4,ORD00002425,PROD00111,3,11594.18,5217.38,29565.16
OI00002425-5,ORD00002425,PROD00297,1,1594.03,0.0,1594.03
OI00002426-1,ORD00002426,PROD00294,2,20220.76,0.0,40441.52
OI00002426-2,ORD00002426,PROD00320,3,624.52,0.0,1873.56
OI00002426-3,ORD00002426,PROD00283,1,5877.29,0.0,5877.29
OI00002426-4,ORD00002426,PROD00195,3,9755.37,2926.61,26339.5
OI00002427-1,ORD00002427,PROD00154,4,21079.89,0.0,84319.56
OI00002427-2,ORD00002427,PROD00021,2,21222.98,0.0,42445.96
OI00002427-3,ORD00002427,PROD00055,2,2152.81,430.56,3875.06
OI00002427-4,ORD00002427,PROD00237,1,6989.25,0.0,6989.25
OI00002427-5,ORD00002427,PROD00223,3,14073.25,4221.98,37997.77
OI00002428-1,ORD00002428,PROD00119,1,17032.97,0.0,17032.97
OI00002428-2,ORD00002428,PROD00309,4,2478.12,495.62,9416.86
OI00002429-1,ORD00002429,PROD00097,2,19582.9,5874.87,33290.93
OI00002429-2,ORD00002429,PROD00247,3,10596.3,4768.34,27020.56
OI00002429-3,ORD00002429,PROD00147,2,5524.18,1104.84,9943.52
OI00002430-1,ORD00002430,PROD00124,3,24453.49,11004.07,62356.4
OI00002430-2,ORD00002430,PROD00282,3,15862.74,0.0,47588.22
OI00002430-3,ORD00002430,PROD00125,1,4153.82,623.07,3530.75
OI00002430-4,ORD00002430,PROD00092,4,5103.86,1020.77,19394.67
OI00002431-1,ORD00002431,PROD00206,2,22722.97,0.0,45445.94
OI00002432-1,ORD00002432,PROD00317,2,16337.28,0.0,32674.56
OI00002432-2,ORD00002432,PROD00336,3,1810.42,814.69,4616.57
OI00002432-3,ORD00002432,PROD00262,2,20752.25,6225.68,35278.82
OI00002432-4,ORD00002432,PROD00239,2,6094.11,609.41,11578.81
OI00002433-1,ORD00002433,PROD00341,3,22735.67,6820.7,61386.31
OI00002433-2,ORD00002433,PROD00041,2,18327.17,3665.43,32988.91
OI00002433-3,ORD00002433,PROD00224,4,23476.13,0.0,93904.52
OI00002433-4,ORD00002433,PROD00260,4,2962.43,592.49,11257.23
OI00002433-5,ORD00002433,PROD00132,4,1691.47,676.59,6089.29
OI00002434-1,ORD00002434,PROD00085,4,20182.68,8073.07,72657.65
OI00002434-2,ORD00002434,PROD00196,3,10833.41,0.0,32500.23
OI00002434-3,ORD00002434,PROD00145,1,21307.62,3196.14,18111.48
OI00002434-4,ORD00002434,PROD00163,4,4227.47,0.0,16909.88
OI00002435-1,ORD00002435,PROD00040,1,3967.96,198.4,3769.56
OI00002435-2,ORD00002435,PROD00053,1,17522.36,0.0,17522.36
OI00002435-3,ORD00002435,PROD00305,3,17525.16,0.0,52575.48
OI00002436-1,ORD00002436,PROD00271,1,21715.63,0.0,21715.63
OI00002436-2,ORD00002436,PROD00318,4,21629.15,0.0,86516.6
OI00002436-3,ORD00002436,PROD00184,3,20269.51,0.0,60808.53
OI00002436-4,ORD00002436,PROD00041,2,18327.17,0.0,36654.34
OI00002437-1,ORD00002437,PROD00262,3,20752.25,0.0,62256.75
OI00002437-2,ORD00002437,PROD00203,4,9647.39,0.0,38589.56
OI00002437-3,ORD00002437,PROD00047,2,23596.32,2359.63,44833.01
OI00002438-1,ORD00002438,PROD00048,4,2165.22,0.0,8660.88
OI00002438-2,ORD00002438,PROD00213,1,11796.15,589.81,11206.34
OI00002439-1,ORD00002439,PROD00110,4,9699.44,0.0,38797.76
OI00002439-2,ORD00002439,PROD00121,4,17020.33,10212.2,57869.12
OI00002439-3,ORD00002439,PROD00338,1,10521.18,0.0,10521.18
OI00002439-4,ORD00002439,PROD00003,1,24605.45,3690.82,20914.63
OI00002440-1,ORD00002440,PROD00316,2,3014.12,0.0,6028.24
OI00002440-2,ORD00002440,PROD00347,3,11947.7,0.0,35843.1
OI00002440-3,ORD00002440,PROD00001,4,23270.16,0.0,93080.64
OI00002440-4,ORD00002440,PROD00107,4,10358.42,0.0,41433.68
OI00002440-5,ORD00002440,PROD00139,4,1559.26,311.85,5925.19
OI00002441-1,ORD00002441,PROD00128,3,20549.76,6164.93,55484.35
OI00002441-2,ORD00002441,PROD00022,3,973.58,146.04,2774.7
OI00002441-3,ORD00002441,PROD00043,1,20878.59,2087.86,18790.73
OI00002442-1,ORD00002442,PROD00125,1,4153.82,623.07,3530.75
OI00002442-2,ORD00002442,PROD00058,3,18176.41,5452.92,49076.31
OI00002442-3,ORD00002442,PROD00322,4,14307.01,0.0,57228.04
OI00002443-1,ORD00002443,PROD00254,4,10249.25,4099.7,36897.3
OI00002443-2,ORD00002443,PROD00224,4,23476.13,0.0,93904.52
OI00002443-3,ORD00002443,PROD00168,3,13786.27,4135.88,37222.93
OI00002444-1,ORD00002444,PROD00140,2,14612.46,0.0,29224.92
OI00002445-1,ORD00002445,PROD00340,4,17115.28,0.0,68461.12
OI00002445-2,ORD00002445,PROD00252,3,21548.3,0.0,64644.9
OI00002445-3,ORD00002445,PROD00055,2,2152.81,215.28,4090.34
OI00002446-1,ORD00002446,PROD00196,1,10833.41,0.0,10833.41
OI00002447-1,ORD00002447,PROD00182,4,5279.14,0.0,21116.56
OI00002447-2,ORD00002447,PROD00286,2,3240.14,324.01,6156.27
OI00002447-3,ORD00002447,PROD00252,4,21548.3,0.0,86193.2
OI00002448-1,ORD00002448,PROD00143,2,8628.21,1725.64,15530.78
OI00002448-2,ORD00002448,PROD00134,2,11362.61,3408.78,19316.44
OI00002448-3,ORD00002448,PROD00208,4,11300.85,6780.51,38422.89
OI00002449-1,ORD00002449,PROD00117,4,1680.75,1008.45,5714.55
OI00002450-1,ORD00002450,PROD00228,1,24578.41,0.0,24578.41
OI00002450-2,ORD00002450,PROD00074,3,5428.76,0.0,16286.28
OI00002450-3,ORD00002450,PROD00211,1,2911.33,0.0,2911.33
OI00002450-4,ORD00002450,PROD00077,1,19060.68,953.03,18107.65
OI00002450-5,ORD00002450,PROD00196,1,10833.41,541.67,10291.74
OI00002451-1,ORD00002451,PROD00113,4,20219.94,0.0,80879.76
OI00002451-2,ORD00002451,PROD00296,4,3229.07,0.0,12916.28
OI00002451-3,ORD00002451,PROD00344,2,2433.74,486.75,4380.73
OI00002452-1,ORD00002452,PROD00129,1,19114.26,955.71,18158.55
OI00002452-2,ORD00002452,PROD00043,3,20878.59,0.0,62635.77
OI00002452-3,ORD00002452,PROD00015,4,21482.35,4296.47,81632.93
OI00002453-1,ORD00002453,PROD00275,1,23306.6,0.0,23306.6
OI00002454-1,ORD00002454,PROD00189,3,4749.05,712.36,13534.79
OI00002454-2,ORD00002454,PROD00224,1,23476.13,2347.61,21128.52
OI00002454-3,ORD00002454,PROD00321,4,19868.88,3973.78,75501.74
OI00002455-1,ORD00002455,PROD00310,2,11465.44,0.0,22930.88
OI00002456-1,ORD00002456,PROD00106,1,16178.76,2426.81,13751.95
OI00002456-2,ORD00002456,PROD00304,2,24529.51,0.0,49059.02
OI00002456-3,ORD00002456,PROD00186,2,8185.68,818.57,15552.79
OI00002457-1,ORD00002457,PROD00238,3,16218.76,7298.44,41357.84
OI00002457-2,ORD00002457,PROD00028,1,3322.41,0.0,3322.41
OI00002457-3,ORD00002457,PROD00024,3,13853.73,4156.12,37405.07
OI00002457-4,ORD00002457,PROD00300,3,20412.89,0.0,61238.67
OI00002458-1,ORD00002458,PROD00344,2,2433.74,0.0,4867.48
OI00002458-2,ORD00002458,PROD00208,2,11300.85,0.0,22601.7
OI00002459-1,ORD00002459,PROD00277,1,16643.7,0.0,16643.7
OI00002459-2,ORD00002459,PROD00184,4,20269.51,12161.71,68916.33
OI00002459-3,ORD00002459,PROD00020,1,1320.51,66.03,1254.48
OI00002459-4,ORD00002459,PROD00333,2,15073.5,4522.05,25624.95
OI00002459-5,ORD00002459,PROD00025,4,12394.98,7436.99,42142.93
OI00002460-1,ORD00002460,PROD00317,3,16337.28,4901.18,44110.66
OI00002460-2,ORD00002460,PROD00055,3,2152.81,0.0,6458.43
OI00002460-3,ORD00002460,PROD00201,4,17522.9,3504.58,66587.02
OI00002461-1,ORD00002461,PROD00178,4,20555.44,12333.26,69888.5
OI00002461-2,ORD00002461,PROD00099,4,16343.82,0.0,65375.28
OI00002461-3,ORD00002461,PROD00068,3,12144.87,0.0,36434.61
OI00002461-4,ORD00002461,PROD00193,4,9247.87,0.0,36991.48
OI00002462-1,ORD00002462,PROD00185,1,17159.78,1715.98,15443.8
OI00002462-2,ORD00002462,PROD00011,4,13382.68,5353.07,48177.65
OI00002462-3,ORD00002462,PROD00138,1,12060.91,1206.09,10854.82
OI00002463-1,ORD00002463,PROD00275,2,23306.6,6991.98,39621.22
OI00002464-1,ORD00002464,PROD00200,3,18445.4,5533.62,49802.58
OI00002464-2,ORD00002464,PROD00150,3,1889.59,0.0,5668.77
OI00002464-3,ORD00002464,PROD00289,2,10900.59,0.0,21801.18
OI00002464-4,ORD00002464,PROD00003,3,24605.45,3690.82,70125.53
OI00002465-1,ORD00002465,PROD00312,4,9087.53,0.0,36350.12
OI00002465-2,ORD00002465,PROD00197,3,14707.92,4412.38,39711.38
OI00002465-3,ORD00002465,PROD00350,2,17684.33,1768.43,33600.23
OI00002465-4,ORD00002465,PROD00191,1,719.62,0.0,719.62
OI00002465-5,ORD00002465,PROD00145,4,21307.62,8523.05,76707.43
OI00002466-1,ORD00002466,PROD00008,2,2128.1,212.81,4043.39
OI00002466-2,ORD00002466,PROD00336,1,1810.42,0.0,1810.42
OI00002466-3,ORD00002466,PROD00234,4,18943.28,0.0,75773.12
OI00002466-4,ORD00002466,PROD00189,1,4749.05,0.0,4749.05
OI00002467-1,ORD00002467,PROD00320,3,624.52,93.68,1779.88
OI00002468-1,ORD00002468,PROD00001,3,23270.16,0.0,69810.48
OI00002468-2,ORD00002468,PROD00249,3,13843.66,0.0,41530.98
OI00002468-3,ORD00002468,PROD00196,2,10833.41,2166.68,19500.14
OI00002468-4,ORD00002468,PROD00085,3,20182.68,0.0,60548.04
OI00002468-5,ORD00002468,PROD00228,2,24578.41,0.0,49156.82
OI00002469-1,ORD00002469,PROD00275,3,23306.6,0.0,69919.8
OI00002469-2,ORD00002469,PROD00164,3,12489.77,0.0,37469.31
OI00002470-1,ORD00002470,PROD00048,4,2165.22,866.09,7794.79
OI00002471-1,ORD00002471,PROD00107,1,10358.42,1035.84,9322.58
OI00002472-1,ORD00002472,PROD00149,1,5172.64,0.0,5172.64
OI00002473-1,ORD00002473,PROD00141,3,15103.07,0.0,45309.21
OI00002474-1,ORD00002474,PROD00111,2,11594.18,1159.42,22028.94
OI00002474-2,ORD00002474,PROD00209,2,1876.23,187.62,3564.84
OI00002475-1,ORD00002475,PROD00104,1,15897.49,1589.75,14307.74
OI00002475-2,ORD00002475,PROD00078,3,3767.12,0.0,11301.36
OI00002475-3,ORD00002475,PROD00105,1,8573.66,428.68,8144.98
OI00002475-4,ORD00002475,PROD00027,3,12715.52,1907.33,36239.23
OI00002475-5,ORD00002475,PROD00102,4,7550.93,0.0,30203.72
OI00002476-1,ORD00002476,PROD00105,4,8573.66,0.0,34294.64
OI00002477-1,ORD00002477,PROD00036,2,19263.87,1926.39,36601.35
OI00002477-2,ORD00002477,PROD00200,3,18445.4,0.0,55336.2
OI00002477-3,ORD00002477,PROD00221,3,17014.99,0.0,51044.97
OI00002477-4,ORD00002477,PROD00219,3,19321.62,8694.73,49270.13
OI00002477-5,ORD00002477,PROD00100,1,14966.8,2245.02,12721.78
OI00002478-1,ORD00002478,PROD00061,3,8790.91,0.0,26372.73
OI00002478-2,ORD00002478,PROD00279,3,690.73,0.0,2072.19
OI00002478-3,ORD00002478,PROD00151,4,4900.37,2940.22,16661.26
OI00002478-4,ORD00002478,PROD00120,1,21353.8,2135.38,19218.42
OI00002478-5,ORD00002478,PROD00230,4,8334.56,1666.91,31671.33
OI00002479-1,ORD00002479,PROD00080,2,16165.62,0.0,32331.24
OI00002479-2,ORD00002479,PROD00114,2,7054.87,0.0,14109.74
OI00002479-3,ORD00002479,PROD00339,4,696.45,0.0,2785.8
OI00002480-1,ORD00002480,PROD00254,1,10249.25,0.0,10249.25
OI00002480-2,ORD00002480,PROD00003,1,24605.45,0.0,24605.45
OI00002481-1,ORD00002481,PROD00021,4,21222.98,12733.79,72158.13
OI00002481-2,ORD00002481,PROD00079,4,9711.52,0.0,38846.08
OI00002481-3,ORD00002481,PROD00083,4,3051.07,0.0,12204.28
OI00002481-4,ORD00002481,PROD00245,4,7169.55,1433.91,27244.29
OI00002482-1,ORD00002482,PROD00100,1,14966.8,1496.68,13470.12
OI00002482-2,ORD00002482,PROD00270,2,6520.83,0.0,13041.66
OI00002482-3,ORD00002482,PROD00098,1,24035.74,2403.57,21632.17
OI00002482-4,ORD00002482,PROD00236,1,23089.06,0.0,23089.06
OI00002483-1,ORD00002483,PROD00186,1,8185.68,818.57,7367.11
OI00002483-2,ORD00002483,PROD00203,2,9647.39,0.0,19294.78
OI00002483-3,ORD00002483,PROD00002,4,11732.07,0.0,46928.28
OI00002483-4,ORD00002483,PROD00207,4,1959.51,783.8,7054.24
OI00002484-1,ORD00002484,PROD00006,1,8918.67,445.93,8472.74
OI00002484-2,ORD00002484,PROD00205,1,22069.77,0.0,22069.77
OI00002484-3,ORD00002484,PROD00250,1,7116.48,0.0,7116.48
OI00002484-4,ORD00002484,PROD00084,3,6169.9,0.0,18509.7
OI00002485-1,ORD00002485,PROD00217,1,11079.35,1661.9,9417.45
OI00002486-1,ORD00002486,PROD00313,4,23762.43,9504.97,85544.75
OI00002486-2,ORD00002486,PROD00227,1,1146.28,0.0,1146.28
OI00002486-3,ORD00002486,PROD00064,1,2094.58,209.46,1885.12
OI00002486-4,ORD00002486,PROD00032,2,7626.11,0.0,15252.22
OI00002486-5,ORD00002486,PROD00287,1,4242.92,424.29,3818.63
OI00002487-1,ORD00002487,PROD00283,1,5877.29,0.0,5877.29
OI00002487-2,ORD00002487,PROD00274,2,2466.2,0.0,4932.4
OI00002487-3,ORD00002487,PROD00131,4,1596.96,0.0,6387.84
OI00002487-4,ORD00002487,PROD00277,4,16643.7,9986.22,56588.58
OI00002488-1,ORD00002488,PROD00036,1,19263.87,963.19,18300.68
OI00002488-2,ORD00002488,PROD00217,4,11079.35,0.0,44317.4
OI00002489-1,ORD00002489,PROD00114,1,7054.87,705.49,6349.38
OI00002489-2,ORD00002489,PROD00256,1,15892.74,2383.91,13508.83
OI00002489-3,ORD00002489,PROD00109,4,16822.54,6729.02,60561.14
OI00002490-1,ORD00002490,PROD00270,4,6520.83,0.0,26083.32
OI00002490-2,ORD00002490,PROD00148,1,15616.8,0.0,15616.8
OI00002490-3,ORD00002490,PROD00164,4,12489.77,4995.91,44963.17
OI00002490-4,ORD00002490,PROD00326,1,13890.31,0.0,13890.31
OI00002491-1,ORD00002491,PROD00245,3,7169.55,1075.43,20433.22
OI00002492-1,ORD00002492,PROD00127,2,21020.66,0.0,42041.32
OI00002492-2,ORD00002492,PROD00255,2,4895.99,489.6,9302.38
OI00002492-3,ORD00002492,PROD00116,1,4303.4,0.0,4303.4
OI00002493-1,ORD00002493,PROD00159,1,24425.69,1221.28,23204.41
OI00002493-2,ORD00002493,PROD00267,3,16380.3,7371.13,41769.77
OI00002493-3,ORD00002493,PROD00206,3,22722.97,0.0,68168.91
OI00002493-4,ORD00002493,PROD00059,3,15693.39,2354.01,44726.16
OI00002493-5,ORD00002493,PROD00230,3,8334.56,1250.18,23753.5
OI00002494-1,ORD00002494,PROD00262,3,20752.25,3112.84,59143.91
OI00002494-2,ORD00002494,PROD00176,2,24960.21,0.0,49920.42
OI00002494-3,ORD00002494,PROD00176,3,24960.21,0.0,74880.63
OI00002494-4,ORD00002494,PROD00135,3,8523.43,2557.03,23013.26
OI00002495-1,ORD00002495,PROD00311,1,22435.59,1121.78,21313.81
OI00002495-2,ORD00002495,PROD00083,2,3051.07,915.32,5186.82
OI00002495-3,ORD00002495,PROD00216,4,4489.61,1795.84,16162.6
OI00002495-4,ORD00002495,PROD00139,1,1559.26,77.96,1481.3
OI00002495-5,ORD00002495,PROD00342,1,296.09,0.0,296.09
OI00002496-1,ORD00002496,PROD00120,4,21353.8,12812.28,72602.92
OI00002496-2,ORD00002496,PROD00276,2,9301.09,0.0,18602.18
OI00002496-3,ORD00002496,PROD00316,2,3014.12,0.0,6028.24
OI00002496-4,ORD00002496,PROD00275,4,23306.6,0.0,93226.4
OI00002497-1,ORD00002497,PROD00096,4,7650.09,1530.02,29070.34
OI00002497-2,ORD00002497,PROD00045,1,3832.7,0.0,3832.7
OI00002497-3,ORD00002497,PROD00185,4,17159.78,0.0,68639.12
OI00002497-4,ORD00002497,PROD00255,3,4895.99,2203.2,12484.77
OI00002498-1,ORD00002498,PROD00157,2,21965.78,2196.58,41734.98
OI00002499-1,ORD00002499,PROD00017,1,19254.54,2888.18,16366.36
OI00002499-2,ORD00002499,PROD00040,2,3967.96,396.8,7539.12
OI00002499-3,ORD00002499,PROD00212,3,11560.86,1734.13,32948.45
OI00002499-4,ORD00002499,PROD00326,1,13890.31,1389.03,12501.28
OI00002500-1,ORD00002500,PROD00043,1,20878.59,0.0,20878.59
OI00002500-2,ORD00002500,PROD00306,1,18198.52,909.93,17288.59
OI00002500-3,ORD00002500,PROD00201,3,17522.9,7885.31,44683.39
OI00002500-4,ORD00002500,PROD00304,3,24529.51,0.0,73588.53
OI00002500-5,ORD00002500,PROD00174,3,13673.35,6153.01,34867.04
OI00002501-1,ORD00002501,PROD00138,4,12060.91,0.0,48243.64
OI00002501-2,ORD00002501,PROD00336,4,1810.42,1086.25,6155.43
OI00002501-3,ORD00002501,PROD00153,2,8528.45,0.0,17056.9
OI00002501-4,ORD00002501,PROD00332,3,966.51,0.0,2899.53
OI00002501-5,ORD00002501,PROD00067,3,18306.34,8237.85,46681.17
OI00002502-1,ORD00002502,PROD00081,1,14048.06,702.4,13345.66
OI00002502-2,ORD00002502,PROD00204,3,17481.19,2622.18,49821.39
OI00002503-1,ORD00002503,PROD00348,4,16456.2,0.0,65824.8
OI00002503-2,ORD00002503,PROD00061,4,8790.91,0.0,35163.64
OI00002503-3,ORD00002503,PROD00110,3,9699.44,0.0,29098.32
OI00002503-4,ORD00002503,PROD00328,2,24499.21,0.0,48998.42
OI00002503-5,ORD00002503,PROD00018,1,22565.26,1128.26,21437.0
OI00002504-1,ORD00002504,PROD00126,3,12025.16,3607.55,32467.93
OI00002504-2,ORD00002504,PROD00331,3,15173.99,6828.3,38693.67
OI00002504-3,ORD00002504,PROD00212,3,11560.86,0.0,34682.58
OI00002505-1,ORD00002505,PROD00256,4,15892.74,9535.64,54035.32
OI00002505-2,ORD00002505,PROD00135,1,8523.43,0.0,8523.43
OI00002505-3,ORD00002505,PROD00211,1,2911.33,0.0,2911.33
OI00002506-1,ORD00002506,PROD00276,4,9301.09,0.0,37204.36
OI00002506-2,ORD00002506,PROD00184,4,20269.51,0.0,81078.04
OI00002506-3,ORD00002506,PROD00289,2,10900.59,0.0,21801.18
OI00002506-4,ORD00002506,PROD00134,1,11362.61,1704.39,9658.22
OI00002506-5,ORD00002506,PROD00177,3,19263.4,0.0,57790.2
OI00002507-1,ORD00002507,PROD00205,3,22069.77,9931.4,56277.91
OI00002508-1,ORD00002508,PROD00309,4,2478.12,495.62,9416.86
OI00002508-2,ORD00002508,PROD00143,3,8628.21,3882.69,22001.94
OI00002509-1,ORD00002509,PROD00177,4,19263.4,7705.36,69348.24
OI00002509-2,ORD00002509,PROD00220,4,5039.64,3023.78,17134.78
OI00002509-3,ORD00002509,PROD00330,3,16495.98,7423.19,42064.75
OI00002510-1,ORD00002510,PROD00141,4,15103.07,0.0,60412.28
OI00002510-2,ORD00002510,PROD00262,2,20752.25,6225.68,35278.82
OI00002510-3,ORD00002510,PROD00152,1,5018.12,501.81,4516.31
OI00002510-4,ORD00002510,PROD00006,4,8918.67,1783.73,33890.95
OI00002511-1,ORD00002511,PROD00150,3,1889.59,0.0,5668.77
OI00002511-2,ORD00002511,PROD00315,2,14855.14,2971.03,26739.25
OI00002511-3,ORD00002511,PROD00292,2,21804.92,0.0,43609.84
OI00002511-4,ORD00002511,PROD00195,3,9755.37,0.0,29266.11
OI00002511-5,ORD00002511,PROD00063,2,20579.93,4115.99,37043.87
OI00002512-1,ORD00002512,PROD00241,1,1662.19,0.0,1662.19
OI00002512-2,ORD00002512,PROD00146,1,8249.05,0.0,8249.05
OI00002512-3,ORD00002512,PROD00176,3,24960.21,3744.03,71136.6
OI00002512-4,ORD00002512,PROD00289,1,10900.59,0.0,10900.59
OI00002512-5,ORD00002512,PROD00271,3,21715.63,0.0,65146.89
OI00002513-1,ORD00002513,PROD00115,3,24607.38,0.0,73822.14
OI00002513-2,ORD00002513,PROD00136,3,14715.94,0.0,44147.82
OI00002514-1,ORD00002514,PROD00037,2,17674.8,3534.96,31814.64
OI00002514-2,ORD00002514,PROD00169,3,5792.93,0.0,17378.79
OI00002515-1,ORD00002515,PROD00011,4,13382.68,0.0,53530.72
OI00002515-2,ORD00002515,PROD00064,2,2094.58,418.92,3770.24
OI00002515-3,ORD00002515,PROD00084,1,6169.9,925.48,5244.42
OI00002515-4,ORD00002515,PROD00052,1,22735.31,0.0,22735.31
OI00002515-5,ORD00002515,PROD00202,3,10405.57,4682.51,26534.2
OI00002516-1,ORD00002516,PROD00254,2,10249.25,1024.92,19473.58
OI00002516-2,ORD00002516,PROD00326,4,13890.31,0.0,55561.24
OI00002516-3,ORD00002516,PROD00250,1,7116.48,0.0,7116.48
OI00002517-1,ORD00002517,PROD00327,4,16333.38,0.0,65333.52
OI00002518-1,ORD00002518,PROD00337,2,17875.4,0.0,35750.8
OI00002518-2,ORD00002518,PROD00219,3,19321.62,2898.24,55066.62
OI00002518-3,ORD00002518,PROD00079,1,9711.52,485.58,9225.94
OI00002519-1,ORD00002519,PROD00319,2,339.48,33.95,645.01
OI00002519-2,ORD00002519,PROD00310,4,11465.44,2293.09,43568.67
OI00002519-3,ORD00002519,PROD00340,3,17115.28,0.0,51345.84
OI00002519-4,ORD00002519,PROD00334,2,1905.27,381.05,3429.49
OI00002519-5,ORD00002519,PROD00302,4,7756.84,0.0,31027.36
OI00002520-1,ORD00002520,PROD00056,2,5382.68,1076.54,9688.82
OI00002520-2,ORD00002520,PROD00186,4,8185.68,4911.41,27831.31
OI00002520-3,ORD00002520,PROD00292,2,21804.92,4360.98,39248.86
OI00002521-1,ORD00002521,PROD00181,1,8549.46,0.0,8549.46
OI00002521-2,ORD00002521,PROD00309,3,2478.12,0.0,7434.36
OI00002521-3,ORD00002521,PROD00247,3,10596.3,1589.44,30199.46
OI00002521-4,ORD00002521,PROD00279,4,690.73,0.0,2762.92
OI00002522-1,ORD00002522,PROD00332,4,966.51,386.6,3479.44
OI00002523-1,ORD00002523,PROD00169,4,5792.93,0.0,23171.72
OI00002523-2,ORD00002523,PROD00316,4,3014.12,1808.47,10248.01
OI00002523-3,ORD00002523,PROD00049,4,1583.63,316.73,6017.79
OI00002523-4,ORD00002523,PROD00185,1,17159.78,0.0,17159.78
OI00002524-1,ORD00002524,PROD00218,3,9795.93,4408.17,24979.62
OI00002524-2,ORD00002524,PROD00313,3,23762.43,7128.73,64158.56
OI00002524-3,ORD00002524,PROD00344,4,2433.74,0.0,9734.96
OI00002524-4,ORD00002524,PROD00003,3,24605.45,0.0,73816.35
OI00002524-5,ORD00002524,PROD00326,2,13890.31,0.0,27780.62
OI00002525-1,ORD00002525,PROD00170,2,11306.22,1130.62,21481.82
OI00002526-1,ORD00002526,PROD00086,4,21556.26,0.0,86225.04
OI00002526-2,ORD00002526,PROD00346,4,8662.06,0.0,34648.24
OI00002526-3,ORD00002526,PROD00092,4,5103.86,2041.54,18373.9
OI00002526-4,ORD00002526,PROD00347,4,11947.7,0.0,47790.8
OI00002526-5,ORD00002526,PROD00100,1,14966.8,0.0,14966.8
OI00002527-1,ORD00002527,PROD00337,1,17875.4,893.77,16981.63
OI00002527-2,ORD00002527,PROD00167,4,7684.68,3073.87,27664.85
OI00002528-1,ORD00002528,PROD00138,1,12060.91,1206.09,10854.82
OI00002528-2,ORD00002528,PROD00290,4,19169.41,11501.65,65175.99
OI00002528-3,ORD00002528,PROD00139,3,1559.26,701.67,3976.11
OI00002528-4,ORD00002528,PROD00295,4,2274.03,0.0,9096.12
OI00002528-5,ORD00002528,PROD00325,3,24143.74,10864.68,61566.54
OI00002529-1,ORD00002529,PROD00253,4,23510.11,14106.07,79934.37
OI00002529-2,ORD00002529,PROD00039,3,12707.28,1906.09,36215.75
OI00002530-1,ORD00002530,PROD00031,3,5027.13,2262.21,12819.18
OI00002530-2,ORD00002530,PROD00057,2,634.37,0.0,1268.74
OI00002530-3,ORD00002530,PROD00046,1,20054.13,0.0,20054.13
OI00002530-4,ORD00002530,PROD00099,1,16343.82,2451.57,13892.25
OI00002531-1,ORD00002531,PROD00182,1,5279.14,0.0,5279.14
OI00002531-2,ORD00002531,PROD00143,3,8628.21,1294.23,24590.4
OI00002531-3,ORD00002531,PROD00220,1,5039.64,503.96,4535.68
OI00002531-4,ORD00002531,PROD00209,4,1876.23,1125.74,6379.18
OI00002532-1,ORD00002532,PROD00139,2,1559.26,0.0,3118.52
OI00002533-1,ORD00002533,PROD00176,4,24960.21,4992.04,94848.8
OI00002533-2,ORD00002533,PROD00156,4,6041.74,0.0,24166.96
OI00002533-3,ORD00002533,PROD00215,4,16801.23,0.0,67204.92
OI00002534-1,ORD00002534,PROD00155,1,16388.99,0.0,16388.99
OI00002534-2,ORD00002534,PROD00173,1,19657.54,982.88,18674.66
OI00002534-3,ORD00002534,PROD00267,3,16380.3,4914.09,44226.81
OI00002534-4,ORD00002534,PROD00011,2,13382.68,0.0,26765.36
OI00002535-1,ORD00002535,PROD00061,3,8790.91,3955.91,22416.82
OI00002535-2,ORD00002535,PROD00249,1,13843.66,692.18,13151.48
OI00002536-1,ORD00002536,PROD00113,1,20219.94,0.0,20219.94
OI00002536-2,ORD00002536,PROD00105,3,8573.66,0.0,25720.98
OI00002536-3,ORD00002536,PROD00279,1,690.73,34.54,656.19
OI00002536-4,ORD00002536,PROD00271,1,21715.63,3257.34,18458.29
OI00002537-1,ORD00002537,PROD00333,4,15073.5,0.0,60294.0
OI00002537-2,ORD00002537,PROD00181,1,8549.46,427.47,8121.99
OI00002537-3,ORD00002537,PROD00058,1,18176.41,908.82,17267.59
OI00002537-4,ORD00002537,PROD00204,1,17481.19,874.06,16607.13
OI00002537-5,ORD00002537,PROD00310,1,11465.44,0.0,11465.44
OI00002538-1,ORD00002538,PROD00061,1,8790.91,439.55,8351.36
OI00002538-2,ORD00002538,PROD00337,4,17875.4,3575.08,67926.52
OI00002538-3,ORD00002538,PROD00312,4,9087.53,5452.52,30897.6
OI00002539-1,ORD00002539,PROD00291,4,16653.64,9992.18,56622.38
OI00002540-1,ORD00002540,PROD00077,2,19060.68,3812.14,34309.22
OI00002541-1,ORD00002541,PROD00278,3,20166.44,9074.9,51424.42
OI00002541-2,ORD00002541,PROD00241,4,1662.19,664.88,5983.88
OI00002541-3,ORD00002541,PROD00277,2,16643.7,0.0,33287.4
OI00002541-4,ORD00002541,PROD00111,4,11594.18,0.0,46376.72
OI00002542-1,ORD00002542,PROD00091,4,3604.39,0.0,14417.56
OI00002542-2,ORD00002542,PROD00258,2,17451.91,5235.57,29668.25
OI00002542-3,ORD00002542,PROD00120,1,21353.8,0.0,21353.8
OI00002542-4,ORD00002542,PROD00292,4,21804.92,0.0,87219.68
OI00002543-1,ORD00002543,PROD00009,1,15614.07,0.0,15614.07
OI00002543-2,ORD00002543,PROD00111,4,11594.18,2318.84,44057.88
OI00002543-3,ORD00002543,PROD00078,1,3767.12,0.0,3767.12
OI00002544-1,ORD00002544,PROD00010,2,4667.93,933.59,8402.27
OI00002544-2,ORD00002544,PROD00094,3,1683.18,252.48,4797.06
OI00002544-3,ORD00002544,PROD00158,1,4832.45,724.87,4107.58
OI00002545-1,ORD00002545,PROD00291,3,16653.64,7494.14,42466.78
OI00002546-1,ORD00002546,PROD00328,2,24499.21,2449.92,46548.5
OI00002546-2,ORD00002546,PROD00276,1,9301.09,0.0,9301.09
OI00002546-3,ORD00002546,PROD00061,1,8790.91,0.0,8790.91
OI00002546-4,ORD00002546,PROD00055,1,2152.81,322.92,1829.89
OI00002547-1,ORD00002547,PROD00305,1,17525.16,0.0,17525.16
OI00002547-2,ORD00002547,PROD00222,3,18114.09,0.0,54342.27
OI00002547-3,ORD00002547,PROD00307,3,13721.18,0.0,41163.54
OI00002547-4,ORD00002547,PROD00178,1,20555.44,0.0,20555.44
OI00002548-1,ORD00002548,PROD00048,1,2165.22,216.52,1948.7
OI00002548-2,ORD00002548,PROD00083,4,3051.07,1220.43,10983.85
OI00002548-3,ORD00002548,PROD00306,1,18198.52,0.0,18198.52
OI00002548-4,ORD00002548,PROD00320,4,624.52,374.71,2123.37
OI00002548-5,ORD00002548,PROD00026,4,4075.27,1630.11,14670.97
OI00002549-1,ORD00002549,PROD00200,1,18445.4,0.0,18445.4
OI00002549-2,ORD00002549,PROD00245,4,7169.55,4301.73,24376.47
OI00002549-3,ORD00002549,PROD00078,3,3767.12,0.0,11301.36
OI00002549-4,ORD00002549,PROD00002,4,11732.07,2346.41,44581.87
OI00002550-1,ORD00002550,PROD00284,2,10726.51,0.0,21453.02
OI00002550-2,ORD00002550,PROD00348,1,16456.2,0.0,16456.2
OI00002550-3,ORD00002550,PROD00320,4,624.52,124.9,2373.18
OI00002551-1,ORD00002551,PROD00018,2,22565.26,0.0,45130.52
OI00002552-1,ORD00002552,PROD00212,1,11560.86,578.04,10982.82
OI00002552-2,ORD00002552,PROD00178,4,20555.44,0.0,82221.76
OI00002552-3,ORD00002552,PROD00078,3,3767.12,1130.14,10171.22
OI00002552-4,ORD00002552,PROD00156,4,6041.74,1208.35,22958.61
OI00002552-5,ORD00002552,PROD00136,1,14715.94,1471.59,13244.35
OI00002553-1,ORD00002553,PROD00039,1,12707.28,0.0,12707.28
OI00002553-2,ORD00002553,PROD00006,2,8918.67,891.87,16945.47
OI00002553-3,ORD00002553,PROD00119,2,17032.97,0.0,34065.94
OI00002554-1,ORD00002554,PROD00243,1,5945.94,594.59,5351.35
OI00002554-2,ORD00002554,PROD00168,3,13786.27,6203.82,35154.99
OI00002554-3,ORD00002554,PROD00085,4,20182.68,8073.07,72657.65
OI00002554-4,ORD00002554,PROD00089,2,7704.52,1540.9,13868.14
OI00002555-1,ORD00002555,PROD00276,2,9301.09,0.0,18602.18
OI00002555-2,ORD00002555,PROD00124,1,24453.49,0.0,24453.49
OI00002555-3,ORD00002555,PROD00062,3,17873.06,8042.88,45576.3
OI00002556-1,ORD00002556,PROD00345,3,15206.3,0.0,45618.9
OI00002557-1,ORD00002557,PROD00241,3,1662.19,0.0,4986.57
OI00002557-2,ORD00002557,PROD00259,2,6394.49,1278.9,11510.08
OI00002558-1,ORD00002558,PROD00164,2,12489.77,3746.93,21232.61
OI00002558-2,ORD00002558,PROD00113,2,20219.94,0.0,40439.88
OI00002559-1,ORD00002559,PROD00179,4,21643.38,8657.35,77916.17
OI00002559-2,ORD00002559,PROD00222,3,18114.09,2717.11,51625.16
OI00002559-3,ORD00002559,PROD00085,1,20182.68,1009.13,19173.55
OI00002559-4,ORD00002559,PROD00102,2,7550.93,0.0,15101.86
OI00002559-5,ORD00002559,PROD00010,1,4667.93,233.4,4434.53
OI00002560-1,ORD00002560,PROD00266,2,20418.91,4083.78,36754.04
OI00002560-2,ORD00002560,PROD00150,1,1889.59,94.48,1795.11
OI00002560-3,ORD00002560,PROD00348,2,16456.2,3291.24,29621.16
OI00002561-1,ORD00002561,PROD00296,2,3229.07,968.72,5489.42
OI00002561-2,ORD00002561,PROD00232,1,12800.1,640.01,12160.09
OI00002562-1,ORD00002562,PROD00010,1,4667.93,0.0,4667.93
OI00002562-2,ORD00002562,PROD00181,2,8549.46,2564.84,14534.08
OI00002562-3,ORD00002562,PROD00070,4,23046.35,0.0,92185.4
OI00002562-4,ORD00002562,PROD00104,1,15897.49,794.87,15102.62
OI00002563-1,ORD00002563,PROD00070,4,23046.35,13827.81,78357.59
OI00002563-2,ORD00002563,PROD00013,2,7604.86,0.0,15209.72
OI00002564-1,ORD00002564,PROD00279,4,690.73,0.0,2762.92
OI00002564-2,ORD00002564,PROD00250,1,7116.48,0.0,7116.48
OI00002564-3,ORD00002564,PROD00226,4,11496.46,0.0,45985.84
OI00002564-4,ORD00002564,PROD00269,1,14198.95,2129.84,12069.11
OI00002565-1,ORD00002565,PROD00282,1,15862.74,0.0,15862.74
OI00002565-2,ORD00002565,PROD00077,2,19060.68,5718.2,32403.16
OI00002565-3,ORD00002565,PROD00314,4,8921.82,0.0,35687.28
OI00002565-4,ORD00002565,PROD00232,3,12800.1,0.0,38400.3
OI00002565-5,ORD00002565,PROD00331,4,15173.99,3034.8,57661.16
OI00002566-1,ORD00002566,PROD00197,2,14707.92,0.0,29415.84
OI00002566-2,ORD00002566,PROD00079,1,9711.52,971.15,8740.37
OI00002566-3,ORD00002566,PROD00337,2,17875.4,0.0,35750.8
OI00002567-1,ORD00002567,PROD00063,2,20579.93,4115.99,37043.87
OI00002567-2,ORD00002567,PROD00030,4,7097.31,0.0,28389.24
OI00002567-3,ORD00002567,PROD00287,4,4242.92,0.0,16971.68
OI00002567-4,ORD00002567,PROD00222,2,18114.09,3622.82,32605.36
OI00002568-1,ORD00002568,PROD00337,2,17875.4,3575.08,32175.72
OI00002568-2,ORD00002568,PROD00078,2,3767.12,0.0,7534.24
OI00002568-3,ORD00002568,PROD00196,2,10833.41,2166.68,19500.14
OI00002568-4,ORD00002568,PROD00265,4,18730.82,0.0,74923.28
OI00002569-1,ORD00002569,PROD00055,1,2152.81,0.0,2152.81
OI00002569-2,ORD00002569,PROD00216,2,4489.61,1346.88,7632.34
OI00002569-3,ORD00002569,PROD00007,3,18525.88,2778.88,52798.76
OI00002569-4,ORD00002569,PROD00307,3,13721.18,6174.53,34989.01
OI00002570-1,ORD00002570,PROD00197,3,14707.92,0.0,44123.76
OI00002570-2,ORD00002570,PROD00072,2,7657.87,0.0,15315.74
OI00002570-3,ORD00002570,PROD00087,1,21498.23,3224.73,18273.5
OI00002570-4,ORD00002570,PROD00281,4,16522.7,0.0,66090.8
OI00002570-5,ORD00002570,PROD00269,1,14198.95,0.0,14198.95
OI00002571-1,ORD00002571,PROD00105,4,8573.66,0.0,34294.64
OI00002571-2,ORD00002571,PROD00126,4,12025.16,4810.06,43290.58
OI00002572-1,ORD00002572,PROD00108,4,19693.27,0.0,78773.08
OI00002572-2,ORD00002572,PROD00058,2,18176.41,0.0,36352.82
OI00002572-3,ORD00002572,PROD00221,4,17014.99,3403.0,64656.96
OI00002573-1,ORD00002573,PROD00301,1,15056.56,2258.48,12798.08
OI00002574-1,ORD00002574,PROD00124,1,24453.49,2445.35,22008.14
OI00002574-2,ORD00002574,PROD00241,4,1662.19,0.0,6648.76
OI00002574-3,ORD00002574,PROD00193,3,9247.87,0.0,27743.61
OI00002575-1,ORD00002575,PROD00242,3,23459.95,3518.99,66860.86
OI00002575-2,ORD00002575,PROD00086,1,21556.26,3233.44,18322.82
OI00002575-3,ORD00002575,PROD00117,1,1680.75,0.0,1680.75
OI00002575-4,ORD00002575,PROD00082,4,23934.46,0.0,95737.84
OI00002575-5,ORD00002575,PROD00317,4,16337.28,0.0,65349.12
OI00002576-1,ORD00002576,PROD00055,2,2152.81,0.0,4305.62
OI00002576-2,ORD00002576,PROD00251,1,17885.84,894.29,16991.55
OI00002577-1,ORD00002577,PROD00162,1,5270.48,0.0,5270.48
OI00002577-2,ORD00002577,PROD00273,3,16836.47,5050.94,45458.47
OI00002577-3,ORD00002577,PROD00086,1,21556.26,1077.81,20478.45
OI00002577-4,ORD00002577,PROD00112,1,17029.83,0.0,17029.83
OI00002578-1,ORD00002578,PROD00203,1,9647.39,964.74,8682.65
OI00002578-2,ORD00002578,PROD00291,1,16653.64,0.0,16653.64
OI00002579-1,ORD00002579,PROD00036,4,19263.87,7705.55,69349.93
OI00002580-1,ORD00002580,PROD00080,2,16165.62,3233.12,29098.12
OI00002580-2,ORD00002580,PROD00334,1,1905.27,0.0,1905.27
OI00002581-1,ORD00002581,PROD00335,1,11428.89,1142.89,10286.0
OI00002581-2,ORD00002581,PROD00160,1,21368.16,0.0,21368.16
OI00002581-3,ORD00002581,PROD00142,4,1480.08,592.03,5328.29
OI00002581-4,ORD00002581,PROD00199,1,13170.12,1975.52,11194.6
OI00002581-5,ORD00002581,PROD00121,4,17020.33,0.0,68081.32
OI00002582-1,ORD00002582,PROD00187,1,24432.22,3664.83,20767.39
OI00002582-2,ORD00002582,PROD00293,1,9456.41,472.82,8983.59
OI00002582-3,ORD00002582,PROD00105,3,8573.66,0.0,25720.98
OI00002583-1,ORD00002583,PROD00096,4,7650.09,0.0,30600.36
OI00002583-2,ORD00002583,PROD00167,1,7684.68,0.0,7684.68
OI00002583-3,ORD00002583,PROD00160,3,21368.16,3205.22,60899.26
OI00002583-4,ORD00002583,PROD00062,4,17873.06,0.0,71492.24
OI00002584-1,ORD00002584,PROD00337,2,17875.4,0.0,35750.8
OI00002584-2,ORD00002584,PROD00303,4,15795.37,3159.07,60022.41
OI00002585-1,ORD00002585,PROD00159,1,24425.69,3663.85,20761.84
OI00002585-2,ORD00002585,PROD00104,3,15897.49,4769.25,42923.22
OI00002585-3,ORD00002585,PROD00324,4,1645.09,329.02,6251.34
OI00002585-4,ORD00002585,PROD00173,2,19657.54,0.0,39315.08
OI00002586-1,ORD00002586,PROD00186,4,8185.68,0.0,32742.72
OI00002586-2,ORD00002586,PROD00103,2,21963.07,4392.61,39533.53
OI00002586-3,ORD00002586,PROD00052,3,22735.31,6820.59,61385.34
OI00002586-4,ORD00002586,PROD00010,1,4667.93,0.0,4667.93
OI00002586-5,ORD00002586,PROD00283,3,5877.29,0.0,17631.87
OI00002587-1,ORD00002587,PROD00159,4,24425.69,9770.28,87932.48
OI00002588-1,ORD00002588,PROD00116,3,4303.4,1936.53,10973.67
OI00002589-1,ORD00002589,PROD00330,2,16495.98,0.0,32991.96
OI00002589-2,ORD00002589,PROD00051,1,10511.67,1576.75,8934.92
OI00002589-3,ORD00002589,PROD00307,1,13721.18,0.0,13721.18
OI00002590-1,ORD00002590,PROD00054,1,17451.9,872.6,16579.3
OI00002590-2,ORD00002590,PROD00009,1,15614.07,780.7,14833.37
OI00002590-3,ORD00002590,PROD00179,1,21643.38,1082.17,20561.21
OI00002591-1,ORD00002591,PROD00243,3,5945.94,0.0,17837.82
OI00002591-2,ORD00002591,PROD00144,4,4774.42,0.0,19097.68
OI00002591-3,ORD00002591,PROD00201,2,17522.9,5256.87,29788.93
OI00002591-4,ORD00002591,PROD00075,3,1735.74,0.0,5207.22
OI00002592-1,ORD00002592,PROD00328,4,24499.21,0.0,97996.84
OI00002592-2,ORD00002592,PROD00006,2,8918.67,0.0,17837.34
OI00002592-3,ORD00002592,PROD00132,4,1691.47,0.0,6765.88
OI00002592-4,ORD00002592,PROD00016,2,21060.14,2106.01,40014.27
OI00002592-5,ORD00002592,PROD00345,3,15206.3,0.0,45618.9
OI00002593-1,ORD00002593,PROD00074,4,5428.76,0.0,21715.04
OI00002593-2,ORD00002593,PROD00299,4,2709.32,0.0,10837.28
OI00002593-3,ORD00002593,PROD00173,2,19657.54,0.0,39315.08
OI00002594-1,ORD00002594,PROD00027,1,12715.52,0.0,12715.52
OI00002594-2,ORD00002594,PROD00322,1,14307.01,715.35,13591.66
OI00002594-3,ORD00002594,PROD00299,3,2709.32,0.0,8127.96
OI00002594-4,ORD00002594,PROD00241,2,1662.19,0.0,3324.38
OI00002594-5,ORD00002594,PROD00218,3,9795.93,0.0,29387.79
OI00002595-1,ORD00002595,PROD00020,1,1320.51,132.05,1188.46
OI00002596-1,ORD00002596,PROD00060,3,7484.13,3367.86,19084.53
OI00002596-2,ORD00002596,PROD00221,3,17014.99,2552.25,48492.72
OI00002596-3,ORD00002596,PROD00022,2,973.58,0.0,1947.16
OI00002596-4,ORD00002596,PROD00215,1,16801.23,840.06,15961.17
OI00002596-5,ORD00002596,PROD00152,1,5018.12,250.91,4767.21
OI00002597-1,ORD00002597,PROD00172,3,9009.37,0.0,27028.11
OI00002597-2,ORD00002597,PROD00339,1,696.45,0.0,696.45
OI00002598-1,ORD00002598,PROD00280,1,11325.36,1132.54,10192.82
OI00002598-2,ORD00002598,PROD00178,3,20555.44,0.0,61666.32
OI00002599-1,ORD00002599,PROD00230,1,8334.56,0.0,8334.56
OI00002599-2,ORD00002599,PROD00282,3,15862.74,4758.82,42829.4
OI00002600-1,ORD00002600,PROD00313,4,23762.43,9504.97,85544.75
OI00002600-2,ORD00002600,PROD00323,1,10163.0,0.0,10163.0
OI00002601-1,ORD00002601,PROD00223,1,14073.25,0.0,14073.25
OI00002601-2,ORD00002601,PROD00032,4,7626.11,0.0,30504.44
OI00002601-3,ORD00002601,PROD00198,3,235.71,106.07,601.06
OI00002602-1,ORD00002602,PROD00196,2,10833.41,0.0,21666.82
OI00002602-2,ORD00002602,PROD00025,3,12394.98,0.0,37184.94
OI00002602-3,ORD00002602,PROD00030,1,7097.31,1064.6,6032.71
OI00002603-1,ORD00002603,PROD00240,1,15221.18,1522.12,13699.06
OI00002603-2,ORD00002603,PROD00297,2,1594.03,318.81,2869.25
OI00002603-3,ORD00002603,PROD00222,1,18114.09,0.0,18114.09
OI00002604-1,ORD00002604,PROD00347,2,11947.7,0.0,23895.4
OI00002604-2,ORD00002604,PROD00350,3,17684.33,0.0,53052.99
OI00002604-3,ORD00002604,PROD00006,2,8918.67,0.0,17837.34
OI00002604-4,ORD00002604,PROD00345,4,15206.3,0.0,60825.2
OI00002604-5,ORD00002604,PROD00289,1,10900.59,1090.06,9810.53
OI00002605-1,ORD00002605,PROD00310,1,11465.44,0.0,11465.44
OI00002605-2,ORD00002605,PROD00100,1,14966.8,748.34,14218.46
OI00002606-1,ORD00002606,PROD00117,3,1680.75,0.0,5042.25
OI00002607-1,ORD00002607,PROD00073,1,3596.39,359.64,3236.75
OI00002607-2,ORD00002607,PROD00332,1,966.51,144.98,821.53
OI00002607-3,ORD00002607,PROD00009,3,15614.07,0.0,46842.21
OI00002607-4,ORD00002607,PROD00251,1,17885.84,1788.58,16097.26
OI00002607-5,ORD00002607,PROD00235,1,7450.54,745.05,6705.49
OI00002608-1,ORD00002608,PROD00013,4,7604.86,3041.94,27377.5
OI00002608-2,ORD00002608,PROD00060,3,7484.13,0.0,22452.39
OI00002608-3,ORD00002608,PROD00262,4,20752.25,4150.45,78858.55
OI00002609-1,ORD00002609,PROD00325,3,24143.74,10864.68,61566.54
OI00002610-1,ORD00002610,PROD00237,2,6989.25,1397.85,12580.65
OI00002610-2,ORD00002610,PROD00194,2,3968.03,1190.41,6745.65
OI00002610-3,ORD00002610,PROD00210,2,18661.64,0.0,37323.28
OI00002610-4,ORD00002610,PROD00244,2,18055.76,0.0,36111.52
OI00002610-5,ORD00002610,PROD00136,2,14715.94,1471.59,27960.29
OI00002611-1,ORD00002611,PROD00168,4,13786.27,2757.25,52387.83
OI00002612-1,ORD00002612,PROD00098,1,24035.74,1201.79,22833.95
OI00002612-2,ORD00002612,PROD00204,2,17481.19,0.0,34962.38
OI00002612-3,ORD00002612,PROD00296,4,3229.07,645.81,12270.47
OI00002613-1,ORD00002613,PROD00299,1,2709.32,135.47,2573.85
OI00002614-1,ORD00002614,PROD00124,4,24453.49,0.0,97813.96
OI00002614-2,ORD00002614,PROD00339,2,696.45,69.65,1323.25
OI00002614-3,ORD00002614,PROD00128,1,20549.76,0.0,20549.76
OI00002614-4,ORD00002614,PROD00112,1,17029.83,1702.98,15326.85
OI00002615-1,ORD00002615,PROD00062,4,17873.06,10723.84,60768.4
OI00002615-2,ORD00002615,PROD00288,2,6121.73,612.17,11631.29
OI00002615-3,ORD00002615,PROD00064,1,2094.58,0.0,2094.58
OI00002615-4,ORD00002615,PROD00147,4,5524.18,1104.84,20991.88
OI00002616-1,ORD00002616,PROD00247,2,10596.3,3178.89,18013.71
OI00002616-2,ORD00002616,PROD00177,3,19263.4,0.0,57790.2
OI00002616-3,ORD00002616,PROD00144,3,4774.42,0.0,14323.26
OI00002616-4,ORD00002616,PROD00214,3,4472.05,670.81,12745.34
OI00002616-5,ORD00002616,PROD00100,1,14966.8,2245.02,12721.78
OI00002617-1,ORD00002617,PROD00208,4,11300.85,0.0,45203.4
OI00002617-2,ORD00002617,PROD00243,1,5945.94,0.0,5945.94
OI00002618-1,ORD00002618,PROD00153,3,8528.45,1279.27,24306.08
OI00002619-1,ORD00002619,PROD00266,1,20418.91,3062.84,17356.07
OI00002620-1,ORD00002620,PROD00145,3,21307.62,3196.14,60726.72
OI00002620-2,ORD00002620,PROD00095,2,13874.18,1387.42,26360.94
OI00002621-1,ORD00002621,PROD00280,4,11325.36,0.0,45301.44
OI00002622-1,ORD00002622,PROD00265,1,18730.82,0.0,18730.82
OI00002623-1,ORD00002623,PROD00004,3,7422.27,0.0,22266.81
OI00002623-2,ORD00002623,PROD00004,2,7422.27,0.0,14844.54
OI00002623-3,ORD00002623,PROD00329,2,10605.13,0.0,21210.26
OI00002623-4,ORD00002623,PROD00291,1,16653.64,2498.05,14155.59
OI00002623-5,ORD00002623,PROD00042,4,3118.44,0.0,12473.76
OI00002624-1,ORD00002624,PROD00102,4,7550.93,3020.37,27183.35
OI00002624-2,ORD00002624,PROD00050,2,22567.65,0.0,45135.3
OI00002624-3,ORD00002624,PROD00244,2,18055.76,5416.73,30694.79
OI00002624-4,ORD00002624,PROD00083,4,3051.07,1830.64,10373.64
OI00002625-1,ORD00002625,PROD00338,2,10521.18,0.0,21042.36
OI00002625-2,ORD00002625,PROD00258,2,17451.91,0.0,34903.82
OI00002626-1,ORD00002626,PROD00027,2,12715.52,0.0,25431.04
OI00002626-2,ORD00002626,PROD00258,3,17451.91,0.0,52355.73
OI00002626-3,ORD00002626,PROD00243,4,5945.94,1189.19,22594.57
OI00002626-4,ORD00002626,PROD00007,2,18525.88,3705.18,33346.58
OI00002627-1,ORD00002627,PROD00272,1,6955.22,0.0,6955.22
OI00002627-2,ORD00002627,PROD00174,1,13673.35,0.0,13673.35
OI00002627-3,ORD00002627,PROD00301,1,15056.56,752.83,14303.73
OI00002628-1,ORD00002628,PROD00228,2,24578.41,4915.68,44241.14
OI00002628-2,ORD00002628,PROD00332,3,966.51,434.93,2464.6
OI00002629-1,ORD00002629,PROD00230,1,8334.56,0.0,8334.56
OI00002629-2,ORD00002629,PROD00218,3,9795.93,0.0,29387.79
OI00002630-1,ORD00002630,PROD00125,2,4153.82,0.0,8307.64
OI00002630-2,ORD00002630,PROD00225,2,4381.86,1314.56,7449.16
OI00002631-1,ORD00002631,PROD00119,1,17032.97,2554.95,14478.02
OI00002631-2,ORD00002631,PROD00200,4,18445.4,7378.16,66403.44
OI00002632-1,ORD00002632,PROD00044,3,6687.09,3009.19,17052.08
OI00002633-1,ORD00002633,PROD00054,2,17451.9,0.0,34903.8
OI00002633-2,ORD00002633,PROD00288,2,6121.73,612.17,11631.29
OI00002633-3,ORD00002633,PROD00066,3,21806.77,6542.03,58878.28
OI00002633-4,ORD00002633,PROD00229,3,6335.91,1900.77,17106.96
OI00002634-1,ORD00002634,PROD00332,4,966.51,579.91,3286.13
OI00002634-2,ORD00002634,PROD00036,4,19263.87,0.0,77055.48
OI00002634-3,ORD00002634,PROD00067,4,18306.34,3661.27,69564.09
OI00002634-4,ORD00002634,PROD00209,1,1876.23,281.43,1594.8
OI00002634-5,ORD00002634,PROD00213,2,11796.15,2359.23,21233.07
OI00002635-1,ORD00002635,PROD00026,4,4075.27,0.0,16301.08
OI00002635-2,ORD00002635,PROD00243,3,5945.94,0.0,17837.82
OI00002635-3,ORD00002635,PROD00212,3,11560.86,5202.39,29480.19
OI00002635-4,ORD00002635,PROD00113,4,20219.94,4043.99,76835.77
OI00002635-5,ORD00002635,PROD00125,2,4153.82,415.38,7892.26
OI00002636-1,ORD00002636,PROD00176,4,24960.21,4992.04,94848.8
OI00002636-2,ORD00002636,PROD00247,4,10596.3,4238.52,38146.68
OI00002637-1,ORD00002637,PROD00038,2,19552.23,1955.22,37149.24
OI00002637-2,ORD00002637,PROD00150,3,1889.59,566.88,5101.89
OI00002637-3,ORD00002637,PROD00290,2,19169.41,0.0,38338.82
OI00002637-4,ORD00002637,PROD00318,4,21629.15,0.0,86516.6
OI00002638-1,ORD00002638,PROD00180,4,5881.39,1176.28,22349.28
OI00002638-2,ORD00002638,PROD00328,1,24499.21,0.0,24499.21
OI00002639-1,ORD00002639,PROD00285,1,7381.88,369.09,7012.79
OI00002639-2,ORD00002639,PROD00056,1,5382.68,0.0,5382.68
OI00002639-3,ORD00002639,PROD00225,4,4381.86,0.0,17527.44
OI00002639-4,ORD00002639,PROD00083,3,3051.07,0.0,9153.21
OI00002639-5,ORD00002639,PROD00115,1,24607.38,0.0,24607.38
OI00002640-1,ORD00002640,PROD00313,1,23762.43,2376.24,21386.19
OI00002640-2,ORD00002640,PROD00193,3,9247.87,0.0,27743.61
OI00002640-3,ORD00002640,PROD00062,1,17873.06,1787.31,16085.75
OI00002640-4,ORD00002640,PROD00212,1,11560.86,1156.09,10404.77
OI00002641-1,ORD00002641,PROD00106,2,16178.76,4853.63,27503.89
OI00002641-2,ORD00002641,PROD00041,2,18327.17,0.0,36654.34
OI00002641-3,ORD00002641,PROD00319,3,339.48,0.0,1018.44
OI00002641-4,ORD00002641,PROD00086,4,21556.26,0.0,86225.04
OI00002641-5,ORD00002641,PROD00302,3,7756.84,0.0,23270.52
OI00002642-1,ORD00002642,PROD00187,3,24432.22,3664.83,69631.83
OI00002642-2,ORD00002642,PROD00155,4,16388.99,0.0,65555.96
OI00002642-3,ORD00002642,PROD00325,2,24143.74,4828.75,43458.73
OI00002643-1,ORD00002643,PROD00031,3,5027.13,0.0,15081.39
OI00002643-2,ORD00002643,PROD00246,2,2046.4,409.28,3683.52
OI00002643-3,ORD00002643,PROD00321,3,19868.88,0.0,59606.64
OI00002643-4,ORD00002643,PROD00027,4,12715.52,0.0,50862.08
OI00002644-1,ORD00002644,PROD00338,3,10521.18,0.0,31563.54
OI00002645-1,ORD00002645,PROD00151,3,4900.37,2205.17,12495.94
OI00002645-2,ORD00002645,PROD00192,4,5187.01,2074.8,18673.24
OI00002646-1,ORD00002646,PROD00199,4,13170.12,0.0,52680.48
OI00002646-2,ORD00002646,PROD00235,3,7450.54,0.0,22351.62
OI00002647-1,ORD00002647,PROD00093,4,23736.46,0.0,94945.84
OI00002647-2,ORD00002647,PROD00191,2,719.62,0.0,1439.24
OI00002647-3,ORD00002647,PROD00269,2,14198.95,4259.69,24138.21
OI00002648-1,ORD00002648,PROD00060,4,7484.13,0.0,29936.52
OI00002648-2,ORD00002648,PROD00265,1,18730.82,0.0,18730.82
OI00002648-3,ORD00002648,PROD00056,3,5382.68,2422.21,13725.83
OI00002648-4,ORD00002648,PROD00011,2,13382.68,1338.27,25427.09
OI00002648-5,ORD00002648,PROD00115,3,24607.38,7382.21,66439.93
OI00002649-1,ORD00002649,PROD00062,2,17873.06,1787.31,33958.81
OI00002649-2,ORD00002649,PROD00314,1,8921.82,0.0,8921.82
OI00002649-3,ORD00002649,PROD00081,2,14048.06,0.0,28096.12
OI00002649-4,ORD00002649,PROD00308,3,9807.02,0.0,29421.06
OI00002650-1,ORD00002650,PROD00166,3,5219.63,782.94,14875.95
OI00002650-2,ORD00002650,PROD00311,1,22435.59,0.0,22435.59
OI00002650-3,ORD00002650,PROD00244,2,18055.76,0.0,36111.52
OI00002651-1,ORD00002651,PROD00030,4,7097.31,4258.39,24130.85
OI00002651-2,ORD00002651,PROD00108,4,19693.27,0.0,78773.08
OI00002652-1,ORD00002652,PROD00056,1,5382.68,0.0,5382.68
OI00002652-2,ORD00002652,PROD00051,2,10511.67,1051.17,19972.17
OI00002652-3,ORD00002652,PROD00249,4,13843.66,2768.73,52605.91
OI00002653-1,ORD00002653,PROD00066,2,21806.77,0.0,43613.54
OI00002653-2,ORD00002653,PROD00308,4,9807.02,1961.4,37266.68
OI00002654-1,ORD00002654,PROD00169,4,5792.93,2317.17,20854.55
OI00002654-2,ORD00002654,PROD00061,2,8790.91,0.0,17581.82
OI00002654-3,ORD00002654,PROD00310,3,11465.44,0.0,34396.32
OI00002655-1,ORD00002655,PROD00153,2,8528.45,1705.69,15351.21
OI00002655-2,ORD00002655,PROD00271,2,21715.63,2171.56,41259.7
OI00002655-3,ORD00002655,PROD00302,4,7756.84,1551.37,29475.99
OI00002656-1,ORD00002656,PROD00250,3,7116.48,2134.94,19214.5
OI00002656-2,ORD00002656,PROD00267,4,16380.3,6552.12,58969.08
OI00002656-3,ORD00002656,PROD00310,4,11465.44,4586.18,41275.58
OI00002656-4,ORD00002656,PROD00005,4,12790.76,5116.3,46046.74
OI00002657-1,ORD00002657,PROD00063,2,20579.93,0.0,41159.86
OI00002657-2,ORD00002657,PROD00300,1,20412.89,3061.93,17350.96
OI00002657-3,ORD00002657,PROD00320,3,624.52,187.36,1686.2
OI00002658-1,ORD00002658,PROD00235,1,7450.54,372.53,7078.01
OI00002658-2,ORD00002658,PROD00071,3,9271.17,0.0,27813.51
OI00002659-1,ORD00002659,PROD00032,3,7626.11,0.0,22878.33
OI00002660-1,ORD00002660,PROD00234,3,18943.28,0.0,56829.84
OI00002661-1,ORD00002661,PROD00123,4,4905.47,1962.19,17659.69
OI00002662-1,ORD00002662,PROD00312,1,9087.53,1363.13,7724.4
OI00002662-2,ORD00002662,PROD00010,3,4667.93,1400.38,12603.41
OI00002662-3,ORD00002662,PROD00254,4,10249.25,2049.85,38947.15
OI00002662-4,ORD00002662,PROD00001,4,23270.16,0.0,93080.64
OI00002662-5,ORD00002662,PROD00016,1,21060.14,0.0,21060.14
OI00002663-1,ORD00002663,PROD00314,4,8921.82,5353.09,30334.19
OI00002663-2,ORD00002663,PROD00156,4,6041.74,0.0,24166.96
OI00002663-3,ORD00002663,PROD00048,4,2165.22,433.04,8227.84
OI00002663-4,ORD00002663,PROD00035,4,14071.44,0.0,56285.76
OI00002664-1,ORD00002664,PROD00120,2,21353.8,4270.76,38436.84
OI00002664-2,ORD00002664,PROD00201,2,17522.9,3504.58,31541.22
OI00002664-3,ORD00002664,PROD00062,2,17873.06,0.0,35746.12
OI00002664-4,ORD00002664,PROD00102,2,7550.93,2265.28,12836.58
OI00002665-1,ORD00002665,PROD00014,3,2236.5,335.48,6374.02
OI00002665-2,ORD00002665,PROD00204,3,17481.19,0.0,52443.57
OI00002665-3,ORD00002665,PROD00291,4,16653.64,3330.73,63283.83
OI00002666-1,ORD00002666,PROD00132,3,1691.47,0.0,5074.41
OI00002666-2,ORD00002666,PROD00053,2,17522.36,0.0,35044.72
OI00002667-1,ORD00002667,PROD00040,2,3967.96,793.59,7142.33
OI00002668-1,ORD00002668,PROD00013,2,7604.86,0.0,15209.72
OI00002669-1,ORD00002669,PROD00205,4,22069.77,8827.91,79451.17
OI00002669-2,ORD00002669,PROD00215,1,16801.23,0.0,16801.23
OI00002669-3,ORD00002669,PROD00041,2,18327.17,0.0,36654.34
OI00002670-1,ORD00002670,PROD00140,1,14612.46,0.0,14612.46
OI00002671-1,ORD00002671,PROD00237,4,6989.25,2795.7,25161.3
OI00002671-2,ORD00002671,PROD00214,1,4472.05,670.81,3801.24
OI00002672-1,ORD00002672,PROD00124,2,24453.49,0.0,48906.98
OI00002672-2,ORD00002672,PROD00169,4,5792.93,2317.17,20854.55
OI00002673-1,ORD00002673,PROD00165,4,17905.46,3581.09,68040.75
OI00002673-2,ORD00002673,PROD00194,1,3968.03,198.4,3769.63
OI00002673-3,ORD00002673,PROD00343,2,19579.2,3915.84,35242.56
OI00002674-1,ORD00002674,PROD00040,3,3967.96,0.0,11903.88
OI00002674-2,ORD00002674,PROD00326,4,13890.31,0.0,55561.24
OI00002675-1,ORD00002675,PROD00190,3,2376.38,0.0,7129.14
OI00002675-2,ORD00002675,PROD00220,1,5039.64,0.0,5039.64
OI00002675-3,ORD00002675,PROD00338,1,10521.18,0.0,10521.18
OI00002675-4,ORD00002675,PROD00278,3,20166.44,9074.9,51424.42
OI00002676-1,ORD00002676,PROD00039,2,12707.28,3812.18,21602.38
OI00002677-1,ORD00002677,PROD00174,3,13673.35,0.0,41020.05
OI00002677-2,ORD00002677,PROD00176,4,24960.21,0.0,99840.84
OI00002678-1,ORD00002678,PROD00044,2,6687.09,1337.42,12036.76
OI00002678-2,ORD00002678,PROD00146,4,8249.05,0.0,32996.2
OI00002678-3,ORD00002678,PROD00038,2,19552.23,5865.67,33238.79
OI00002678-4,ORD00002678,PROD00132,1,1691.47,84.57,1606.9
OI00002678-5,ORD00002678,PROD00345,3,15206.3,4561.89,41057.01
OI00002679-1,ORD00002679,PROD00071,3,9271.17,0.0,27813.51
OI00002679-2,ORD00002679,PROD00178,3,20555.44,0.0,61666.32
OI00002679-3,ORD00002679,PROD00214,3,4472.05,0.0,13416.15
OI00002679-4,ORD00002679,PROD00068,1,12144.87,607.24,11537.63
OI00002679-5,ORD00002679,PROD00316,1,3014.12,452.12,2562.0
OI00002680-1,ORD00002680,PROD00304,4,24529.51,0.0,98118.04
OI00002680-2,ORD00002680,PROD00328,4,24499.21,0.0,97996.84
OI00002680-3,ORD00002680,PROD00169,2,5792.93,0.0,11585.86
OI00002681-1,ORD00002681,PROD00117,3,1680.75,0.0,5042.25
OI00002681-2,ORD00002681,PROD00066,1,21806.77,3271.02,18535.75
OI00002681-3,ORD00002681,PROD00165,3,17905.46,8057.46,45658.92
OI00002682-1,ORD00002682,PROD00056,3,5382.68,0.0,16148.04
OI00002682-2,ORD00002682,PROD00242,4,23459.95,0.0,93839.8
OI00002683-1,ORD00002683,PROD00123,3,4905.47,2207.46,12508.95
OI00002684-1,ORD00002684,PROD00349,3,22965.12,10334.3,58561.06
OI00002684-2,ORD00002684,PROD00189,3,4749.05,2137.07,12110.08
OI00002684-3,ORD00002684,PROD00196,2,10833.41,2166.68,19500.14
OI00002685-1,ORD00002685,PROD00280,2,11325.36,0.0,22650.72
OI00002685-2,ORD00002685,PROD00305,2,17525.16,3505.03,31545.29
OI00002685-3,ORD00002685,PROD00298,3,19293.46,0.0,57880.38
OI00002685-4,ORD00002685,PROD00037,1,17674.8,1767.48,15907.32
OI00002686-1,ORD00002686,PROD00281,4,16522.7,6609.08,59481.72
OI00002686-2,ORD00002686,PROD00096,1,7650.09,1147.51,6502.58
OI00002686-3,ORD00002686,PROD00290,3,19169.41,2875.41,54632.82
OI00002686-4,ORD00002686,PROD00093,2,23736.46,4747.29,42725.63
OI00002687-1,ORD00002687,PROD00222,3,18114.09,8151.34,46190.93
OI00002687-2,ORD00002687,PROD00330,3,16495.98,2474.4,47013.54
OI00002687-3,ORD00002687,PROD00326,1,13890.31,694.52,13195.79
OI00002687-4,ORD00002687,PROD00150,3,1889.59,283.44,5385.33
OI00002687-5,ORD00002687,PROD00081,3,14048.06,6321.63,35822.55
OI00002688-1,ORD00002688,PROD00051,4,10511.67,0.0,42046.68
OI00002688-2,ORD00002688,PROD00267,4,16380.3,0.0,65521.2
OI00002688-3,ORD00002688,PROD00028,1,3322.41,498.36,2824.05
OI00002688-4,ORD00002688,PROD00068,1,12144.87,607.24,11537.63
OI00002689-1,ORD00002689,PROD00025,4,12394.98,0.0,49579.92
OI00002689-2,ORD00002689,PROD00107,1,10358.42,1553.76,8804.66
OI00002689-3,ORD00002689,PROD00205,3,22069.77,6620.93,59588.38
OI00002689-4,ORD00002689,PROD00129,4,19114.26,3822.85,72634.19
OI00002689-5,ORD00002689,PROD00098,2,24035.74,0.0,48071.48
OI00002690-1,ORD00002690,PROD00121,1,17020.33,1702.03,15318.3
OI00002690-2,ORD00002690,PROD00248,1,544.29,54.43,489.86
OI00002690-3,ORD00002690,PROD00335,1,11428.89,0.0,11428.89
OI00002690-4,ORD00002690,PROD00035,2,14071.44,0.0,28142.88
OI00002691-1,ORD00002691,PROD00203,3,9647.39,0.0,28942.17
OI00002692-1,ORD00002692,PROD00248,1,544.29,0.0,544.29
OI00002692-2,ORD00002692,PROD00251,2,17885.84,0.0,35771.68
OI00002692-3,ORD00002692,PROD00094,4,1683.18,0.0,6732.72
OI00002693-1,ORD00002693,PROD00099,1,16343.82,2451.57,13892.25
OI00002694-1,ORD00002694,PROD00114,2,7054.87,0.0,14109.74
OI00002694-2,ORD00002694,PROD00170,2,11306.22,2261.24,20351.2
OI00002694-3,ORD00002694,PROD00024,1,13853.73,692.69,13161.04
OI00002694-4,ORD00002694,PROD00152,1,5018.12,752.72,4265.4
OI00002694-5,ORD00002694,PROD00197,4,14707.92,8824.75,50006.93
OI00002695-1,ORD00002695,PROD00076,2,22512.17,0.0,45024.34
OI00002695-2,ORD00002695,PROD00204,4,17481.19,0.0,69924.76
OI00002695-3,ORD00002695,PROD00109,2,16822.54,0.0,33645.08
OI00002696-1,ORD00002696,PROD00025,4,12394.98,0.0,49579.92
OI00002696-2,ORD00002696,PROD00221,4,17014.99,10208.99,57850.97
OI00002696-3,ORD00002696,PROD00122,4,1221.77,244.35,4642.73
OI00002696-4,ORD00002696,PROD00271,2,21715.63,0.0,43431.26
OI00002697-1,ORD00002697,PROD00083,1,3051.07,305.11,2745.96
OI00002697-2,ORD00002697,PROD00339,3,696.45,104.47,1984.88
OI00002697-3,ORD00002697,PROD00318,1,21629.15,3244.37,18384.78
OI00002697-4,ORD00002697,PROD00054,1,17451.9,872.6,16579.3
OI00002698-1,ORD00002698,PROD00170,3,11306.22,1695.93,32222.73
OI00002698-2,ORD00002698,PROD00187,4,24432.22,9772.89,87955.99
OI00002698-3,ORD00002698,PROD00011,2,13382.68,4014.8,22750.56
OI00002698-4,ORD00002698,PROD00116,4,4303.4,2582.04,14631.56
OI00002699-1,ORD00002699,PROD00011,2,13382.68,4014.8,22750.56
OI00002700-1,ORD00002700,PROD00023,1,5836.05,0.0,5836.05
OI00002700-2,ORD00002700,PROD00162,2,5270.48,0.0,10540.96
OI00002701-1,ORD00002701,PROD00090,1,4577.37,228.87,4348.5
OI00002701-2,ORD00002701,PROD00017,1,19254.54,0.0,19254.54
OI00002701-3,ORD00002701,PROD00079,4,9711.52,1942.3,36903.78
OI00002701-4,ORD00002701,PROD00179,3,21643.38,0.0,64930.14
OI00002701-5,ORD00002701,PROD00229,3,6335.91,0.0,19007.73
OI00002702-1,ORD00002702,PROD00271,2,21715.63,0.0,43431.26
OI00002702-2,ORD00002702,PROD00042,1,3118.44,155.92,2962.52
OI00002703-1,ORD00002703,PROD00260,2,2962.43,0.0,5924.86
OI00002703-2,ORD00002703,PROD00244,2,18055.76,1805.58,34305.94
OI00002703-3,ORD00002703,PROD00116,2,4303.4,0.0,8606.8
OI00002704-1,ORD00002704,PROD00275,4,23306.6,13983.96,79242.44
OI00002705-1,ORD00002705,PROD00156,2,6041.74,0.0,12083.48
OI00002705-2,ORD00002705,PROD00204,3,17481.19,7866.54,44577.03
OI00002705-3,ORD00002705,PROD00238,4,16218.76,0.0,64875.04
OI00002706-1,ORD00002706,PROD00265,1,18730.82,0.0,18730.82
OI00002706-2,ORD00002706,PROD00290,1,19169.41,2875.41,16294.0
OI00002706-3,ORD00002706,PROD00233,4,579.27,115.85,2201.23
OI00002706-4,ORD00002706,PROD00120,3,21353.8,0.0,64061.4
OI00002707-1,ORD00002707,PROD00059,1,15693.39,0.0,15693.39
OI00002707-2,ORD00002707,PROD00232,1,12800.1,640.01,12160.09
OI00002707-3,ORD00002707,PROD00274,4,2466.2,986.48,8878.32
OI00002707-4,ORD00002707,PROD00331,4,15173.99,0.0,60695.96
OI00002708-1,ORD00002708,PROD00180,3,5881.39,882.21,16761.96
OI00002708-2,ORD00002708,PROD00282,3,15862.74,0.0,47588.22
OI00002709-1,ORD00002709,PROD00228,4,24578.41,9831.36,88482.28
OI00002709-2,ORD00002709,PROD00299,4,2709.32,1625.59,9211.69
OI00002709-3,ORD00002709,PROD00247,2,10596.3,3178.89,18013.71
OI00002709-4,ORD00002709,PROD00294,3,20220.76,0.0,60662.28
OI00002710-1,ORD00002710,PROD00337,4,17875.4,10725.24,60776.36
OI00002710-2,ORD00002710,PROD00016,1,21060.14,0.0,21060.14
OI00002711-1,ORD00002711,PROD00180,1,5881.39,588.14,5293.25
OI00002712-1,ORD00002712,PROD00250,4,7116.48,0.0,28465.92
OI00002712-2,ORD00002712,PROD00173,4,19657.54,0.0,78630.16
OI00002712-3,ORD00002712,PROD00047,3,23596.32,10618.34,60170.62
OI00002713-1,ORD00002713,PROD00150,1,1889.59,94.48,1795.11
OI00002713-2,ORD00002713,PROD00065,1,11181.79,559.09,10622.7
OI00002713-3,ORD00002713,PROD00095,1,13874.18,0.0,13874.18
OI00002713-4,ORD00002713,PROD00210,4,18661.64,0.0,74646.56
OI00002713-5,ORD00002713,PROD00339,2,696.45,0.0,1392.9
OI00002714-1,ORD00002714,PROD00135,2,8523.43,0.0,17046.86
OI00002714-2,ORD00002714,PROD00291,2,16653.64,1665.36,31641.92
OI00002715-1,ORD00002715,PROD00256,4,15892.74,6357.1,57213.86
OI00002715-2,ORD00002715,PROD00323,2,10163.0,0.0,20326.0
OI00002715-3,ORD00002715,PROD00250,2,7116.48,0.0,14232.96
OI00002715-4,ORD00002715,PROD00134,1,11362.61,1704.39,9658.22
OI00002715-5,ORD00002715,PROD00218,4,9795.93,1959.19,37224.53
OI00002716-1,ORD00002716,PROD00011,4,13382.68,0.0,53530.72
OI00002716-2,ORD00002716,PROD00256,3,15892.74,0.0,47678.22
OI00002717-1,ORD00002717,PROD00268,4,17615.98,0.0,70463.92
OI00002717-2,ORD00002717,PROD00310,2,11465.44,2293.09,20637.79
OI00002717-3,ORD00002717,PROD00172,1,9009.37,450.47,8558.9
OI00002718-1,ORD00002718,PROD00080,4,16165.62,0.0,64662.48
OI00002718-2,ORD00002718,PROD00225,4,4381.86,0.0,17527.44
OI00002718-3,ORD00002718,PROD00115,1,24607.38,0.0,24607.38
OI00002718-4,ORD00002718,PROD00173,1,19657.54,0.0,19657.54
OI00002718-5,ORD00002718,PROD00344,4,2433.74,486.75,9248.21
OI00002719-1,ORD00002719,PROD00319,4,339.48,203.69,1154.23
OI00002720-1,ORD00002720,PROD00067,3,18306.34,2745.95,52173.07
OI00002720-2,ORD00002720,PROD00313,4,23762.43,9504.97,85544.75
OI00002721-1,ORD00002721,PROD00190,1,2376.38,118.82,2257.56
OI00002721-2,ORD00002721,PROD00054,2,17451.9,0.0,34903.8
OI00002721-3,ORD00002721,PROD00337,2,17875.4,5362.62,30388.18
OI00002721-4,ORD00002721,PROD00284,3,10726.51,0.0,32179.53
OI00002722-1,ORD00002722,PROD00321,1,19868.88,0.0,19868.88
OI00002723-1,ORD00002723,PROD00213,4,11796.15,0.0,47184.6
OI00002723-2,ORD00002723,PROD00274,4,2466.2,986.48,8878.32
OI00002723-3,ORD00002723,PROD00153,1,8528.45,0.0,8528.45
OI00002723-4,ORD00002723,PROD00280,2,11325.36,0.0,22650.72
OI00002724-1,ORD00002724,PROD00101,3,14649.72,4394.92,39554.24
OI00002724-2,ORD00002724,PROD00147,2,5524.18,1657.25,9391.11
OI00002725-1,ORD00002725,PROD00275,1,23306.6,1165.33,22141.27
OI00002725-2,ORD00002725,PROD00008,2,2128.1,0.0,4256.2
OI00002725-3,ORD00002725,PROD00128,3,20549.76,0.0,61649.28
OI00002725-4,ORD00002725,PROD00250,4,7116.48,4269.89,24196.03
OI00002725-5,ORD00002725,PROD00181,3,8549.46,1282.42,24365.96
OI00002726-1,ORD00002726,PROD00336,1,1810.42,0.0,1810.42
OI00002726-2,ORD00002726,PROD00335,1,11428.89,0.0,11428.89
OI00002726-3,ORD00002726,PROD00345,4,15206.3,0.0,60825.2
OI00002726-4,ORD00002726,PROD00291,1,16653.64,2498.05,14155.59
OI00002726-5,ORD00002726,PROD00087,2,21498.23,0.0,42996.46
OI00002727-1,ORD00002727,PROD00346,1,8662.06,0.0,8662.06
OI00002728-1,ORD00002728,PROD00054,3,17451.9,2617.79,49737.91
OI00002728-2,ORD00002728,PROD00332,3,966.51,0.0,2899.53
OI00002728-3,ORD00002728,PROD00309,1,2478.12,247.81,2230.31
OI00002728-4,ORD00002728,PROD00050,4,22567.65,0.0,90270.6
OI00002729-1,ORD00002729,PROD00002,2,11732.07,0.0,23464.14
OI00002729-2,ORD00002729,PROD00276,2,9301.09,0.0,18602.18
OI00002729-3,ORD00002729,PROD00290,1,19169.41,958.47,18210.94
OI00002729-4,ORD00002729,PROD00134,1,11362.61,1136.26,10226.35
OI00002729-5,ORD00002729,PROD00317,4,16337.28,0.0,65349.12
OI00002730-1,ORD00002730,PROD00238,4,16218.76,0.0,64875.04
OI00002730-2,ORD00002730,PROD00165,2,17905.46,1790.55,34020.37
OI00002731-1,ORD00002731,PROD00122,4,1221.77,0.0,4887.08
OI00002731-2,ORD00002731,PROD00215,2,16801.23,1680.12,31922.34
OI00002732-1,ORD00002732,PROD00014,1,2236.5,223.65,2012.85
OI00002732-2,ORD00002732,PROD00283,1,5877.29,0.0,5877.29
OI00002732-3,ORD00002732,PROD00127,1,21020.66,0.0,21020.66
OI00002732-4,ORD00002732,PROD00171,2,6861.84,686.18,13037.5
OI00002732-5,ORD00002732,PROD00276,2,9301.09,1860.22,16741.96
OI00002733-1,ORD00002733,PROD00006,4,8918.67,0.0,35674.68
OI00002733-2,ORD00002733,PROD00032,1,7626.11,381.31,7244.8
OI00002734-1,ORD00002734,PROD00240,4,15221.18,9132.71,51752.01
OI00002734-2,ORD00002734,PROD00201,2,17522.9,0.0,35045.8
OI00002734-3,ORD00002734,PROD00188,3,24505.29,0.0,73515.87
OI00002734-4,ORD00002734,PROD00179,1,21643.38,2164.34,19479.04
OI00002734-5,ORD00002734,PROD00288,1,6121.73,306.09,5815.64
OI00002735-1,ORD00002735,PROD00305,3,17525.16,0.0,52575.48
OI00002735-2,ORD00002735,PROD00340,4,17115.28,0.0,68461.12
OI00002736-1,ORD00002736,PROD00103,4,21963.07,13177.84,74674.44
OI00002736-2,ORD00002736,PROD00336,3,1810.42,543.13,4888.13
OI00002736-3,ORD00002736,PROD00166,3,5219.63,1565.89,14093.0
OI00002736-4,ORD00002736,PROD00046,1,20054.13,2005.41,18048.72
OI00002737-1,ORD00002737,PROD00259,3,6394.49,959.17,18224.3
OI00002737-2,ORD00002737,PROD00077,2,19060.68,0.0,38121.36
OI00002737-3,ORD00002737,PROD00205,2,22069.77,6620.93,37518.61
OI00002737-4,ORD00002737,PROD00265,1,18730.82,936.54,17794.28
OI00002737-5,ORD00002737,PROD00042,1,3118.44,0.0,3118.44
OI00002738-1,ORD00002738,PROD00301,4,15056.56,0.0,60226.24
OI00002738-2,ORD00002738,PROD00140,1,14612.46,2191.87,12420.59
OI00002739-1,ORD00002739,PROD00322,2,14307.01,4292.1,24321.92
OI00002739-2,ORD00002739,PROD00022,2,973.58,97.36,1849.8
OI00002739-3,ORD00002739,PROD00306,1,18198.52,0.0,18198.52
OI00002740-1,ORD00002740,PROD00316,1,3014.12,150.71,2863.41
OI00002740-2,ORD00002740,PROD00321,2,19868.88,3973.78,35763.98
OI00002740-3,ORD00002740,PROD00144,3,4774.42,1432.33,12890.93
OI00002740-4,ORD00002740,PROD00155,4,16388.99,0.0,65555.96
OI00002740-5,ORD00002740,PROD00301,3,15056.56,0.0,45169.68
OI00002741-1,ORD00002741,PROD00204,3,17481.19,7866.54,44577.03
OI00002741-2,ORD00002741,PROD00277,1,16643.7,832.19,15811.51
OI00002741-3,ORD00002741,PROD00337,2,17875.4,0.0,35750.8
OI00002741-4,ORD00002741,PROD00029,1,19909.52,0.0,19909.52
OI00002741-5,ORD00002741,PROD00234,1,18943.28,0.0,18943.28
OI00002742-1,ORD00002742,PROD00229,3,6335.91,2851.16,16156.57
OI00002742-2,ORD00002742,PROD00076,2,22512.17,0.0,45024.34
OI00002742-3,ORD00002742,PROD00177,3,19263.4,8668.53,49121.67
OI00002743-1,ORD00002743,PROD00007,1,18525.88,0.0,18525.88
OI00002743-2,ORD00002743,PROD00174,1,13673.35,0.0,13673.35
OI00002743-3,ORD00002743,PROD00109,4,16822.54,0.0,67290.16
OI00002743-4,ORD00002743,PROD00140,2,14612.46,0.0,29224.92
OI00002743-5,ORD00002743,PROD00318,3,21629.15,3244.37,61643.08
OI00002744-1,ORD00002744,PROD00202,4,10405.57,0.0,41622.28
OI00002745-1,ORD00002745,PROD00243,4,5945.94,0.0,23783.76
OI00002745-2,ORD00002745,PROD00148,4,15616.8,3123.36,59343.84
OI00002745-3,ORD00002745,PROD00148,4,15616.8,3123.36,59343.84
OI00002746-1,ORD00002746,PROD00343,1,19579.2,1957.92,17621.28
OI00002746-2,ORD00002746,PROD00049,1,1583.63,0.0,1583.63
OI00002747-1,ORD00002747,PROD00259,1,6394.49,0.0,6394.49
OI00002748-1,ORD00002748,PROD00289,4,10900.59,0.0,43602.36
OI00002748-2,ORD00002748,PROD00234,2,18943.28,0.0,37886.56
OI00002748-3,ORD00002748,PROD00222,2,18114.09,3622.82,32605.36
OI00002749-1,ORD00002749,PROD00178,2,20555.44,0.0,41110.88
OI00002749-2,ORD00002749,PROD00261,4,17666.44,7066.58,63599.18
OI00002749-3,ORD00002749,PROD00166,4,5219.63,2087.85,18790.67
OI00002750-1,ORD00002750,PROD00245,2,7169.55,2150.86,12188.24
OI00002750-2,ORD00002750,PROD00206,3,22722.97,6816.89,61352.02
OI00002750-3,ORD00002750,PROD00243,1,5945.94,0.0,5945.94
OI00002750-4,ORD00002750,PROD00024,1,13853.73,0.0,13853.73
OI00002750-5,ORD00002750,PROD00090,3,4577.37,0.0,13732.11
OI00002751-1,ORD00002751,PROD00147,4,5524.18,2209.67,19887.05
OI00002751-2,ORD00002751,PROD00261,3,17666.44,0.0,52999.32
OI00002752-1,ORD00002752,PROD00147,1,5524.18,828.63,4695.55
OI00002753-1,ORD00002753,PROD00109,2,16822.54,1682.25,31962.83
OI00002753-2,ORD00002753,PROD00021,4,21222.98,8489.19,76402.73
OI00002753-3,ORD00002753,PROD00172,1,9009.37,0.0,9009.37
OI00002753-4,ORD00002753,PROD00268,1,17615.98,1761.6,15854.38
OI00002754-1,ORD00002754,PROD00336,3,1810.42,0.0,5431.26
OI00002754-2,ORD00002754,PROD00289,3,10900.59,0.0,32701.77
OI00002754-3,ORD00002754,PROD00092,1,5103.86,765.58,4338.28
OI00002755-1,ORD00002755,PROD00236,4,23089.06,13853.44,78502.8
OI00002755-2,ORD00002755,PROD00045,1,3832.7,383.27,3449.43
OI00002755-3,ORD00002755,PROD00003,1,24605.45,3690.82,20914.63
OI00002755-4,ORD00002755,PROD00194,4,3968.03,2380.82,13491.3
OI00002755-5,ORD00002755,PROD00236,3,23089.06,0.0,69267.18
OI00002756-1,ORD00002756,PROD00304,3,24529.51,7358.85,66229.68
OI00002757-1,ORD00002757,PROD00294,3,20220.76,3033.11,57629.17
OI00002757-2,ORD00002757,PROD00130,2,22922.02,6876.61,38967.43
OI00002757-3,ORD00002757,PROD00157,4,21965.78,4393.16,83469.96
OI00002757-4,ORD00002757,PROD00265,2,18730.82,5619.25,31842.39
OI00002758-1,ORD00002758,PROD00270,4,6520.83,1304.17,24779.15
OI00002759-1,ORD00002759,PROD00150,2,1889.59,0.0,3779.18
OI00002759-2,ORD00002759,PROD00317,4,16337.28,9802.37,55546.75
OI00002759-3,ORD00002759,PROD00163,2,4227.47,1268.24,7186.7
OI00002759-4,ORD00002759,PROD00035,4,14071.44,5628.58,50657.18
OI00002759-5,ORD00002759,PROD00019,1,539.71,0.0,539.71
OI00002760-1,ORD00002760,PROD00251,3,17885.84,0.0,53657.52
OI00002760-2,ORD00002760,PROD00072,3,7657.87,0.0,22973.61
OI00002760-3,ORD00002760,PROD00319,3,339.48,101.84,916.6
OI00002761-1,ORD00002761,PROD00328,2,24499.21,2449.92,46548.5
OI00002762-1,ORD00002762,PROD00231,2,1734.46,0.0,3468.92
OI00002762-2,ORD00002762,PROD00267,2,16380.3,0.0,32760.6
OI00002763-1,ORD00002763,PROD00168,2,13786.27,0.0,27572.54
OI00002763-2,ORD00002763,PROD00091,3,3604.39,1621.98,9191.19
OI00002763-3,ORD00002763,PROD00265,1,18730.82,2809.62,15921.2
OI00002764-1,ORD00002764,PROD00053,4,17522.36,0.0,70089.44
OI00002765-1,ORD00002765,PROD00306,2,18198.52,3639.7,32757.34
OI00002765-2,ORD00002765,PROD00211,2,2911.33,0.0,5822.66
OI00002765-3,ORD00002765,PROD00254,1,10249.25,0.0,10249.25
OI00002766-1,ORD00002766,PROD00067,1,18306.34,0.0,18306.34
OI00002767-1,ORD00002767,PROD00141,2,15103.07,0.0,30206.14
OI00002767-2,ORD00002767,PROD00144,4,4774.42,0.0,19097.68
OI00002767-3,ORD00002767,PROD00093,4,23736.46,0.0,94945.84
OI00002768-1,ORD00002768,PROD00327,2,16333.38,3266.68,29400.08
OI00002768-2,ORD00002768,PROD00281,4,16522.7,0.0,66090.8
OI00002768-3,ORD00002768,PROD00088,3,13567.39,0.0,40702.17
OI00002768-4,ORD00002768,PROD00049,3,1583.63,712.63,4038.26
OI00002769-1,ORD00002769,PROD00244,2,18055.76,5416.73,30694.79
OI00002770-1,ORD00002770,PROD00275,3,23306.6,0.0,69919.8
OI00002770-2,ORD00002770,PROD00199,1,13170.12,1975.52,11194.6
OI00002770-3,ORD00002770,PROD00073,2,3596.39,0.0,7192.78
OI00002771-1,ORD00002771,PROD00185,2,17159.78,0.0,34319.56
OI00002771-2,ORD00002771,PROD00208,1,11300.85,0.0,11300.85
OI00002771-3,ORD00002771,PROD00116,1,4303.4,0.0,4303.4
OI00002772-1,ORD00002772,PROD00325,2,24143.74,0.0,48287.48
OI00002772-2,ORD00002772,PROD00138,1,12060.91,1206.09,10854.82
OI00002772-3,ORD00002772,PROD00252,1,21548.3,0.0,21548.3
OI00002773-1,ORD00002773,PROD00206,2,22722.97,4544.59,40901.35
OI00002773-2,ORD00002773,PROD00190,1,2376.38,237.64,2138.74
OI00002773-3,ORD00002773,PROD00079,3,9711.52,0.0,29134.56
OI00002774-1,ORD00002774,PROD00287,1,4242.92,0.0,4242.92
OI00002774-2,ORD00002774,PROD00177,3,19263.4,2889.51,54900.69
OI00002774-3,ORD00002774,PROD00107,2,10358.42,2071.68,18645.16
OI00002774-4,ORD00002774,PROD00002,4,11732.07,4692.83,42235.45
OI00002774-5,ORD00002774,PROD00065,4,11181.79,6709.07,38018.09
OI00002775-1,ORD00002775,PROD00234,3,18943.28,0.0,56829.84
OI00002775-2,ORD00002775,PROD00053,4,17522.36,0.0,70089.44
OI00002775-3,ORD00002775,PROD00008,3,2128.1,319.22,6065.08
OI00002776-1,ORD00002776,PROD00325,1,24143.74,3621.56,20522.18
OI00002776-2,ORD00002776,PROD00204,3,17481.19,5244.36,47199.21
OI00002776-3,ORD00002776,PROD00204,4,17481.19,10488.71,59436.05
OI00002776-4,ORD00002776,PROD00069,2,17377.04,0.0,34754.08
OI00002776-5,ORD00002776,PROD00087,3,21498.23,0.0,64494.69
OI00002777-1,ORD00002777,PROD00033,1,8958.24,0.0,8958.24
OI00002777-2,ORD00002777,PROD00220,4,5039.64,0.0,20158.56
OI00002778-1,ORD00002778,PROD00155,2,16388.99,0.0,32777.98
OI00002779-1,ORD00002779,PROD00081,4,14048.06,8428.84,47763.4
OI00002779-2,ORD00002779,PROD00062,3,17873.06,0.0,53619.18
OI00002780-1,ORD00002780,PROD00305,2,17525.16,0.0,35050.32
OI00002780-2,ORD00002780,PROD00148,2,15616.8,0.0,31233.6
OI00002780-3,ORD00002780,PROD00077,2,19060.68,5718.2,32403.16
OI00002781-1,ORD00002781,PROD00230,2,8334.56,1666.91,15002.21
OI00002781-2,ORD00002781,PROD00338,2,10521.18,0.0,21042.36
OI00002782-1,ORD00002782,PROD00291,1,16653.64,2498.05,14155.59
OI00002782-2,ORD00002782,PROD00120,3,21353.8,0.0,64061.4
OI00002782-3,ORD00002782,PROD00083,3,3051.07,457.66,8695.55
OI00002782-4,ORD00002782,PROD00060,4,7484.13,1496.83,28439.69
OI00002783-1,ORD00002783,PROD00193,3,9247.87,0.0,27743.61
OI00002783-2,ORD00002783,PROD00276,4,9301.09,1860.22,35344.14
OI00002783-3,ORD00002783,PROD00297,3,1594.03,0.0,4782.09
OI00002783-4,ORD00002783,PROD00193,1,9247.87,0.0,9247.87
OI00002784-1,ORD00002784,PROD00028,4,3322.41,0.0,13289.64
OI00002784-2,ORD00002784,PROD00122,4,1221.77,0.0,4887.08
OI00002784-3,ORD00002784,PROD00066,4,21806.77,0.0,87227.08
OI00002784-4,ORD00002784,PROD00063,3,20579.93,3086.99,58652.8
OI00002784-5,ORD00002784,PROD00241,2,1662.19,166.22,3158.16
OI00002785-1,ORD00002785,PROD00150,3,1889.59,566.88,5101.89
OI00002785-2,ORD00002785,PROD00343,4,19579.2,11747.52,66569.28
OI00002786-1,ORD00002786,PROD00154,2,21079.89,4215.98,37943.8
OI00002786-2,ORD00002786,PROD00080,1,16165.62,0.0,16165.62
OI00002787-1,ORD00002787,PROD00272,2,6955.22,0.0,13910.44
OI00002787-2,ORD00002787,PROD00268,1,17615.98,0.0,17615.98
OI00002788-1,ORD00002788,PROD00015,4,21482.35,0.0,85929.4
OI00002788-2,ORD00002788,PROD00249,1,13843.66,1384.37,12459.29
OI00002788-3,ORD00002788,PROD00150,1,1889.59,283.44,1606.15
OI00002788-4,ORD00002788,PROD00050,3,22567.65,0.0,67702.95
OI00002788-5,ORD00002788,PROD00039,2,12707.28,0.0,25414.56
OI00002789-1,ORD00002789,PROD00190,4,2376.38,475.28,9030.24
OI00002789-2,ORD00002789,PROD00346,1,8662.06,866.21,7795.85
OI00002789-3,ORD00002789,PROD00341,2,22735.67,4547.13,40924.21
OI00002790-1,ORD00002790,PROD00315,2,14855.14,0.0,29710.28
OI00002790-2,ORD00002790,PROD00330,4,16495.98,0.0,65983.92
OI00002791-1,ORD00002791,PROD00107,4,10358.42,4143.37,37290.31
OI00002791-2,ORD00002791,PROD00330,3,16495.98,4948.79,44539.15
OI00002792-1,ORD00002792,PROD00328,3,24499.21,0.0,73497.63
OI00002792-2,ORD00002792,PROD00288,4,6121.73,0.0,24486.92
OI00002792-3,ORD00002792,PROD00293,3,9456.41,0.0,28369.23
OI00002792-4,ORD00002792,PROD00261,2,17666.44,0.0,35332.88
OI00002792-5,ORD00002792,PROD00245,2,7169.55,0.0,14339.1
OI00002793-1,ORD00002793,PROD00216,1,4489.61,448.96,4040.65
OI00002793-2,ORD00002793,PROD00224,3,23476.13,7042.84,63385.55
OI00002793-3,ORD00002793,PROD00153,4,8528.45,5117.07,28996.73
OI00002793-4,ORD00002793,PROD00234,3,18943.28,2841.49,53988.35
OI00002793-5,ORD00002793,PROD00323,3,10163.0,0.0,30489.0
OI00002794-1,ORD00002794,PROD00331,4,15173.99,0.0,60695.96
OI00002794-2,ORD00002794,PROD00022,4,973.58,389.43,3504.89
OI00002794-3,ORD00002794,PROD00070,2,23046.35,2304.63,43788.07
OI00002795-1,ORD00002795,PROD00326,3,13890.31,6250.64,35420.29
OI00002795-2,ORD00002795,PROD00053,1,17522.36,2628.35,14894.01
OI00002795-3,ORD00002795,PROD00342,1,296.09,0.0,296.09
OI00002796-1,ORD00002796,PROD00217,4,11079.35,2215.87,42101.53
OI00002796-2,ORD00002796,PROD00216,1,4489.61,673.44,3816.17
OI00002797-1,ORD00002797,PROD00248,1,544.29,0.0,544.29
OI00002797-2,ORD00002797,PROD00103,4,21963.07,0.0,87852.28
OI00002797-3,ORD00002797,PROD00088,3,13567.39,0.0,40702.17
OI00002798-1,ORD00002798,PROD00072,4,7657.87,4594.72,26036.76
OI00002798-2,ORD00002798,PROD00035,3,14071.44,0.0,42214.32
OI00002799-1,ORD00002799,PROD00137,2,22614.03,0.0,45228.06
OI00002799-2,ORD00002799,PROD00023,1,5836.05,0.0,5836.05
OI00002800-1,ORD00002800,PROD00124,1,24453.49,3668.02,20785.47
OI00002800-2,ORD00002800,PROD00096,2,7650.09,0.0,15300.18
OI00002800-3,ORD00002800,PROD00084,4,6169.9,0.0,24679.6
OI00002801-1,ORD00002801,PROD00223,4,14073.25,8443.95,47849.05
OI00002802-1,ORD00002802,PROD00019,4,539.71,323.83,1835.01
OI00002802-2,ORD00002802,PROD00016,4,21060.14,8424.06,75816.5
OI00002803-1,ORD00002803,PROD00149,1,5172.64,0.0,5172.64
OI00002803-2,ORD00002803,PROD00201,3,17522.9,0.0,52568.7
OI00002803-3,ORD00002803,PROD00054,1,17451.9,2617.79,14834.11
OI00002804-1,ORD00002804,PROD00144,3,4774.42,1432.33,12890.93
OI00002805-1,ORD00002805,PROD00037,3,17674.8,5302.44,47721.96
OI00002805-2,ORD00002805,PROD00089,1,7704.52,0.0,7704.52
OI00002806-1,ORD00002806,PROD00044,2,6687.09,0.0,13374.18
OI00002806-2,ORD00002806,PROD00031,4,5027.13,0.0,20108.52
OI00002806-3,ORD00002806,PROD00344,3,2433.74,1095.18,6206.04
OI00002807-1,ORD00002807,PROD00112,1,17029.83,0.0,17029.83
OI00002808-1,ORD00002808,PROD00008,4,2128.1,425.62,8086.78
OI00002808-2,ORD00002808,PROD00184,1,20269.51,0.0,20269.51
OI00002808-3,ORD00002808,PROD00060,3,7484.13,2245.24,20207.15
OI00002808-4,ORD00002808,PROD00117,3,1680.75,0.0,5042.25
OI00002809-1,ORD00002809,PROD00068,4,12144.87,2428.97,46150.51
OI00002809-2,ORD00002809,PROD00027,2,12715.52,0.0,25431.04
OI00002809-3,ORD00002809,PROD00176,2,24960.21,4992.04,44928.38
OI00002810-1,ORD00002810,PROD00223,2,14073.25,4221.97,23924.53
OI00002811-1,ORD00002811,PROD00099,3,16343.82,0.0,49031.46
OI00002811-2,ORD00002811,PROD00019,4,539.71,0.0,2158.84
OI00002811-3,ORD00002811,PROD00332,4,966.51,0.0,3866.04
OI00002811-4,ORD00002811,PROD00006,3,8918.67,4013.4,22742.61
OI00002811-5,ORD00002811,PROD00256,2,15892.74,0.0,31785.48
OI00002812-1,ORD00002812,PROD00039,2,12707.28,0.0,25414.56
OI00002812-2,ORD00002812,PROD00004,4,7422.27,0.0,29689.08
OI00002812-3,ORD00002812,PROD00165,1,17905.46,1790.55,16114.91
OI00002812-4,ORD00002812,PROD00332,3,966.51,0.0,2899.53
OI00002813-1,ORD00002813,PROD00313,4,23762.43,14257.46,80792.26
OI00002814-1,ORD00002814,PROD00020,1,1320.51,198.08,1122.43
OI00002814-2,ORD00002814,PROD00008,2,2128.1,0.0,4256.2
OI00002814-3,ORD00002814,PROD00303,1,15795.37,2369.31,13426.06
OI00002814-4,ORD00002814,PROD00138,1,12060.91,0.0,12060.91
OI00002815-1,ORD00002815,PROD00301,2,15056.56,4516.97,25596.15
OI00002816-1,ORD00002816,PROD00132,2,1691.47,0.0,3382.94
OI00002816-2,ORD00002816,PROD00136,2,14715.94,0.0,29431.88
OI00002816-3,ORD00002816,PROD00170,1,11306.22,0.0,11306.22
OI00002816-4,ORD00002816,PROD00208,4,11300.85,0.0,45203.4
OI00002816-5,ORD00002816,PROD00331,2,15173.99,1517.4,28830.58
OI00002817-1,ORD00002817,PROD00033,1,8958.24,0.0,8958.24
OI00002817-2,ORD00002817,PROD00172,1,9009.37,0.0,9009.37
OI00002817-3,ORD00002817,PROD00290,2,19169.41,5750.82,32588.0
OI00002817-4,ORD00002817,PROD00240,2,15221.18,0.0,30442.36
OI00002817-5,ORD00002817,PROD00097,1,19582.9,2937.43,16645.47
OI00002818-1,ORD00002818,PROD00340,4,17115.28,3423.06,65038.06
OI00002818-2,ORD00002818,PROD00235,1,7450.54,0.0,7450.54
OI00002819-1,ORD00002819,PROD00258,2,17451.91,5235.57,29668.25
OI00002820-1,ORD00002820,PROD00182,4,5279.14,2111.66,19004.9
OI00002821-1,ORD00002821,PROD00198,1,235.71,35.36,200.35
OI00002821-2,ORD00002821,PROD00199,2,13170.12,0.0,26340.24
OI00002821-3,ORD00002821,PROD00043,4,20878.59,0.0,83514.36
OI00002821-4,ORD00002821,PROD00302,3,7756.84,3490.58,19779.94
OI00002822-1,ORD00002822,PROD00030,4,7097.31,2838.92,25550.32
OI00002822-2,ORD00002822,PROD00217,1,11079.35,0.0,11079.35
OI00002822-3,ORD00002822,PROD00011,3,13382.68,0.0,40148.04
OI00002822-4,ORD00002822,PROD00345,2,15206.3,3041.26,27371.34
OI00002823-1,ORD00002823,PROD00211,1,2911.33,291.13,2620.2
OI00002823-2,ORD00002823,PROD00214,2,4472.05,0.0,8944.1
OI00002824-1,ORD00002824,PROD00330,4,16495.98,3299.2,62684.72
OI00002824-2,ORD00002824,PROD00005,3,12790.76,0.0,38372.28
OI00002824-3,ORD00002824,PROD00011,1,13382.68,2007.4,11375.28
OI00002824-4,ORD00002824,PROD00019,3,539.71,0.0,1619.13
OI00002825-1,ORD00002825,PROD00096,3,7650.09,0.0,22950.27
OI00002825-2,ORD00002825,PROD00303,1,15795.37,0.0,15795.37
OI00002825-3,ORD00002825,PROD00190,4,2376.38,0.0,9505.52
OI00002825-4,ORD00002825,PROD00160,1,21368.16,2136.82,19231.34
OI00002825-5,ORD00002825,PROD00294,3,20220.76,0.0,60662.28
OI00002826-1,ORD00002826,PROD00191,1,719.62,107.94,611.68
OI00002827-1,ORD00002827,PROD00323,1,10163.0,1524.45,8638.55
OI00002828-1,ORD00002828,PROD00008,2,2128.1,0.0,4256.2
OI00002828-2,ORD00002828,PROD00048,4,2165.22,433.04,8227.84
OI00002828-3,ORD00002828,PROD00143,1,8628.21,0.0,8628.21
OI00002828-4,ORD00002828,PROD00245,4,7169.55,1433.91,27244.29
OI00002828-5,ORD00002828,PROD00171,3,6861.84,0.0,20585.52
OI00002829-1,ORD00002829,PROD00054,3,17451.9,2617.79,49737.91
OI00002829-2,ORD00002829,PROD00182,2,5279.14,0.0,10558.28
OI00002830-1,ORD00002830,PROD00202,1,10405.57,0.0,10405.57
OI00002830-2,ORD00002830,PROD00299,1,2709.32,0.0,2709.32
OI00002830-3,ORD00002830,PROD00218,4,9795.93,0.0,39183.72
OI00002830-4,ORD00002830,PROD00285,4,7381.88,1476.38,28051.14
OI00002830-5,ORD00002830,PROD00185,4,17159.78,3431.96,65207.16
OI00002831-1,ORD00002831,PROD00133,4,10071.99,0.0,40287.96
OI00002831-2,ORD00002831,PROD00104,2,15897.49,1589.75,30205.23
OI00002832-1,ORD00002832,PROD00014,2,2236.5,223.65,4249.35
OI00002833-1,ORD00002833,PROD00003,2,24605.45,0.0,49210.9
OI00002833-2,ORD00002833,PROD00132,1,1691.47,84.57,1606.9
OI00002834-1,ORD00002834,PROD00274,3,2466.2,0.0,7398.6
OI00002834-2,ORD00002834,PROD00206,4,22722.97,0.0,90891.88
OI00002834-3,ORD00002834,PROD00289,1,10900.59,545.03,10355.56
OI00002834-4,ORD00002834,PROD00203,3,9647.39,0.0,28942.17
OI00002834-5,ORD00002834,PROD00137,1,22614.03,0.0,22614.03
OI00002835-1,ORD00002835,PROD00065,2,11181.79,1118.18,21245.4
OI00002835-2,ORD00002835,PROD00228,2,24578.41,2457.84,46698.98
OI00002836-1,ORD00002836,PROD00087,4,21498.23,0.0,85992.92
OI00002837-1,ORD00002837,PROD00073,1,3596.39,539.46,3056.93
OI00002837-2,ORD00002837,PROD00272,3,6955.22,1043.28,19822.38
OI00002837-3,ORD00002837,PROD00277,4,16643.7,0.0,66574.8
OI00002837-4,ORD00002837,PROD00320,2,624.52,0.0,1249.04
OI00002837-5,ORD00002837,PROD00343,4,19579.2,0.0,78316.8
OI00002838-1,ORD00002838,PROD00278,3,20166.44,6049.93,54449.39
OI00002838-2,ORD00002838,PROD00226,4,11496.46,0.0,45985.84
OI00002839-1,ORD00002839,PROD00343,4,19579.2,0.0,78316.8
OI00002839-2,ORD00002839,PROD00194,1,3968.03,396.8,3571.23
OI00002840-1,ORD00002840,PROD00309,3,2478.12,371.72,7062.64
OI00002840-2,ORD00002840,PROD00201,2,17522.9,0.0,35045.8
OI00002840-3,ORD00002840,PROD00271,2,21715.63,6514.69,36916.57
OI00002840-4,ORD00002840,PROD00131,2,1596.96,479.09,2714.83
OI00002841-1,ORD00002841,PROD00085,4,20182.68,8073.07,72657.65
OI00002841-2,ORD00002841,PROD00176,2,24960.21,0.0,49920.42
OI00002841-3,ORD00002841,PROD00152,4,5018.12,3010.87,17061.61
OI00002841-4,ORD00002841,PROD00338,1,10521.18,0.0,10521.18
OI00002841-5,ORD00002841,PROD00036,2,19263.87,0.0,38527.74
OI00002842-1,ORD00002842,PROD00210,1,18661.64,0.0,18661.64
OI00002842-2,ORD00002842,PROD00011,4,13382.68,2676.54,50854.18
OI00002842-3,ORD00002842,PROD00163,4,4227.47,1690.99,15218.89
OI00002842-4,ORD00002842,PROD00347,2,11947.7,3584.31,20311.09
OI00002842-5,ORD00002842,PROD00159,2,24425.69,7327.71,41523.67
OI00002843-1,ORD00002843,PROD00112,3,17029.83,0.0,51089.49
OI00002843-2,ORD00002843,PROD00327,1,16333.38,2450.01,13883.37
OI00002843-3,ORD00002843,PROD00338,3,10521.18,4734.53,26829.01
OI00002843-4,ORD00002843,PROD00151,3,4900.37,0.0,14701.11
OI00002843-5,ORD00002843,PROD00120,4,21353.8,0.0,85415.2
OI00002844-1,ORD00002844,PROD00309,1,2478.12,247.81,2230.31
OI00002844-2,ORD00002844,PROD00062,3,17873.06,0.0,53619.18
OI00002844-3,ORD00002844,PROD00311,4,22435.59,0.0,89742.36
OI00002844-4,ORD00002844,PROD00071,4,9271.17,0.0,37084.68
OI00002845-1,ORD00002845,PROD00340,2,17115.28,0.0,34230.56
OI00002845-2,ORD00002845,PROD00246,1,2046.4,102.32,1944.08
OI00002845-3,ORD00002845,PROD00308,1,9807.02,980.7,8826.32
OI00002846-1,ORD00002846,PROD00039,3,12707.28,0.0,38121.84
OI00002847-1,ORD00002847,PROD00092,2,5103.86,1020.77,9186.95
OI00002848-1,ORD00002848,PROD00255,1,4895.99,0.0,4895.99
OI00002848-2,ORD00002848,PROD00334,4,1905.27,1143.16,6477.92
OI00002849-1,ORD00002849,PROD00114,2,7054.87,0.0,14109.74
OI00002849-2,ORD00002849,PROD00103,3,21963.07,9883.38,56005.83
OI00002849-3,ORD00002849,PROD00031,1,5027.13,251.36,4775.77
OI00002850-1,ORD00002850,PROD00001,1,23270.16,0.0,23270.16
OI00002850-2,ORD00002850,PROD00098,3,24035.74,3605.36,68501.86
OI00002850-3,ORD00002850,PROD00327,4,16333.38,9800.03,55533.49
OI00002851-1,ORD00002851,PROD00035,3,14071.44,0.0,42214.32
OI00002851-2,ORD00002851,PROD00130,4,22922.02,0.0,91688.08
OI00002851-3,ORD00002851,PROD00044,3,6687.09,0.0,20061.27
OI00002851-4,ORD00002851,PROD00223,2,14073.25,0.0,28146.5
OI00002852-1,ORD00002852,PROD00261,2,17666.44,5299.93,30032.95
OI00002852-2,ORD00002852,PROD00136,2,14715.94,1471.59,27960.29
OI00002852-3,ORD00002852,PROD00155,3,16388.99,0.0,49166.97
OI00002853-1,ORD00002853,PROD00104,1,15897.49,794.87,15102.62
OI00002853-2,ORD00002853,PROD00035,3,14071.44,2110.72,40103.6
OI00002853-3,ORD00002853,PROD00016,1,21060.14,1053.01,20007.13
OI00002853-4,ORD00002853,PROD00343,3,19579.2,0.0,58737.6
OI00002854-1,ORD00002854,PROD00032,2,7626.11,0.0,15252.22
OI00002855-1,ORD00002855,PROD00065,4,11181.79,4472.72,40254.44
OI00002855-2,ORD00002855,PROD00128,4,20549.76,4109.95,78089.09
OI00002855-3,ORD00002855,PROD00246,4,2046.4,0.0,8185.6
OI00002855-4,ORD00002855,PROD00134,1,11362.61,0.0,11362.61
OI00002856-1,ORD00002856,PROD00099,4,16343.82,0.0,65375.28
OI00002857-1,ORD00002857,PROD00183,4,14458.84,0.0,57835.36
OI00002857-2,ORD00002857,PROD00093,2,23736.46,7120.94,40351.98
OI00002857-3,ORD00002857,PROD00193,4,9247.87,0.0,36991.48
OI00002857-4,ORD00002857,PROD00199,2,13170.12,1317.01,25023.23
OI00002858-1,ORD00002858,PROD00300,2,20412.89,4082.58,36743.2
OI00002858-2,ORD00002858,PROD00230,3,8334.56,2500.37,22503.31
OI00002858-3,ORD00002858,PROD00184,3,20269.51,0.0,60808.53
OI00002859-1,ORD00002859,PROD00135,4,8523.43,0.0,34093.72
OI00002859-2,ORD00002859,PROD00170,3,11306.22,0.0,33918.66
OI00002859-3,ORD00002859,PROD00254,4,10249.25,0.0,40997.0
OI00002859-4,ORD00002859,PROD00259,2,6394.49,1278.9,11510.08
OI00002859-5,ORD00002859,PROD00339,1,696.45,0.0,696.45
OI00002860-1,ORD00002860,PROD00032,3,7626.11,0.0,22878.33
OI00002860-2,ORD00002860,PROD00262,3,20752.25,9338.51,52918.24
OI00002860-3,ORD00002860,PROD00076,4,22512.17,0.0,90048.68
OI00002860-4,ORD00002860,PROD00181,2,8549.46,0.0,17098.92
OI00002861-1,ORD00002861,PROD00340,4,17115.28,10269.17,58191.95
OI00002861-2,ORD00002861,PROD00123,3,4905.47,0.0,14716.41
OI00002861-3,ORD00002861,PROD00139,2,1559.26,0.0,3118.52
OI00002861-4,ORD00002861,PROD00032,2,7626.11,1525.22,13727.0
OI00002861-5,ORD00002861,PROD00133,1,10071.99,0.0,10071.99
OI00002862-1,ORD00002862,PROD00232,4,12800.1,0.0,51200.4
OI00002862-2,ORD00002862,PROD00131,2,1596.96,159.7,3034.22
OI00002862-3,ORD00002862,PROD00085,3,20182.68,3027.4,57520.64
OI00002862-4,ORD00002862,PROD00239,1,6094.11,0.0,6094.11
OI00002862-5,ORD00002862,PROD00180,4,5881.39,2352.56,21173.0
OI00002863-1,ORD00002863,PROD00063,4,20579.93,0.0,82319.72
OI00002863-2,ORD00002863,PROD00034,4,20180.05,0.0,80720.2
OI00002863-3,ORD00002863,PROD00194,4,3968.03,0.0,15872.12
OI00002863-4,ORD00002863,PROD00121,4,17020.33,0.0,68081.32
OI00002864-1,ORD00002864,PROD00292,1,21804.92,1090.25,20714.67
OI00002865-1,ORD00002865,PROD00317,4,16337.28,3267.46,62081.66
OI00002865-2,ORD00002865,PROD00202,2,10405.57,3121.67,17689.47
OI00002865-3,ORD00002865,PROD00039,2,12707.28,0.0,25414.56
OI00002865-4,ORD00002865,PROD00160,4,21368.16,8547.26,76925.38
OI00002866-1,ORD00002866,PROD00217,4,11079.35,0.0,44317.4
OI00002866-2,ORD00002866,PROD00234,1,18943.28,947.16,17996.12
OI00002866-3,ORD00002866,PROD00227,1,1146.28,171.94,974.34
OI00002866-4,ORD00002866,PROD00138,3,12060.91,1809.14,34373.59
OI00002866-5,ORD00002866,PROD00313,2,23762.43,0.0,47524.86
OI00002867-1,ORD00002867,PROD00306,1,18198.52,0.0,18198.52
OI00002867-2,ORD00002867,PROD00318,2,21629.15,0.0,43258.3
OI00002868-1,ORD00002868,PROD00066,3,21806.77,3271.02,62149.29
OI00002868-2,ORD00002868,PROD00050,1,22567.65,0.0,22567.65
OI00002868-3,ORD00002868,PROD00162,2,5270.48,0.0,10540.96
OI00002869-1,ORD00002869,PROD00310,1,11465.44,573.27,10892.17
OI00002870-1,ORD00002870,PROD00102,1,7550.93,0.0,7550.93
OI00002870-2,ORD00002870,PROD00050,4,22567.65,0.0,90270.6
OI00002870-3,ORD00002870,PROD00161,2,15755.01,3151.0,28359.02
OI00002870-4,ORD00002870,PROD00101,2,14649.72,1464.97,27834.47
OI00002870-5,ORD00002870,PROD00152,2,5018.12,0.0,10036.24
OI00002871-1,ORD00002871,PROD00046,1,20054.13,0.0,20054.13
OI00002871-2,ORD00002871,PROD00083,3,3051.07,0.0,9153.21
OI00002872-1,ORD00002872,PROD00302,3,7756.84,2327.05,20943.47
OI00002872-2,ORD00002872,PROD00230,4,8334.56,0.0,33338.24
OI00002872-3,ORD00002872,PROD00120,1,21353.8,3203.07,18150.73
OI00002872-4,ORD00002872,PROD00246,1,2046.4,0.0,2046.4
OI00002872-5,ORD00002872,PROD00220,2,5039.64,0.0,10079.28
OI00002873-1,ORD00002873,PROD00111,3,11594.18,0.0,34782.54
OI00002873-2,ORD00002873,PROD00190,4,2376.38,0.0,9505.52
OI00002873-3,ORD00002873,PROD00203,4,9647.39,3858.96,34730.6
OI00002874-1,ORD00002874,PROD00324,3,1645.09,740.29,4194.98
OI00002874-2,ORD00002874,PROD00160,3,21368.16,6410.45,57694.03
OI00002874-3,ORD00002874,PROD00260,1,2962.43,0.0,2962.43
OI00002874-4,ORD00002874,PROD00339,4,696.45,0.0,2785.8
OI00002875-1,ORD00002875,PROD00194,1,3968.03,0.0,3968.03
OI00002876-1,ORD00002876,PROD00040,1,3967.96,396.8,3571.16
OI00002876-2,ORD00002876,PROD00090,3,4577.37,686.61,13045.5
OI00002877-1,ORD00002877,PROD00278,2,20166.44,0.0,40332.88
OI00002877-2,ORD00002877,PROD00295,2,2274.03,454.81,4093.25
OI00002877-3,ORD00002877,PROD00246,2,2046.4,0.0,4092.8
OI00002877-4,ORD00002877,PROD00049,2,1583.63,0.0,3167.26
OI00002878-1,ORD00002878,PROD00021,1,21222.98,0.0,21222.98
OI00002878-2,ORD00002878,PROD00002,3,11732.07,3519.62,31676.59
OI00002878-3,ORD00002878,PROD00179,3,21643.38,3246.51,61683.63
OI00002878-4,ORD00002878,PROD00219,1,19321.62,966.08,18355.54
OI00002878-5,ORD00002878,PROD00287,1,4242.92,636.44,3606.48
OI00002879-1,ORD00002879,PROD00004,3,7422.27,3340.02,18926.79
OI00002880-1,ORD00002880,PROD00061,3,8790.91,0.0,26372.73
OI00002880-2,ORD00002880,PROD00124,4,24453.49,0.0,97813.96
OI00002881-1,ORD00002881,PROD00062,3,17873.06,0.0,53619.18
OI00002882-1,ORD00002882,PROD00305,1,17525.16,1752.52,15772.64
OI00002882-2,ORD00002882,PROD00195,1,9755.37,975.54,8779.83
OI00002882-3,ORD00002882,PROD00035,2,14071.44,1407.14,26735.74
OI00002882-4,ORD00002882,PROD00150,1,1889.59,94.48,1795.11
OI00002883-1,ORD00002883,PROD00294,3,20220.76,6066.23,54596.05
OI00002883-2,ORD00002883,PROD00325,2,24143.74,2414.37,45873.11
OI00002883-3,ORD00002883,PROD00013,1,7604.86,0.0,7604.86
OI00002884-1,ORD00002884,PROD00214,1,4472.05,447.21,4024.84
OI00002884-2,ORD00002884,PROD00198,3,235.71,0.0,707.13
OI00002885-1,ORD00002885,PROD00336,3,1810.42,543.13,4888.13
OI00002885-2,ORD00002885,PROD00253,2,23510.11,0.0,47020.22
OI00002886-1,ORD00002886,PROD00191,2,719.62,0.0,1439.24
OI00002887-1,ORD00002887,PROD00222,2,18114.09,0.0,36228.18
OI00002887-2,ORD00002887,PROD00347,1,11947.7,0.0,11947.7
OI00002887-3,ORD00002887,PROD00306,4,18198.52,0.0,72794.08
OI00002888-1,ORD00002888,PROD00166,3,5219.63,0.0,15658.89
OI00002888-2,ORD00002888,PROD00350,4,17684.33,7073.73,63663.59
OI00002888-3,ORD00002888,PROD00108,2,19693.27,5907.98,33478.56
OI00002889-1,ORD00002889,PROD00052,1,22735.31,3410.3,19325.01
OI00002889-2,ORD00002889,PROD00290,2,19169.41,0.0,38338.82
OI00002889-3,ORD00002889,PROD00102,1,7550.93,1132.64,6418.29
OI00002890-1,ORD00002890,PROD00203,4,9647.39,1929.48,36660.08
OI00002891-1,ORD00002891,PROD00171,4,6861.84,2744.74,24702.62
OI00002891-2,ORD00002891,PROD00022,3,973.58,438.11,2482.63
OI00002891-3,ORD00002891,PROD00097,3,19582.9,0.0,58748.7
OI00002891-4,ORD00002891,PROD00303,1,15795.37,0.0,15795.37
OI00002891-5,ORD00002891,PROD00264,2,15922.7,0.0,31845.4
OI00002892-1,ORD00002892,PROD00279,1,690.73,0.0,690.73
OI00002892-2,ORD00002892,PROD00245,1,7169.55,0.0,7169.55
OI00002892-3,ORD00002892,PROD00232,4,12800.1,0.0,51200.4
OI00002892-4,ORD00002892,PROD00043,2,20878.59,0.0,41757.18
OI00002892-5,ORD00002892,PROD00189,4,4749.05,1899.62,17096.58
OI00002893-1,ORD00002893,PROD00235,1,7450.54,0.0,7450.54
OI00002893-2,ORD00002893,PROD00132,1,1691.47,253.72,1437.75
OI00002893-3,ORD00002893,PROD00304,3,24529.51,11038.28,62550.25
OI00002893-4,ORD00002893,PROD00335,1,11428.89,0.0,11428.89
OI00002893-5,ORD00002893,PROD00008,3,2128.1,0.0,6384.3
OI00002894-1,ORD00002894,PROD00002,1,11732.07,0.0,11732.07
OI00002895-1,ORD00002895,PROD00350,2,17684.33,5305.3,30063.36
OI00002895-2,ORD00002895,PROD00129,1,19114.26,0.0,19114.26
OI00002896-1,ORD00002896,PROD00293,4,9456.41,0.0,37825.64
OI00002896-2,ORD00002896,PROD00166,3,5219.63,782.94,14875.95
OI00002897-1,ORD00002897,PROD00278,4,20166.44,0.0,80665.76
OI00002897-2,ORD00002897,PROD00033,1,8958.24,895.82,8062.42
OI00002897-3,ORD00002897,PROD00098,2,24035.74,0.0,48071.48
OI00002897-4,ORD00002897,PROD00171,2,6861.84,1372.37,12351.31
OI00002897-5,ORD00002897,PROD00131,1,1596.96,79.85,1517.11
OI00002898-1,ORD00002898,PROD00264,2,15922.7,0.0,31845.4
OI00002898-2,ORD00002898,PROD00129,1,19114.26,1911.43,17202.83
OI00002898-3,ORD00002898,PROD00208,3,11300.85,0.0,33902.55
OI00002899-1,ORD00002899,PROD00289,3,10900.59,3270.18,29431.59
OI00002899-2,ORD00002899,PROD00046,1,20054.13,0.0,20054.13
OI00002899-3,ORD00002899,PROD00040,1,3967.96,0.0,3967.96
OI00002899-4,ORD00002899,PROD00107,2,10358.42,3107.53,17609.31
OI00002900-1,ORD00002900,PROD00173,3,19657.54,8845.89,50126.73
OI00002900-2,ORD00002900,PROD00200,4,18445.4,0.0,73781.6
OI00002900-3,ORD00002900,PROD00096,2,7650.09,1530.02,13770.16
OI00002900-4,ORD00002900,PROD00332,2,966.51,96.65,1836.37
OI00002901-1,ORD00002901,PROD00202,2,10405.57,0.0,20811.14
OI00002901-2,ORD00002901,PROD00259,1,6394.49,959.17,5435.32
OI00002901-3,ORD00002901,PROD00250,3,7116.48,3202.42,18147.02
OI00002902-1,ORD00002902,PROD00329,1,10605.13,0.0,10605.13
OI00002902-2,ORD00002902,PROD00315,3,14855.14,0.0,44565.42
OI00002902-3,ORD00002902,PROD00315,3,14855.14,0.0,44565.42
OI00002902-4,ORD00002902,PROD00269,1,14198.95,709.95,13489.0
OI00002902-5,ORD00002902,PROD00279,2,690.73,69.07,1312.39
OI00002903-1,ORD00002903,PROD00257,4,18404.82,0.0,73619.28
OI00002904-1,ORD00002904,PROD00299,1,2709.32,0.0,2709.32
OI00002904-2,ORD00002904,PROD00236,1,23089.06,0.0,23089.06
OI00002904-3,ORD00002904,PROD00174,3,13673.35,0.0,41020.05
OI00002905-1,ORD00002905,PROD00132,2,1691.47,507.44,2875.5
OI00002905-2,ORD00002905,PROD00163,2,4227.47,0.0,8454.94
OI00002905-3,ORD00002905,PROD00050,4,22567.65,0.0,90270.6
OI00002905-4,ORD00002905,PROD00066,3,21806.77,0.0,65420.31
OI00002906-1,ORD00002906,PROD00012,2,11531.07,2306.21,20755.93
OI00002906-2,ORD00002906,PROD00039,4,12707.28,0.0,50829.12
OI00002907-1,ORD00002907,PROD00075,1,1735.74,0.0,1735.74
OI00002907-2,ORD00002907,PROD00321,3,19868.88,2980.33,56626.31
OI00002907-3,ORD00002907,PROD00265,1,18730.82,0.0,18730.82
OI00002908-1,ORD00002908,PROD00117,1,1680.75,0.0,1680.75
OI00002908-2,ORD00002908,PROD00031,2,5027.13,0.0,10054.26
OI00002908-3,ORD00002908,PROD00034,2,20180.05,0.0,40360.1
OI00002909-1,ORD00002909,PROD00155,3,16388.99,0.0,49166.97
OI00002909-2,ORD00002909,PROD00043,3,20878.59,0.0,62635.77
OI00002909-3,ORD00002909,PROD00239,4,6094.11,2437.64,21938.8
OI00002909-4,ORD00002909,PROD00348,1,16456.2,0.0,16456.2
OI00002910-1,ORD00002910,PROD00339,2,696.45,69.65,1323.25
OI00002911-1,ORD00002911,PROD00314,4,8921.82,5353.09,30334.19
OI00002911-2,ORD00002911,PROD00095,3,13874.18,2081.13,39541.41
OI00002911-3,ORD00002911,PROD00344,4,2433.74,1460.24,8274.72
OI00002911-4,ORD00002911,PROD00157,1,21965.78,0.0,21965.78
OI00002912-1,ORD00002912,PROD00317,4,16337.28,3267.46,62081.66
OI00002912-2,ORD00002912,PROD00086,4,21556.26,12933.76,73291.28
OI00002912-3,ORD00002912,PROD00207,2,1959.51,0.0,3919.02
OI00002913-1,ORD00002913,PROD00058,1,18176.41,1817.64,16358.77
OI00002913-2,ORD00002913,PROD00145,4,21307.62,0.0,85230.48
OI00002913-3,ORD00002913,PROD00025,3,12394.98,5577.74,31607.2
OI00002913-4,ORD00002913,PROD00095,2,13874.18,0.0,27748.36
OI00002914-1,ORD00002914,PROD00145,2,21307.62,0.0,42615.24
OI00002915-1,ORD00002915,PROD00044,3,6687.09,0.0,20061.27
OI00002915-2,ORD00002915,PROD00109,1,16822.54,841.13,15981.41
OI00002915-3,ORD00002915,PROD00039,4,12707.28,2541.46,48287.66
OI00002915-4,ORD00002915,PROD00319,4,339.48,0.0,1357.92
OI00002915-5,ORD00002915,PROD00348,3,16456.2,2468.43,46900.17
OI00002916-1,ORD00002916,PROD00270,3,6520.83,0.0,19562.49
OI00002916-2,ORD00002916,PROD00057,1,634.37,0.0,634.37
OI00002916-3,ORD00002916,PROD00253,4,23510.11,0.0,94040.44
OI00002916-4,ORD00002916,PROD00123,1,4905.47,0.0,4905.47
OI00002916-5,ORD00002916,PROD00254,1,10249.25,0.0,10249.25
OI00002917-1,ORD00002917,PROD00108,4,19693.27,0.0,78773.08
OI00002917-2,ORD00002917,PROD00155,3,16388.99,4916.7,44250.27
OI00002918-1,ORD00002918,PROD00036,3,19263.87,2889.58,54902.03
OI00002918-2,ORD00002918,PROD00332,4,966.51,0.0,3866.04
OI00002918-3,ORD00002918,PROD00014,1,2236.5,0.0,2236.5
OI00002918-4,ORD00002918,PROD00331,4,15173.99,9104.39,51591.57
OI00002919-1,ORD00002919,PROD00143,1,8628.21,0.0,8628.21
OI00002919-2,ORD00002919,PROD00080,4,16165.62,0.0,64662.48
OI00002919-3,ORD00002919,PROD00261,3,17666.44,0.0,52999.32
OI00002920-1,ORD00002920,PROD00208,4,11300.85,2260.17,42943.23
OI00002920-2,ORD00002920,PROD00027,3,12715.52,0.0,38146.56
OI00002921-1,ORD00002921,PROD00039,4,12707.28,0.0,50829.12
OI00002921-2,ORD00002921,PROD00270,2,6520.83,1956.25,11085.41
OI00002921-3,ORD00002921,PROD00251,4,17885.84,10731.5,60811.86
OI00002921-4,ORD00002921,PROD00113,3,20219.94,3032.99,57626.83
OI00002921-5,ORD00002921,PROD00238,3,16218.76,4865.63,43790.65
OI00002922-1,ORD00002922,PROD00237,2,6989.25,2096.78,11881.72
OI00002922-2,ORD00002922,PROD00125,1,4153.82,623.07,3530.75
OI00002923-1,ORD00002923,PROD00062,2,17873.06,0.0,35746.12
OI00002923-2,ORD00002923,PROD00142,3,1480.08,0.0,4440.24
OI00002923-3,ORD00002923,PROD00339,4,696.45,278.58,2507.22
OI00002924-1,ORD00002924,PROD00244,4,18055.76,10833.46,61389.58
OI00002925-1,ORD00002925,PROD00011,1,13382.68,669.13,12713.55
OI00002926-1,ORD00002926,PROD00180,2,5881.39,0.0,11762.78
OI00002926-2,ORD00002926,PROD00327,2,16333.38,3266.68,29400.08
OI00002927-1,ORD00002927,PROD00027,3,12715.52,0.0,38146.56
OI00002927-2,ORD00002927,PROD00176,2,24960.21,0.0,49920.42
OI00002927-3,ORD00002927,PROD00054,4,17451.9,3490.38,66317.22
OI00002928-1,ORD00002928,PROD00158,2,4832.45,1449.73,8215.17
OI00002928-2,ORD00002928,PROD00139,2,1559.26,155.93,2962.59
OI00002928-3,ORD00002928,PROD00158,2,4832.45,966.49,8698.41
OI00002928-4,ORD00002928,PROD00070,2,23046.35,0.0,46092.7
OI00002929-1,ORD00002929,PROD00150,4,1889.59,0.0,7558.36
OI00002929-2,ORD00002929,PROD00235,2,7450.54,745.05,14156.03
OI00002929-3,ORD00002929,PROD00175,2,18643.02,5592.91,31693.13
OI00002929-4,ORD00002929,PROD00032,1,7626.11,1143.92,6482.19
OI00002930-1,ORD00002930,PROD00119,4,17032.97,0.0,68131.88
OI00002930-2,ORD00002930,PROD00192,1,5187.01,0.0,5187.01
OI00002930-3,ORD00002930,PROD00294,2,20220.76,0.0,40441.52
OI00002930-4,ORD00002930,PROD00061,3,8790.91,1318.64,25054.09
OI00002931-1,ORD00002931,PROD00217,3,11079.35,0.0,33238.05
OI00002932-1,ORD00002932,PROD00130,3,22922.02,10314.91,58451.15
OI00002932-2,ORD00002932,PROD00180,2,5881.39,0.0,11762.78
OI00002932-3,ORD00002932,PROD00204,3,17481.19,5244.36,47199.21
OI00002932-4,ORD00002932,PROD00136,1,14715.94,0.0,14715.94
OI00002932-5,ORD00002932,PROD00014,1,2236.5,335.47,1901.03
OI00002933-1,ORD00002933,PROD00018,3,22565.26,0.0,67695.78
OI00002933-2,ORD00002933,PROD00211,2,2911.33,0.0,5822.66
OI00002933-3,ORD00002933,PROD00096,1,7650.09,0.0,7650.09
OI00002933-4,ORD00002933,PROD00062,4,17873.06,0.0,71492.24
OI00002934-1,ORD00002934,PROD00209,1,1876.23,0.0,1876.23
OI00002934-2,ORD00002934,PROD00268,4,17615.98,0.0,70463.92
OI00002934-3,ORD00002934,PROD00120,1,21353.8,0.0,21353.8
OI00002934-4,ORD00002934,PROD00348,2,16456.2,0.0,32912.4
OI00002934-5,ORD00002934,PROD00092,2,5103.86,0.0,10207.72
OI00002935-1,ORD00002935,PROD00234,4,18943.28,0.0,75773.12
OI00002936-1,ORD00002936,PROD00171,2,6861.84,2058.55,11665.13
OI00002936-2,ORD00002936,PROD00205,4,22069.77,0.0,88279.08
OI00002936-3,ORD00002936,PROD00085,4,20182.68,0.0,80730.72
OI00002936-4,ORD00002936,PROD00043,4,20878.59,4175.72,79338.64
OI00002936-5,ORD00002936,PROD00329,4,10605.13,6363.08,36057.44
OI00002937-1,ORD00002937,PROD00030,1,7097.31,0.0,7097.31
OI00002937-2,ORD00002937,PROD00033,2,8958.24,0.0,17916.48
OI00002937-3,ORD00002937,PROD00335,3,11428.89,0.0,34286.67
OI00002937-4,ORD00002937,PROD00298,2,19293.46,0.0,38586.92
OI00002937-5,ORD00002937,PROD00272,2,6955.22,0.0,13910.44
OI00002938-1,ORD00002938,PROD00139,3,1559.26,467.78,4210.0
OI00002939-1,ORD00002939,PROD00282,4,15862.74,6345.1,57105.86
OI00002939-2,ORD00002939,PROD00129,4,19114.26,0.0,76457.04
OI00002939-3,ORD00002939,PROD00143,1,8628.21,1294.23,7333.98
OI00002940-1,ORD00002940,PROD00167,3,7684.68,0.0,23054.04
OI00002940-2,ORD00002940,PROD00240,2,15221.18,0.0,30442.36
OI00002940-3,ORD00002940,PROD00338,4,10521.18,0.0,42084.72
OI00002941-1,ORD00002941,PROD00314,1,8921.82,0.0,8921.82
OI00002941-2,ORD00002941,PROD00243,4,5945.94,0.0,23783.76
OI00002941-3,ORD00002941,PROD00026,2,4075.27,815.05,7335.49
OI00002941-4,ORD00002941,PROD00219,3,19321.62,0.0,57964.86
OI00002942-1,ORD00002942,PROD00017,2,19254.54,3850.91,34658.17
OI00002942-2,ORD00002942,PROD00339,4,696.45,139.29,2646.51
OI00002942-3,ORD00002942,PROD00017,3,19254.54,0.0,57763.62
OI00002942-4,ORD00002942,PROD00106,3,16178.76,2426.81,46109.47
OI00002943-1,ORD00002943,PROD00204,3,17481.19,0.0,52443.57
OI00002943-2,ORD00002943,PROD00204,1,17481.19,0.0,17481.19
OI00002943-3,ORD00002943,PROD00276,3,9301.09,0.0,27903.27
OI00002944-1,ORD00002944,PROD00091,2,3604.39,1081.32,6127.46
OI00002944-2,ORD00002944,PROD00207,4,1959.51,783.8,7054.24
OI00002945-1,ORD00002945,PROD00093,3,23736.46,7120.94,64088.44
OI00002946-1,ORD00002946,PROD00150,2,1889.59,0.0,3779.18
OI00002946-2,ORD00002946,PROD00067,2,18306.34,0.0,36612.68
OI00002946-3,ORD00002946,PROD00127,3,21020.66,0.0,63061.98
OI00002946-4,ORD00002946,PROD00283,4,5877.29,0.0,23509.16
OI00002946-5,ORD00002946,PROD00245,4,7169.55,0.0,28678.2
OI00002947-1,ORD00002947,PROD00187,2,24432.22,2443.22,46421.22
OI00002947-2,ORD00002947,PROD00222,1,18114.09,905.7,17208.39
OI00002947-3,ORD00002947,PROD00300,2,20412.89,0.0,40825.78
OI00002948-1,ORD00002948,PROD00242,2,23459.95,2346.0,44573.9
OI00002948-2,ORD00002948,PROD00326,1,13890.31,0.0,13890.31
OI00002949-1,ORD00002949,PROD00330,1,16495.98,1649.6,14846.38
OI00002949-2,ORD00002949,PROD00012,4,11531.07,4612.43,41511.85
OI00002949-3,ORD00002949,PROD00190,4,2376.38,0.0,9505.52
OI00002949-4,ORD00002949,PROD00123,1,4905.47,0.0,4905.47
OI00002950-1,ORD00002950,PROD00316,2,3014.12,904.24,5124.0
OI00002951-1,ORD00002951,PROD00080,1,16165.62,0.0,16165.62
OI00002951-2,ORD00002951,PROD00114,4,7054.87,0.0,28219.48
OI00002951-3,ORD00002951,PROD00136,2,14715.94,4414.78,25017.1
OI00002951-4,ORD00002951,PROD00058,2,18176.41,1817.64,34535.18
OI00002951-5,ORD00002951,PROD00148,4,15616.8,0.0,62467.2
OI00002952-1,ORD00002952,PROD00258,3,17451.91,5235.57,47120.16
OI00002952-2,ORD00002952,PROD00168,3,13786.27,0.0,41358.81
OI00002952-3,ORD00002952,PROD00256,4,15892.74,9535.64,54035.32
OI00002952-4,ORD00002952,PROD00065,2,11181.79,3354.54,19009.04
OI00002953-1,ORD00002953,PROD00016,4,21060.14,0.0,84240.56
OI00002953-2,ORD00002953,PROD00264,1,15922.7,1592.27,14330.43
OI00002953-3,ORD00002953,PROD00177,1,19263.4,2889.51,16373.89
OI00002954-1,ORD00002954,PROD00016,1,21060.14,0.0,21060.14
OI00002954-2,ORD00002954,PROD00010,2,4667.93,0.0,9335.86
OI00002954-3,ORD00002954,PROD00202,2,10405.57,1040.56,19770.58
OI00002954-4,ORD00002954,PROD00076,3,22512.17,0.0,67536.51
OI00002954-5,ORD00002954,PROD00169,2,5792.93,0.0,11585.86
OI00002955-1,ORD00002955,PROD00069,4,17377.04,0.0,69508.16
OI00002955-2,ORD00002955,PROD00095,2,13874.18,0.0,27748.36
OI00002956-1,ORD00002956,PROD00201,2,17522.9,0.0,35045.8
OI00002957-1,ORD00002957,PROD00174,1,13673.35,683.67,12989.68
OI00002957-2,ORD00002957,PROD00003,4,24605.45,0.0,98421.8
OI00002957-3,ORD00002957,PROD00152,3,5018.12,0.0,15054.36
OI00002957-4,ORD00002957,PROD00116,2,4303.4,860.68,7746.12
OI00002958-1,ORD00002958,PROD00077,4,19060.68,3812.14,72430.58
OI00002958-2,ORD00002958,PROD00157,4,21965.78,0.0,87863.12
OI00002958-3,ORD00002958,PROD00349,1,22965.12,2296.51,20668.61
OI00002959-1,ORD00002959,PROD00294,1,20220.76,2022.08,18198.68
OI00002959-2,ORD00002959,PROD00045,3,3832.7,574.9,10923.2
OI00002960-1,ORD00002960,PROD00298,3,19293.46,0.0,57880.38
OI00002960-2,ORD00002960,PROD00194,4,3968.03,2380.82,13491.3
OI00002960-3,ORD00002960,PROD00216,3,4489.61,0.0,13468.83
OI00002960-4,ORD00002960,PROD00318,1,21629.15,2162.92,19466.23
OI00002961-1,ORD00002961,PROD00071,2,9271.17,927.12,17615.22
OI00002961-2,ORD00002961,PROD00141,3,15103.07,4530.92,40778.29
OI00002962-1,ORD00002962,PROD00138,2,12060.91,3618.27,20503.55
OI00002963-1,ORD00002963,PROD00080,4,16165.62,0.0,64662.48
OI00002963-2,ORD00002963,PROD00062,4,17873.06,3574.61,67917.63
OI00002963-3,ORD00002963,PROD00241,3,1662.19,747.99,4238.58
OI00002963-4,ORD00002963,PROD00140,2,14612.46,0.0,29224.92
OI00002964-1,ORD00002964,PROD00303,4,15795.37,0.0,63181.48
OI00002965-1,ORD00002965,PROD00228,2,24578.41,0.0,49156.82
OI00002965-2,ORD00002965,PROD00233,3,579.27,0.0,1737.81
OI00002965-3,ORD00002965,PROD00017,2,19254.54,3850.91,34658.17
OI00002966-1,ORD00002966,PROD00121,2,17020.33,1702.03,32338.63
OI00002966-2,ORD00002966,PROD00052,1,22735.31,0.0,22735.31
OI00002967-1,ORD00002967,PROD00333,4,15073.5,9044.1,51249.9
OI00002967-2,ORD00002967,PROD00104,3,15897.49,0.0,47692.47
OI00002967-3,ORD00002967,PROD00034,4,20180.05,0.0,80720.2
OI00002968-1,ORD00002968,PROD00179,3,21643.38,3246.51,61683.63
OI00002968-2,ORD00002968,PROD00322,1,14307.01,2146.05,12160.96
OI00002969-1,ORD00002969,PROD00086,3,21556.26,0.0,64668.78
OI00002969-2,ORD00002969,PROD00056,4,5382.68,1076.54,20454.18
OI00002969-3,ORD00002969,PROD00279,2,690.73,207.22,1174.24
OI00002969-4,ORD00002969,PROD00346,2,8662.06,0.0,17324.12
OI00002969-5,ORD00002969,PROD00204,2,17481.19,3496.24,31466.14
OI00002970-1,ORD00002970,PROD00263,3,14672.69,0.0,44018.07
OI00002970-2,ORD00002970,PROD00236,1,23089.06,3463.36,19625.7
OI00002971-1,ORD00002971,PROD00044,4,6687.09,4012.25,22736.11
OI00002971-2,ORD00002971,PROD00091,3,3604.39,0.0,10813.17
OI00002971-3,ORD00002971,PROD00306,2,18198.52,0.0,36397.04
OI00002971-4,ORD00002971,PROD00155,3,16388.99,0.0,49166.97
OI00002971-5,ORD00002971,PROD00215,3,16801.23,0.0,50403.69
OI00002972-1,ORD00002972,PROD00213,4,11796.15,7077.69,40106.91
OI00002972-2,ORD00002972,PROD00149,4,5172.64,0.0,20690.56
OI00002973-1,ORD00002973,PROD00116,4,4303.4,2582.04,14631.56
OI00002973-2,ORD00002973,PROD00011,4,13382.68,8029.61,45501.11
OI00002974-1,ORD00002974,PROD00248,1,544.29,27.21,517.08
OI00002974-2,ORD00002974,PROD00311,3,22435.59,0.0,67306.77
OI00002974-3,ORD00002974,PROD00040,2,3967.96,0.0,7935.92
OI00002975-1,ORD00002975,PROD00072,4,7657.87,1531.57,29099.91
OI00002975-2,ORD00002975,PROD00073,1,3596.39,0.0,3596.39
OI00002975-3,ORD00002975,PROD00046,4,20054.13,0.0,80216.52
OI00002975-4,ORD00002975,PROD00314,2,8921.82,0.0,17843.64
OI00002976-1,ORD00002976,PROD00161,4,15755.01,9453.01,53567.03
OI00002976-2,ORD00002976,PROD00133,4,10071.99,0.0,40287.96
OI00002976-3,ORD00002976,PROD00008,1,2128.1,212.81,1915.29
OI00002976-4,ORD00002976,PROD00074,3,5428.76,0.0,16286.28
OI00002977-1,ORD00002977,PROD00134,4,11362.61,0.0,45450.44
OI00002978-1,ORD00002978,PROD00026,2,4075.27,815.05,7335.49
OI00002978-2,ORD00002978,PROD00239,2,6094.11,609.41,11578.81
OI00002978-3,ORD00002978,PROD00245,3,7169.55,0.0,21508.65
OI00002979-1,ORD00002979,PROD00151,1,4900.37,0.0,4900.37
OI00002979-2,ORD00002979,PROD00067,3,18306.34,8237.85,46681.17
OI00002979-3,ORD00002979,PROD00032,3,7626.11,1143.92,21734.41
OI00002979-4,ORD00002979,PROD00101,4,14649.72,8789.83,49809.05
OI00002979-5,ORD00002979,PROD00029,2,19909.52,3981.9,35837.14
OI00002980-1,ORD00002980,PROD00098,1,24035.74,0.0,24035.74
OI00002980-2,ORD00002980,PROD00077,4,19060.68,3812.14,72430.58
OI00002981-1,ORD00002981,PROD00350,3,17684.33,5305.3,47747.69
OI00002981-2,ORD00002981,PROD00297,1,1594.03,159.4,1434.63
OI00002981-3,ORD00002981,PROD00238,4,16218.76,3243.75,61631.29
OI00002981-4,ORD00002981,PROD00127,3,21020.66,6306.2,56755.78
OI00002981-5,ORD00002981,PROD00201,2,17522.9,0.0,35045.8
OI00002982-1,ORD00002982,PROD00216,4,4489.61,0.0,17958.44
OI00002982-2,ORD00002982,PROD00258,4,17451.91,0.0,69807.64
OI00002983-1,ORD00002983,PROD00327,3,16333.38,4900.01,44100.13
OI00002983-2,ORD00002983,PROD00171,3,6861.84,0.0,20585.52
OI00002984-1,ORD00002984,PROD00267,3,16380.3,4914.09,44226.81
OI00002984-2,ORD00002984,PROD00337,2,17875.4,3575.08,32175.72
OI00002984-3,ORD00002984,PROD00135,4,8523.43,0.0,34093.72
OI00002984-4,ORD00002984,PROD00032,4,7626.11,4575.67,25928.77
OI00002984-5,ORD00002984,PROD00078,3,3767.12,0.0,11301.36
OI00002985-1,ORD00002985,PROD00154,2,21079.89,0.0,42159.78
OI00002985-2,ORD00002985,PROD00160,1,21368.16,0.0,21368.16
OI00002985-3,ORD00002985,PROD00082,1,23934.46,0.0,23934.46
OI00002985-4,ORD00002985,PROD00130,3,22922.02,10314.91,58451.15
OI00002985-5,ORD00002985,PROD00017,4,19254.54,3850.91,73167.25
OI00002986-1,ORD00002986,PROD00254,3,10249.25,0.0,30747.75
OI00002986-2,ORD00002986,PROD00159,1,24425.69,0.0,24425.69
OI00002986-3,ORD00002986,PROD00082,4,23934.46,14360.68,81377.16
OI00002987-1,ORD00002987,PROD00221,4,17014.99,0.0,68059.96
OI00002987-2,ORD00002987,PROD00026,4,4075.27,2445.16,13855.92
OI00002987-3,ORD00002987,PROD00227,4,1146.28,0.0,4585.12
OI00002987-4,ORD00002987,PROD00040,1,3967.96,396.8,3571.16
OI00002988-1,ORD00002988,PROD00012,4,11531.07,0.0,46124.28
OI00002988-2,ORD00002988,PROD00117,3,1680.75,252.11,4790.14
OI00002988-3,ORD00002988,PROD00053,3,17522.36,7885.06,44682.02
OI00002989-1,ORD00002989,PROD00079,2,9711.52,0.0,19423.04
OI00002989-2,ORD00002989,PROD00027,2,12715.52,0.0,25431.04
OI00002989-3,ORD00002989,PROD00046,2,20054.13,4010.83,36097.43
OI00002989-4,ORD00002989,PROD00015,1,21482.35,0.0,21482.35
OI00002989-5,ORD00002989,PROD00300,3,20412.89,0.0,61238.67
OI00002990-1,ORD00002990,PROD00091,1,3604.39,540.66,3063.73
OI00002990-2,ORD00002990,PROD00178,3,20555.44,0.0,61666.32
OI00002990-3,ORD00002990,PROD00065,2,11181.79,1118.18,21245.4
OI00002990-4,ORD00002990,PROD00259,2,6394.49,1918.35,10870.63
OI00002991-1,ORD00002991,PROD00177,4,19263.4,11558.04,65495.56
OI00002991-2,ORD00002991,PROD00150,3,1889.59,283.44,5385.33
OI00002991-3,ORD00002991,PROD00279,3,690.73,0.0,2072.19
OI00002991-4,ORD00002991,PROD00070,4,23046.35,0.0,92185.4
OI00002992-1,ORD00002992,PROD00213,3,11796.15,0.0,35388.45
OI00002992-2,ORD00002992,PROD00293,1,9456.41,0.0,9456.41
OI00002992-3,ORD00002992,PROD00149,2,5172.64,0.0,10345.28
OI00002993-1,ORD00002993,PROD00217,1,11079.35,553.97,10525.38
OI00002994-1,ORD00002994,PROD00125,3,4153.82,0.0,12461.46
OI00002994-2,ORD00002994,PROD00249,4,13843.66,8306.2,47068.44
OI00002994-3,ORD00002994,PROD00321,2,19868.88,0.0,39737.76
OI00002994-4,ORD00002994,PROD00146,2,8249.05,2474.71,14023.39
OI00002994-5,ORD00002994,PROD00323,1,10163.0,1524.45,8638.55
OI00002995-1,ORD00002995,PROD00321,2,19868.88,0.0,39737.76
OI00002996-1,ORD00002996,PROD00035,4,14071.44,2814.29,53471.47
OI00002996-2,ORD00002996,PROD00326,1,13890.31,2083.55,11806.76
OI00002997-1,ORD00002997,PROD00278,2,20166.44,2016.64,38316.24
OI00002997-2,ORD00002997,PROD00296,4,3229.07,0.0,12916.28
OI00002998-1,ORD00002998,PROD00184,4,20269.51,0.0,81078.04
OI00002998-2,ORD00002998,PROD00139,1,1559.26,0.0,1559.26
OI00002999-1,ORD00002999,PROD00095,4,13874.18,0.0,55496.72
OI00002999-2,ORD00002999,PROD00304,4,24529.51,0.0,98118.04
OI00002999-3,ORD00002999,PROD00157,1,21965.78,3294.87,18670.91
OI00002999-4,ORD00002999,PROD00081,2,14048.06,2809.61,25286.51
OI00003000-1,ORD00003000,PROD00319,1,339.48,0.0,339.48
OI00003000-2,ORD00003000,PROD00165,1,17905.46,1790.55,16114.91
OI00003000-3,ORD00003000,PROD00023,1,5836.05,875.41,4960.64
OI00003001-1,ORD00003001,PROD00316,2,3014.12,602.82,5425.42
OI00003001-2,ORD00003001,PROD00175,2,18643.02,3728.6,33557.44
OI00003001-3,ORD00003001,PROD00328,1,24499.21,0.0,24499.21
OI00003001-4,ORD00003001,PROD00197,4,14707.92,0.0,58831.68
OI00003002-1,ORD00003002,PROD00111,3,11594.18,3478.25,31304.29
OI00003002-2,ORD00003002,PROD00343,1,19579.2,0.0,19579.2
OI00003002-3,ORD00003002,PROD00154,4,21079.89,4215.98,80103.58
OI00003003-1,ORD00003003,PROD00170,2,11306.22,0.0,22612.44
OI00003003-2,ORD00003003,PROD00038,1,19552.23,2932.83,16619.4
OI00003003-3,ORD00003003,PROD00058,3,18176.41,8179.38,46349.85
OI00003004-1,ORD00003004,PROD00305,2,17525.16,0.0,35050.32
OI00003004-2,ORD00003004,PROD00229,3,6335.91,0.0,19007.73
OI00003004-3,ORD00003004,PROD00188,1,24505.29,3675.79,20829.5
OI00003004-4,ORD00003004,PROD00282,4,15862.74,0.0,63450.96
OI00003005-1,ORD00003005,PROD00234,3,18943.28,5682.98,51146.86
OI00003005-2,ORD00003005,PROD00314,1,8921.82,0.0,8921.82
OI00003005-3,ORD00003005,PROD00177,3,19263.4,8668.53,49121.67
OI00003005-4,ORD00003005,PROD00322,2,14307.01,2861.4,25752.62
OI00003006-1,ORD00003006,PROD00055,1,2152.81,0.0,2152.81
OI00003006-2,ORD00003006,PROD00328,4,24499.21,0.0,97996.84
OI00003006-3,ORD00003006,PROD00261,1,17666.44,0.0,17666.44
OI00003007-1,ORD00003007,PROD00168,3,13786.27,0.0,41358.81
OI00003007-2,ORD00003007,PROD00080,4,16165.62,0.0,64662.48
OI00003007-3,ORD00003007,PROD00238,1,16218.76,2432.81,13785.95
OI00003007-4,ORD00003007,PROD00029,4,19909.52,7963.81,71674.27
OI00003008-1,ORD00003008,PROD00179,1,21643.38,1082.17,20561.21
OI00003008-2,ORD00003008,PROD00199,4,13170.12,2634.02,50046.46
OI00003009-1,ORD00003009,PROD00083,1,3051.07,0.0,3051.07
OI00003009-2,ORD00003009,PROD00110,3,9699.44,0.0,29098.32
OI00003009-3,ORD00003009,PROD00296,3,3229.07,968.72,8718.49
OI00003009-4,ORD00003009,PROD00091,3,3604.39,540.66,10272.51
OI00003010-1,ORD00003010,PROD00307,3,13721.18,4116.35,37047.19
OI00003010-2,ORD00003010,PROD00017,3,19254.54,0.0,57763.62
OI00003011-1,ORD00003011,PROD00219,2,19321.62,1932.16,36711.08
OI00003011-2,ORD00003011,PROD00285,2,7381.88,0.0,14763.76
OI00003011-3,ORD00003011,PROD00214,3,4472.05,1341.62,12074.53
OI00003011-4,ORD00003011,PROD00182,4,5279.14,0.0,21116.56
OI00003012-1,ORD00003012,PROD00347,4,11947.7,2389.54,45401.26
OI00003012-2,ORD00003012,PROD00003,3,24605.45,0.0,73816.35
OI00003012-3,ORD00003012,PROD00288,4,6121.73,0.0,24486.92
OI00003013-1,ORD00003013,PROD00212,3,11560.86,0.0,34682.58
OI00003013-2,ORD00003013,PROD00035,1,14071.44,0.0,14071.44
OI00003013-3,ORD00003013,PROD00300,1,20412.89,0.0,20412.89
OI00003013-4,ORD00003013,PROD00316,2,3014.12,0.0,6028.24
OI00003013-5,ORD00003013,PROD00212,4,11560.86,0.0,46243.44
OI00003014-1,ORD00003014,PROD00256,3,15892.74,0.0,47678.22
OI00003014-2,ORD00003014,PROD00280,1,11325.36,0.0,11325.36
OI00003014-3,ORD00003014,PROD00204,4,17481.19,0.0,69924.76
OI00003014-4,ORD00003014,PROD00322,4,14307.01,0.0,57228.04
OI00003014-5,ORD00003014,PROD00260,2,2962.43,592.49,5332.37
OI00003015-1,ORD00003015,PROD00170,1,11306.22,1695.93,9610.29
OI00003015-2,ORD00003015,PROD00328,2,24499.21,0.0,48998.42
OI00003015-3,ORD00003015,PROD00328,2,24499.21,0.0,48998.42
OI00003015-4,ORD00003015,PROD00172,2,9009.37,0.0,18018.74
OI00003016-1,ORD00003016,PROD00136,4,14715.94,0.0,58863.76
OI00003016-2,ORD00003016,PROD00253,4,23510.11,0.0,94040.44
OI00003016-3,ORD00003016,PROD00166,1,5219.63,0.0,5219.63
OI00003017-1,ORD00003017,PROD00162,1,5270.48,0.0,5270.48
OI00003018-1,ORD00003018,PROD00307,2,13721.18,4116.35,23326.01
OI00003018-2,ORD00003018,PROD00280,3,11325.36,0.0,33976.08
OI00003018-3,ORD00003018,PROD00324,2,1645.09,0.0,3290.18
OI00003018-4,ORD00003018,PROD00257,3,18404.82,5521.45,49693.01
OI00003018-5,ORD00003018,PROD00312,1,9087.53,454.38,8633.15
OI00003019-1,ORD00003019,PROD00174,2,13673.35,0.0,27346.7
OI00003019-2,ORD00003019,PROD00282,4,15862.74,9517.64,53933.32
OI00003019-3,ORD00003019,PROD00348,3,16456.2,0.0,49368.6
OI00003019-4,ORD00003019,PROD00067,1,18306.34,1830.63,16475.71
OI00003019-5,ORD00003019,PROD00023,1,5836.05,583.61,5252.44
OI00003020-1,ORD00003020,PROD00063,1,20579.93,0.0,20579.93
OI00003021-1,ORD00003021,PROD00290,1,19169.41,0.0,19169.41
OI00003022-1,ORD00003022,PROD00326,1,13890.31,1389.03,12501.28
OI00003022-2,ORD00003022,PROD00336,4,1810.42,1086.25,6155.43
OI00003022-3,ORD00003022,PROD00138,1,12060.91,0.0,12060.91
OI00003022-4,ORD00003022,PROD00186,4,8185.68,0.0,32742.72
OI00003023-1,ORD00003023,PROD00087,1,21498.23,0.0,21498.23
OI00003023-2,ORD00003023,PROD00154,2,21079.89,0.0,42159.78
OI00003023-3,ORD00003023,PROD00347,3,11947.7,0.0,35843.1
OI00003024-1,ORD00003024,PROD00165,3,17905.46,5371.64,48344.74
OI00003024-2,ORD00003024,PROD00019,4,539.71,215.88,1942.96
OI00003024-3,ORD00003024,PROD00227,2,1146.28,0.0,2292.56
OI00003024-4,ORD00003024,PROD00169,1,5792.93,868.94,4923.99
OI00003025-1,ORD00003025,PROD00311,1,22435.59,2243.56,20192.03
OI00003026-1,ORD00003026,PROD00227,4,1146.28,687.77,3897.35
OI00003027-1,ORD00003027,PROD00109,3,16822.54,0.0,50467.62
OI00003028-1,ORD00003028,PROD00161,3,15755.01,4726.5,42538.53
OI00003028-2,ORD00003028,PROD00187,2,24432.22,2443.22,46421.22
OI00003028-3,ORD00003028,PROD00238,1,16218.76,2432.81,13785.95
OI00003028-4,ORD00003028,PROD00210,2,18661.64,0.0,37323.28
OI00003028-5,ORD00003028,PROD00213,1,11796.15,0.0,11796.15
OI00003029-1,ORD00003029,PROD00331,2,15173.99,1517.4,28830.58
OI00003029-2,ORD00003029,PROD00218,1,9795.93,0.0,9795.93
OI00003029-3,ORD00003029,PROD00006,2,8918.67,2675.6,15161.74
OI00003029-4,ORD00003029,PROD00116,3,4303.4,0.0,12910.2
OI00003029-5,ORD00003029,PROD00337,2,17875.4,0.0,35750.8
OI00003030-1,ORD00003030,PROD00299,1,2709.32,0.0,2709.32
OI00003030-2,ORD00003030,PROD00241,2,1662.19,498.66,2825.72
OI00003030-3,ORD00003030,PROD00134,3,11362.61,0.0,34087.83
OI00003030-4,ORD00003030,PROD00288,3,6121.73,2754.78,15610.41
OI00003031-1,ORD00003031,PROD00138,1,12060.91,0.0,12060.91
OI00003031-2,ORD00003031,PROD00277,4,16643.7,9986.22,56588.58
OI00003031-3,ORD00003031,PROD00271,4,21715.63,0.0,86862.52
OI00003031-4,ORD00003031,PROD00058,1,18176.41,2726.46,15449.95
OI00003031-5,ORD00003031,PROD00340,1,17115.28,0.0,17115.28
OI00003032-1,ORD00003032,PROD00107,2,10358.42,0.0,20716.84
OI00003032-2,ORD00003032,PROD00137,2,22614.03,0.0,45228.06
OI00003033-1,ORD00003033,PROD00075,4,1735.74,694.3,6248.66
OI00003034-1,ORD00003034,PROD00316,1,3014.12,301.41,2712.71
OI00003034-2,ORD00003034,PROD00036,2,19263.87,5779.16,32748.58
OI00003034-3,ORD00003034,PROD00089,2,7704.52,2311.36,13097.68
OI00003034-4,ORD00003034,PROD00026,2,4075.27,0.0,8150.54
OI00003035-1,ORD00003035,PROD00163,1,4227.47,422.75,3804.72
OI00003035-2,ORD00003035,PROD00252,1,21548.3,1077.41,20470.89
OI00003036-1,ORD00003036,PROD00149,2,5172.64,1551.79,8793.49
OI00003037-1,ORD00003037,PROD00085,2,20182.68,0.0,40365.36
OI00003037-2,ORD00003037,PROD00050,4,22567.65,0.0,90270.6
OI00003037-3,ORD00003037,PROD00064,2,2094.58,628.37,3560.79
OI00003038-1,ORD00003038,PROD00132,1,1691.47,0.0,1691.47
OI00003038-2,ORD00003038,PROD00031,3,5027.13,2262.21,12819.18
OI00003039-1,ORD00003039,PROD00115,2,24607.38,0.0,49214.76
OI00003039-2,ORD00003039,PROD00267,1,16380.3,0.0,16380.3
OI00003040-1,ORD00003040,PROD00080,4,16165.62,6466.25,58196.23
OI00003040-2,ORD00003040,PROD00215,3,16801.23,0.0,50403.69
OI00003040-3,ORD00003040,PROD00207,2,1959.51,0.0,3919.02
OI00003041-1,ORD00003041,PROD00085,1,20182.68,2018.27,18164.41
OI00003041-2,ORD00003041,PROD00071,1,9271.17,0.0,9271.17
OI00003041-3,ORD00003041,PROD00138,1,12060.91,603.05,11457.86
OI00003041-4,ORD00003041,PROD00337,4,17875.4,3575.08,67926.52
OI00003042-1,ORD00003042,PROD00066,1,21806.77,3271.02,18535.75
OI00003042-2,ORD00003042,PROD00126,3,12025.16,0.0,36075.48
OI00003042-3,ORD00003042,PROD00325,1,24143.74,0.0,24143.74
OI00003042-4,ORD00003042,PROD00123,3,4905.47,0.0,14716.41
OI00003042-5,ORD00003042,PROD00311,4,22435.59,8974.24,80768.12
OI00003043-1,ORD00003043,PROD00043,3,20878.59,6263.58,56372.19
OI00003043-2,ORD00003043,PROD00300,3,20412.89,0.0,61238.67
OI00003043-3,ORD00003043,PROD00140,3,14612.46,6575.61,37261.77
OI00003043-4,ORD00003043,PROD00305,4,17525.16,0.0,70100.64
OI00003043-5,ORD00003043,PROD00181,3,8549.46,1282.42,24365.96
OI00003044-1,ORD00003044,PROD00065,1,11181.79,559.09,10622.7
OI00003044-2,ORD00003044,PROD00185,4,17159.78,0.0,68639.12
OI00003044-3,ORD00003044,PROD00292,3,21804.92,6541.48,58873.28
OI00003045-1,ORD00003045,PROD00155,3,16388.99,0.0,49166.97
OI00003045-2,ORD00003045,PROD00216,3,4489.61,673.44,12795.39
OI00003045-3,ORD00003045,PROD00159,1,24425.69,0.0,24425.69
OI00003046-1,ORD00003046,PROD00262,4,20752.25,0.0,83009.0
OI00003046-2,ORD00003046,PROD00195,3,9755.37,0.0,29266.11
OI00003046-3,ORD00003046,PROD00287,2,4242.92,0.0,8485.84
OI00003046-4,ORD00003046,PROD00129,2,19114.26,0.0,38228.52
OI00003046-5,ORD00003046,PROD00244,3,18055.76,0.0,54167.28
OI00003047-1,ORD00003047,PROD00317,4,16337.28,0.0,65349.12
OI00003047-2,ORD00003047,PROD00134,2,11362.61,2272.52,20452.7
OI00003047-3,ORD00003047,PROD00110,4,9699.44,1939.89,36857.87
OI00003047-4,ORD00003047,PROD00248,2,544.29,163.29,925.29
OI00003047-5,ORD00003047,PROD00226,1,11496.46,0.0,11496.46
OI00003048-1,ORD00003048,PROD00001,2,23270.16,4654.03,41886.29
OI00003048-2,ORD00003048,PROD00347,2,11947.7,0.0,23895.4
OI00003048-3,ORD00003048,PROD00051,2,10511.67,0.0,21023.34
OI00003049-1,ORD00003049,PROD00075,1,1735.74,86.79,1648.95
OI00003049-2,ORD00003049,PROD00153,1,8528.45,852.85,7675.6
OI00003049-3,ORD00003049,PROD00248,3,544.29,0.0,1632.87
OI00003049-4,ORD00003049,PROD00245,1,7169.55,1075.43,6094.12
OI00003050-1,ORD00003050,PROD00286,4,3240.14,648.03,12312.53
OI00003050-2,ORD00003050,PROD00108,2,19693.27,0.0,39386.54
OI00003050-3,ORD00003050,PROD00082,1,23934.46,0.0,23934.46
OI00003050-4,ORD00003050,PROD00272,3,6955.22,2086.57,18779.09
OI00003050-5,ORD00003050,PROD00097,4,19582.9,0.0,78331.6
OI00003051-1,ORD00003051,PROD00271,3,21715.63,0.0,65146.89
OI00003052-1,ORD00003052,PROD00289,1,10900.59,1090.06,9810.53
OI00003052-2,ORD00003052,PROD00063,1,20579.93,2057.99,18521.94
OI00003052-3,ORD00003052,PROD00318,3,21629.15,0.0,64887.45
OI00003052-4,ORD00003052,PROD00288,1,6121.73,306.09,5815.64
OI00003052-5,ORD00003052,PROD00287,2,4242.92,0.0,8485.84
OI00003053-1,ORD00003053,PROD00336,3,1810.42,0.0,5431.26
OI00003053-2,ORD00003053,PROD00097,3,19582.9,0.0,58748.7
OI00003053-3,ORD00003053,PROD00097,3,19582.9,5874.87,52873.83
OI00003053-4,ORD00003053,PROD00347,4,11947.7,7168.62,40622.18
OI00003053-5,ORD00003053,PROD00051,4,10511.67,0.0,42046.68
OI00003054-1,ORD00003054,PROD00095,3,13874.18,0.0,41622.54
OI00003054-2,ORD00003054,PROD00142,2,1480.08,444.02,2516.14
OI00003055-1,ORD00003055,PROD00099,2,16343.82,0.0,32687.64
OI00003055-2,ORD00003055,PROD00151,2,4900.37,0.0,9800.74
OI00003055-3,ORD00003055,PROD00337,4,17875.4,0.0,71501.6
OI00003055-4,ORD00003055,PROD00157,3,21965.78,3294.87,62602.47
OI00003056-1,ORD00003056,PROD00070,1,23046.35,0.0,23046.35
OI00003057-1,ORD00003057,PROD00040,1,3967.96,0.0,3967.96
OI00003057-2,ORD00003057,PROD00156,1,6041.74,604.17,5437.57
OI00003057-3,ORD00003057,PROD00258,2,17451.91,1745.19,33158.63
OI00003057-4,ORD00003057,PROD00084,3,6169.9,0.0,18509.7
OI00003057-5,ORD00003057,PROD00334,3,1905.27,0.0,5715.81
OI00003058-1,ORD00003058,PROD00183,2,14458.84,2891.77,26025.91
OI00003059-1,ORD00003059,PROD00296,3,3229.07,0.0,9687.21
OI00003059-2,ORD00003059,PROD00219,4,19321.62,0.0,77286.48
OI00003059-3,ORD00003059,PROD00029,1,19909.52,1990.95,17918.57
OI00003059-4,ORD00003059,PROD00025,1,12394.98,0.0,12394.98
OI00003059-5,ORD00003059,PROD00142,3,1480.08,0.0,4440.24
OI00003060-1,ORD00003060,PROD00114,1,7054.87,352.74,6702.13
OI00003060-2,ORD00003060,PROD00071,3,9271.17,1390.68,26422.83
OI00003061-1,ORD00003061,PROD00211,3,2911.33,436.7,8297.29
OI00003061-2,ORD00003061,PROD00160,2,21368.16,4273.63,38462.69
OI00003061-3,ORD00003061,PROD00244,2,18055.76,3611.15,32500.37
OI00003061-4,ORD00003061,PROD00139,4,1559.26,935.56,5301.48
OI00003062-1,ORD00003062,PROD00117,1,1680.75,0.0,1680.75
OI00003062-2,ORD00003062,PROD00055,2,2152.81,430.56,3875.06
OI00003062-3,ORD00003062,PROD00040,2,3967.96,0.0,7935.92
OI00003062-4,ORD00003062,PROD00209,2,1876.23,187.62,3564.84
OI00003063-1,ORD00003063,PROD00017,2,19254.54,5776.36,32732.72
OI00003063-2,ORD00003063,PROD00045,1,3832.7,0.0,3832.7
OI00003063-3,ORD00003063,PROD00195,2,9755.37,0.0,19510.74
OI00003063-4,ORD00003063,PROD00226,1,11496.46,0.0,11496.46
OI00003063-5,ORD00003063,PROD00019,4,539.71,107.94,2050.9
OI00003064-1,ORD00003064,PROD00295,2,2274.03,0.0,4548.06
OI00003064-2,ORD00003064,PROD00145,4,21307.62,0.0,85230.48
OI00003065-1,ORD00003065,PROD00309,1,2478.12,0.0,2478.12
OI00003065-2,ORD00003065,PROD00190,3,2376.38,712.91,6416.23
OI00003065-3,ORD00003065,PROD00028,2,3322.41,332.24,6312.58
OI00003065-4,ORD00003065,PROD00174,2,13673.35,0.0,27346.7
OI00003066-1,ORD00003066,PROD00224,4,23476.13,4695.23,89209.29
OI00003066-2,ORD00003066,PROD00197,2,14707.92,0.0,29415.84
OI00003066-3,ORD00003066,PROD00210,4,18661.64,3732.33,70914.23
OI00003067-1,ORD00003067,PROD00143,3,8628.21,0.0,25884.63
OI00003068-1,ORD00003068,PROD00306,4,18198.52,0.0,72794.08
OI00003068-2,ORD00003068,PROD00076,3,22512.17,0.0,67536.51
OI00003068-3,ORD00003068,PROD00310,4,11465.44,4586.18,41275.58
OI00003069-1,ORD00003069,PROD00336,4,1810.42,0.0,7241.68
OI00003069-2,ORD00003069,PROD00332,2,966.51,0.0,1933.02
OI00003069-3,ORD00003069,PROD00262,4,20752.25,0.0,83009.0
OI00003069-4,ORD00003069,PROD00036,1,19263.87,963.19,18300.68
OI00003069-5,ORD00003069,PROD00024,1,13853.73,0.0,13853.73
OI00003070-1,ORD00003070,PROD00048,1,2165.22,324.78,1840.44
OI00003070-2,ORD00003070,PROD00328,3,24499.21,0.0,73497.63
OI00003071-1,ORD00003071,PROD00110,4,9699.44,3879.78,34917.98
OI00003071-2,ORD00003071,PROD00032,4,7626.11,3050.44,27454.0
OI00003071-3,ORD00003071,PROD00014,2,2236.5,0.0,4473.0
OI00003072-1,ORD00003072,PROD00219,3,19321.62,0.0,57964.86
OI00003072-2,ORD00003072,PROD00135,4,8523.43,0.0,34093.72
OI00003073-1,ORD00003073,PROD00134,2,11362.61,0.0,22725.22
OI00003073-2,ORD00003073,PROD00150,2,1889.59,566.88,3212.3
OI00003073-3,ORD00003073,PROD00298,1,19293.46,2894.02,16399.44
OI00003073-4,ORD00003073,PROD00156,2,6041.74,604.17,11479.31
OI00003074-1,ORD00003074,PROD00300,4,20412.89,12247.73,69403.83
OI00003074-2,ORD00003074,PROD00271,3,21715.63,0.0,65146.89
OI00003074-3,ORD00003074,PROD00232,4,12800.1,2560.02,48640.38
OI00003075-1,ORD00003075,PROD00171,1,6861.84,686.18,6175.66
OI00003076-1,ORD00003076,PROD00056,2,5382.68,1614.8,9150.56
OI00003077-1,ORD00003077,PROD00316,2,3014.12,301.41,5726.83
OI00003077-2,ORD00003077,PROD00173,2,19657.54,0.0,39315.08
OI00003077-3,ORD00003077,PROD00225,1,4381.86,0.0,4381.86
OI00003077-4,ORD00003077,PROD00005,2,12790.76,3837.23,21744.29
OI00003077-5,ORD00003077,PROD00319,3,339.48,101.84,916.6
OI00003078-1,ORD00003078,PROD00249,3,13843.66,2076.55,39454.43
OI00003078-2,ORD00003078,PROD00029,3,19909.52,0.0,59728.56
OI00003078-3,ORD00003078,PROD00093,1,23736.46,2373.65,21362.81
OI00003078-4,ORD00003078,PROD00126,4,12025.16,0.0,48100.64
OI00003078-5,ORD00003078,PROD00114,1,7054.87,0.0,7054.87
OI00003079-1,ORD00003079,PROD00319,4,339.48,0.0,1357.92
OI00003080-1,ORD00003080,PROD00168,1,13786.27,689.31,13096.96
OI00003080-2,ORD00003080,PROD00291,2,16653.64,0.0,33307.28
OI00003080-3,ORD00003080,PROD00269,3,14198.95,0.0,42596.85
OI00003080-4,ORD00003080,PROD00037,1,17674.8,883.74,16791.06
OI00003081-1,ORD00003081,PROD00015,4,21482.35,0.0,85929.4
OI00003081-2,ORD00003081,PROD00271,3,21715.63,3257.34,61889.55
OI00003081-3,ORD00003081,PROD00235,1,7450.54,745.05,6705.49
OI00003081-4,ORD00003081,PROD00239,4,6094.11,3656.47,20719.97
OI00003082-1,ORD00003082,PROD00293,2,9456.41,945.64,17967.18
OI00003082-2,ORD00003082,PROD00177,2,19263.4,1926.34,36600.46
OI00003082-3,ORD00003082,PROD00159,4,24425.69,0.0,97702.76
OI00003082-4,ORD00003082,PROD00044,1,6687.09,0.0,6687.09
OI00003083-1,ORD00003083,PROD00237,1,6989.25,0.0,6989.25
OI00003083-2,ORD00003083,PROD00263,2,14672.69,0.0,29345.38
OI00003083-3,ORD00003083,PROD00190,4,2376.38,475.28,9030.24
OI00003083-4,ORD00003083,PROD00037,1,17674.8,883.74,16791.06
OI00003083-5,ORD00003083,PROD00049,1,1583.63,158.36,1425.27
OI00003084-1,ORD00003084,PROD00011,1,13382.68,0.0,13382.68
OI00003085-1,ORD00003085,PROD00287,2,4242.92,848.58,7637.26
OI00003085-2,ORD00003085,PROD00022,3,973.58,0.0,2920.74
OI00003085-3,ORD00003085,PROD00019,1,539.71,0.0,539.71
OI00003085-4,ORD00003085,PROD00280,1,11325.36,1698.8,9626.56
OI00003086-1,ORD00003086,PROD00238,4,16218.76,6487.5,58387.54
OI00003086-2,ORD00003086,PROD00266,4,20418.91,0.0,81675.64
OI00003086-3,ORD00003086,PROD00021,1,21222.98,0.0,21222.98
OI00003086-4,ORD00003086,PROD00315,3,14855.14,0.0,44565.42
OI00003087-1,ORD00003087,PROD00186,1,8185.68,818.57,7367.11
OI00003087-2,ORD00003087,PROD00196,3,10833.41,0.0,32500.23
OI00003088-1,ORD00003088,PROD00229,2,6335.91,0.0,12671.82
OI00003088-2,ORD00003088,PROD00033,4,8958.24,0.0,35832.96
OI00003088-3,ORD00003088,PROD00080,3,16165.62,0.0,48496.86
OI00003088-4,ORD00003088,PROD00155,4,16388.99,0.0,65555.96
OI00003089-1,ORD00003089,PROD00043,2,20878.59,0.0,41757.18
OI00003089-2,ORD00003089,PROD00135,1,8523.43,0.0,8523.43
OI00003090-1,ORD00003090,PROD00151,2,4900.37,0.0,9800.74
OI00003090-2,ORD00003090,PROD00334,2,1905.27,190.53,3620.01
OI00003091-1,ORD00003091,PROD00323,3,10163.0,0.0,30489.0
OI00003091-2,ORD00003091,PROD00258,4,17451.91,3490.38,66317.26
OI00003091-3,ORD00003091,PROD00064,2,2094.58,0.0,4189.16
OI00003091-4,ORD00003091,PROD00002,2,11732.07,0.0,23464.14
OI00003092-1,ORD00003092,PROD00008,2,2128.1,0.0,4256.2
OI00003092-2,ORD00003092,PROD00269,4,14198.95,2839.79,53956.01
OI00003093-1,ORD00003093,PROD00092,4,5103.86,2041.54,18373.9
OI00003093-2,ORD00003093,PROD00006,4,8918.67,0.0,35674.68
OI00003094-1,ORD00003094,PROD00017,4,19254.54,3850.91,73167.25
OI00003094-2,ORD00003094,PROD00201,4,17522.9,3504.58,66587.02
OI00003095-1,ORD00003095,PROD00223,3,14073.25,4221.98,37997.77
OI00003095-2,ORD00003095,PROD00307,1,13721.18,2058.18,11663.0
OI00003095-3,ORD00003095,PROD00022,3,973.58,438.11,2482.63
OI00003095-4,ORD00003095,PROD00253,1,23510.11,1175.51,22334.6
OI00003095-5,ORD00003095,PROD00153,3,8528.45,0.0,25585.35
OI00003096-1,ORD00003096,PROD00061,2,8790.91,2637.27,14944.55
OI00003096-2,ORD00003096,PROD00325,4,24143.74,0.0,96574.96
OI00003096-3,ORD00003096,PROD00177,2,19263.4,0.0,38526.8
OI00003096-4,ORD00003096,PROD00086,4,21556.26,8622.5,77602.54
OI00003097-1,ORD00003097,PROD00111,2,11594.18,0.0,23188.36
OI00003097-2,ORD00003097,PROD00240,4,15221.18,3044.24,57840.48
OI00003097-3,ORD00003097,PROD00165,3,17905.46,8057.46,45658.92
OI00003097-4,ORD00003097,PROD00274,3,2466.2,0.0,7398.6
OI00003098-1,ORD00003098,PROD00322,3,14307.01,6438.15,36482.88
OI00003098-2,ORD00003098,PROD00031,2,5027.13,1508.14,8546.12
OI00003098-3,ORD00003098,PROD00016,1,21060.14,0.0,21060.14
OI00003099-1,ORD00003099,PROD00151,3,4900.37,0.0,14701.11
OI00003099-2,ORD00003099,PROD00284,2,10726.51,0.0,21453.02
OI00003099-3,ORD00003099,PROD00070,2,23046.35,0.0,46092.7
OI00003099-4,ORD00003099,PROD00171,2,6861.84,0.0,13723.68
OI00003099-5,ORD00003099,PROD00179,4,21643.38,4328.68,82244.84
OI00003100-1,ORD00003100,PROD00187,4,24432.22,14659.33,83069.55
OI00003100-2,ORD00003100,PROD00189,3,4749.05,1424.72,12822.43
OI00003100-3,ORD00003100,PROD00325,2,24143.74,7243.12,41044.36
OI00003100-4,ORD00003100,PROD00003,2,24605.45,7381.64,41829.26
OI00003101-1,ORD00003101,PROD00328,4,24499.21,0.0,97996.84
OI00003101-2,ORD00003101,PROD00314,1,8921.82,0.0,8921.82
OI00003101-3,ORD00003101,PROD00345,4,15206.3,3041.26,57783.94
OI00003101-4,ORD00003101,PROD00005,1,12790.76,0.0,12790.76
OI00003102-1,ORD00003102,PROD00056,4,5382.68,0.0,21530.72
OI00003102-2,ORD00003102,PROD00109,1,16822.54,0.0,16822.54
OI00003102-3,ORD00003102,PROD00125,3,4153.82,0.0,12461.46
OI00003102-4,ORD00003102,PROD00281,1,16522.7,0.0,16522.7
OI00003102-5,ORD00003102,PROD00184,4,20269.51,12161.71,68916.33
OI00003103-1,ORD00003103,PROD00104,4,15897.49,9538.49,54051.47
OI00003103-2,ORD00003103,PROD00187,1,24432.22,0.0,24432.22
OI00003103-3,ORD00003103,PROD00225,2,4381.86,0.0,8763.72
OI00003103-4,ORD00003103,PROD00190,1,2376.38,0.0,2376.38
OI00003104-1,ORD00003104,PROD00151,2,4900.37,0.0,9800.74
OI00003104-2,ORD00003104,PROD00019,2,539.71,53.97,1025.45
OI00003104-3,ORD00003104,PROD00250,2,7116.48,0.0,14232.96
OI00003105-1,ORD00003105,PROD00229,4,6335.91,3801.55,21542.09
OI00003105-2,ORD00003105,PROD00097,1,19582.9,2937.43,16645.47
OI00003106-1,ORD00003106,PROD00228,4,24578.41,14747.05,83566.59
OI00003106-2,ORD00003106,PROD00116,1,4303.4,0.0,4303.4
OI00003106-3,ORD00003106,PROD00159,2,24425.69,0.0,48851.38
OI00003106-4,ORD00003106,PROD00032,4,7626.11,0.0,30504.44
OI00003107-1,ORD00003107,PROD00222,3,18114.09,0.0,54342.27
OI00003107-2,ORD00003107,PROD00304,2,24529.51,0.0,49059.02
OI00003108-1,ORD00003108,PROD00260,2,2962.43,888.73,5036.13
OI00003108-2,ORD00003108,PROD00260,1,2962.43,148.12,2814.31
OI00003109-1,ORD00003109,PROD00160,1,21368.16,0.0,21368.16
OI00003109-2,ORD00003109,PROD00273,3,16836.47,7576.41,42933.0
OI00003109-3,ORD00003109,PROD00243,3,5945.94,0.0,17837.82
OI00003110-1,ORD00003110,PROD00302,4,7756.84,0.0,31027.36
OI00003110-2,ORD00003110,PROD00334,3,1905.27,0.0,5715.81
OI00003110-3,ORD00003110,PROD00311,4,22435.59,8974.24,80768.12
OI00003110-4,ORD00003110,PROD00285,2,7381.88,0.0,14763.76
OI00003110-5,ORD00003110,PROD00148,3,15616.8,0.0,46850.4
OI00003111-1,ORD00003111,PROD00058,3,18176.41,8179.38,46349.85
OI00003112-1,ORD00003112,PROD00229,3,6335.91,0.0,19007.73
OI00003112-2,ORD00003112,PROD00191,2,719.62,143.92,1295.32
OI00003112-3,ORD00003112,PROD00333,1,15073.5,2261.03,12812.47
OI00003112-4,ORD00003112,PROD00178,4,20555.44,12333.26,69888.5
OI00003113-1,ORD00003113,PROD00305,2,17525.16,0.0,35050.32
OI00003113-2,ORD00003113,PROD00122,3,1221.77,0.0,3665.31
OI00003113-3,ORD00003113,PROD00005,1,12790.76,1918.61,10872.15
OI00003113-4,ORD00003113,PROD00344,2,2433.74,730.12,4137.36
OI00003114-1,ORD00003114,PROD00328,3,24499.21,3674.88,69822.75
OI00003114-2,ORD00003114,PROD00106,4,16178.76,3235.75,61479.29
OI00003115-1,ORD00003115,PROD00272,4,6955.22,0.0,27820.88
OI00003115-2,ORD00003115,PROD00063,2,20579.93,0.0,41159.86
OI00003115-3,ORD00003115,PROD00060,1,7484.13,374.21,7109.92
OI00003116-1,ORD00003116,PROD00286,2,3240.14,324.01,6156.27
OI00003116-2,ORD00003116,PROD00073,3,3596.39,1078.92,9710.25
OI00003116-3,ORD00003116,PROD00324,2,1645.09,0.0,3290.18
OI00003117-1,ORD00003117,PROD00113,4,20219.94,8087.98,72791.78
OI00003117-2,ORD00003117,PROD00244,1,18055.76,902.79,17152.97
OI00003117-3,ORD00003117,PROD00036,2,19263.87,0.0,38527.74
OI00003118-1,ORD00003118,PROD00029,3,19909.52,0.0,59728.56
OI00003119-1,ORD00003119,PROD00110,4,9699.44,0.0,38797.76
OI00003119-2,ORD00003119,PROD00102,2,7550.93,0.0,15101.86
OI00003119-3,ORD00003119,PROD00221,1,17014.99,0.0,17014.99
OI00003119-4,ORD00003119,PROD00001,2,23270.16,4654.03,41886.29
OI00003120-1,ORD00003120,PROD00247,3,10596.3,0.0,31788.9
OI00003120-2,ORD00003120,PROD00162,2,5270.48,527.05,10013.91
OI00003120-3,ORD00003120,PROD00337,4,17875.4,0.0,71501.6
OI00003120-4,ORD00003120,PROD00025,4,12394.98,7436.99,42142.93
OI00003121-1,ORD00003121,PROD00329,2,10605.13,3181.54,18028.72
OI00003122-1,ORD00003122,PROD00150,1,1889.59,94.48,1795.11
OI00003122-2,ORD00003122,PROD00147,2,5524.18,0.0,11048.36
OI00003122-3,ORD00003122,PROD00051,1,10511.67,0.0,10511.67
OI00003123-1,ORD00003123,PROD00088,4,13567.39,8140.43,46129.13
OI00003124-1,ORD00003124,PROD00126,4,12025.16,0.0,48100.64
OI00003125-1,ORD00003125,PROD00075,1,1735.74,86.79,1648.95
OI00003125-2,ORD00003125,PROD00182,4,5279.14,0.0,21116.56
OI00003126-1,ORD00003126,PROD00225,1,4381.86,657.28,3724.58
OI00003126-2,ORD00003126,PROD00344,3,2433.74,730.12,6571.1
OI00003126-3,ORD00003126,PROD00149,3,5172.64,0.0,15517.92
OI00003126-4,ORD00003126,PROD00158,2,4832.45,0.0,9664.9
OI00003126-5,ORD00003126,PROD00003,4,24605.45,14763.27,83658.53
OI00003127-1,ORD00003127,PROD00063,3,20579.93,3086.99,58652.8
OI00003127-2,ORD00003127,PROD00178,1,20555.44,2055.54,18499.9
OI00003127-3,ORD00003127,PROD00108,1,19693.27,984.66,18708.61
OI00003128-1,ORD00003128,PROD00222,2,18114.09,0.0,36228.18
OI00003128-2,ORD00003128,PROD00171,4,6861.84,4117.1,23330.26
OI00003129-1,ORD00003129,PROD00233,1,579.27,0.0,579.27
OI00003130-1,ORD00003130,PROD00198,3,235.71,0.0,707.13
OI00003131-1,ORD00003131,PROD00216,4,4489.61,0.0,17958.44
OI00003132-1,ORD00003132,PROD00255,3,4895.99,0.0,14687.97
OI00003132-2,ORD00003132,PROD00333,3,15073.5,0.0,45220.5
OI00003132-3,ORD00003132,PROD00093,3,23736.46,0.0,71209.38
OI00003133-1,ORD00003133,PROD00108,3,19693.27,5907.98,53171.83
OI00003133-2,ORD00003133,PROD00199,1,13170.12,0.0,13170.12
OI00003133-3,ORD00003133,PROD00003,1,24605.45,2460.55,22144.9
OI00003133-4,ORD00003133,PROD00338,2,10521.18,0.0,21042.36
OI00003133-5,ORD00003133,PROD00263,4,14672.69,0.0,58690.76
OI00003134-1,ORD00003134,PROD00347,2,11947.7,1194.77,22700.63
OI00003134-2,ORD00003134,PROD00042,1,3118.44,311.84,2806.6
OI00003135-1,ORD00003135,PROD00245,2,7169.55,0.0,14339.1
OI00003135-2,ORD00003135,PROD00212,3,11560.86,0.0,34682.58
OI00003135-3,ORD00003135,PROD00050,1,22567.65,1128.38,21439.27
OI00003135-4,ORD00003135,PROD00186,4,8185.68,1637.14,31105.58
OI00003135-5,ORD00003135,PROD00005,1,12790.76,1279.08,11511.68
OI00003136-1,ORD00003136,PROD00211,2,2911.33,0.0,5822.66
OI00003136-2,ORD00003136,PROD00306,1,18198.52,0.0,18198.52
OI00003137-1,ORD00003137,PROD00224,3,23476.13,10564.26,59864.13
OI00003137-2,ORD00003137,PROD00042,4,3118.44,623.69,11850.07
OI00003137-3,ORD00003137,PROD00103,1,21963.07,0.0,21963.07
OI00003137-4,ORD00003137,PROD00043,4,20878.59,0.0,83514.36
OI00003138-1,ORD00003138,PROD00347,4,11947.7,0.0,47790.8
OI00003138-2,ORD00003138,PROD00177,3,19263.4,5779.02,52011.18
OI00003138-3,ORD00003138,PROD00127,4,21020.66,4204.13,79878.51
OI00003138-4,ORD00003138,PROD00338,3,10521.18,0.0,31563.54
OI00003139-1,ORD00003139,PROD00321,3,19868.88,0.0,59606.64
OI00003139-2,ORD00003139,PROD00197,2,14707.92,2941.58,26474.26
OI00003139-3,ORD00003139,PROD00057,4,634.37,0.0,2537.48
OI00003139-4,ORD00003139,PROD00241,1,1662.19,0.0,1662.19
OI00003140-1,ORD00003140,PROD00148,1,15616.8,0.0,15616.8
OI00003140-2,ORD00003140,PROD00171,1,6861.84,0.0,6861.84
OI00003141-1,ORD00003141,PROD00304,4,24529.51,14717.71,83400.33
OI00003141-2,ORD00003141,PROD00259,4,6394.49,0.0,25577.96
OI00003141-3,ORD00003141,PROD00229,3,6335.91,2851.16,16156.57
OI00003142-1,ORD00003142,PROD00073,1,3596.39,359.64,3236.75
OI00003142-2,ORD00003142,PROD00251,2,17885.84,3577.17,32194.51
OI00003142-3,ORD00003142,PROD00286,2,3240.14,0.0,6480.28
OI00003142-4,ORD00003142,PROD00066,3,21806.77,0.0,65420.31
OI00003142-5,ORD00003142,PROD00262,4,20752.25,4150.45,78858.55
OI00003143-1,ORD00003143,PROD00175,1,18643.02,0.0,18643.02
OI00003144-1,ORD00003144,PROD00166,4,5219.63,2087.85,18790.67
OI00003144-2,ORD00003144,PROD00289,4,10900.59,6540.35,37062.01
OI00003144-3,ORD00003144,PROD00113,4,20219.94,0.0,80879.76
OI00003144-4,ORD00003144,PROD00151,4,4900.37,980.07,18621.41
OI00003145-1,ORD00003145,PROD00329,2,10605.13,0.0,21210.26
OI00003145-2,ORD00003145,PROD00045,1,3832.7,191.63,3641.07
OI00003146-1,ORD00003146,PROD00229,4,6335.91,1267.18,24076.46
OI00003146-2,ORD00003146,PROD00188,4,24505.29,0.0,98021.16
OI00003146-3,ORD00003146,PROD00022,4,973.58,194.72,3699.6
OI00003146-4,ORD00003146,PROD00324,1,1645.09,0.0,1645.09
OI00003146-5,ORD00003146,PROD00311,2,22435.59,0.0,44871.18
OI00003147-1,ORD00003147,PROD00018,3,22565.26,0.0,67695.78
OI00003148-1,ORD00003148,PROD00007,2,18525.88,5557.76,31494.0
OI00003149-1,ORD00003149,PROD00094,4,1683.18,1009.91,5722.81
OI00003149-2,ORD00003149,PROD00059,4,15693.39,0.0,62773.56
OI00003149-3,ORD00003149,PROD00070,1,23046.35,0.0,23046.35
OI00003149-4,ORD00003149,PROD00041,1,18327.17,916.36,17410.81
OI00003149-5,ORD00003149,PROD00204,4,17481.19,0.0,69924.76
OI00003150-1,ORD00003150,PROD00261,4,17666.44,10599.86,60065.9
OI00003150-2,ORD00003150,PROD00329,4,10605.13,4242.05,38178.47
OI00003150-3,ORD00003150,PROD00282,3,15862.74,0.0,47588.22
OI00003150-4,ORD00003150,PROD00257,4,18404.82,7361.93,66257.35
OI00003151-1,ORD00003151,PROD00307,1,13721.18,686.06,13035.12
OI00003151-2,ORD00003151,PROD00309,3,2478.12,371.72,7062.64
OI00003151-3,ORD00003151,PROD00035,1,14071.44,703.57,13367.87
OI00003152-1,ORD00003152,PROD00050,1,22567.65,2256.77,20310.88
OI00003152-2,ORD00003152,PROD00333,2,15073.5,0.0,30147.0
OI00003152-3,ORD00003152,PROD00253,4,23510.11,4702.02,89338.42
OI00003153-1,ORD00003153,PROD00075,1,1735.74,0.0,1735.74
OI00003153-2,ORD00003153,PROD00118,2,22031.03,2203.1,41858.96
OI00003153-3,ORD00003153,PROD00170,1,11306.22,1695.93,9610.29
OI00003154-1,ORD00003154,PROD00140,2,14612.46,0.0,29224.92
OI00003155-1,ORD00003155,PROD00111,3,11594.18,0.0,34782.54
OI00003155-2,ORD00003155,PROD00289,3,10900.59,3270.18,29431.59
OI00003156-1,ORD00003156,PROD00214,1,4472.05,0.0,4472.05
OI00003156-2,ORD00003156,PROD00277,3,16643.7,7489.66,42441.44
OI00003156-3,ORD00003156,PROD00349,2,22965.12,6889.54,39040.7
OI00003156-4,ORD00003156,PROD00303,4,15795.37,0.0,63181.48
OI00003156-5,ORD00003156,PROD00155,3,16388.99,0.0,49166.97
OI00003157-1,ORD00003157,PROD00291,4,16653.64,3330.73,63283.83
OI00003157-2,ORD00003157,PROD00252,4,21548.3,0.0,86193.2
OI00003158-1,ORD00003158,PROD00035,3,14071.44,6332.15,35882.17
OI00003158-2,ORD00003158,PROD00117,1,1680.75,0.0,1680.75
OI00003158-3,ORD00003158,PROD00102,2,7550.93,2265.28,12836.58
OI00003158-4,ORD00003158,PROD00156,3,6041.74,0.0,18125.22
OI00003159-1,ORD00003159,PROD00296,1,3229.07,0.0,3229.07
OI00003159-2,ORD00003159,PROD00025,1,12394.98,0.0,12394.98
OI00003159-3,ORD00003159,PROD00144,1,4774.42,716.16,4058.26
OI00003160-1,ORD00003160,PROD00125,4,4153.82,2492.29,14122.99
OI00003160-2,ORD00003160,PROD00128,2,20549.76,0.0,41099.52
OI00003161-1,ORD00003161,PROD00064,4,2094.58,418.92,7959.4
OI00003161-2,ORD00003161,PROD00084,1,6169.9,308.5,5861.4
OI00003161-3,ORD00003161,PROD00241,3,1662.19,747.99,4238.58
OI00003161-4,ORD00003161,PROD00073,2,3596.39,0.0,7192.78
OI00003162-1,ORD00003162,PROD00278,2,20166.44,0.0,40332.88
OI00003162-2,ORD00003162,PROD00175,1,18643.02,932.15,17710.87
OI00003162-3,ORD00003162,PROD00173,1,19657.54,2948.63,16708.91
OI00003163-1,ORD00003163,PROD00031,3,5027.13,1508.14,13573.25
OI00003163-2,ORD00003163,PROD00200,1,18445.4,1844.54,16600.86
OI00003163-3,ORD00003163,PROD00215,3,16801.23,0.0,50403.69
OI00003164-1,ORD00003164,PROD00180,4,5881.39,0.0,23525.56
OI00003164-2,ORD00003164,PROD00218,3,9795.93,4408.17,24979.62
OI00003164-3,ORD00003164,PROD00273,4,16836.47,6734.59,60611.29
OI00003165-1,ORD00003165,PROD00237,1,6989.25,1048.39,5940.86
OI00003165-2,ORD00003165,PROD00238,1,16218.76,0.0,16218.76
OI00003165-3,ORD00003165,PROD00034,2,20180.05,6054.01,34306.09
OI00003165-4,ORD00003165,PROD00336,1,1810.42,90.52,1719.9
OI00003166-1,ORD00003166,PROD00066,2,21806.77,6542.03,37071.51
OI00003167-1,ORD00003167,PROD00227,3,1146.28,0.0,3438.84
OI00003167-2,ORD00003167,PROD00001,1,23270.16,0.0,23270.16
OI00003168-1,ORD00003168,PROD00147,4,5524.18,0.0,22096.72
OI00003168-2,ORD00003168,PROD00289,3,10900.59,4905.27,27796.5
OI00003168-3,ORD00003168,PROD00306,1,18198.52,2729.78,15468.74
OI00003168-4,ORD00003168,PROD00277,4,16643.7,6657.48,59917.32
OI00003169-1,ORD00003169,PROD00004,2,7422.27,2226.68,12617.86
OI00003169-2,ORD00003169,PROD00298,2,19293.46,0.0,38586.92
OI00003170-1,ORD00003170,PROD00241,3,1662.19,0.0,4986.57
OI00003170-2,ORD00003170,PROD00252,3,21548.3,0.0,64644.9
OI00003171-1,ORD00003171,PROD00074,3,5428.76,2442.94,13843.34
OI00003171-2,ORD00003171,PROD00215,3,16801.23,0.0,50403.69
OI00003171-3,ORD00003171,PROD00010,1,4667.93,0.0,4667.93
OI00003171-4,ORD00003171,PROD00067,2,18306.34,0.0,36612.68
OI00003171-5,ORD00003171,PROD00178,4,20555.44,0.0,82221.76
OI00003172-1,ORD00003172,PROD00157,2,21965.78,6589.73,37341.83
OI00003172-2,ORD00003172,PROD00192,1,5187.01,518.7,4668.31
OI00003172-3,ORD00003172,PROD00144,3,4774.42,0.0,14323.26
OI00003172-4,ORD00003172,PROD00332,4,966.51,0.0,3866.04
OI00003173-1,ORD00003173,PROD00217,2,11079.35,0.0,22158.7
OI00003173-2,ORD00003173,PROD00337,3,17875.4,2681.31,50944.89
OI00003173-3,ORD00003173,PROD00225,4,4381.86,0.0,17527.44
OI00003173-4,ORD00003173,PROD00104,2,15897.49,4769.25,27025.73
OI00003174-1,ORD00003174,PROD00131,3,1596.96,479.09,4311.79
OI00003174-2,ORD00003174,PROD00271,4,21715.63,0.0,86862.52
OI00003175-1,ORD00003175,PROD00314,4,8921.82,3568.73,32118.55
OI00003175-2,ORD00003175,PROD00126,2,12025.16,2405.03,21645.29
OI00003175-3,ORD00003175,PROD00104,2,15897.49,3179.5,28615.48
OI00003175-4,ORD00003175,PROD00101,2,14649.72,2929.94,26369.5
OI00003176-1,ORD00003176,PROD00268,2,17615.98,0.0,35231.96
OI00003176-2,ORD00003176,PROD00263,1,14672.69,733.63,13939.06
OI00003176-3,ORD00003176,PROD00108,4,19693.27,7877.31,70895.77
OI00003176-4,ORD00003176,PROD00053,4,17522.36,0.0,70089.44
OI00003177-1,ORD00003177,PROD00324,2,1645.09,164.51,3125.67
OI00003177-2,ORD00003177,PROD00279,4,690.73,0.0,2762.92
OI00003177-3,ORD00003177,PROD00324,3,1645.09,0.0,4935.27
OI00003177-4,ORD00003177,PROD00059,1,15693.39,784.67,14908.72
OI00003177-5,ORD00003177,PROD00265,3,18730.82,5619.25,50573.21
OI00003178-1,ORD00003178,PROD00305,3,17525.16,0.0,52575.48
OI00003178-2,ORD00003178,PROD00278,4,20166.44,4033.29,76632.47
OI00003179-1,ORD00003179,PROD00046,1,20054.13,1002.71,19051.42
OI00003179-2,ORD00003179,PROD00207,4,1959.51,391.9,7446.14
OI00003179-3,ORD00003179,PROD00228,4,24578.41,4915.68,93397.96
OI00003179-4,ORD00003179,PROD00344,2,2433.74,730.12,4137.36
OI00003179-5,ORD00003179,PROD00309,4,2478.12,0.0,9912.48
OI00003180-1,ORD00003180,PROD00136,4,14715.94,5886.38,52977.38
OI00003180-2,ORD00003180,PROD00294,2,20220.76,0.0,40441.52
OI00003180-3,ORD00003180,PROD00017,3,19254.54,0.0,57763.62
OI00003180-4,ORD00003180,PROD00249,3,13843.66,0.0,41530.98
OI00003181-1,ORD00003181,PROD00121,2,17020.33,0.0,34040.66
OI00003182-1,ORD00003182,PROD00271,3,21715.63,6514.69,58632.2
OI00003183-1,ORD00003183,PROD00155,1,16388.99,819.45,15569.54
OI00003183-2,ORD00003183,PROD00122,3,1221.77,183.27,3482.04
OI00003183-3,ORD00003183,PROD00094,3,1683.18,252.48,4797.06
OI00003183-4,ORD00003183,PROD00207,2,1959.51,391.9,3527.12
OI00003183-5,ORD00003183,PROD00282,3,15862.74,2379.41,45208.81
OI00003184-1,ORD00003184,PROD00072,3,7657.87,0.0,22973.61
OI00003184-2,ORD00003184,PROD00261,3,17666.44,5299.93,47699.39
OI00003184-3,ORD00003184,PROD00005,1,12790.76,1279.08,11511.68
OI00003184-4,ORD00003184,PROD00319,4,339.48,67.9,1290.02
OI00003185-1,ORD00003185,PROD00009,3,15614.07,0.0,46842.21
OI00003185-2,ORD00003185,PROD00137,1,22614.03,0.0,22614.03
OI00003185-3,ORD00003185,PROD00258,4,17451.91,10471.15,59336.49
OI00003186-1,ORD00003186,PROD00165,2,17905.46,1790.55,34020.37
OI00003186-2,ORD00003186,PROD00151,4,4900.37,0.0,19601.48
OI00003186-3,ORD00003186,PROD00032,4,7626.11,1525.22,28979.22
OI00003187-1,ORD00003187,PROD00220,3,5039.64,755.95,14362.97
OI00003187-2,ORD00003187,PROD00346,1,8662.06,0.0,8662.06
OI00003188-1,ORD00003188,PROD00070,4,23046.35,0.0,92185.4
OI00003189-1,ORD00003189,PROD00289,2,10900.59,2180.12,19621.06
OI00003189-2,ORD00003189,PROD00020,3,1320.51,0.0,3961.53
OI00003189-3,ORD00003189,PROD00130,3,22922.02,0.0,68766.06
OI00003189-4,ORD00003189,PROD00284,4,10726.51,6435.91,36470.13
OI00003190-1,ORD00003190,PROD00080,1,16165.62,808.28,15357.34
OI00003191-1,ORD00003191,PROD00042,3,3118.44,0.0,9355.32
OI00003191-2,ORD00003191,PROD00272,3,6955.22,2086.57,18779.09
OI00003191-3,ORD00003191,PROD00113,2,20219.94,0.0,40439.88
OI00003191-4,ORD00003191,PROD00133,3,10071.99,0.0,30215.97
OI00003191-5,ORD00003191,PROD00183,4,14458.84,0.0,57835.36
OI00003192-1,ORD00003192,PROD00315,3,14855.14,0.0,44565.42
OI00003192-2,ORD00003192,PROD00043,2,20878.59,4175.72,37581.46
OI00003192-3,ORD00003192,PROD00293,3,9456.41,4255.38,24113.85
OI00003192-4,ORD00003192,PROD00044,4,6687.09,1337.42,25410.94
OI00003192-5,ORD00003192,PROD00289,2,10900.59,0.0,21801.18
OI00003193-1,ORD00003193,PROD00168,1,13786.27,689.31,13096.96
OI00003193-2,ORD00003193,PROD00007,3,18525.88,8336.65,47240.99
OI00003193-3,ORD00003193,PROD00338,4,10521.18,4208.47,37876.25
OI00003193-4,ORD00003193,PROD00190,1,2376.38,0.0,2376.38
OI00003193-5,ORD00003193,PROD00221,2,17014.99,1701.5,32328.48
OI00003194-1,ORD00003194,PROD00022,1,973.58,0.0,973.58
OI00003194-2,ORD00003194,PROD00233,2,579.27,0.0,1158.54
OI00003194-3,ORD00003194,PROD00193,2,9247.87,1849.57,16646.17
OI00003195-1,ORD00003195,PROD00266,4,20418.91,0.0,81675.64
OI00003195-2,ORD00003195,PROD00259,2,6394.49,0.0,12788.98
OI00003195-3,ORD00003195,PROD00329,2,10605.13,2121.03,19089.23
OI00003195-4,ORD00003195,PROD00147,1,5524.18,0.0,5524.18
OI00003196-1,ORD00003196,PROD00027,2,12715.52,3814.66,21616.38
OI00003196-2,ORD00003196,PROD00055,1,2152.81,0.0,2152.81
OI00003196-3,ORD00003196,PROD00335,4,11428.89,0.0,45715.56
OI00003196-4,ORD00003196,PROD00135,3,8523.43,3835.54,21734.75
OI00003197-1,ORD00003197,PROD00035,3,14071.44,0.0,42214.32
OI00003197-2,ORD00003197,PROD00008,2,2128.1,425.62,3830.58
OI00003197-3,ORD00003197,PROD00220,3,5039.64,0.0,15118.92
OI00003197-4,ORD00003197,PROD00236,1,23089.06,2308.91,20780.15
OI00003197-5,ORD00003197,PROD00096,4,7650.09,4590.05,26010.31
OI00003198-1,ORD00003198,PROD00242,1,23459.95,0.0,23459.95
OI00003198-2,ORD00003198,PROD00205,4,22069.77,0.0,88279.08
OI00003198-3,ORD00003198,PROD00116,1,4303.4,645.51,3657.89
OI00003198-4,ORD00003198,PROD00025,3,12394.98,1859.25,35325.69
OI00003198-5,ORD00003198,PROD00004,3,7422.27,0.0,22266.81
OI00003199-1,ORD00003199,PROD00345,2,15206.3,0.0,30412.6
OI00003199-2,ORD00003199,PROD00027,4,12715.52,2543.1,48318.98
OI00003200-1,ORD00003200,PROD00015,3,21482.35,6444.7,58002.35
OI00003200-2,ORD00003200,PROD00011,3,13382.68,6022.21,34125.83
OI00003200-3,ORD00003200,PROD00191,4,719.62,143.92,2734.56
OI00003201-1,ORD00003201,PROD00294,2,20220.76,4044.15,36397.37
OI00003201-2,ORD00003201,PROD00050,3,22567.65,3385.15,64317.8
OI00003201-3,ORD00003201,PROD00137,2,22614.03,2261.4,42966.66
OI00003201-4,ORD00003201,PROD00078,1,3767.12,565.07,3202.05
OI00003202-1,ORD00003202,PROD00199,1,13170.12,1317.01,11853.11
OI00003202-2,ORD00003202,PROD00064,1,2094.58,0.0,2094.58
OI00003202-3,ORD00003202,PROD00234,4,18943.28,0.0,75773.12
OI00003202-4,ORD00003202,PROD00255,1,4895.99,0.0,4895.99
OI00003202-5,ORD00003202,PROD00096,3,7650.09,3442.54,19507.73
OI00003203-1,ORD00003203,PROD00026,2,4075.27,407.53,7743.01
OI00003203-2,ORD00003203,PROD00332,4,966.51,579.91,3286.13
OI00003203-3,ORD00003203,PROD00069,2,17377.04,1737.7,33016.38
OI00003203-4,ORD00003203,PROD00231,2,1734.46,520.34,2948.58
OI00003203-5,ORD00003203,PROD00283,1,5877.29,0.0,5877.29
OI00003204-1,ORD00003204,PROD00190,2,2376.38,0.0,4752.76
OI00003204-2,ORD00003204,PROD00252,1,21548.3,0.0,21548.3
OI00003204-3,ORD00003204,PROD00159,4,24425.69,0.0,97702.76
OI00003205-1,ORD00003205,PROD00187,4,24432.22,0.0,97728.88
OI00003205-2,ORD00003205,PROD00207,4,1959.51,391.9,7446.14
OI00003206-1,ORD00003206,PROD00185,3,17159.78,7721.9,43757.44
OI00003207-1,ORD00003207,PROD00048,3,2165.22,0.0,6495.66
OI00003208-1,ORD00003208,PROD00247,4,10596.3,4238.52,38146.68
OI00003209-1,ORD00003209,PROD00178,1,20555.44,0.0,20555.44
OI00003210-1,ORD00003210,PROD00175,3,18643.02,0.0,55929.06
OI00003210-2,ORD00003210,PROD00233,1,579.27,0.0,579.27
OI00003210-3,ORD00003210,PROD00002,4,11732.07,0.0,46928.28
OI00003210-4,ORD00003210,PROD00213,2,11796.15,1179.62,22412.68
OI00003210-5,ORD00003210,PROD00201,4,17522.9,7009.16,63082.44
OI00003211-1,ORD00003211,PROD00325,4,24143.74,0.0,96574.96
OI00003211-2,ORD00003211,PROD00255,4,4895.99,979.2,18604.76
OI00003212-1,ORD00003212,PROD00340,2,17115.28,0.0,34230.56
OI00003212-2,ORD00003212,PROD00145,2,21307.62,0.0,42615.24
OI00003213-1,ORD00003213,PROD00138,3,12060.91,3618.27,32564.46
OI00003213-2,ORD00003213,PROD00331,1,15173.99,1517.4,13656.59
OI00003213-3,ORD00003213,PROD00332,4,966.51,0.0,3866.04
OI00003213-4,ORD00003213,PROD00160,4,21368.16,0.0,85472.64
OI00003214-1,ORD00003214,PROD00031,3,5027.13,0.0,15081.39
OI00003214-2,ORD00003214,PROD00103,1,21963.07,3294.46,18668.61
OI00003214-3,ORD00003214,PROD00185,1,17159.78,2573.97,14585.81
OI00003214-4,ORD00003214,PROD00103,1,21963.07,3294.46,18668.61
OI00003214-5,ORD00003214,PROD00101,3,14649.72,2197.46,41751.7
OI00003215-1,ORD00003215,PROD00149,4,5172.64,0.0,20690.56
OI00003215-2,ORD00003215,PROD00153,3,8528.45,1279.27,24306.08
OI00003215-3,ORD00003215,PROD00296,2,3229.07,322.91,6135.23
OI00003215-4,ORD00003215,PROD00088,2,13567.39,0.0,27134.78
OI00003215-5,ORD00003215,PROD00318,1,21629.15,1081.46,20547.69
OI00003216-1,ORD00003216,PROD00178,3,20555.44,9249.95,52416.37
OI00003216-2,ORD00003216,PROD00268,3,17615.98,7927.19,44920.75
OI00003217-1,ORD00003217,PROD00349,4,22965.12,0.0,91860.48
OI00003217-2,ORD00003217,PROD00008,4,2128.1,0.0,8512.4
OI00003217-3,ORD00003217,PROD00229,3,6335.91,0.0,19007.73
OI00003218-1,ORD00003218,PROD00054,4,17451.9,0.0,69807.6
OI00003218-2,ORD00003218,PROD00209,3,1876.23,281.43,5347.26
OI00003218-3,ORD00003218,PROD00249,1,13843.66,692.18,13151.48
OI00003218-4,ORD00003218,PROD00064,2,2094.58,628.37,3560.79
OI00003219-1,ORD00003219,PROD00020,3,1320.51,0.0,3961.53
OI00003219-2,ORD00003219,PROD00171,3,6861.84,0.0,20585.52
OI00003219-3,ORD00003219,PROD00300,2,20412.89,0.0,40825.78
OI00003219-4,ORD00003219,PROD00054,3,17451.9,0.0,52355.7
OI00003219-5,ORD00003219,PROD00264,4,15922.7,0.0,63690.8
OI00003220-1,ORD00003220,PROD00344,4,2433.74,0.0,9734.96
OI00003221-1,ORD00003221,PROD00126,4,12025.16,7215.1,40885.54
OI00003221-2,ORD00003221,PROD00179,2,21643.38,0.0,43286.76
OI00003222-1,ORD00003222,PROD00345,1,15206.3,760.32,14445.98
OI00003222-2,ORD00003222,PROD00153,1,8528.45,0.0,8528.45
OI00003222-3,ORD00003222,PROD00243,2,5945.94,0.0,11891.88
OI00003222-4,ORD00003222,PROD00244,4,18055.76,7222.3,65000.74
OI00003223-1,ORD00003223,PROD00260,1,2962.43,0.0,2962.43
OI00003223-2,ORD00003223,PROD00317,1,16337.28,816.86,15520.42
OI00003223-3,ORD00003223,PROD00057,3,634.37,95.16,1807.95
OI00003223-4,ORD00003223,PROD00329,1,10605.13,1590.77,9014.36
OI00003224-1,ORD00003224,PROD00144,3,4774.42,0.0,14323.26
OI00003225-1,ORD00003225,PROD00282,1,15862.74,793.14,15069.6
OI00003225-2,ORD00003225,PROD00090,4,4577.37,915.47,17394.01
OI00003225-3,ORD00003225,PROD00040,1,3967.96,396.8,3571.16
OI00003225-4,ORD00003225,PROD00132,2,1691.47,338.29,3044.65
OI00003226-1,ORD00003226,PROD00240,2,15221.18,0.0,30442.36
OI00003226-2,ORD00003226,PROD00334,1,1905.27,190.53,1714.74
OI00003227-1,ORD00003227,PROD00142,3,1480.08,0.0,4440.24
OI00003227-2,ORD00003227,PROD00002,2,11732.07,0.0,23464.14
OI00003227-3,ORD00003227,PROD00340,1,17115.28,855.76,16259.52
OI00003227-4,ORD00003227,PROD00344,1,2433.74,0.0,2433.74
OI00003228-1,ORD00003228,PROD00246,2,2046.4,0.0,4092.8
OI00003228-2,ORD00003228,PROD00028,1,3322.41,0.0,3322.41
OI00003228-3,ORD00003228,PROD00253,4,23510.11,0.0,94040.44
OI00003228-4,ORD00003228,PROD00072,4,7657.87,0.0,30631.48
OI00003228-5,ORD00003228,PROD00086,2,21556.26,2155.63,40956.89
OI00003229-1,ORD00003229,PROD00075,4,1735.74,0.0,6942.96
OI00003229-2,ORD00003229,PROD00170,1,11306.22,0.0,11306.22
OI00003230-1,ORD00003230,PROD00085,4,20182.68,12109.61,68621.11
OI00003230-2,ORD00003230,PROD00188,3,24505.29,7351.59,66164.28
OI00003231-1,ORD00003231,PROD00240,2,15221.18,0.0,30442.36
OI00003231-2,ORD00003231,PROD00190,1,2376.38,0.0,2376.38
OI00003231-3,ORD00003231,PROD00347,3,11947.7,3584.31,32258.79
OI00003231-4,ORD00003231,PROD00301,4,15056.56,0.0,60226.24
OI00003231-5,ORD00003231,PROD00075,4,1735.74,0.0,6942.96
OI00003232-1,ORD00003232,PROD00081,4,14048.06,0.0,56192.24
OI00003232-2,ORD00003232,PROD00006,3,8918.67,0.0,26756.01
OI00003232-3,ORD00003232,PROD00133,2,10071.99,0.0,20143.98
OI00003232-4,ORD00003232,PROD00199,3,13170.12,0.0,39510.36
OI00003233-1,ORD00003233,PROD00026,2,4075.27,1222.58,6927.96
OI00003233-2,ORD00003233,PROD00185,3,17159.78,0.0,51479.34
OI00003233-3,ORD00003233,PROD00220,1,5039.64,0.0,5039.64
OI00003234-1,ORD00003234,PROD00086,2,21556.26,4311.25,38801.27
OI00003234-2,ORD00003234,PROD00133,2,10071.99,0.0,20143.98
OI00003235-1,ORD00003235,PROD00154,3,21079.89,6323.97,56915.7
OI00003235-2,ORD00003235,PROD00290,2,19169.41,0.0,38338.82
OI00003235-3,ORD00003235,PROD00167,1,7684.68,1152.7,6531.98
OI00003235-4,ORD00003235,PROD00248,3,544.29,81.64,1551.23
OI00003235-5,ORD00003235,PROD00165,2,17905.46,3581.09,32229.83
OI00003236-1,ORD00003236,PROD00053,2,17522.36,3504.47,31540.25
OI00003236-2,ORD00003236,PROD00263,3,14672.69,2200.9,41817.17
OI00003236-3,ORD00003236,PROD00104,2,15897.49,1589.75,30205.23
OI00003237-1,ORD00003237,PROD00108,1,19693.27,2953.99,16739.28
OI00003238-1,ORD00003238,PROD00115,4,24607.38,0.0,98429.52
OI00003238-2,ORD00003238,PROD00108,3,19693.27,0.0,59079.81
OI00003239-1,ORD00003239,PROD00148,3,15616.8,2342.52,44507.88
OI00003239-2,ORD00003239,PROD00148,2,15616.8,3123.36,28110.24
OI00003239-3,ORD00003239,PROD00218,2,9795.93,1959.19,17632.67
OI00003240-1,ORD00003240,PROD00019,2,539.71,0.0,1079.42
OI00003240-2,ORD00003240,PROD00128,3,20549.76,0.0,61649.28
OI00003241-1,ORD00003241,PROD00195,4,9755.37,0.0,39021.48
OI00003241-2,ORD00003241,PROD00222,2,18114.09,5434.23,30793.95
OI00003241-3,ORD00003241,PROD00131,4,1596.96,0.0,6387.84
OI00003242-1,ORD00003242,PROD00280,1,11325.36,1698.8,9626.56
OI00003243-1,ORD00003243,PROD00072,2,7657.87,1531.57,13784.17
OI00003244-1,ORD00003244,PROD00306,2,18198.52,0.0,36397.04
OI00003244-2,ORD00003244,PROD00098,2,24035.74,4807.15,43264.33
OI00003244-3,ORD00003244,PROD00182,3,5279.14,0.0,15837.42
OI00003244-4,ORD00003244,PROD00135,2,8523.43,0.0,17046.86
OI00003245-1,ORD00003245,PROD00059,3,15693.39,0.0,47080.17
OI00003245-2,ORD00003245,PROD00164,2,12489.77,1248.98,23730.56
OI00003246-1,ORD00003246,PROD00202,4,10405.57,4162.23,37460.05
OI00003246-2,ORD00003246,PROD00226,4,11496.46,4598.58,41387.26
OI00003246-3,ORD00003246,PROD00257,1,18404.82,0.0,18404.82
OI00003246-4,ORD00003246,PROD00348,1,16456.2,2468.43,13987.77
OI00003246-5,ORD00003246,PROD00181,1,8549.46,0.0,8549.46
OI00003247-1,ORD00003247,PROD00202,2,10405.57,0.0,20811.14
OI00003247-2,ORD00003247,PROD00182,3,5279.14,791.87,15045.55
OI00003248-1,ORD00003248,PROD00097,1,19582.9,0.0,19582.9
OI00003248-2,ORD00003248,PROD00175,4,18643.02,0.0,74572.08
OI00003248-3,ORD00003248,PROD00291,4,16653.64,0.0,66614.56
OI00003248-4,ORD00003248,PROD00091,2,3604.39,1081.32,6127.46
OI00003248-5,ORD00003248,PROD00281,1,16522.7,0.0,16522.7
OI00003249-1,ORD00003249,PROD00241,4,1662.19,997.31,5651.45
OI00003249-2,ORD00003249,PROD00083,4,3051.07,0.0,12204.28
OI00003249-3,ORD00003249,PROD00094,2,1683.18,0.0,3366.36
OI00003249-4,ORD00003249,PROD00220,3,5039.64,0.0,15118.92
OI00003249-5,ORD00003249,PROD00347,2,11947.7,0.0,23895.4
OI00003250-1,ORD00003250,PROD00192,1,5187.01,259.35,4927.66
OI00003250-2,ORD00003250,PROD00288,4,6121.73,1224.35,23262.57
OI00003250-3,ORD00003250,PROD00292,4,21804.92,8721.97,78497.71
OI00003250-4,ORD00003250,PROD00293,2,9456.41,2836.92,16075.9
OI00003250-5,ORD00003250,PROD00269,1,14198.95,1419.9,12779.05
OI00003251-1,ORD00003251,PROD00089,2,7704.52,2311.36,13097.68
OI00003252-1,ORD00003252,PROD00173,1,19657.54,982.88,18674.66
OI00003252-2,ORD00003252,PROD00168,4,13786.27,0.0,55145.08
OI00003252-3,ORD00003252,PROD00232,2,12800.1,0.0,25600.2
OI00003253-1,ORD00003253,PROD00304,4,24529.51,4905.9,93212.14
OI00003253-2,ORD00003253,PROD00223,4,14073.25,5629.3,50663.7
OI00003253-3,ORD00003253,PROD00189,3,4749.05,0.0,14247.15
OI00003253-4,ORD00003253,PROD00036,1,19263.87,963.19,18300.68
OI00003253-5,ORD00003253,PROD00083,1,3051.07,0.0,3051.07
OI00003254-1,ORD00003254,PROD00237,2,6989.25,1397.85,12580.65
OI00003254-2,ORD00003254,PROD00207,3,1959.51,881.78,4996.75
OI00003254-3,ORD00003254,PROD00149,2,5172.64,0.0,10345.28
OI00003255-1,ORD00003255,PROD00105,1,8573.66,1286.05,7287.61
OI00003256-1,ORD00003256,PROD00323,3,10163.0,3048.9,27440.1
OI00003256-2,ORD00003256,PROD00197,4,14707.92,5883.17,52948.51
OI00003256-3,ORD00003256,PROD00097,3,19582.9,5874.87,52873.83
OI00003256-4,ORD00003256,PROD00154,2,21079.89,0.0,42159.78
OI00003256-5,ORD00003256,PROD00083,2,3051.07,0.0,6102.14
OI00003257-1,ORD00003257,PROD00177,4,19263.4,0.0,77053.6
OI00003257-2,ORD00003257,PROD00218,2,9795.93,2938.78,16653.08
OI00003258-1,ORD00003258,PROD00335,1,11428.89,0.0,11428.89
OI00003259-1,ORD00003259,PROD00286,3,3240.14,0.0,9720.42
OI00003260-1,ORD00003260,PROD00308,4,9807.02,0.0,39228.08
OI00003260-2,ORD00003260,PROD00213,3,11796.15,0.0,35388.45
OI00003261-1,ORD00003261,PROD00137,2,22614.03,6784.21,38443.85
OI00003261-2,ORD00003261,PROD00295,2,2274.03,0.0,4548.06
OI00003261-3,ORD00003261,PROD00175,2,18643.02,3728.6,33557.44
OI00003262-1,ORD00003262,PROD00043,4,20878.59,0.0,83514.36
OI00003262-2,ORD00003262,PROD00323,3,10163.0,0.0,30489.0
OI00003262-3,ORD00003262,PROD00189,2,4749.05,949.81,8548.29
OI00003262-4,ORD00003262,PROD00205,3,22069.77,9931.4,56277.91
OI00003262-5,ORD00003262,PROD00096,4,7650.09,1530.02,29070.34
OI00003263-1,ORD00003263,PROD00053,2,17522.36,0.0,35044.72
OI00003263-2,ORD00003263,PROD00158,4,4832.45,966.49,18363.31
OI00003263-3,ORD00003263,PROD00063,3,20579.93,0.0,61739.79
OI00003263-4,ORD00003263,PROD00275,1,23306.6,2330.66,20975.94
OI00003263-5,ORD00003263,PROD00250,1,7116.48,0.0,7116.48
OI00003264-1,ORD00003264,PROD00184,1,20269.51,3040.43,17229.08
OI00003264-2,ORD00003264,PROD00163,1,4227.47,0.0,4227.47
OI00003265-1,ORD00003265,PROD00070,3,23046.35,0.0,69139.05
OI00003266-1,ORD00003266,PROD00158,2,4832.45,483.25,9181.65
OI00003267-1,ORD00003267,PROD00102,4,7550.93,0.0,30203.72
OI00003267-2,ORD00003267,PROD00253,2,23510.11,0.0,47020.22
OI00003267-3,ORD00003267,PROD00059,3,15693.39,0.0,47080.17
OI00003268-1,ORD00003268,PROD00173,4,19657.54,7863.02,70767.14
OI00003268-2,ORD00003268,PROD00213,3,11796.15,1769.42,33619.03
OI00003269-1,ORD00003269,PROD00183,1,14458.84,1445.88,13012.96
OI00003270-1,ORD00003270,PROD00081,2,14048.06,1404.81,26691.31
OI00003270-2,ORD00003270,PROD00336,4,1810.42,0.0,7241.68
OI00003270-3,ORD00003270,PROD00045,3,3832.7,0.0,11498.1
OI00003271-1,ORD00003271,PROD00292,1,21804.92,0.0,21804.92
OI00003271-2,ORD00003271,PROD00039,3,12707.28,1906.09,36215.75
OI00003271-3,ORD00003271,PROD00328,3,24499.21,0.0,73497.63
OI00003272-1,ORD00003272,PROD00215,2,16801.23,0.0,33602.46
OI00003272-2,ORD00003272,PROD00043,3,20878.59,0.0,62635.77
OI00003272-3,ORD00003272,PROD00087,2,21498.23,4299.65,38696.81
OI00003273-1,ORD00003273,PROD00262,3,20752.25,9338.51,52918.24
OI00003273-2,ORD00003273,PROD00096,4,7650.09,3060.04,27540.32
OI00003273-3,ORD00003273,PROD00291,2,16653.64,4996.09,28311.19
OI00003274-1,ORD00003274,PROD00123,2,4905.47,0.0,9810.94
OI00003274-2,ORD00003274,PROD00091,1,3604.39,540.66,3063.73
OI00003274-3,ORD00003274,PROD00312,4,9087.53,0.0,36350.12
OI00003274-4,ORD00003274,PROD00350,4,17684.33,0.0,70737.32
OI00003274-5,ORD00003274,PROD00004,4,7422.27,0.0,29689.08
OI00003275-1,ORD00003275,PROD00021,2,21222.98,0.0,42445.96
OI00003275-2,ORD00003275,PROD00134,4,11362.61,4545.04,40905.4
OI00003275-3,ORD00003275,PROD00105,1,8573.66,428.68,8144.98
OI00003276-1,ORD00003276,PROD00325,1,24143.74,0.0,24143.74
OI00003276-2,ORD00003276,PROD00334,3,1905.27,571.58,5144.23
OI00003276-3,ORD00003276,PROD00059,3,15693.39,0.0,47080.17
OI00003276-4,ORD00003276,PROD00009,3,15614.07,0.0,46842.21
OI00003277-1,ORD00003277,PROD00238,2,16218.76,4865.63,27571.89
OI00003277-2,ORD00003277,PROD00038,2,19552.23,1955.22,37149.24
OI00003278-1,ORD00003278,PROD00261,4,17666.44,7066.58,63599.18
OI00003278-2,ORD00003278,PROD00222,4,18114.09,10868.45,61587.91
OI00003278-3,ORD00003278,PROD00157,4,21965.78,4393.16,83469.96
OI00003278-4,ORD00003278,PROD00323,2,10163.0,1016.3,19309.7
OI00003279-1,ORD00003279,PROD00120,2,21353.8,0.0,42707.6
OI00003280-1,ORD00003280,PROD00232,1,12800.1,0.0,12800.1
OI00003281-1,ORD00003281,PROD00152,3,5018.12,1505.44,13548.92
OI00003282-1,ORD00003282,PROD00217,1,11079.35,553.97,10525.38
OI00003282-2,ORD00003282,PROD00022,2,973.58,194.72,1752.44
OI00003282-3,ORD00003282,PROD00145,3,21307.62,9588.43,54334.43
OI00003283-1,ORD00003283,PROD00081,4,14048.06,5619.22,50573.02
OI00003283-2,ORD00003283,PROD00161,4,15755.01,0.0,63020.04
OI00003284-1,ORD00003284,PROD00036,3,19263.87,5779.16,52012.45
OI00003284-2,ORD00003284,PROD00087,2,21498.23,0.0,42996.46
OI00003284-3,ORD00003284,PROD00173,4,19657.54,7863.02,70767.14
OI00003284-4,ORD00003284,PROD00307,1,13721.18,1372.12,12349.06
OI00003285-1,ORD00003285,PROD00029,2,19909.52,0.0,39819.04
OI00003285-2,ORD00003285,PROD00248,1,544.29,0.0,544.29
OI00003286-1,ORD00003286,PROD00120,3,21353.8,9609.21,54452.19
OI00003286-2,ORD00003286,PROD00294,3,20220.76,9099.34,51562.94
OI00003287-1,ORD00003287,PROD00101,1,14649.72,0.0,14649.72
OI00003287-2,ORD00003287,PROD00125,3,4153.82,1869.22,10592.24
OI00003288-1,ORD00003288,PROD00346,3,8662.06,0.0,25986.18
OI00003288-2,ORD00003288,PROD00055,1,2152.81,0.0,2152.81
OI00003288-3,ORD00003288,PROD00321,4,19868.88,11921.33,67554.19
OI00003288-4,ORD00003288,PROD00241,2,1662.19,332.44,2991.94
OI00003288-5,ORD00003288,PROD00339,4,696.45,278.58,2507.22
OI00003289-1,ORD00003289,PROD00274,2,2466.2,0.0,4932.4
OI00003289-2,ORD00003289,PROD00201,1,17522.9,2628.43,14894.47
OI00003289-3,ORD00003289,PROD00283,3,5877.29,0.0,17631.87
OI00003289-4,ORD00003289,PROD00067,4,18306.34,3661.27,69564.09
OI00003290-1,ORD00003290,PROD00193,3,9247.87,1387.18,26356.43
OI00003290-2,ORD00003290,PROD00139,2,1559.26,0.0,3118.52
OI00003290-3,ORD00003290,PROD00207,2,1959.51,0.0,3919.02
OI00003290-4,ORD00003290,PROD00196,1,10833.41,0.0,10833.41
OI00003290-5,ORD00003290,PROD00347,3,11947.7,3584.31,32258.79
OI00003291-1,ORD00003291,PROD00303,1,15795.37,0.0,15795.37
OI00003291-2,ORD00003291,PROD00107,1,10358.42,0.0,10358.42
OI00003292-1,ORD00003292,PROD00149,1,5172.64,517.26,4655.38
OI00003293-1,ORD00003293,PROD00128,2,20549.76,0.0,41099.52
OI00003293-2,ORD00003293,PROD00321,3,19868.88,0.0,59606.64
OI00003293-3,ORD00003293,PROD00233,3,579.27,173.78,1564.03
OI00003293-4,ORD00003293,PROD00174,1,13673.35,0.0,13673.35
OI00003294-1,ORD00003294,PROD00086,1,21556.26,0.0,21556.26
OI00003294-2,ORD00003294,PROD00267,3,16380.3,7371.13,41769.77
OI00003294-3,ORD00003294,PROD00136,1,14715.94,735.8,13980.14
OI00003294-4,ORD00003294,PROD00045,4,3832.7,1533.08,13797.72
OI00003294-5,ORD00003294,PROD00110,4,9699.44,0.0,38797.76
OI00003295-1,ORD00003295,PROD00336,4,1810.42,0.0,7241.68
OI00003296-1,ORD00003296,PROD00164,4,12489.77,7493.86,42465.22
OI00003297-1,ORD00003297,PROD00090,4,4577.37,2746.42,15563.06
OI00003297-2,ORD00003297,PROD00172,3,9009.37,0.0,27028.11
OI00003298-1,ORD00003298,PROD00043,4,20878.59,0.0,83514.36
OI00003298-2,ORD00003298,PROD00162,4,5270.48,2108.19,18973.73
OI00003298-3,ORD00003298,PROD00038,1,19552.23,977.61,18574.62
OI00003299-1,ORD00003299,PROD00246,1,2046.4,0.0,2046.4
OI00003299-2,ORD00003299,PROD00088,1,13567.39,0.0,13567.39
OI00003299-3,ORD00003299,PROD00031,2,5027.13,1005.43,9048.83
OI00003300-1,ORD00003300,PROD00283,3,5877.29,1763.19,15868.68
OI00003301-1,ORD00003301,PROD00068,2,12144.87,3643.46,20646.28
OI00003302-1,ORD00003302,PROD00261,2,17666.44,3533.29,31799.59
OI00003302-2,ORD00003302,PROD00304,1,24529.51,0.0,24529.51
OI00003302-3,ORD00003302,PROD00139,1,1559.26,155.93,1403.33
OI00003302-4,ORD00003302,PROD00059,2,15693.39,4708.02,26678.76
OI00003303-1,ORD00003303,PROD00254,4,10249.25,2049.85,38947.15
OI00003303-2,ORD00003303,PROD00026,2,4075.27,407.53,7743.01
OI00003303-3,ORD00003303,PROD00049,4,1583.63,633.45,5701.07
OI00003303-4,ORD00003303,PROD00299,2,2709.32,270.93,5147.71
OI00003304-1,ORD00003304,PROD00046,1,20054.13,2005.41,18048.72
OI00003304-2,ORD00003304,PROD00102,2,7550.93,0.0,15101.86
OI00003304-3,ORD00003304,PROD00256,4,15892.74,9535.64,54035.32
OI00003304-4,ORD00003304,PROD00024,3,13853.73,0.0,41561.19
OI00003305-1,ORD00003305,PROD00016,2,21060.14,4212.03,37908.25
OI00003305-2,ORD00003305,PROD00085,1,20182.68,0.0,20182.68
OI00003305-3,ORD00003305,PROD00059,1,15693.39,2354.01,13339.38
OI00003305-4,ORD00003305,PROD00153,2,8528.45,0.0,17056.9
OI00003305-5,ORD00003305,PROD00323,1,10163.0,1524.45,8638.55
OI00003306-1,ORD00003306,PROD00196,4,10833.41,4333.36,39000.28
OI00003306-2,ORD00003306,PROD00321,3,19868.88,0.0,59606.64
OI00003306-3,ORD00003306,PROD00168,4,13786.27,0.0,55145.08
OI00003307-1,ORD00003307,PROD00270,2,6520.83,0.0,13041.66
OI00003307-2,ORD00003307,PROD00142,3,1480.08,0.0,4440.24
OI00003307-3,ORD00003307,PROD00032,3,7626.11,0.0,22878.33
OI00003307-4,ORD00003307,PROD00317,3,16337.28,0.0,49011.84
OI00003308-1,ORD00003308,PROD00200,1,18445.4,922.27,17523.13
OI00003308-2,ORD00003308,PROD00003,4,24605.45,14763.27,83658.53
OI00003308-3,ORD00003308,PROD00055,4,2152.81,1291.69,7319.55
OI00003308-4,ORD00003308,PROD00206,3,22722.97,3408.45,64760.46
OI00003309-1,ORD00003309,PROD00272,3,6955.22,2086.57,18779.09
OI00003309-2,ORD00003309,PROD00037,1,17674.8,1767.48,15907.32
OI00003310-1,ORD00003310,PROD00132,1,1691.47,0.0,1691.47
OI00003310-2,ORD00003310,PROD00190,4,2376.38,0.0,9505.52
OI00003310-3,ORD00003310,PROD00159,4,24425.69,4885.14,92817.62
OI00003311-1,ORD00003311,PROD00333,4,15073.5,0.0,60294.0
OI00003311-2,ORD00003311,PROD00014,1,2236.5,111.83,2124.67
OI00003312-1,ORD00003312,PROD00081,2,14048.06,0.0,28096.12
OI00003312-2,ORD00003312,PROD00320,1,624.52,0.0,624.52
OI00003312-3,ORD00003312,PROD00225,1,4381.86,657.28,3724.58
OI00003312-4,ORD00003312,PROD00200,4,18445.4,7378.16,66403.44
OI00003313-1,ORD00003313,PROD00186,2,8185.68,0.0,16371.36
OI00003313-2,ORD00003313,PROD00263,3,14672.69,6602.71,37415.36
OI00003313-3,ORD00003313,PROD00336,1,1810.42,0.0,1810.42
OI00003313-4,ORD00003313,PROD00247,1,10596.3,0.0,10596.3
OI00003313-5,ORD00003313,PROD00234,1,18943.28,0.0,18943.28
OI00003314-1,ORD00003314,PROD00052,4,22735.31,0.0,90941.24
OI00003314-2,ORD00003314,PROD00203,4,9647.39,1929.48,36660.08
OI00003314-3,ORD00003314,PROD00235,1,7450.54,0.0,7450.54
OI00003315-1,ORD00003315,PROD00010,1,4667.93,466.79,4201.14
OI00003315-2,ORD00003315,PROD00337,1,17875.4,2681.31,15194.09
OI00003315-3,ORD00003315,PROD00173,2,19657.54,0.0,39315.08
OI00003315-4,ORD00003315,PROD00292,4,21804.92,4360.98,82858.7
OI00003316-1,ORD00003316,PROD00071,3,9271.17,1390.68,26422.83
OI00003316-2,ORD00003316,PROD00216,1,4489.61,0.0,4489.61
OI00003316-3,ORD00003316,PROD00015,2,21482.35,0.0,42964.7
OI00003317-1,ORD00003317,PROD00034,4,20180.05,12108.03,68612.17
OI00003317-2,ORD00003317,PROD00343,2,19579.2,0.0,39158.4
OI00003317-3,ORD00003317,PROD00130,2,22922.02,0.0,45844.04
OI00003317-4,ORD00003317,PROD00075,2,1735.74,347.15,3124.33
OI00003318-1,ORD00003318,PROD00002,1,11732.07,1759.81,9972.26
OI00003319-1,ORD00003319,PROD00005,1,12790.76,0.0,12790.76
OI00003319-2,ORD00003319,PROD00004,1,7422.27,0.0,7422.27
OI00003320-1,ORD00003320,PROD00339,1,696.45,0.0,696.45
OI00003320-2,ORD00003320,PROD00156,1,6041.74,0.0,6041.74
OI00003320-3,ORD00003320,PROD00222,3,18114.09,8151.34,46190.93
OI00003320-4,ORD00003320,PROD00001,2,23270.16,0.0,46540.32
OI00003320-5,ORD00003320,PROD00231,4,1734.46,0.0,6937.84
OI00003321-1,ORD00003321,PROD00309,1,2478.12,0.0,2478.12
OI00003321-2,ORD00003321,PROD00201,2,17522.9,1752.29,33293.51
OI00003321-3,ORD00003321,PROD00310,1,11465.44,1146.54,10318.9
OI00003321-4,ORD00003321,PROD00295,1,2274.03,227.4,2046.63
OI00003322-1,ORD00003322,PROD00195,2,9755.37,975.54,18535.2
OI00003322-2,ORD00003322,PROD00301,4,15056.56,0.0,60226.24
OI00003323-1,ORD00003323,PROD00035,4,14071.44,8442.86,47842.9
OI00003323-2,ORD00003323,PROD00235,3,7450.54,0.0,22351.62
OI00003323-3,ORD00003323,PROD00307,4,13721.18,8232.71,46652.01
OI00003323-4,ORD00003323,PROD00349,3,22965.12,10334.3,58561.06
OI00003324-1,ORD00003324,PROD00324,4,1645.09,658.04,5922.32
OI00003324-2,ORD00003324,PROD00279,1,690.73,103.61,587.12
OI00003324-3,ORD00003324,PROD00326,3,13890.31,0.0,41670.93
OI00003324-4,ORD00003324,PROD00071,3,9271.17,0.0,27813.51
OI00003324-5,ORD00003324,PROD00084,4,6169.9,1233.98,23445.62
OI00003325-1,ORD00003325,PROD00173,3,19657.54,0.0,58972.62
OI00003325-2,ORD00003325,PROD00165,4,17905.46,0.0,71621.84
OI00003325-3,ORD00003325,PROD00136,3,14715.94,4414.78,39733.04
OI00003325-4,ORD00003325,PROD00042,4,3118.44,623.69,11850.07
OI00003326-1,ORD00003326,PROD00058,2,18176.41,3635.28,32717.54
OI00003326-2,ORD00003326,PROD00237,1,6989.25,349.46,6639.79
OI00003326-3,ORD00003326,PROD00143,1,8628.21,0.0,8628.21
OI00003326-4,ORD00003326,PROD00087,1,21498.23,0.0,21498.23
OI00003326-5,ORD00003326,PROD00124,3,24453.49,7336.05,66024.42
OI00003327-1,ORD00003327,PROD00280,1,11325.36,0.0,11325.36
OI00003327-2,ORD00003327,PROD00009,3,15614.07,2342.11,44500.1
OI00003328-1,ORD00003328,PROD00184,4,20269.51,0.0,81078.04
OI00003328-2,ORD00003328,PROD00111,4,11594.18,6956.51,39420.21
OI00003329-1,ORD00003329,PROD00006,2,8918.67,0.0,17837.34
OI00003329-2,ORD00003329,PROD00164,3,12489.77,0.0,37469.31
OI00003329-3,ORD00003329,PROD00204,3,17481.19,0.0,52443.57
OI00003329-4,ORD00003329,PROD00092,1,5103.86,765.58,4338.28
OI00003329-5,ORD00003329,PROD00022,3,973.58,0.0,2920.74
OI00003330-1,ORD00003330,PROD00341,2,22735.67,0.0,45471.34
OI00003330-2,ORD00003330,PROD00242,1,23459.95,2346.0,21113.95
OI00003330-3,ORD00003330,PROD00318,1,21629.15,3244.37,18384.78
OI00003330-4,ORD00003330,PROD00293,3,9456.41,1418.46,26950.77
OI00003331-1,ORD00003331,PROD00191,1,719.62,0.0,719.62
OI00003331-2,ORD00003331,PROD00021,2,21222.98,6366.89,36079.07
OI00003331-3,ORD00003331,PROD00180,4,5881.39,3528.83,19996.73
OI00003331-4,ORD00003331,PROD00084,3,6169.9,925.49,17584.21
OI00003331-5,ORD00003331,PROD00204,2,17481.19,0.0,34962.38
OI00003332-1,ORD00003332,PROD00303,3,15795.37,0.0,47386.11
OI00003332-2,ORD00003332,PROD00012,1,11531.07,0.0,11531.07
OI00003332-3,ORD00003332,PROD00132,3,1691.47,0.0,5074.41
OI00003332-4,ORD00003332,PROD00038,3,19552.23,2932.83,55723.86
OI00003333-1,ORD00003333,PROD00255,3,4895.99,734.4,13953.57
OI00003333-2,ORD00003333,PROD00080,2,16165.62,0.0,32331.24
OI00003334-1,ORD00003334,PROD00288,2,6121.73,1224.35,11019.11
OI00003334-2,ORD00003334,PROD00012,3,11531.07,0.0,34593.21
OI00003335-1,ORD00003335,PROD00015,4,21482.35,0.0,85929.4
OI00003335-2,ORD00003335,PROD00003,2,24605.45,0.0,49210.9
OI00003335-3,ORD00003335,PROD00143,2,8628.21,0.0,17256.42
OI00003335-4,ORD00003335,PROD00117,4,1680.75,336.15,6386.85
OI00003336-1,ORD00003336,PROD00193,4,9247.87,3699.15,33292.33
OI00003336-2,ORD00003336,PROD00167,2,7684.68,0.0,15369.36
OI00003336-3,ORD00003336,PROD00142,1,1480.08,0.0,1480.08
OI00003337-1,ORD00003337,PROD00310,1,11465.44,573.27,10892.17
OI00003337-2,ORD00003337,PROD00226,3,11496.46,1724.47,32764.91
OI00003337-3,ORD00003337,PROD00325,3,24143.74,3621.56,68809.66
OI00003337-4,ORD00003337,PROD00177,3,19263.4,8668.53,49121.67
OI00003337-5,ORD00003337,PROD00225,3,4381.86,657.28,12488.3
OI00003338-1,ORD00003338,PROD00230,2,8334.56,0.0,16669.12
OI00003338-2,ORD00003338,PROD00198,2,235.71,70.71,400.71
OI00003339-1,ORD00003339,PROD00342,4,296.09,0.0,1184.36
OI00003339-2,ORD00003339,PROD00168,1,13786.27,0.0,13786.27
OI00003340-1,ORD00003340,PROD00322,1,14307.01,0.0,14307.01
OI00003340-2,ORD00003340,PROD00146,4,8249.05,4949.43,28046.77
OI00003340-3,ORD00003340,PROD00249,4,13843.66,0.0,55374.64
OI00003341-1,ORD00003341,PROD00010,2,4667.93,0.0,9335.86
OI00003342-1,ORD00003342,PROD00215,1,16801.23,840.06,15961.17
OI00003342-2,ORD00003342,PROD00342,4,296.09,59.22,1125.14
OI00003342-3,ORD00003342,PROD00342,3,296.09,133.24,755.03
OI00003342-4,ORD00003342,PROD00090,1,4577.37,0.0,4577.37
OI00003342-5,ORD00003342,PROD00016,3,21060.14,3159.02,60021.4
OI00003343-1,ORD00003343,PROD00208,2,11300.85,0.0,22601.7
OI00003344-1,ORD00003344,PROD00059,3,15693.39,0.0,47080.17
OI00003344-2,ORD00003344,PROD00044,2,6687.09,0.0,13374.18
OI00003344-3,ORD00003344,PROD00151,1,4900.37,735.06,4165.31
OI00003345-1,ORD00003345,PROD00025,4,12394.98,7436.99,42142.93
OI00003345-2,ORD00003345,PROD00261,4,17666.44,0.0,70665.76
OI00003345-3,ORD00003345,PROD00056,3,5382.68,807.4,15340.64
OI00003345-4,ORD00003345,PROD00210,1,18661.64,0.0,18661.64
OI00003345-5,ORD00003345,PROD00254,1,10249.25,1537.39,8711.86
OI00003346-1,ORD00003346,PROD00190,2,2376.38,0.0,4752.76
OI00003346-2,ORD00003346,PROD00199,3,13170.12,0.0,39510.36
OI00003346-3,ORD00003346,PROD00069,3,17377.04,2606.56,49524.56
OI00003347-1,ORD00003347,PROD00288,4,6121.73,0.0,24486.92
OI00003347-2,ORD00003347,PROD00163,1,4227.47,211.37,4016.1
OI00003347-3,ORD00003347,PROD00279,2,690.73,0.0,1381.46
OI00003347-4,ORD00003347,PROD00003,2,24605.45,0.0,49210.9
OI00003348-1,ORD00003348,PROD00026,1,4075.27,0.0,4075.27
OI00003348-2,ORD00003348,PROD00043,3,20878.59,6263.58,56372.19
OI00003348-3,ORD00003348,PROD00266,1,20418.91,0.0,20418.91
OI00003348-4,ORD00003348,PROD00274,3,2466.2,369.93,7028.67
OI00003348-5,ORD00003348,PROD00162,3,5270.48,0.0,15811.44
OI00003349-1,ORD00003349,PROD00077,2,19060.68,0.0,38121.36
OI00003349-2,ORD00003349,PROD00311,1,22435.59,0.0,22435.59
OI00003350-1,ORD00003350,PROD00298,3,19293.46,5788.04,52092.34
OI00003350-2,ORD00003350,PROD00265,2,18730.82,0.0,37461.64
OI00003350-3,ORD00003350,PROD00301,1,15056.56,1505.66,13550.9
OI00003350-4,ORD00003350,PROD00140,4,14612.46,5844.98,52604.86
OI00003351-1,ORD00003351,PROD00162,3,5270.48,0.0,15811.44
OI00003351-2,ORD00003351,PROD00219,2,19321.62,1932.16,36711.08
OI00003351-3,ORD00003351,PROD00055,2,2152.81,215.28,4090.34
OI00003351-4,ORD00003351,PROD00028,2,3322.41,0.0,6644.82
OI00003352-1,ORD00003352,PROD00315,1,14855.14,1485.51,13369.63
OI00003352-2,ORD00003352,PROD00032,4,7626.11,1525.22,28979.22
OI00003352-3,ORD00003352,PROD00015,3,21482.35,3222.35,61224.7
OI00003352-4,ORD00003352,PROD00269,2,14198.95,0.0,28397.9
OI00003352-5,ORD00003352,PROD00214,2,4472.05,447.21,8496.89
OI00003353-1,ORD00003353,PROD00303,4,15795.37,0.0,63181.48
OI00003353-2,ORD00003353,PROD00138,3,12060.91,0.0,36182.73
OI00003353-3,ORD00003353,PROD00200,2,18445.4,0.0,36890.8
OI00003353-4,ORD00003353,PROD00073,3,3596.39,0.0,10789.17
OI00003353-5,ORD00003353,PROD00022,2,973.58,97.36,1849.8
OI00003354-1,ORD00003354,PROD00041,2,18327.17,0.0,36654.34
OI00003355-1,ORD00003355,PROD00331,3,15173.99,0.0,45521.97
OI00003355-2,ORD00003355,PROD00108,4,19693.27,7877.31,70895.77
OI00003356-1,ORD00003356,PROD00343,3,19579.2,0.0,58737.6
OI00003356-2,ORD00003356,PROD00118,4,22031.03,0.0,88124.12
OI00003356-3,ORD00003356,PROD00001,4,23270.16,4654.03,88426.61
OI00003356-4,ORD00003356,PROD00244,3,18055.76,0.0,54167.28
OI00003357-1,ORD00003357,PROD00014,4,2236.5,0.0,8946.0
OI00003357-2,ORD00003357,PROD00147,4,5524.18,2209.67,19887.05
OI00003357-3,ORD00003357,PROD00147,2,5524.18,0.0,11048.36
OI00003357-4,ORD00003357,PROD00219,4,19321.62,0.0,77286.48
OI00003358-1,ORD00003358,PROD00040,1,3967.96,0.0,3967.96
OI00003358-2,ORD00003358,PROD00072,2,7657.87,0.0,15315.74
OI00003359-1,ORD00003359,PROD00247,2,10596.3,0.0,21192.6
OI00003359-2,ORD00003359,PROD00183,3,14458.84,4337.65,39038.87
OI00003359-3,ORD00003359,PROD00090,1,4577.37,457.74,4119.63
OI00003359-4,ORD00003359,PROD00217,3,11079.35,0.0,33238.05
OI00003360-1,ORD00003360,PROD00048,2,2165.22,649.57,3680.87
OI00003360-2,ORD00003360,PROD00341,1,22735.67,0.0,22735.67
OI00003361-1,ORD00003361,PROD00316,2,3014.12,904.24,5124.0
OI00003361-2,ORD00003361,PROD00106,1,16178.76,808.94,15369.82
OI00003362-1,ORD00003362,PROD00240,1,15221.18,2283.18,12938.0
OI00003362-2,ORD00003362,PROD00212,4,11560.86,0.0,46243.44
OI00003362-3,ORD00003362,PROD00235,4,7450.54,2980.22,26821.94
OI00003363-1,ORD00003363,PROD00167,4,7684.68,0.0,30738.72
OI00003363-2,ORD00003363,PROD00053,2,17522.36,0.0,35044.72
OI00003363-3,ORD00003363,PROD00192,4,5187.01,2074.8,18673.24
OI00003363-4,ORD00003363,PROD00250,2,7116.48,0.0,14232.96
OI00003364-1,ORD00003364,PROD00163,4,4227.47,0.0,16909.88
OI00003364-2,ORD00003364,PROD00293,3,9456.41,1418.46,26950.77
OI00003364-3,ORD00003364,PROD00271,3,21715.63,0.0,65146.89
OI00003365-1,ORD00003365,PROD00099,3,16343.82,4903.15,44128.31
OI00003366-1,ORD00003366,PROD00243,3,5945.94,0.0,17837.82
OI00003366-2,ORD00003366,PROD00096,4,7650.09,4590.05,26010.31
OI00003367-1,ORD00003367,PROD00089,2,7704.52,1540.9,13868.14
OI00003368-1,ORD00003368,PROD00223,4,14073.25,8443.95,47849.05
OI00003368-2,ORD00003368,PROD00327,3,16333.38,4900.01,44100.13
OI00003369-1,ORD00003369,PROD00297,1,1594.03,239.1,1354.93
OI00003369-2,ORD00003369,PROD00350,1,17684.33,1768.43,15915.9
OI00003369-3,ORD00003369,PROD00208,3,11300.85,0.0,33902.55
OI00003370-1,ORD00003370,PROD00014,2,2236.5,0.0,4473.0
OI00003370-2,ORD00003370,PROD00040,1,3967.96,396.8,3571.16
OI00003370-3,ORD00003370,PROD00242,1,23459.95,3518.99,19940.96
OI00003371-1,ORD00003371,PROD00066,1,21806.77,0.0,21806.77
OI00003371-2,ORD00003371,PROD00121,2,17020.33,5106.1,28934.56
OI00003372-1,ORD00003372,PROD00197,1,14707.92,1470.79,13237.13
OI00003372-2,ORD00003372,PROD00293,1,9456.41,0.0,9456.41
OI00003372-3,ORD00003372,PROD00218,4,9795.93,0.0,39183.72
OI00003373-1,ORD00003373,PROD00093,3,23736.46,3560.47,67648.91
OI00003373-2,ORD00003373,PROD00181,1,8549.46,0.0,8549.46
OI00003373-3,ORD00003373,PROD00250,2,7116.48,1423.3,12809.66
OI00003373-4,ORD00003373,PROD00023,4,5836.05,1167.21,22176.99
OI00003373-5,ORD00003373,PROD00166,1,5219.63,782.94,4436.69
OI00003374-1,ORD00003374,PROD00239,2,6094.11,0.0,12188.22
OI00003374-2,ORD00003374,PROD00218,1,9795.93,0.0,9795.93
OI00003375-1,ORD00003375,PROD00008,4,2128.1,0.0,8512.4
OI00003375-2,ORD00003375,PROD00065,4,11181.79,0.0,44727.16
OI00003375-3,ORD00003375,PROD00345,3,15206.3,0.0,45618.9
OI00003376-1,ORD00003376,PROD00221,3,17014.99,2552.25,48492.72
OI00003376-2,ORD00003376,PROD00275,4,23306.6,4661.32,88565.08
OI00003376-3,ORD00003376,PROD00240,4,15221.18,9132.71,51752.01
OI00003377-1,ORD00003377,PROD00157,1,21965.78,0.0,21965.78
OI00003377-2,ORD00003377,PROD00003,1,24605.45,3690.82,20914.63
OI00003377-3,ORD00003377,PROD00057,2,634.37,63.44,1205.3
OI00003377-4,ORD00003377,PROD00135,2,8523.43,852.34,16194.52
OI00003377-5,ORD00003377,PROD00262,3,20752.25,3112.84,59143.91
OI00003378-1,ORD00003378,PROD00098,2,24035.74,0.0,48071.48
OI00003378-2,ORD00003378,PROD00167,2,7684.68,0.0,15369.36
OI00003379-1,ORD00003379,PROD00121,3,17020.33,0.0,51060.99
OI00003379-2,ORD00003379,PROD00023,1,5836.05,0.0,5836.05
OI00003380-1,ORD00003380,PROD00276,4,9301.09,1860.22,35344.14
OI00003380-2,ORD00003380,PROD00041,1,18327.17,2749.08,15578.09
OI00003380-3,ORD00003380,PROD00334,1,1905.27,0.0,1905.27
OI00003380-4,ORD00003380,PROD00010,3,4667.93,1400.38,12603.41
OI00003381-1,ORD00003381,PROD00256,2,15892.74,3178.55,28606.93
OI00003381-2,ORD00003381,PROD00111,2,11594.18,0.0,23188.36
OI00003381-3,ORD00003381,PROD00261,1,17666.44,0.0,17666.44
OI00003382-1,ORD00003382,PROD00116,1,4303.4,0.0,4303.4
OI00003382-2,ORD00003382,PROD00178,3,20555.44,9249.95,52416.37
OI00003382-3,ORD00003382,PROD00270,1,6520.83,978.12,5542.71
OI00003382-4,ORD00003382,PROD00010,4,4667.93,0.0,18671.72
OI00003383-1,ORD00003383,PROD00057,2,634.37,190.31,1078.43
OI00003383-2,ORD00003383,PROD00283,2,5877.29,0.0,11754.58
OI00003384-1,ORD00003384,PROD00275,3,23306.6,0.0,69919.8
OI00003384-2,ORD00003384,PROD00054,2,17451.9,5235.57,29668.23
OI00003384-3,ORD00003384,PROD00278,1,20166.44,0.0,20166.44
OI00003384-4,ORD00003384,PROD00260,3,2962.43,1333.09,7554.2
OI00003385-1,ORD00003385,PROD00083,4,3051.07,1830.64,10373.64
OI00003385-2,ORD00003385,PROD00144,3,4774.42,716.16,13607.1
OI00003386-1,ORD00003386,PROD00339,1,696.45,0.0,696.45
OI00003386-2,ORD00003386,PROD00025,4,12394.98,0.0,49579.92
OI00003386-3,ORD00003386,PROD00099,4,16343.82,0.0,65375.28
OI00003386-4,ORD00003386,PROD00178,3,20555.44,9249.95,52416.37
OI00003387-1,ORD00003387,PROD00041,1,18327.17,1832.72,16494.45
OI00003387-2,ORD00003387,PROD00080,4,16165.62,0.0,64662.48
OI00003388-1,ORD00003388,PROD00311,1,22435.59,1121.78,21313.81
OI00003388-2,ORD00003388,PROD00012,3,11531.07,0.0,34593.21
OI00003388-3,ORD00003388,PROD00259,4,6394.49,2557.8,23020.16
OI00003388-4,ORD00003388,PROD00199,1,13170.12,1317.01,11853.11
OI00003388-5,ORD00003388,PROD00185,4,17159.78,3431.96,65207.16
OI00003389-1,ORD00003389,PROD00045,1,3832.7,191.63,3641.07
OI00003389-2,ORD00003389,PROD00161,4,15755.01,0.0,63020.04
OI00003390-1,ORD00003390,PROD00165,2,17905.46,0.0,35810.92
OI00003390-2,ORD00003390,PROD00194,2,3968.03,0.0,7936.06
OI00003390-3,ORD00003390,PROD00135,2,8523.43,1704.69,15342.17
OI00003390-4,ORD00003390,PROD00323,4,10163.0,4065.2,36586.8
OI00003391-1,ORD00003391,PROD00280,4,11325.36,0.0,45301.44
OI00003391-2,ORD00003391,PROD00129,3,19114.26,8601.42,48741.36
OI00003391-3,ORD00003391,PROD00141,4,15103.07,0.0,60412.28
OI00003391-4,ORD00003391,PROD00342,2,296.09,0.0,592.18
OI00003392-1,ORD00003392,PROD00176,2,24960.21,0.0,49920.42
OI00003392-2,ORD00003392,PROD00006,2,8918.67,0.0,17837.34
OI00003392-3,ORD00003392,PROD00274,1,2466.2,369.93,2096.27
OI00003393-1,ORD00003393,PROD00131,3,1596.96,479.09,4311.79
OI00003393-2,ORD00003393,PROD00050,1,22567.65,2256.77,20310.88
OI00003394-1,ORD00003394,PROD00123,1,4905.47,490.55,4414.92
OI00003394-2,ORD00003394,PROD00096,4,7650.09,4590.05,26010.31
OI00003394-3,ORD00003394,PROD00084,4,6169.9,1233.98,23445.62
OI00003394-4,ORD00003394,PROD00260,2,2962.43,0.0,5924.86
OI00003394-5,ORD00003394,PROD00025,4,12394.98,4957.99,44621.93
OI00003395-1,ORD00003395,PROD00198,4,235.71,0.0,942.84
OI00003396-1,ORD00003396,PROD00023,2,5836.05,0.0,11672.1
OI00003396-2,ORD00003396,PROD00252,2,21548.3,2154.83,40941.77
OI00003396-3,ORD00003396,PROD00034,4,20180.05,0.0,80720.2
OI00003397-1,ORD00003397,PROD00034,3,20180.05,9081.02,51459.13
OI00003397-2,ORD00003397,PROD00271,1,21715.63,0.0,21715.63
OI00003397-3,ORD00003397,PROD00032,1,7626.11,0.0,7626.11
OI00003397-4,ORD00003397,PROD00047,2,23596.32,0.0,47192.64
OI00003397-5,ORD00003397,PROD00031,2,5027.13,1508.14,8546.12
OI00003398-1,ORD00003398,PROD00041,1,18327.17,2749.08,15578.09
OI00003399-1,ORD00003399,PROD00040,2,3967.96,396.8,7539.12
OI00003399-2,ORD00003399,PROD00252,2,21548.3,0.0,43096.6
OI00003399-3,ORD00003399,PROD00148,2,15616.8,4685.04,26548.56
OI00003399-4,ORD00003399,PROD00230,4,8334.56,0.0,33338.24
OI00003399-5,ORD00003399,PROD00166,4,5219.63,0.0,20878.52
OI00003400-1,ORD00003400,PROD00192,2,5187.01,0.0,10374.02
OI00003401-1,ORD00003401,PROD00323,1,10163.0,0.0,10163.0
OI00003402-1,ORD00003402,PROD00008,2,2128.1,0.0,4256.2
OI00003402-2,ORD00003402,PROD00268,2,17615.98,5284.79,29947.17
OI00003402-3,ORD00003402,PROD00193,3,9247.87,1387.18,26356.43
OI00003402-4,ORD00003402,PROD00063,4,20579.93,8231.97,74087.75
OI00003402-5,ORD00003402,PROD00326,4,13890.31,5556.12,50005.12
OI00003403-1,ORD00003403,PROD00298,1,19293.46,964.67,18328.79
OI00003403-2,ORD00003403,PROD00294,2,20220.76,6066.23,34375.29
OI00003403-3,ORD00003403,PROD00235,4,7450.54,4470.32,25331.84
OI00003403-4,ORD00003403,PROD00014,4,2236.5,1341.9,7604.1
OI00003403-5,ORD00003403,PROD00193,3,9247.87,1387.18,26356.43
OI00003404-1,ORD00003404,PROD00308,4,9807.02,1961.4,37266.68
OI00003404-2,ORD00003404,PROD00223,4,14073.25,0.0,56293.0
OI00003404-3,ORD00003404,PROD00341,1,22735.67,0.0,22735.67
OI00003405-1,ORD00003405,PROD00336,2,1810.42,181.04,3439.8
OI00003405-2,ORD00003405,PROD00121,2,17020.33,3404.07,30636.59
OI00003406-1,ORD00003406,PROD00223,4,14073.25,5629.3,50663.7
OI00003406-2,ORD00003406,PROD00257,4,18404.82,0.0,73619.28
OI00003407-1,ORD00003407,PROD00189,3,4749.05,712.36,13534.79
OI00003407-2,ORD00003407,PROD00002,3,11732.07,0.0,35196.21
OI00003407-3,ORD00003407,PROD00042,4,3118.44,0.0,12473.76
OI00003407-4,ORD00003407,PROD00070,1,23046.35,0.0,23046.35
OI00003407-5,ORD00003407,PROD00112,1,17029.83,2554.47,14475.36
OI00003408-1,ORD00003408,PROD00269,1,14198.95,0.0,14198.95
OI00003408-2,ORD00003408,PROD00347,2,11947.7,2389.54,21505.86
OI00003408-3,ORD00003408,PROD00337,3,17875.4,0.0,53626.2
OI00003408-4,ORD00003408,PROD00256,4,15892.74,6357.1,57213.86
OI00003408-5,ORD00003408,PROD00112,1,17029.83,1702.98,15326.85
OI00003409-1,ORD00003409,PROD00036,1,19263.87,963.19,18300.68
OI00003409-2,ORD00003409,PROD00066,2,21806.77,6542.03,37071.51
OI00003409-3,ORD00003409,PROD00340,1,17115.28,0.0,17115.28
OI00003409-4,ORD00003409,PROD00145,2,21307.62,0.0,42615.24
OI00003409-5,ORD00003409,PROD00151,1,4900.37,490.04,4410.33
OI00003410-1,ORD00003410,PROD00278,4,20166.44,4033.29,76632.47
OI00003410-2,ORD00003410,PROD00064,1,2094.58,314.19,1780.39
OI00003410-3,ORD00003410,PROD00226,2,11496.46,0.0,22992.92
OI00003411-1,ORD00003411,PROD00217,3,11079.35,4985.71,28252.34
OI00003411-2,ORD00003411,PROD00025,3,12394.98,0.0,37184.94
OI00003412-1,ORD00003412,PROD00259,4,6394.49,0.0,25577.96
OI00003413-1,ORD00003413,PROD00074,1,5428.76,0.0,5428.76
OI00003413-2,ORD00003413,PROD00204,4,17481.19,3496.24,66428.52
OI00003414-1,ORD00003414,PROD00057,1,634.37,0.0,634.37
OI00003414-2,ORD00003414,PROD00171,2,6861.84,2058.55,11665.13
OI00003414-3,ORD00003414,PROD00024,4,13853.73,0.0,55414.92
OI00003414-4,ORD00003414,PROD00265,1,18730.82,0.0,18730.82
OI00003415-1,ORD00003415,PROD00332,4,966.51,0.0,3866.04
OI00003415-2,ORD00003415,PROD00161,1,15755.01,0.0,15755.01
OI00003415-3,ORD00003415,PROD00160,4,21368.16,0.0,85472.64
OI00003415-4,ORD00003415,PROD00325,1,24143.74,1207.19,22936.55
OI00003415-5,ORD00003415,PROD00122,3,1221.77,0.0,3665.31
OI00003416-1,ORD00003416,PROD00187,3,24432.22,0.0,73296.66
OI00003416-2,ORD00003416,PROD00044,2,6687.09,0.0,13374.18
OI00003416-3,ORD00003416,PROD00106,3,16178.76,0.0,48536.28
OI00003417-1,ORD00003417,PROD00179,4,21643.38,4328.68,82244.84
OI00003418-1,ORD00003418,PROD00211,3,2911.33,873.4,7860.59
OI00003418-2,ORD00003418,PROD00205,3,22069.77,0.0,66209.31
OI00003418-3,ORD00003418,PROD00028,4,3322.41,0.0,13289.64
OI00003418-4,ORD00003418,PROD00135,2,8523.43,0.0,17046.86
OI00003418-5,ORD00003418,PROD00092,3,5103.86,2296.74,13014.84
OI00003419-1,ORD00003419,PROD00204,3,17481.19,2622.18,49821.39
OI00003419-2,ORD00003419,PROD00011,4,13382.68,8029.61,45501.11
OI00003420-1,ORD00003420,PROD00107,3,10358.42,0.0,31075.26
OI00003421-1,ORD00003421,PROD00281,4,16522.7,0.0,66090.8
OI00003421-2,ORD00003421,PROD00299,1,2709.32,406.4,2302.92
OI00003421-3,ORD00003421,PROD00162,2,5270.48,0.0,10540.96
OI00003422-1,ORD00003422,PROD00267,3,16380.3,0.0,49140.9
OI00003423-1,ORD00003423,PROD00187,1,24432.22,0.0,24432.22
OI00003423-2,ORD00003423,PROD00075,4,1735.74,0.0,6942.96
OI00003423-3,ORD00003423,PROD00026,1,4075.27,0.0,4075.27
OI00003423-4,ORD00003423,PROD00317,1,16337.28,0.0,16337.28
OI00003424-1,ORD00003424,PROD00014,1,2236.5,223.65,2012.85
OI00003424-2,ORD00003424,PROD00082,1,23934.46,0.0,23934.46
OI00003424-3,ORD00003424,PROD00025,1,12394.98,619.75,11775.23
OI00003424-4,ORD00003424,PROD00109,2,16822.54,3364.51,30280.57
OI00003425-1,ORD00003425,PROD00069,4,17377.04,0.0,69508.16
OI00003425-2,ORD00003425,PROD00251,1,17885.84,0.0,17885.84
OI00003426-1,ORD00003426,PROD00262,2,20752.25,0.0,41504.5
OI00003426-2,ORD00003426,PROD00014,4,2236.5,0.0,8946.0
OI00003427-1,ORD00003427,PROD00088,3,13567.39,0.0,40702.17
OI00003427-2,ORD00003427,PROD00060,4,7484.13,1496.83,28439.69
OI00003427-3,ORD00003427,PROD00293,1,9456.41,472.82,8983.59
OI00003427-4,ORD00003427,PROD00231,4,1734.46,0.0,6937.84
OI00003427-5,ORD00003427,PROD00350,4,17684.33,0.0,70737.32
OI00003428-1,ORD00003428,PROD00122,2,1221.77,366.53,2077.01
OI00003428-2,ORD00003428,PROD00168,1,13786.27,0.0,13786.27
OI00003429-1,ORD00003429,PROD00181,4,8549.46,0.0,34197.84
OI00003429-2,ORD00003429,PROD00279,4,690.73,414.44,2348.48
OI00003430-1,ORD00003430,PROD00015,3,21482.35,0.0,64447.05
OI00003430-2,ORD00003430,PROD00137,4,22614.03,13568.42,76887.7
OI00003430-3,ORD00003430,PROD00255,1,4895.99,244.8,4651.19
OI00003431-1,ORD00003431,PROD00275,2,23306.6,0.0,46613.2
OI00003432-1,ORD00003432,PROD00205,2,22069.77,2206.98,41932.56
OI00003433-1,ORD00003433,PROD00330,4,16495.98,0.0,65983.92
OI00003433-2,ORD00003433,PROD00073,2,3596.39,0.0,7192.78
OI00003433-3,ORD00003433,PROD00072,2,7657.87,0.0,15315.74
OI00003434-1,ORD00003434,PROD00110,4,9699.44,3879.78,34917.98
OI00003434-2,ORD00003434,PROD00041,2,18327.17,0.0,36654.34
OI00003434-3,ORD00003434,PROD00129,1,19114.26,0.0,19114.26
OI00003434-4,ORD00003434,PROD00176,2,24960.21,4992.04,44928.38
OI00003434-5,ORD00003434,PROD00249,3,13843.66,2076.55,39454.43
OI00003435-1,ORD00003435,PROD00227,4,1146.28,0.0,4585.12
OI00003436-1,ORD00003436,PROD00301,3,15056.56,6775.45,38394.23
OI00003436-2,ORD00003436,PROD00018,4,22565.26,13539.16,76721.88
OI00003436-3,ORD00003436,PROD00165,2,17905.46,0.0,35810.92
OI00003436-4,ORD00003436,PROD00112,2,17029.83,3405.97,30653.69
OI00003437-1,ORD00003437,PROD00119,3,17032.97,7664.84,43434.07
OI00003437-2,ORD00003437,PROD00192,1,5187.01,518.7,4668.31
OI00003437-3,ORD00003437,PROD00301,3,15056.56,0.0,45169.68
OI00003437-4,ORD00003437,PROD00003,4,24605.45,4921.09,93500.71
OI00003437-5,ORD00003437,PROD00163,3,4227.47,634.12,12048.29
OI00003438-1,ORD00003438,PROD00217,2,11079.35,0.0,22158.7
OI00003438-2,ORD00003438,PROD00001,1,23270.16,3490.52,19779.64
OI00003438-3,ORD00003438,PROD00220,2,5039.64,0.0,10079.28
OI00003438-4,ORD00003438,PROD00014,3,2236.5,0.0,6709.5
OI00003439-1,ORD00003439,PROD00281,4,16522.7,0.0,66090.8
OI00003439-2,ORD00003439,PROD00145,3,21307.62,6392.29,57530.57
OI00003439-3,ORD00003439,PROD00067,4,18306.34,0.0,73225.36
OI00003440-1,ORD00003440,PROD00282,2,15862.74,4758.82,26966.66
OI00003440-2,ORD00003440,PROD00027,1,12715.52,1271.55,11443.97
OI00003440-3,ORD00003440,PROD00090,1,4577.37,686.61,3890.76
OI00003440-4,ORD00003440,PROD00243,1,5945.94,594.59,5351.35
OI00003441-1,ORD00003441,PROD00183,2,14458.84,4337.65,24580.03
OI00003441-2,ORD00003441,PROD00059,1,15693.39,2354.01,13339.38
OI00003442-1,ORD00003442,PROD00252,1,21548.3,0.0,21548.3
OI00003442-2,ORD00003442,PROD00026,2,4075.27,407.53,7743.01
OI00003442-3,ORD00003442,PROD00298,2,19293.46,3858.69,34728.23
OI00003443-1,ORD00003443,PROD00345,2,15206.3,0.0,30412.6
OI00003444-1,ORD00003444,PROD00263,2,14672.69,0.0,29345.38
OI00003444-2,ORD00003444,PROD00314,3,8921.82,0.0,26765.46
OI00003444-3,ORD00003444,PROD00087,4,21498.23,0.0,85992.92
OI00003444-4,ORD00003444,PROD00119,2,17032.97,0.0,34065.94
OI00003444-5,ORD00003444,PROD00154,1,21079.89,2107.99,18971.9
OI00003445-1,ORD00003445,PROD00247,1,10596.3,529.81,10066.49
OI00003445-2,ORD00003445,PROD00055,3,2152.81,0.0,6458.43
OI00003446-1,ORD00003446,PROD00262,3,20752.25,6225.67,56031.08
OI00003446-2,ORD00003446,PROD00083,1,3051.07,305.11,2745.96
OI00003446-3,ORD00003446,PROD00168,1,13786.27,0.0,13786.27
OI00003446-4,ORD00003446,PROD00044,2,6687.09,0.0,13374.18
OI00003446-5,ORD00003446,PROD00331,4,15173.99,3034.8,57661.16
OI00003447-1,ORD00003447,PROD00149,3,5172.64,0.0,15517.92
OI00003447-2,ORD00003447,PROD00053,4,17522.36,0.0,70089.44
OI00003447-3,ORD00003447,PROD00192,1,5187.01,0.0,5187.01
OI00003447-4,ORD00003447,PROD00208,3,11300.85,3390.26,30512.29
OI00003448-1,ORD00003448,PROD00345,1,15206.3,0.0,15206.3
OI00003448-2,ORD00003448,PROD00075,3,1735.74,520.72,4686.5
OI00003448-3,ORD00003448,PROD00295,4,2274.03,909.61,8186.51
OI00003448-4,ORD00003448,PROD00143,2,8628.21,0.0,17256.42
OI00003448-5,ORD00003448,PROD00118,2,22031.03,4406.21,39655.85
OI00003449-1,ORD00003449,PROD00291,3,16653.64,7494.14,42466.78
OI00003449-2,ORD00003449,PROD00318,3,21629.15,3244.37,61643.08
OI00003450-1,ORD00003450,PROD00046,1,20054.13,3008.12,17046.01
OI00003450-2,ORD00003450,PROD00330,1,16495.98,0.0,16495.98
OI00003450-3,ORD00003450,PROD00188,2,24505.29,0.0,49010.58
OI00003450-4,ORD00003450,PROD00206,2,22722.97,0.0,45445.94
OI00003451-1,ORD00003451,PROD00104,3,15897.49,0.0,47692.47
OI00003451-2,ORD00003451,PROD00174,1,13673.35,0.0,13673.35
OI00003452-1,ORD00003452,PROD00338,3,10521.18,4734.53,26829.01
OI00003453-1,ORD00003453,PROD00156,2,6041.74,0.0,12083.48
OI00003453-2,ORD00003453,PROD00058,3,18176.41,5452.92,49076.31
OI00003453-3,ORD00003453,PROD00132,1,1691.47,169.15,1522.32
OI00003454-1,ORD00003454,PROD00106,2,16178.76,1617.88,30739.64
OI00003454-2,ORD00003454,PROD00335,4,11428.89,2285.78,43429.78
OI00003454-3,ORD00003454,PROD00157,1,21965.78,0.0,21965.78
OI00003454-4,ORD00003454,PROD00115,1,24607.38,0.0,24607.38
OI00003455-1,ORD00003455,PROD00280,1,11325.36,0.0,11325.36
OI00003455-2,ORD00003455,PROD00056,1,5382.68,269.13,5113.55
OI00003455-3,ORD00003455,PROD00127,2,21020.66,0.0,42041.32
OI00003455-4,ORD00003455,PROD00141,3,15103.07,0.0,45309.21
OI00003455-5,ORD00003455,PROD00082,4,23934.46,0.0,95737.84
OI00003456-1,ORD00003456,PROD00062,4,17873.06,7149.22,64343.02
OI00003456-2,ORD00003456,PROD00335,3,11428.89,0.0,34286.67
OI00003456-3,ORD00003456,PROD00034,4,20180.05,8072.02,72648.18
OI00003456-4,ORD00003456,PROD00058,3,18176.41,0.0,54529.23
OI00003456-5,ORD00003456,PROD00123,4,4905.47,1962.19,17659.69
OI00003457-1,ORD00003457,PROD00274,2,2466.2,0.0,4932.4
OI00003457-2,ORD00003457,PROD00146,3,8249.05,0.0,24747.15
OI00003457-3,ORD00003457,PROD00269,1,14198.95,1419.9,12779.05
OI00003458-1,ORD00003458,PROD00314,1,8921.82,892.18,8029.64
OI00003458-2,ORD00003458,PROD00275,2,23306.6,0.0,46613.2
OI00003458-3,ORD00003458,PROD00098,1,24035.74,1201.79,22833.95
OI00003458-4,ORD00003458,PROD00241,2,1662.19,166.22,3158.16
OI00003459-1,ORD00003459,PROD00178,1,20555.44,0.0,20555.44
OI00003459-2,ORD00003459,PROD00289,1,10900.59,1635.09,9265.5
OI00003459-3,ORD00003459,PROD00221,3,17014.99,0.0,51044.97
OI00003459-4,ORD00003459,PROD00265,1,18730.82,0.0,18730.82
OI00003460-1,ORD00003460,PROD00320,4,624.52,0.0,2498.08
OI00003460-2,ORD00003460,PROD00051,1,10511.67,0.0,10511.67
OI00003460-3,ORD00003460,PROD00310,2,11465.44,0.0,22930.88
OI00003460-4,ORD00003460,PROD00277,4,16643.7,0.0,66574.8
OI00003461-1,ORD00003461,PROD00273,2,16836.47,3367.29,30305.65
OI00003461-2,ORD00003461,PROD00097,1,19582.9,1958.29,17624.61
OI00003461-3,ORD00003461,PROD00187,4,24432.22,4886.44,92842.44
OI00003462-1,ORD00003462,PROD00262,1,20752.25,0.0,20752.25
OI00003462-2,ORD00003462,PROD00211,1,2911.33,0.0,2911.33
OI00003462-3,ORD00003462,PROD00241,4,1662.19,997.31,5651.45
OI00003462-4,ORD00003462,PROD00322,2,14307.01,0.0,28614.02
OI00003463-1,ORD00003463,PROD00012,4,11531.07,6918.64,39205.64
OI00003463-2,ORD00003463,PROD00269,1,14198.95,709.95,13489.0
OI00003464-1,ORD00003464,PROD00279,1,690.73,0.0,690.73
OI00003464-2,ORD00003464,PROD00332,1,966.51,0.0,966.51
OI00003464-3,ORD00003464,PROD00226,4,11496.46,2299.29,43686.55
OI00003464-4,ORD00003464,PROD00051,3,10511.67,0.0,31535.01
OI00003464-5,ORD00003464,PROD00280,1,11325.36,566.27,10759.09
OI00003465-1,ORD00003465,PROD00223,1,14073.25,0.0,14073.25
OI00003465-2,ORD00003465,PROD00131,2,1596.96,0.0,3193.92
OI00003465-3,ORD00003465,PROD00312,4,9087.53,1817.51,34532.61
OI00003465-4,ORD00003465,PROD00162,4,5270.48,0.0,21081.92
OI00003466-1,ORD00003466,PROD00155,4,16388.99,6555.6,59000.36
OI00003466-2,ORD00003466,PROD00341,3,22735.67,0.0,68207.01
OI00003466-3,ORD00003466,PROD00305,4,17525.16,0.0,70100.64
OI00003466-4,ORD00003466,PROD00131,1,1596.96,0.0,1596.96
OI00003466-5,ORD00003466,PROD00338,3,10521.18,0.0,31563.54
OI00003467-1,ORD00003467,PROD00160,4,21368.16,0.0,85472.64
OI00003467-2,ORD00003467,PROD00333,3,15073.5,0.0,45220.5
OI00003467-3,ORD00003467,PROD00057,4,634.37,0.0,2537.48
OI00003468-1,ORD00003468,PROD00235,4,7450.54,1490.11,28312.05
OI00003469-1,ORD00003469,PROD00094,1,1683.18,0.0,1683.18
OI00003469-2,ORD00003469,PROD00054,3,17451.9,2617.79,49737.91
OI00003469-3,ORD00003469,PROD00302,4,7756.84,0.0,31027.36
OI00003470-1,ORD00003470,PROD00143,3,8628.21,0.0,25884.63
OI00003470-2,ORD00003470,PROD00243,4,5945.94,2378.38,21405.38
OI00003471-1,ORD00003471,PROD00216,1,4489.61,0.0,4489.61
OI00003471-2,ORD00003471,PROD00292,2,21804.92,0.0,43609.84
OI00003471-3,ORD00003471,PROD00236,1,23089.06,1154.45,21934.61
OI00003471-4,ORD00003471,PROD00213,2,11796.15,0.0,23592.3
OI00003471-5,ORD00003471,PROD00311,2,22435.59,0.0,44871.18
OI00003472-1,ORD00003472,PROD00089,4,7704.52,0.0,30818.08
OI00003472-2,ORD00003472,PROD00172,1,9009.37,0.0,9009.37
OI00003472-3,ORD00003472,PROD00066,4,21806.77,0.0,87227.08
OI00003472-4,ORD00003472,PROD00098,3,24035.74,10816.08,61291.14
OI00003473-1,ORD00003473,PROD00066,2,21806.77,0.0,43613.54
OI00003473-2,ORD00003473,PROD00331,2,15173.99,4552.2,25795.78
OI00003473-3,ORD00003473,PROD00322,1,14307.01,0.0,14307.01
OI00003473-4,ORD00003473,PROD00086,3,21556.26,9700.32,54968.46
OI00003473-5,ORD00003473,PROD00115,1,24607.38,0.0,24607.38
OI00003474-1,ORD00003474,PROD00279,3,690.73,0.0,2072.19
OI00003475-1,ORD00003475,PROD00113,3,20219.94,3032.99,57626.83
OI00003475-2,ORD00003475,PROD00091,4,3604.39,0.0,14417.56
OI00003475-3,ORD00003475,PROD00099,1,16343.82,1634.38,14709.44
OI00003475-4,ORD00003475,PROD00133,2,10071.99,0.0,20143.98
OI00003475-5,ORD00003475,PROD00194,3,3968.03,1190.41,10713.68
OI00003476-1,ORD00003476,PROD00213,3,11796.15,0.0,35388.45
OI00003476-2,ORD00003476,PROD00267,4,16380.3,0.0,65521.2
OI00003476-3,ORD00003476,PROD00194,4,3968.03,0.0,15872.12
OI00003476-4,ORD00003476,PROD00333,2,15073.5,4522.05,25624.95
OI00003476-5,ORD00003476,PROD00025,2,12394.98,0.0,24789.96
OI00003477-1,ORD00003477,PROD00024,4,13853.73,0.0,55414.92
OI00003477-2,ORD00003477,PROD00049,2,1583.63,0.0,3167.26
OI00003477-3,ORD00003477,PROD00172,3,9009.37,1351.41,25676.7
OI00003477-4,ORD00003477,PROD00135,1,8523.43,0.0,8523.43
OI00003477-5,ORD00003477,PROD00189,1,4749.05,0.0,4749.05
OI00003478-1,ORD00003478,PROD00241,1,1662.19,166.22,1495.97
OI00003479-1,ORD00003479,PROD00224,4,23476.13,9390.45,84514.07
OI00003479-2,ORD00003479,PROD00193,2,9247.87,0.0,18495.74
OI00003479-3,ORD00003479,PROD00104,4,15897.49,3179.5,60410.46
OI00003479-4,ORD00003479,PROD00053,1,17522.36,876.12,16646.24
OI00003480-1,ORD00003480,PROD00246,3,2046.4,0.0,6139.2
OI00003480-2,ORD00003480,PROD00324,4,1645.09,0.0,6580.36
OI00003480-3,ORD00003480,PROD00195,3,9755.37,2926.61,26339.5
OI00003481-1,ORD00003481,PROD00150,2,1889.59,0.0,3779.18
OI00003481-2,ORD00003481,PROD00119,4,17032.97,0.0,68131.88
OI00003482-1,ORD00003482,PROD00183,1,14458.84,1445.88,13012.96
OI00003482-2,ORD00003482,PROD00319,4,339.48,203.69,1154.23
OI00003483-1,ORD00003483,PROD00083,4,3051.07,0.0,12204.28
OI00003483-2,ORD00003483,PROD00316,2,3014.12,904.24,5124.0
OI00003483-3,ORD00003483,PROD00029,4,19909.52,3981.9,75656.18
OI00003483-4,ORD00003483,PROD00220,3,5039.64,0.0,15118.92
OI00003483-5,ORD00003483,PROD00025,1,12394.98,1859.25,10535.73
OI00003484-1,ORD00003484,PROD00314,1,8921.82,0.0,8921.82
OI00003485-1,ORD00003485,PROD00332,1,966.51,0.0,966.51
OI00003485-2,ORD00003485,PROD00300,3,20412.89,3061.93,58176.74
OI00003486-1,ORD00003486,PROD00306,3,18198.52,0.0,54595.56
OI00003486-2,ORD00003486,PROD00242,2,23459.95,0.0,46919.9
OI00003486-3,ORD00003486,PROD00236,2,23089.06,4617.81,41560.31
OI00003486-4,ORD00003486,PROD00094,1,1683.18,0.0,1683.18
OI00003486-5,ORD00003486,PROD00175,2,18643.02,0.0,37286.04
OI00003487-1,ORD00003487,PROD00252,4,21548.3,8619.32,77573.88
OI00003488-1,ORD00003488,PROD00160,2,21368.16,4273.63,38462.69
OI00003488-2,ORD00003488,PROD00181,2,8549.46,1709.89,15389.03
OI00003488-3,ORD00003488,PROD00291,1,16653.64,0.0,16653.64
OI00003489-1,ORD00003489,PROD00176,2,24960.21,0.0,49920.42
OI00003489-2,ORD00003489,PROD00233,3,579.27,173.78,1564.03
OI00003489-3,ORD00003489,PROD00349,1,22965.12,0.0,22965.12
OI00003490-1,ORD00003490,PROD00279,1,690.73,69.07,621.66
OI00003490-2,ORD00003490,PROD00081,2,14048.06,0.0,28096.12
OI00003490-3,ORD00003490,PROD00110,3,9699.44,4364.75,24733.57
OI00003490-4,ORD00003490,PROD00139,3,1559.26,0.0,4677.78
OI00003491-1,ORD00003491,PROD00318,3,21629.15,0.0,64887.45
OI00003491-2,ORD00003491,PROD00169,1,5792.93,868.94,4923.99
OI00003491-3,ORD00003491,PROD00135,2,8523.43,0.0,17046.86
OI00003491-4,ORD00003491,PROD00323,3,10163.0,1524.45,28964.55
OI00003492-1,ORD00003492,PROD00246,1,2046.4,0.0,2046.4
OI00003493-1,ORD00003493,PROD00226,4,11496.46,0.0,45985.84
OI00003493-2,ORD00003493,PROD00340,4,17115.28,0.0,68461.12
OI00003494-1,ORD00003494,PROD00172,1,9009.37,0.0,9009.37
OI00003494-2,ORD00003494,PROD00227,2,1146.28,0.0,2292.56
OI00003495-1,ORD00003495,PROD00031,4,5027.13,2010.85,18097.67
OI00003495-2,ORD00003495,PROD00014,2,2236.5,447.3,4025.7
OI00003496-1,ORD00003496,PROD00027,4,12715.52,0.0,50862.08
OI00003496-2,ORD00003496,PROD00109,1,16822.54,1682.25,15140.29
OI00003497-1,ORD00003497,PROD00043,2,20878.59,6263.58,35493.6
OI00003497-2,ORD00003497,PROD00165,1,17905.46,895.27,17010.19
OI00003497-3,ORD00003497,PROD00121,3,17020.33,5106.1,45954.89
OI00003497-4,ORD00003497,PROD00327,3,16333.38,0.0,49000.14
OI00003497-5,ORD00003497,PROD00006,3,8918.67,0.0,26756.01
OI00003498-1,ORD00003498,PROD00213,2,11796.15,1179.62,22412.68
OI00003498-2,ORD00003498,PROD00258,3,17451.91,2617.79,49737.94
OI00003498-3,ORD00003498,PROD00325,4,24143.74,0.0,96574.96
OI00003499-1,ORD00003499,PROD00159,2,24425.69,4885.14,43966.24
OI00003499-2,ORD00003499,PROD00064,3,2094.58,0.0,6283.74
OI00003500-1,ORD00003500,PROD00304,4,24529.51,0.0,98118.04
OI00003500-2,ORD00003500,PROD00105,1,8573.66,0.0,8573.66
OI00003500-3,ORD00003500,PROD00152,3,5018.12,752.72,14301.64
OI00003501-1,ORD00003501,PROD00171,1,6861.84,0.0,6861.84
OI00003501-2,ORD00003501,PROD00065,2,11181.79,0.0,22363.58
OI00003501-3,ORD00003501,PROD00038,3,19552.23,5865.67,52791.02
OI00003502-1,ORD00003502,PROD00311,2,22435.59,0.0,44871.18
OI00003502-2,ORD00003502,PROD00284,2,10726.51,0.0,21453.02
OI00003502-3,ORD00003502,PROD00290,2,19169.41,5750.82,32588.0
OI00003503-1,ORD00003503,PROD00036,4,19263.87,3852.77,73202.71
OI00003503-2,ORD00003503,PROD00209,4,1876.23,0.0,7504.92
OI00003503-3,ORD00003503,PROD00349,4,22965.12,9186.05,82674.43
OI00003504-1,ORD00003504,PROD00230,3,8334.56,0.0,25003.68
OI00003504-2,ORD00003504,PROD00010,1,4667.93,466.79,4201.14
OI00003504-3,ORD00003504,PROD00340,4,17115.28,3423.06,65038.06
OI00003504-4,ORD00003504,PROD00114,3,7054.87,3174.69,17989.92
OI00003505-1,ORD00003505,PROD00180,1,5881.39,882.21,4999.18
OI00003505-2,ORD00003505,PROD00060,2,7484.13,0.0,14968.26
OI00003505-3,ORD00003505,PROD00112,3,17029.83,0.0,51089.49
OI00003505-4,ORD00003505,PROD00097,1,19582.9,0.0,19582.9
OI00003505-5,ORD00003505,PROD00083,3,3051.07,0.0,9153.21
OI00003506-1,ORD00003506,PROD00114,4,7054.87,0.0,28219.48
OI00003506-2,ORD00003506,PROD00219,4,19321.62,11592.97,65693.51
OI00003506-3,ORD00003506,PROD00169,4,5792.93,0.0,23171.72
OI00003506-4,ORD00003506,PROD00149,1,5172.64,0.0,5172.64
OI00003506-5,ORD00003506,PROD00323,1,10163.0,0.0,10163.0
OI00003507-1,ORD00003507,PROD00170,4,11306.22,0.0,45224.88
OI00003507-2,ORD00003507,PROD00010,3,4667.93,0.0,14003.79
OI00003507-3,ORD00003507,PROD00164,2,12489.77,0.0,24979.54
OI00003508-1,ORD00003508,PROD00163,1,4227.47,0.0,4227.47
OI00003508-2,ORD00003508,PROD00199,3,13170.12,0.0,39510.36
OI00003508-3,ORD00003508,PROD00008,3,2128.1,638.43,5745.87
OI00003509-1,ORD00003509,PROD00258,3,17451.91,5235.57,47120.16
OI00003509-2,ORD00003509,PROD00296,2,3229.07,645.81,5812.33
OI00003509-3,ORD00003509,PROD00077,4,19060.68,3812.14,72430.58
OI00003509-4,ORD00003509,PROD00259,1,6394.49,0.0,6394.49
OI00003509-5,ORD00003509,PROD00016,4,21060.14,12636.08,71604.48
OI00003510-1,ORD00003510,PROD00101,1,14649.72,0.0,14649.72
OI00003510-2,ORD00003510,PROD00090,2,4577.37,1373.21,7781.53
OI00003510-3,ORD00003510,PROD00218,1,9795.93,0.0,9795.93
OI00003511-1,ORD00003511,PROD00255,3,4895.99,2203.2,12484.77
OI00003511-2,ORD00003511,PROD00072,1,7657.87,0.0,7657.87
OI00003512-1,ORD00003512,PROD00227,2,1146.28,229.26,2063.3
OI00003513-1,ORD00003513,PROD00135,3,8523.43,2557.03,23013.26
OI00003514-1,ORD00003514,PROD00152,4,5018.12,2007.25,18065.23
OI00003514-2,ORD00003514,PROD00145,1,21307.62,0.0,21307.62
OI00003515-1,ORD00003515,PROD00266,4,20418.91,4083.78,77591.86
OI00003515-2,ORD00003515,PROD00296,3,3229.07,0.0,9687.21
OI00003515-3,ORD00003515,PROD00166,4,5219.63,2087.85,18790.67
OI00003515-4,ORD00003515,PROD00302,2,7756.84,0.0,15513.68
OI00003515-5,ORD00003515,PROD00303,1,15795.37,2369.31,13426.06
OI00003516-1,ORD00003516,PROD00284,3,10726.51,4826.93,27352.6
OI00003516-2,ORD00003516,PROD00008,3,2128.1,957.64,5426.66
OI00003516-3,ORD00003516,PROD00245,4,7169.55,4301.73,24376.47
OI00003516-4,ORD00003516,PROD00121,2,17020.33,0.0,34040.66
OI00003517-1,ORD00003517,PROD00053,3,17522.36,7885.06,44682.02
OI00003517-2,ORD00003517,PROD00296,2,3229.07,645.81,5812.33
OI00003517-3,ORD00003517,PROD00155,2,16388.99,1638.9,31139.08
OI00003518-1,ORD00003518,PROD00124,4,24453.49,0.0,97813.96
OI00003518-2,ORD00003518,PROD00209,4,1876.23,375.25,7129.67
OI00003518-3,ORD00003518,PROD00285,3,7381.88,1107.28,21038.36
OI00003519-1,ORD00003519,PROD00035,1,14071.44,0.0,14071.44
OI00003519-2,ORD00003519,PROD00208,3,11300.85,3390.26,30512.29
OI00003519-3,ORD00003519,PROD00191,2,719.62,0.0,1439.24
OI00003519-4,ORD00003519,PROD00037,4,17674.8,0.0,70699.2
OI00003520-1,ORD00003520,PROD00209,2,1876.23,0.0,3752.46
OI00003520-2,ORD00003520,PROD00105,2,8573.66,0.0,17147.32
OI00003520-3,ORD00003520,PROD00045,1,3832.7,0.0,3832.7
OI00003521-1,ORD00003521,PROD00138,1,12060.91,0.0,12060.91
OI00003522-1,ORD00003522,PROD00042,4,3118.44,0.0,12473.76
OI00003523-1,ORD00003523,PROD00292,4,21804.92,0.0,87219.68
OI00003523-2,ORD00003523,PROD00302,3,7756.84,0.0,23270.52
OI00003523-3,ORD00003523,PROD00097,1,19582.9,0.0,19582.9
OI00003523-4,ORD00003523,PROD00035,2,14071.44,0.0,28142.88
OI00003524-1,ORD00003524,PROD00013,4,7604.86,0.0,30419.44
OI00003524-2,ORD00003524,PROD00300,2,20412.89,2041.29,38784.49
OI00003524-3,ORD00003524,PROD00265,3,18730.82,2809.62,53382.84
OI00003524-4,ORD00003524,PROD00138,2,12060.91,1206.09,22915.73
OI00003524-5,ORD00003524,PROD00148,2,15616.8,0.0,31233.6
OI00003525-1,ORD00003525,PROD00198,1,235.71,35.36,200.35
OI00003525-2,ORD00003525,PROD00164,3,12489.77,1873.47,35595.84
OI00003526-1,ORD00003526,PROD00293,4,9456.41,0.0,37825.64
OI00003526-2,ORD00003526,PROD00068,2,12144.87,3643.46,20646.28
OI00003527-1,ORD00003527,PROD00107,3,10358.42,4661.29,26413.97
OI00003527-2,ORD00003527,PROD00142,3,1480.08,0.0,4440.24
OI00003528-1,ORD00003528,PROD00335,1,11428.89,1714.33,9714.56
OI00003528-2,ORD00003528,PROD00103,3,21963.07,3294.46,62594.75
OI00003528-3,ORD00003528,PROD00305,1,17525.16,0.0,17525.16
OI00003528-4,ORD00003528,PROD00286,3,3240.14,0.0,9720.42
OI00003528-5,ORD00003528,PROD00001,2,23270.16,2327.02,44213.3
OI00003529-1,ORD00003529,PROD00142,3,1480.08,0.0,4440.24
OI00003529-2,ORD00003529,PROD00348,3,16456.2,2468.43,46900.17
OI00003529-3,ORD00003529,PROD00307,1,13721.18,0.0,13721.18
OI00003529-4,ORD00003529,PROD00147,4,5524.18,0.0,22096.72
OI00003529-5,ORD00003529,PROD00042,3,3118.44,0.0,9355.32
OI00003530-1,ORD00003530,PROD00011,2,13382.68,0.0,26765.36
OI00003530-2,ORD00003530,PROD00350,2,17684.33,0.0,35368.66
OI00003530-3,ORD00003530,PROD00350,1,17684.33,0.0,17684.33
OI00003530-4,ORD00003530,PROD00350,2,17684.33,3536.87,31831.79
OI00003531-1,ORD00003531,PROD00072,3,7657.87,1148.68,21824.93
OI00003531-2,ORD00003531,PROD00161,3,15755.01,0.0,47265.03
OI00003531-3,ORD00003531,PROD00003,2,24605.45,0.0,49210.9
OI00003531-4,ORD00003531,PROD00093,2,23736.46,0.0,47472.92
OI00003531-5,ORD00003531,PROD00066,1,21806.77,1090.34,20716.43
OI00003532-1,ORD00003532,PROD00090,2,4577.37,0.0,9154.74
OI00003532-2,ORD00003532,PROD00086,4,21556.26,0.0,86225.04
OI00003533-1,ORD00003533,PROD00030,2,7097.31,1419.46,12775.16
OI00003533-2,ORD00003533,PROD00269,1,14198.95,0.0,14198.95
OI00003533-3,ORD00003533,PROD00279,3,690.73,207.22,1864.97
OI00003533-4,ORD00003533,PROD00343,2,19579.2,5873.76,33284.64
OI00003534-1,ORD00003534,PROD00218,4,9795.93,0.0,39183.72
OI00003534-2,ORD00003534,PROD00309,4,2478.12,0.0,9912.48
OI00003534-3,ORD00003534,PROD00024,1,13853.73,1385.37,12468.36
OI00003535-1,ORD00003535,PROD00229,3,6335.91,2851.16,16156.57
OI00003535-2,ORD00003535,PROD00349,2,22965.12,0.0,45930.24
OI00003536-1,ORD00003536,PROD00080,4,16165.62,0.0,64662.48
OI00003536-2,ORD00003536,PROD00027,3,12715.52,3814.66,34331.9
OI00003537-1,ORD00003537,PROD00337,3,17875.4,5362.62,48263.58
OI00003537-2,ORD00003537,PROD00350,4,17684.33,0.0,70737.32
OI00003538-1,ORD00003538,PROD00332,1,966.51,96.65,869.86
OI00003538-2,ORD00003538,PROD00109,4,16822.54,0.0,67290.16
OI00003538-3,ORD00003538,PROD00114,2,7054.87,2116.46,11993.28
OI00003539-1,ORD00003539,PROD00127,1,21020.66,3153.1,17867.56
OI00003539-2,ORD00003539,PROD00233,4,579.27,0.0,2317.08
OI00003539-3,ORD00003539,PROD00223,4,14073.25,2814.65,53478.35
OI00003539-4,ORD00003539,PROD00187,3,24432.22,7329.67,65966.99
OI00003539-5,ORD00003539,PROD00266,4,20418.91,4083.78,77591.86
OI00003540-1,ORD00003540,PROD00114,2,7054.87,705.49,13404.25
OI00003540-2,ORD00003540,PROD00302,1,7756.84,0.0,7756.84
OI00003540-3,ORD00003540,PROD00127,3,21020.66,9459.3,53602.68
OI00003541-1,ORD00003541,PROD00195,1,9755.37,975.54,8779.83
OI00003541-2,ORD00003541,PROD00087,4,21498.23,12898.94,73093.98
OI00003541-3,ORD00003541,PROD00269,1,14198.95,0.0,14198.95
OI00003541-4,ORD00003541,PROD00347,1,11947.7,597.39,11350.31
OI00003542-1,ORD00003542,PROD00315,3,14855.14,0.0,44565.42
OI00003542-2,ORD00003542,PROD00082,3,23934.46,10770.51,61032.87
OI00003542-3,ORD00003542,PROD00069,4,17377.04,0.0,69508.16
OI00003542-4,ORD00003542,PROD00219,1,19321.62,966.08,18355.54
OI00003542-5,ORD00003542,PROD00126,4,12025.16,0.0,48100.64
OI00003543-1,ORD00003543,PROD00165,3,17905.46,0.0,53716.38
OI00003543-2,ORD00003543,PROD00201,4,17522.9,3504.58,66587.02
OI00003543-3,ORD00003543,PROD00151,4,4900.37,0.0,19601.48
OI00003543-4,ORD00003543,PROD00189,1,4749.05,0.0,4749.05
OI00003544-1,ORD00003544,PROD00311,1,22435.59,3365.34,19070.25
OI00003544-2,ORD00003544,PROD00252,1,21548.3,3232.24,18316.06
OI00003544-3,ORD00003544,PROD00205,4,22069.77,13241.86,75037.22
OI00003544-4,ORD00003544,PROD00252,1,21548.3,0.0,21548.3
OI00003544-5,ORD00003544,PROD00010,2,4667.93,0.0,9335.86
OI00003545-1,ORD00003545,PROD00287,2,4242.92,0.0,8485.84
OI00003546-1,ORD00003546,PROD00164,3,12489.77,5620.4,31848.91
OI00003547-1,ORD00003547,PROD00261,1,17666.44,0.0,17666.44
OI00003547-2,ORD00003547,PROD00190,3,2376.38,0.0,7129.14
OI00003548-1,ORD00003548,PROD00190,1,2376.38,0.0,2376.38
OI00003548-2,ORD00003548,PROD00283,1,5877.29,587.73,5289.56
OI00003548-3,ORD00003548,PROD00278,4,20166.44,12099.86,68565.9
OI00003548-4,ORD00003548,PROD00187,4,24432.22,0.0,97728.88
OI00003548-5,ORD00003548,PROD00071,2,9271.17,2781.35,15760.99
OI00003549-1,ORD00003549,PROD00074,2,5428.76,1628.63,9228.89
OI00003549-2,ORD00003549,PROD00340,4,17115.28,0.0,68461.12
OI00003549-3,ORD00003549,PROD00296,1,3229.07,484.36,2744.71
OI00003549-4,ORD00003549,PROD00020,4,1320.51,0.0,5282.04
OI00003549-5,ORD00003549,PROD00016,3,21060.14,3159.02,60021.4
OI00003550-1,ORD00003550,PROD00033,4,8958.24,3583.3,32249.66
OI00003550-2,ORD00003550,PROD00035,3,14071.44,4221.43,37992.89
OI00003550-3,ORD00003550,PROD00202,4,10405.57,0.0,41622.28
OI00003550-4,ORD00003550,PROD00240,4,15221.18,9132.71,51752.01
OI00003550-5,ORD00003550,PROD00314,4,8921.82,0.0,35687.28
OI00003551-1,ORD00003551,PROD00022,1,973.58,0.0,973.58
OI00003552-1,ORD00003552,PROD00118,1,22031.03,3304.65,18726.38
OI00003552-2,ORD00003552,PROD00053,1,17522.36,1752.24,15770.12
OI00003552-3,ORD00003552,PROD00254,2,10249.25,0.0,20498.5
OI00003552-4,ORD00003552,PROD00258,3,17451.91,0.0,52355.73
OI00003553-1,ORD00003553,PROD00093,4,23736.46,14241.88,80703.96
OI00003553-2,ORD00003553,PROD00191,2,719.62,0.0,1439.24
OI00003553-3,ORD00003553,PROD00177,2,19263.4,1926.34,36600.46
OI00003553-4,ORD00003553,PROD00342,2,296.09,0.0,592.18
OI00003554-1,ORD00003554,PROD00197,2,14707.92,2941.58,26474.26
OI00003554-2,ORD00003554,PROD00082,4,23934.46,4786.89,90950.95
OI00003554-3,ORD00003554,PROD00225,3,4381.86,1314.56,11831.02
OI00003554-4,ORD00003554,PROD00225,2,4381.86,438.19,8325.53
OI00003555-1,ORD00003555,PROD00209,1,1876.23,0.0,1876.23
OI00003555-2,ORD00003555,PROD00097,3,19582.9,2937.44,55811.26
OI00003555-3,ORD00003555,PROD00170,4,11306.22,0.0,45224.88
OI00003556-1,ORD00003556,PROD00224,4,23476.13,0.0,93904.52
OI00003556-2,ORD00003556,PROD00219,3,19321.62,2898.24,55066.62
OI00003556-3,ORD00003556,PROD00082,2,23934.46,4786.89,43082.03
OI00003556-4,ORD00003556,PROD00048,4,2165.22,433.04,8227.84
OI00003556-5,ORD00003556,PROD00099,4,16343.82,0.0,65375.28
OI00003557-1,ORD00003557,PROD00007,1,18525.88,0.0,18525.88
OI00003558-1,ORD00003558,PROD00266,2,20418.91,6125.67,34712.15
OI00003559-1,ORD00003559,PROD00277,4,16643.7,9986.22,56588.58
OI00003559-2,ORD00003559,PROD00025,2,12394.98,0.0,24789.96
OI00003559-3,ORD00003559,PROD00096,3,7650.09,0.0,22950.27
OI00003559-4,ORD00003559,PROD00264,1,15922.7,1592.27,14330.43
OI00003559-5,ORD00003559,PROD00102,2,7550.93,1510.19,13591.67
OI00003560-1,ORD00003560,PROD00136,3,14715.94,6622.17,37525.65
OI00003560-2,ORD00003560,PROD00146,3,8249.05,1237.36,23509.79
OI00003560-3,ORD00003560,PROD00083,4,3051.07,1220.43,10983.85
OI00003561-1,ORD00003561,PROD00039,4,12707.28,0.0,50829.12
OI00003561-2,ORD00003561,PROD00013,4,7604.86,1520.97,28898.47
OI00003561-3,ORD00003561,PROD00286,4,3240.14,648.03,12312.53
OI00003561-4,ORD00003561,PROD00292,3,21804.92,0.0,65414.76
OI00003562-1,ORD00003562,PROD00273,2,16836.47,0.0,33672.94
OI00003562-2,ORD00003562,PROD00232,4,12800.1,0.0,51200.4
OI00003562-3,ORD00003562,PROD00288,2,6121.73,0.0,12243.46
OI00003562-4,ORD00003562,PROD00310,2,11465.44,0.0,22930.88
OI00003562-5,ORD00003562,PROD00279,4,690.73,276.29,2486.63
OI00003563-1,ORD00003563,PROD00091,1,3604.39,0.0,3604.39
OI00003564-1,ORD00003564,PROD00245,1,7169.55,0.0,7169.55
OI00003564-2,ORD00003564,PROD00089,4,7704.52,0.0,30818.08
OI00003564-3,ORD00003564,PROD00088,3,13567.39,6105.33,34596.84
OI00003564-4,ORD00003564,PROD00053,2,17522.36,0.0,35044.72
OI00003565-1,ORD00003565,PROD00118,4,22031.03,13218.62,74905.5
OI00003565-2,ORD00003565,PROD00094,2,1683.18,336.64,3029.72
OI00003565-3,ORD00003565,PROD00131,1,1596.96,239.54,1357.42
OI00003566-1,ORD00003566,PROD00126,2,12025.16,0.0,24050.32
OI00003566-2,ORD00003566,PROD00289,1,10900.59,1090.06,9810.53
OI00003566-3,ORD00003566,PROD00081,1,14048.06,0.0,14048.06
OI00003567-1,ORD00003567,PROD00263,2,14672.69,0.0,29345.38
OI00003567-2,ORD00003567,PROD00099,1,16343.82,817.19,15526.63
OI00003567-3,ORD00003567,PROD00087,3,21498.23,0.0,64494.69
OI00003567-4,ORD00003567,PROD00315,2,14855.14,1485.51,28224.77
OI00003568-1,ORD00003568,PROD00133,1,10071.99,0.0,10071.99
OI00003568-2,ORD00003568,PROD00335,1,11428.89,1714.33,9714.56
OI00003568-3,ORD00003568,PROD00305,4,17525.16,3505.03,66595.61
OI00003568-4,ORD00003568,PROD00289,1,10900.59,1090.06,9810.53
OI00003568-5,ORD00003568,PROD00149,3,5172.64,0.0,15517.92
OI00003569-1,ORD00003569,PROD00319,4,339.48,0.0,1357.92
OI00003569-2,ORD00003569,PROD00128,3,20549.76,0.0,61649.28
OI00003569-3,ORD00003569,PROD00292,3,21804.92,0.0,65414.76
OI00003570-1,ORD00003570,PROD00325,2,24143.74,7243.12,41044.36
OI00003570-2,ORD00003570,PROD00130,1,22922.02,0.0,22922.02
OI00003570-3,ORD00003570,PROD00025,4,12394.98,0.0,49579.92
OI00003571-1,ORD00003571,PROD00242,3,23459.95,0.0,70379.85
OI00003571-2,ORD00003571,PROD00066,2,21806.77,0.0,43613.54
OI00003571-3,ORD00003571,PROD00316,2,3014.12,904.24,5124.0
OI00003572-1,ORD00003572,PROD00147,3,5524.18,0.0,16572.54
OI00003572-2,ORD00003572,PROD00321,1,19868.88,0.0,19868.88
OI00003572-3,ORD00003572,PROD00349,1,22965.12,1148.26,21816.86
OI00003573-1,ORD00003573,PROD00241,4,1662.19,0.0,6648.76
OI00003573-2,ORD00003573,PROD00122,4,1221.77,244.35,4642.73
OI00003573-3,ORD00003573,PROD00342,4,296.09,118.44,1065.92
OI00003573-4,ORD00003573,PROD00098,1,24035.74,1201.79,22833.95
OI00003574-1,ORD00003574,PROD00219,2,19321.62,1932.16,36711.08
OI00003574-2,ORD00003574,PROD00248,3,544.29,0.0,1632.87
OI00003574-3,ORD00003574,PROD00312,1,9087.53,454.38,8633.15
OI00003574-4,ORD00003574,PROD00107,4,10358.42,6215.05,35218.63
OI00003575-1,ORD00003575,PROD00008,2,2128.1,212.81,4043.39
OI00003575-2,ORD00003575,PROD00036,3,19263.87,8668.74,49122.87
OI00003575-3,ORD00003575,PROD00342,3,296.09,0.0,888.27
OI00003575-4,ORD00003575,PROD00129,1,19114.26,2867.14,16247.12
OI00003575-5,ORD00003575,PROD00094,1,1683.18,168.32,1514.86
OI00003576-1,ORD00003576,PROD00268,3,17615.98,5284.79,47563.15
OI00003576-2,ORD00003576,PROD00154,1,21079.89,3161.98,17917.91
OI00003576-3,ORD00003576,PROD00139,2,1559.26,0.0,3118.52
OI00003577-1,ORD00003577,PROD00070,2,23046.35,0.0,46092.7
OI00003577-2,ORD00003577,PROD00033,1,8958.24,1343.74,7614.5
OI00003578-1,ORD00003578,PROD00319,2,339.48,67.9,611.06
OI00003578-2,ORD00003578,PROD00024,3,13853.73,4156.12,37405.07
OI00003578-3,ORD00003578,PROD00130,4,22922.02,0.0,91688.08
OI00003578-4,ORD00003578,PROD00243,1,5945.94,891.89,5054.05
OI00003579-1,ORD00003579,PROD00099,1,16343.82,817.19,15526.63
OI00003579-2,ORD00003579,PROD00083,4,3051.07,0.0,12204.28
OI00003579-3,ORD00003579,PROD00018,3,22565.26,0.0,67695.78
OI00003579-4,ORD00003579,PROD00204,2,17481.19,5244.36,29718.02
OI00003579-5,ORD00003579,PROD00040,3,3967.96,595.19,11308.69
OI00003580-1,ORD00003580,PROD00271,4,21715.63,0.0,86862.52
OI00003581-1,ORD00003581,PROD00276,1,9301.09,465.05,8836.04
OI00003581-2,ORD00003581,PROD00215,1,16801.23,1680.12,15121.11
OI00003581-3,ORD00003581,PROD00208,3,11300.85,0.0,33902.55
OI00003581-4,ORD00003581,PROD00054,4,17451.9,0.0,69807.6
OI00003582-1,ORD00003582,PROD00261,3,17666.44,0.0,52999.32
OI00003582-2,ORD00003582,PROD00163,4,4227.47,0.0,16909.88
OI00003582-3,ORD00003582,PROD00245,4,7169.55,0.0,28678.2
OI00003582-4,ORD00003582,PROD00204,1,17481.19,1748.12,15733.07
OI00003583-1,ORD00003583,PROD00277,3,16643.7,2496.56,47434.54
OI00003583-2,ORD00003583,PROD00146,2,8249.05,0.0,16498.1
OI00003583-3,ORD00003583,PROD00239,3,6094.11,0.0,18282.33
OI00003584-1,ORD00003584,PROD00233,1,579.27,0.0,579.27
OI00003584-2,ORD00003584,PROD00329,3,10605.13,1590.77,30224.62
OI00003584-3,ORD00003584,PROD00083,4,3051.07,610.21,11594.07
OI00003584-4,ORD00003584,PROD00320,1,624.52,62.45,562.07
OI00003585-1,ORD00003585,PROD00077,1,19060.68,0.0,19060.68
OI00003585-2,ORD00003585,PROD00286,3,3240.14,0.0,9720.42
OI00003585-3,ORD00003585,PROD00204,2,17481.19,0.0,34962.38
OI00003585-4,ORD00003585,PROD00217,3,11079.35,4985.71,28252.34
OI00003585-5,ORD00003585,PROD00210,1,18661.64,933.08,17728.56
OI00003586-1,ORD00003586,PROD00249,3,13843.66,0.0,41530.98
OI00003586-2,ORD00003586,PROD00276,2,9301.09,1860.22,16741.96
OI00003587-1,ORD00003587,PROD00298,2,19293.46,5788.04,32798.88
OI00003587-2,ORD00003587,PROD00080,3,16165.62,0.0,48496.86
OI00003587-3,ORD00003587,PROD00262,3,20752.25,6225.67,56031.08
OI00003588-1,ORD00003588,PROD00107,3,10358.42,1553.76,29521.5
OI00003588-2,ORD00003588,PROD00313,4,23762.43,14257.46,80792.26
OI00003588-3,ORD00003588,PROD00045,1,3832.7,383.27,3449.43
OI00003589-1,ORD00003589,PROD00021,1,21222.98,0.0,21222.98
OI00003590-1,ORD00003590,PROD00288,1,6121.73,612.17,5509.56
OI00003590-2,ORD00003590,PROD00262,4,20752.25,0.0,83009.0
OI00003590-3,ORD00003590,PROD00158,1,4832.45,241.62,4590.83
OI00003590-4,ORD00003590,PROD00074,4,5428.76,3257.26,18457.78
OI00003591-1,ORD00003591,PROD00152,2,5018.12,0.0,10036.24
OI00003591-2,ORD00003591,PROD00032,1,7626.11,0.0,7626.11
OI00003591-3,ORD00003591,PROD00069,1,17377.04,0.0,17377.04
OI00003591-4,ORD00003591,PROD00104,3,15897.49,0.0,47692.47
OI00003591-5,ORD00003591,PROD00234,3,18943.28,5682.98,51146.86
OI00003592-1,ORD00003592,PROD00202,1,10405.57,520.28,9885.29
OI00003592-2,ORD00003592,PROD00086,3,21556.26,0.0,64668.78
OI00003592-3,ORD00003592,PROD00311,2,22435.59,0.0,44871.18
OI00003592-4,ORD00003592,PROD00272,1,6955.22,0.0,6955.22
OI00003593-1,ORD00003593,PROD00158,4,4832.45,0.0,19329.8
OI00003593-2,ORD00003593,PROD00277,2,16643.7,0.0,33287.4
OI00003593-3,ORD00003593,PROD00287,4,4242.92,0.0,16971.68
OI00003594-1,ORD00003594,PROD00104,1,15897.49,0.0,15897.49
OI00003594-2,ORD00003594,PROD00105,2,8573.66,0.0,17147.32
OI00003594-3,ORD00003594,PROD00164,2,12489.77,0.0,24979.54
OI00003594-4,ORD00003594,PROD00307,4,13721.18,2744.24,52140.48
OI00003594-5,ORD00003594,PROD00089,1,7704.52,385.23,7319.29
OI00003595-1,ORD00003595,PROD00054,3,17451.9,0.0,52355.7
OI00003595-2,ORD00003595,PROD00195,3,9755.37,2926.61,26339.5
OI00003595-3,ORD00003595,PROD00210,4,18661.64,7464.66,67181.9
OI00003596-1,ORD00003596,PROD00332,2,966.51,96.65,1836.37
OI00003596-2,ORD00003596,PROD00271,4,21715.63,0.0,86862.52
OI00003597-1,ORD00003597,PROD00183,1,14458.84,0.0,14458.84
OI00003597-2,ORD00003597,PROD00073,1,3596.39,539.46,3056.93
OI00003597-3,ORD00003597,PROD00308,1,9807.02,0.0,9807.02
OI00003598-1,ORD00003598,PROD00296,3,3229.07,0.0,9687.21
OI00003598-2,ORD00003598,PROD00004,1,7422.27,742.23,6680.04
OI00003598-3,ORD00003598,PROD00199,3,13170.12,0.0,39510.36
OI00003599-1,ORD00003599,PROD00149,3,5172.64,0.0,15517.92
OI00003599-2,ORD00003599,PROD00348,1,16456.2,0.0,16456.2
OI00003599-3,ORD00003599,PROD00161,2,15755.01,0.0,31510.02
OI00003599-4,ORD00003599,PROD00003,2,24605.45,0.0,49210.9
OI00003599-5,ORD00003599,PROD00328,2,24499.21,4899.84,44098.58
OI00003600-1,ORD00003600,PROD00326,4,13890.31,0.0,55561.24
OI00003600-2,ORD00003600,PROD00148,2,15616.8,0.0,31233.6
OI00003601-1,ORD00003601,PROD00249,4,13843.66,0.0,55374.64
OI00003601-2,ORD00003601,PROD00074,1,5428.76,0.0,5428.76
OI00003601-3,ORD00003601,PROD00031,3,5027.13,1508.14,13573.25
OI00003601-4,ORD00003601,PROD00221,3,17014.99,0.0,51044.97
OI00003601-5,ORD00003601,PROD00090,3,4577.37,2059.82,11672.29
OI00003602-1,ORD00003602,PROD00085,1,20182.68,3027.4,17155.28
OI00003602-2,ORD00003602,PROD00330,3,16495.98,0.0,49487.94
OI00003603-1,ORD00003603,PROD00255,2,4895.99,979.2,8812.78
OI00003603-2,ORD00003603,PROD00074,2,5428.76,1628.63,9228.89
OI00003603-3,ORD00003603,PROD00331,4,15173.99,6069.6,54626.36
OI00003603-4,ORD00003603,PROD00017,4,19254.54,0.0,77018.16
OI00003604-1,ORD00003604,PROD00172,2,9009.37,1801.87,16216.87
OI00003604-2,ORD00003604,PROD00324,3,1645.09,0.0,4935.27
OI00003605-1,ORD00003605,PROD00012,1,11531.07,0.0,11531.07
OI00003605-2,ORD00003605,PROD00267,2,16380.3,4914.09,27846.51
OI00003605-3,ORD00003605,PROD00004,4,7422.27,1484.45,28204.63
OI00003605-4,ORD00003605,PROD00067,4,18306.34,0.0,73225.36
OI00003606-1,ORD00003606,PROD00158,2,4832.45,966.49,8698.41
OI00003606-2,ORD00003606,PROD00120,2,21353.8,6406.14,36301.46
OI00003606-3,ORD00003606,PROD00203,2,9647.39,0.0,19294.78
OI00003606-4,ORD00003606,PROD00173,1,19657.54,982.88,18674.66
OI00003607-1,ORD00003607,PROD00119,1,17032.97,0.0,17032.97
OI00003607-2,ORD00003607,PROD00134,4,11362.61,0.0,45450.44
OI00003608-1,ORD00003608,PROD00309,3,2478.12,1115.15,6319.21
OI00003609-1,ORD00003609,PROD00109,4,16822.54,0.0,67290.16
OI00003610-1,ORD00003610,PROD00112,1,17029.83,0.0,17029.83
OI00003610-2,ORD00003610,PROD00023,1,5836.05,583.61,5252.44
OI00003611-1,ORD00003611,PROD00011,1,13382.68,2007.4,11375.28
OI00003611-2,ORD00003611,PROD00271,4,21715.63,4343.13,82519.39
OI00003611-3,ORD00003611,PROD00258,3,17451.91,7853.36,44502.37
OI00003611-4,ORD00003611,PROD00270,4,6520.83,0.0,26083.32
OI00003612-1,ORD00003612,PROD00226,4,11496.46,4598.58,41387.26
OI00003612-2,ORD00003612,PROD00181,4,8549.46,0.0,34197.84
OI00003612-3,ORD00003612,PROD00188,4,24505.29,0.0,98021.16
OI00003612-4,ORD00003612,PROD00160,2,21368.16,4273.63,38462.69
OI00003613-1,ORD00003613,PROD00108,2,19693.27,0.0,39386.54
OI00003613-2,ORD00003613,PROD00067,4,18306.34,3661.27,69564.09
OI00003613-3,ORD00003613,PROD00160,3,21368.16,0.0,64104.48
OI00003613-4,ORD00003613,PROD00096,2,7650.09,0.0,15300.18
OI00003613-5,ORD00003613,PROD00218,4,9795.93,0.0,39183.72
OI00003614-1,ORD00003614,PROD00141,4,15103.07,0.0,60412.28
OI00003615-1,ORD00003615,PROD00256,4,15892.74,6357.1,57213.86
OI00003615-2,ORD00003615,PROD00113,1,20219.94,0.0,20219.94
OI00003615-3,ORD00003615,PROD00130,1,22922.02,0.0,22922.02
OI00003615-4,ORD00003615,PROD00302,2,7756.84,1551.37,13962.31
OI00003616-1,ORD00003616,PROD00252,3,21548.3,9696.74,54948.16
OI00003617-1,ORD00003617,PROD00248,4,544.29,326.57,1850.59
OI00003617-2,ORD00003617,PROD00222,2,18114.09,0.0,36228.18
OI00003617-3,ORD00003617,PROD00223,3,14073.25,4221.98,37997.77
OI00003618-1,ORD00003618,PROD00323,4,10163.0,4065.2,36586.8
OI00003618-2,ORD00003618,PROD00301,1,15056.56,0.0,15056.56
OI00003618-3,ORD00003618,PROD00347,4,11947.7,0.0,47790.8
OI00003619-1,ORD00003619,PROD00053,3,17522.36,7885.06,44682.02
OI00003619-2,ORD00003619,PROD00347,3,11947.7,5376.47,30466.63
OI00003619-3,ORD00003619,PROD00065,2,11181.79,1118.18,21245.4
OI00003619-4,ORD00003619,PROD00273,4,16836.47,3367.29,63978.59
OI00003619-5,ORD00003619,PROD00059,1,15693.39,784.67,14908.72
OI00003620-1,ORD00003620,PROD00181,3,8549.46,0.0,25648.38
OI00003620-2,ORD00003620,PROD00023,4,5836.05,0.0,23344.2
OI00003620-3,ORD00003620,PROD00305,1,17525.16,1752.52,15772.64
OI00003621-1,ORD00003621,PROD00271,1,21715.63,0.0,21715.63
OI00003621-2,ORD00003621,PROD00250,1,7116.48,1067.47,6049.01
OI00003621-3,ORD00003621,PROD00258,4,17451.91,0.0,69807.64
OI00003621-4,ORD00003621,PROD00304,4,24529.51,0.0,98118.04
OI00003621-5,ORD00003621,PROD00041,2,18327.17,1832.72,34821.62
OI00003622-1,ORD00003622,PROD00332,3,966.51,0.0,2899.53
OI00003622-2,ORD00003622,PROD00031,4,5027.13,0.0,20108.52
OI00003623-1,ORD00003623,PROD00214,1,4472.05,0.0,4472.05
OI00003623-2,ORD00003623,PROD00137,2,22614.03,0.0,45228.06
OI00003623-3,ORD00003623,PROD00078,4,3767.12,1506.85,13561.63
OI00003623-4,ORD00003623,PROD00065,1,11181.79,1118.18,10063.61
OI00003624-1,ORD00003624,PROD00342,2,296.09,0.0,592.18
OI00003624-2,ORD00003624,PROD00255,1,4895.99,0.0,4895.99
OI00003625-1,ORD00003625,PROD00320,2,624.52,0.0,1249.04
OI00003625-2,ORD00003625,PROD00093,2,23736.46,0.0,47472.92
OI00003625-3,ORD00003625,PROD00104,3,15897.49,4769.25,42923.22
OI00003626-1,ORD00003626,PROD00042,4,3118.44,0.0,12473.76
OI00003626-2,ORD00003626,PROD00041,1,18327.17,2749.08,15578.09
OI00003627-1,ORD00003627,PROD00198,4,235.71,0.0,942.84
OI00003627-2,ORD00003627,PROD00334,1,1905.27,190.53,1714.74
OI00003627-3,ORD00003627,PROD00276,4,9301.09,3720.44,33483.92
OI00003627-4,ORD00003627,PROD00108,3,19693.27,0.0,59079.81
OI00003627-5,ORD00003627,PROD00350,3,17684.33,0.0,53052.99
OI00003628-1,ORD00003628,PROD00049,2,1583.63,0.0,3167.26
OI00003628-2,ORD00003628,PROD00150,4,1889.59,0.0,7558.36
OI00003629-1,ORD00003629,PROD00184,1,20269.51,0.0,20269.51
OI00003629-2,ORD00003629,PROD00143,1,8628.21,431.41,8196.8
OI00003630-1,ORD00003630,PROD00067,3,18306.34,0.0,54919.02
OI00003630-2,ORD00003630,PROD00210,1,18661.64,0.0,18661.64
OI00003630-3,ORD00003630,PROD00046,3,20054.13,0.0,60162.39
OI00003630-4,ORD00003630,PROD00120,3,21353.8,6406.14,57655.26
OI00003631-1,ORD00003631,PROD00273,3,16836.47,7576.41,42933.0
OI00003631-2,ORD00003631,PROD00178,3,20555.44,0.0,61666.32
OI00003631-3,ORD00003631,PROD00275,3,23306.6,0.0,69919.8
OI00003631-4,ORD00003631,PROD00091,2,3604.39,0.0,7208.78
OI00003632-1,ORD00003632,PROD00028,4,3322.41,664.48,12625.16
OI00003632-2,ORD00003632,PROD00249,2,13843.66,0.0,27687.32
OI00003632-3,ORD00003632,PROD00091,4,3604.39,1441.76,12975.8
OI00003632-4,ORD00003632,PROD00099,3,16343.82,0.0,49031.46
OI00003632-5,ORD00003632,PROD00139,3,1559.26,0.0,4677.78
OI00003633-1,ORD00003633,PROD00034,1,20180.05,2018.01,18162.04
OI00003633-2,ORD00003633,PROD00099,1,16343.82,817.19,15526.63
OI00003634-1,ORD00003634,PROD00053,1,17522.36,2628.35,14894.01
OI00003634-2,ORD00003634,PROD00344,3,2433.74,0.0,7301.22
OI00003634-3,ORD00003634,PROD00170,4,11306.22,6783.73,38441.15
OI00003634-4,ORD00003634,PROD00178,3,20555.44,0.0,61666.32
OI00003635-1,ORD00003635,PROD00290,4,19169.41,0.0,76677.64
OI00003635-2,ORD00003635,PROD00160,4,21368.16,8547.26,76925.38
OI00003635-3,ORD00003635,PROD00317,2,16337.28,0.0,32674.56
OI00003636-1,ORD00003636,PROD00230,4,8334.56,0.0,33338.24
OI00003636-2,ORD00003636,PROD00334,4,1905.27,1143.16,6477.92
OI00003637-1,ORD00003637,PROD00057,2,634.37,63.44,1205.3
OI00003637-2,ORD00003637,PROD00005,3,12790.76,3837.23,34535.05
OI00003637-3,ORD00003637,PROD00253,4,23510.11,14106.07,79934.37
OI00003637-4,ORD00003637,PROD00172,2,9009.37,0.0,18018.74
OI00003638-1,ORD00003638,PROD00007,2,18525.88,0.0,37051.76
OI00003638-2,ORD00003638,PROD00339,3,696.45,0.0,2089.35
OI00003638-3,ORD00003638,PROD00025,2,12394.98,0.0,24789.96
OI00003639-1,ORD00003639,PROD00184,1,20269.51,0.0,20269.51
OI00003639-2,ORD00003639,PROD00065,1,11181.79,0.0,11181.79
OI00003640-1,ORD00003640,PROD00290,3,19169.41,8626.23,48882.0
OI00003640-2,ORD00003640,PROD00097,4,19582.9,0.0,78331.6
OI00003640-3,ORD00003640,PROD00260,4,2962.43,1777.46,10072.26
OI00003640-4,ORD00003640,PROD00319,3,339.48,101.84,916.6
OI00003641-1,ORD00003641,PROD00113,3,20219.94,0.0,60659.82
OI00003642-1,ORD00003642,PROD00255,2,4895.99,489.6,9302.38
OI00003642-2,ORD00003642,PROD00162,3,5270.48,0.0,15811.44
OI00003642-3,ORD00003642,PROD00278,2,20166.44,0.0,40332.88
OI00003642-4,ORD00003642,PROD00258,4,17451.91,0.0,69807.64
OI00003643-1,ORD00003643,PROD00095,1,13874.18,1387.42,12486.76
OI00003643-2,ORD00003643,PROD00042,1,3118.44,0.0,3118.44
OI00003643-3,ORD00003643,PROD00133,1,10071.99,503.6,9568.39
OI00003644-1,ORD00003644,PROD00003,3,24605.45,11072.45,62743.9
OI00003644-2,ORD00003644,PROD00133,1,10071.99,0.0,10071.99
OI00003644-3,ORD00003644,PROD00346,3,8662.06,0.0,25986.18
OI00003644-4,ORD00003644,PROD00220,3,5039.64,2267.84,12851.08
OI00003645-1,ORD00003645,PROD00218,4,9795.93,5877.56,33306.16
OI00003645-2,ORD00003645,PROD00328,3,24499.21,7349.76,66147.87
OI00003646-1,ORD00003646,PROD00263,2,14672.69,0.0,29345.38
OI00003646-2,ORD00003646,PROD00188,4,24505.29,0.0,98021.16
OI00003647-1,ORD00003647,PROD00217,3,11079.35,0.0,33238.05
OI00003647-2,ORD00003647,PROD00172,2,9009.37,0.0,18018.74
OI00003647-3,ORD00003647,PROD00110,1,9699.44,969.94,8729.5
OI00003648-1,ORD00003648,PROD00230,4,8334.56,5000.74,28337.5
OI00003648-2,ORD00003648,PROD00187,4,24432.22,0.0,97728.88
OI00003648-3,ORD00003648,PROD00086,3,21556.26,6466.88,58201.9
OI00003648-4,ORD00003648,PROD00281,2,16522.7,0.0,33045.4
OI00003649-1,ORD00003649,PROD00197,2,14707.92,2941.58,26474.26
OI00003649-2,ORD00003649,PROD00301,2,15056.56,0.0,30113.12
OI00003649-3,ORD00003649,PROD00345,2,15206.3,3041.26,27371.34
OI00003649-4,ORD00003649,PROD00052,3,22735.31,10230.89,57975.04
OI00003649-5,ORD00003649,PROD00305,2,17525.16,1752.52,33297.8
OI00003650-1,ORD00003650,PROD00044,1,6687.09,1003.06,5684.03
OI00003650-2,ORD00003650,PROD00201,4,17522.9,3504.58,66587.02
OI00003651-1,ORD00003651,PROD00231,2,1734.46,0.0,3468.92
OI00003651-2,ORD00003651,PROD00002,4,11732.07,0.0,46928.28
OI00003651-3,ORD00003651,PROD00273,1,16836.47,0.0,16836.47
OI00003651-4,ORD00003651,PROD00207,3,1959.51,0.0,5878.53
OI00003651-5,ORD00003651,PROD00059,2,15693.39,1569.34,29817.44
OI00003652-1,ORD00003652,PROD00030,1,7097.31,0.0,7097.31
OI00003652-2,ORD00003652,PROD00117,4,1680.75,0.0,6723.0
OI00003652-3,ORD00003652,PROD00011,3,13382.68,0.0,40148.04
OI00003652-4,ORD00003652,PROD00040,1,3967.96,396.8,3571.16
OI00003653-1,ORD00003653,PROD00063,4,20579.93,0.0,82319.72
OI00003654-1,ORD00003654,PROD00159,1,24425.69,0.0,24425.69
OI00003654-2,ORD00003654,PROD00184,1,20269.51,0.0,20269.51
OI00003654-3,ORD00003654,PROD00086,3,21556.26,6466.88,58201.9
OI00003654-4,ORD00003654,PROD00290,2,19169.41,5750.82,32588.0
OI00003655-1,ORD00003655,PROD00177,4,19263.4,11558.04,65495.56
OI00003655-2,ORD00003655,PROD00142,2,1480.08,0.0,2960.16
OI00003656-1,ORD00003656,PROD00092,3,5103.86,765.58,14546.0
OI00003656-2,ORD00003656,PROD00019,1,539.71,0.0,539.71
OI00003656-3,ORD00003656,PROD00278,3,20166.44,0.0,60499.32
OI00003656-4,ORD00003656,PROD00342,4,296.09,0.0,1184.36
OI00003656-5,ORD00003656,PROD00205,2,22069.77,0.0,44139.54
OI00003657-1,ORD00003657,PROD00224,4,23476.13,0.0,93904.52
OI00003657-2,ORD00003657,PROD00138,2,12060.91,3618.27,20503.55
OI00003657-3,ORD00003657,PROD00297,3,1594.03,717.31,4064.78
OI00003657-4,ORD00003657,PROD00230,1,8334.56,0.0,8334.56
OI00003658-1,ORD00003658,PROD00082,2,23934.46,0.0,47868.92
OI00003658-2,ORD00003658,PROD00292,3,21804.92,6541.48,58873.28
OI00003658-3,ORD00003658,PROD00258,4,17451.91,3490.38,66317.26
OI00003658-4,ORD00003658,PROD00319,1,339.48,33.95,305.53
OI00003658-5,ORD00003658,PROD00215,3,16801.23,5040.37,45363.32
OI00003659-1,ORD00003659,PROD00292,4,21804.92,0.0,87219.68
OI00003659-2,ORD00003659,PROD00180,2,5881.39,588.14,11174.64
OI00003659-3,ORD00003659,PROD00022,4,973.58,0.0,3894.32
OI00003660-1,ORD00003660,PROD00108,4,19693.27,0.0,78773.08
OI00003660-2,ORD00003660,PROD00057,2,634.37,126.87,1141.87
OI00003660-3,ORD00003660,PROD00274,4,2466.2,0.0,9864.8
OI00003661-1,ORD00003661,PROD00260,3,2962.43,444.36,8442.93
OI00003661-2,ORD00003661,PROD00192,3,5187.01,1556.1,14004.93
OI00003661-3,ORD00003661,PROD00253,1,23510.11,3526.52,19983.59
OI00003661-4,ORD00003661,PROD00027,4,12715.52,0.0,50862.08
OI00003661-5,ORD00003661,PROD00211,1,2911.33,0.0,2911.33
OI00003662-1,ORD00003662,PROD00323,3,10163.0,1524.45,28964.55
OI00003662-2,ORD00003662,PROD00023,1,5836.05,291.8,5544.25
OI00003662-3,ORD00003662,PROD00217,3,11079.35,3323.81,29914.24
OI00003662-4,ORD00003662,PROD00212,4,11560.86,2312.17,43931.27
OI00003662-5,ORD00003662,PROD00270,3,6520.83,0.0,19562.49
OI00003663-1,ORD00003663,PROD00108,1,19693.27,0.0,19693.27
OI00003663-2,ORD00003663,PROD00329,4,10605.13,0.0,42420.52
OI00003663-3,ORD00003663,PROD00314,2,8921.82,0.0,17843.64
OI00003663-4,ORD00003663,PROD00194,1,3968.03,0.0,3968.03
OI00003663-5,ORD00003663,PROD00278,4,20166.44,0.0,80665.76
OI00003664-1,ORD00003664,PROD00202,2,10405.57,1040.56,19770.58
OI00003664-2,ORD00003664,PROD00269,1,14198.95,2129.84,12069.11
OI00003665-1,ORD00003665,PROD00165,1,17905.46,895.27,17010.19
OI00003665-2,ORD00003665,PROD00146,4,8249.05,0.0,32996.2
OI00003665-3,ORD00003665,PROD00076,1,22512.17,0.0,22512.17
OI00003665-4,ORD00003665,PROD00212,3,11560.86,0.0,34682.58
OI00003666-1,ORD00003666,PROD00108,4,19693.27,0.0,78773.08
OI00003666-2,ORD00003666,PROD00283,1,5877.29,0.0,5877.29
OI00003666-3,ORD00003666,PROD00317,2,16337.28,4901.18,27773.38
OI00003666-4,ORD00003666,PROD00072,2,7657.87,0.0,15315.74
OI00003667-1,ORD00003667,PROD00305,2,17525.16,0.0,35050.32
OI00003667-2,ORD00003667,PROD00155,4,16388.99,6555.6,59000.36
OI00003667-3,ORD00003667,PROD00111,4,11594.18,6956.51,39420.21
OI00003667-4,ORD00003667,PROD00024,1,13853.73,0.0,13853.73
OI00003668-1,ORD00003668,PROD00112,4,17029.83,10217.9,57901.42
OI00003668-2,ORD00003668,PROD00242,3,23459.95,7037.99,63341.86
OI00003668-3,ORD00003668,PROD00004,1,7422.27,0.0,7422.27
OI00003668-4,ORD00003668,PROD00308,2,9807.02,1961.4,17652.64
OI00003668-5,ORD00003668,PROD00349,2,22965.12,4593.02,41337.22
OI00003669-1,ORD00003669,PROD00147,3,5524.18,828.63,15743.91
OI00003670-1,ORD00003670,PROD00152,1,5018.12,0.0,5018.12
OI00003670-2,ORD00003670,PROD00116,2,4303.4,860.68,7746.12
OI00003670-3,ORD00003670,PROD00069,2,17377.04,1737.7,33016.38
OI00003670-4,ORD00003670,PROD00297,4,1594.03,956.42,5419.7
OI00003671-1,ORD00003671,PROD00115,1,24607.38,0.0,24607.38
OI00003671-2,ORD00003671,PROD00281,1,16522.7,2478.41,14044.29
OI00003671-3,ORD00003671,PROD00010,2,4667.93,0.0,9335.86
OI00003671-4,ORD00003671,PROD00288,2,6121.73,0.0,12243.46
OI00003671-5,ORD00003671,PROD00223,4,14073.25,8443.95,47849.05
OI00003672-1,ORD00003672,PROD00146,4,8249.05,4949.43,28046.77
OI00003673-1,ORD00003673,PROD00045,3,3832.7,1149.81,10348.29
OI00003673-2,ORD00003673,PROD00056,1,5382.68,807.4,4575.28
OI00003673-3,ORD00003673,PROD00039,1,12707.28,635.36,12071.92
OI00003673-4,ORD00003673,PROD00313,3,23762.43,10693.09,60594.2
OI00003674-1,ORD00003674,PROD00252,3,21548.3,9696.74,54948.16
OI00003674-2,ORD00003674,PROD00347,2,11947.7,3584.31,20311.09
OI00003674-3,ORD00003674,PROD00333,2,15073.5,0.0,30147.0
OI00003674-4,ORD00003674,PROD00033,1,8958.24,1343.74,7614.5
OI00003674-5,ORD00003674,PROD00287,1,4242.92,0.0,4242.92
OI00003675-1,ORD00003675,PROD00335,4,11428.89,0.0,45715.56
OI00003675-2,ORD00003675,PROD00226,2,11496.46,0.0,22992.92
OI00003676-1,ORD00003676,PROD00105,3,8573.66,0.0,25720.98
OI00003676-2,ORD00003676,PROD00129,2,19114.26,0.0,38228.52
OI00003676-3,ORD00003676,PROD00128,4,20549.76,0.0,82199.04
OI00003676-4,ORD00003676,PROD00071,3,9271.17,2781.35,25032.16
OI00003676-5,ORD00003676,PROD00154,1,21079.89,1053.99,20025.9
OI00003677-1,ORD00003677,PROD00023,2,5836.05,0.0,11672.1
OI00003677-2,ORD00003677,PROD00299,2,2709.32,541.86,4876.78
OI00003677-3,ORD00003677,PROD00344,2,2433.74,0.0,4867.48
OI00003677-4,ORD00003677,PROD00029,1,19909.52,0.0,19909.52
OI00003678-1,ORD00003678,PROD00304,4,24529.51,9811.8,88306.24
OI00003678-2,ORD00003678,PROD00090,2,4577.37,0.0,9154.74
OI00003679-1,ORD00003679,PROD00165,4,17905.46,0.0,71621.84
OI00003680-1,ORD00003680,PROD00151,3,4900.37,0.0,14701.11
OI00003680-2,ORD00003680,PROD00281,4,16522.7,3304.54,62786.26
OI00003680-3,ORD00003680,PROD00222,4,18114.09,0.0,72456.36
OI00003680-4,ORD00003680,PROD00241,4,1662.19,997.31,5651.45
OI00003680-5,ORD00003680,PROD00274,4,2466.2,1479.72,8385.08
OI00003681-1,ORD00003681,PROD00253,3,23510.11,10579.55,59950.78
OI00003681-2,ORD00003681,PROD00280,1,11325.36,0.0,11325.36
OI00003681-3,ORD00003681,PROD00048,3,2165.22,0.0,6495.66
OI00003681-4,ORD00003681,PROD00025,1,12394.98,1239.5,11155.48
OI00003681-5,ORD00003681,PROD00077,3,19060.68,5718.2,51463.84
OI00003682-1,ORD00003682,PROD00246,4,2046.4,818.56,7367.04
OI00003683-1,ORD00003683,PROD00264,1,15922.7,0.0,15922.7
OI00003683-2,ORD00003683,PROD00159,4,24425.69,0.0,97702.76
OI00003683-3,ORD00003683,PROD00187,3,24432.22,3664.83,69631.83
OI00003683-4,ORD00003683,PROD00289,1,10900.59,0.0,10900.59
OI00003683-5,ORD00003683,PROD00023,3,5836.05,2626.22,14881.93
OI00003684-1,ORD00003684,PROD00133,2,10071.99,0.0,20143.98
OI00003685-1,ORD00003685,PROD00287,4,4242.92,0.0,16971.68
OI00003685-2,ORD00003685,PROD00065,4,11181.79,0.0,44727.16
OI00003685-3,ORD00003685,PROD00083,2,3051.07,915.32,5186.82
OI00003685-4,ORD00003685,PROD00268,3,17615.98,0.0,52847.94
OI00003686-1,ORD00003686,PROD00090,1,4577.37,0.0,4577.37
OI00003687-1,ORD00003687,PROD00110,3,9699.44,2909.83,26188.49
OI00003687-2,ORD00003687,PROD00072,2,7657.87,0.0,15315.74
OI00003688-1,ORD00003688,PROD00190,4,2376.38,0.0,9505.52
OI00003689-1,ORD00003689,PROD00136,1,14715.94,735.8,13980.14
OI00003690-1,ORD00003690,PROD00156,1,6041.74,906.26,5135.48
OI00003690-2,ORD00003690,PROD00332,2,966.51,0.0,1933.02
OI00003691-1,ORD00003691,PROD00120,2,21353.8,0.0,42707.6
OI00003691-2,ORD00003691,PROD00029,3,19909.52,0.0,59728.56
OI00003691-3,ORD00003691,PROD00112,1,17029.83,2554.47,14475.36
OI00003692-1,ORD00003692,PROD00180,2,5881.39,0.0,11762.78
OI00003692-2,ORD00003692,PROD00002,4,11732.07,0.0,46928.28
OI00003692-3,ORD00003692,PROD00309,2,2478.12,0.0,4956.24
OI00003692-4,ORD00003692,PROD00275,1,23306.6,3495.99,19810.61
OI00003692-5,ORD00003692,PROD00306,3,18198.52,5459.56,49136.0
OI00003693-1,ORD00003693,PROD00110,1,9699.44,0.0,9699.44
OI00003693-2,ORD00003693,PROD00315,2,14855.14,4456.54,25253.74
OI00003694-1,ORD00003694,PROD00175,1,18643.02,0.0,18643.02
OI00003694-2,ORD00003694,PROD00071,1,9271.17,1390.68,7880.49
OI00003694-3,ORD00003694,PROD00273,1,16836.47,0.0,16836.47
OI00003694-4,ORD00003694,PROD00098,3,24035.74,3605.36,68501.86
OI00003694-5,ORD00003694,PROD00346,2,8662.06,866.21,16457.91
OI00003695-1,ORD00003695,PROD00203,3,9647.39,0.0,28942.17
OI00003695-2,ORD00003695,PROD00280,2,11325.36,3397.61,19253.11
OI00003695-3,ORD00003695,PROD00190,1,2376.38,0.0,2376.38
OI00003696-1,ORD00003696,PROD00021,4,21222.98,8489.19,76402.73
OI00003696-2,ORD00003696,PROD00260,2,2962.43,0.0,5924.86
OI00003696-3,ORD00003696,PROD00010,1,4667.93,233.4,4434.53
OI00003697-1,ORD00003697,PROD00288,2,6121.73,0.0,12243.46
OI00003698-1,ORD00003698,PROD00104,2,15897.49,0.0,31794.98
OI00003698-2,ORD00003698,PROD00189,3,4749.05,0.0,14247.15
OI00003698-3,ORD00003698,PROD00334,2,1905.27,381.05,3429.49
OI00003698-4,ORD00003698,PROD00238,3,16218.76,0.0,48656.28
OI00003699-1,ORD00003699,PROD00193,1,9247.87,0.0,9247.87
OI00003699-2,ORD00003699,PROD00339,2,696.45,0.0,1392.9
OI00003699-3,ORD00003699,PROD00012,1,11531.07,0.0,11531.07
OI00003699-4,ORD00003699,PROD00069,3,17377.04,5213.11,46918.01
OI00003699-5,ORD00003699,PROD00102,4,7550.93,4530.56,25673.16
OI00003700-1,ORD00003700,PROD00095,2,13874.18,2774.84,24973.52
OI00003701-1,ORD00003701,PROD00331,4,15173.99,9104.39,51591.57
OI00003701-2,ORD00003701,PROD00265,3,18730.82,0.0,56192.46
OI00003701-3,ORD00003701,PROD00118,3,22031.03,0.0,66093.09
OI00003702-1,ORD00003702,PROD00326,3,13890.31,4167.09,37503.84
OI00003703-1,ORD00003703,PROD00147,4,5524.18,1104.84,20991.88
OI00003703-2,ORD00003703,PROD00333,2,15073.5,1507.35,28639.65
OI00003703-3,ORD00003703,PROD00330,4,16495.98,6598.39,59385.53
OI00003704-1,ORD00003704,PROD00188,4,24505.29,0.0,98021.16
OI00003705-1,ORD00003705,PROD00129,3,19114.26,5734.28,51608.5
OI00003705-2,ORD00003705,PROD00058,3,18176.41,5452.92,49076.31
OI00003706-1,ORD00003706,PROD00113,2,20219.94,6065.98,34373.9
OI00003706-2,ORD00003706,PROD00253,2,23510.11,0.0,47020.22
OI00003706-3,ORD00003706,PROD00135,1,8523.43,0.0,8523.43
OI00003707-1,ORD00003707,PROD00004,2,7422.27,1484.45,13360.09
OI00003708-1,ORD00003708,PROD00177,3,19263.4,5779.02,52011.18
OI00003708-2,ORD00003708,PROD00240,4,15221.18,0.0,60884.72
OI00003708-3,ORD00003708,PROD00037,4,17674.8,0.0,70699.2
OI00003708-4,ORD00003708,PROD00130,3,22922.02,10314.91,58451.15
OI00003709-1,ORD00003709,PROD00325,4,24143.74,0.0,96574.96
OI00003709-2,ORD00003709,PROD00182,1,5279.14,527.91,4751.23
OI00003709-3,ORD00003709,PROD00076,2,22512.17,4502.43,40521.91
OI00003710-1,ORD00003710,PROD00335,1,11428.89,1142.89,10286.0
OI00003710-2,ORD00003710,PROD00168,1,13786.27,689.31,13096.96
OI00003710-3,ORD00003710,PROD00116,2,4303.4,430.34,8176.46
OI00003710-4,ORD00003710,PROD00063,3,20579.93,3086.99,58652.8
OI00003711-1,ORD00003711,PROD00223,4,14073.25,0.0,56293.0
OI00003711-2,ORD00003711,PROD00324,4,1645.09,0.0,6580.36
OI00003711-3,ORD00003711,PROD00027,2,12715.52,0.0,25431.04
OI00003712-1,ORD00003712,PROD00313,3,23762.43,0.0,71287.29
OI00003712-2,ORD00003712,PROD00072,4,7657.87,4594.72,26036.76
OI00003712-3,ORD00003712,PROD00150,1,1889.59,0.0,1889.59
OI00003713-1,ORD00003713,PROD00135,3,8523.43,2557.03,23013.26
OI00003713-2,ORD00003713,PROD00026,2,4075.27,0.0,8150.54
OI00003714-1,ORD00003714,PROD00332,3,966.51,434.93,2464.6
OI00003714-2,ORD00003714,PROD00275,1,23306.6,0.0,23306.6
OI00003714-3,ORD00003714,PROD00350,1,17684.33,0.0,17684.33
OI00003715-1,ORD00003715,PROD00297,1,1594.03,159.4,1434.63
OI00003715-2,ORD00003715,PROD00294,3,20220.76,9099.34,51562.94
OI00003715-3,ORD00003715,PROD00144,4,4774.42,0.0,19097.68
OI00003716-1,ORD00003716,PROD00209,2,1876.23,0.0,3752.46
OI00003717-1,ORD00003717,PROD00225,2,4381.86,1314.56,7449.16
OI00003717-2,ORD00003717,PROD00127,4,21020.66,0.0,84082.64
OI00003717-3,ORD00003717,PROD00087,3,21498.23,0.0,64494.69
OI00003718-1,ORD00003718,PROD00136,1,14715.94,2207.39,12508.55
OI00003719-1,ORD00003719,PROD00231,3,1734.46,520.34,4683.04
OI00003720-1,ORD00003720,PROD00185,2,17159.78,3431.96,30887.6
OI00003720-2,ORD00003720,PROD00325,3,24143.74,10864.68,61566.54
OI00003720-3,ORD00003720,PROD00054,3,17451.9,0.0,52355.7
OI00003720-4,ORD00003720,PROD00304,1,24529.51,2452.95,22076.56
OI00003721-1,ORD00003721,PROD00192,4,5187.01,0.0,20748.04
OI00003721-2,ORD00003721,PROD00298,2,19293.46,0.0,38586.92
OI00003721-3,ORD00003721,PROD00010,4,4667.93,933.59,17738.13
OI00003722-1,ORD00003722,PROD00192,2,5187.01,518.7,9855.32
OI00003722-2,ORD00003722,PROD00058,2,18176.41,0.0,36352.82
OI00003723-1,ORD00003723,PROD00312,3,9087.53,2726.26,24536.33
OI00003724-1,ORD00003724,PROD00201,2,17522.9,0.0,35045.8
OI00003724-2,ORD00003724,PROD00123,1,4905.47,0.0,4905.47
OI00003724-3,ORD00003724,PROD00091,4,3604.39,0.0,14417.56
OI00003724-4,ORD00003724,PROD00164,4,12489.77,0.0,49959.08
OI00003724-5,ORD00003724,PROD00245,3,7169.55,3226.3,18282.35
OI00003725-1,ORD00003725,PROD00074,1,5428.76,271.44,5157.32
OI00003725-2,ORD00003725,PROD00009,2,15614.07,0.0,31228.14
OI00003725-3,ORD00003725,PROD00024,2,13853.73,2770.75,24936.71
OI00003726-1,ORD00003726,PROD00105,3,8573.66,2572.1,23148.88
OI00003726-2,ORD00003726,PROD00201,3,17522.9,2628.44,49940.26
OI00003726-3,ORD00003726,PROD00307,2,13721.18,0.0,27442.36
OI00003726-4,ORD00003726,PROD00113,3,20219.94,3032.99,57626.83
OI00003726-5,ORD00003726,PROD00084,1,6169.9,925.48,5244.42
OI00003727-1,ORD00003727,PROD00233,1,579.27,57.93,521.34
OI00003727-2,ORD00003727,PROD00276,2,9301.09,930.11,17672.07
OI00003727-3,ORD00003727,PROD00245,1,7169.55,0.0,7169.55
OI00003727-4,ORD00003727,PROD00107,4,10358.42,0.0,41433.68
OI00003728-1,ORD00003728,PROD00073,1,3596.39,539.46,3056.93
OI00003728-2,ORD00003728,PROD00330,4,16495.98,9897.59,56086.33
OI00003729-1,ORD00003729,PROD00246,2,2046.4,0.0,4092.8
OI00003729-2,ORD00003729,PROD00144,3,4774.42,0.0,14323.26
OI00003729-3,ORD00003729,PROD00115,4,24607.38,14764.43,83665.09
OI00003729-4,ORD00003729,PROD00199,4,13170.12,5268.05,47412.43
OI00003730-1,ORD00003730,PROD00126,4,12025.16,7215.1,40885.54
OI00003730-2,ORD00003730,PROD00026,4,4075.27,0.0,16301.08
OI00003730-3,ORD00003730,PROD00020,1,1320.51,66.03,1254.48
OI00003731-1,ORD00003731,PROD00298,1,19293.46,964.67,18328.79
OI00003731-2,ORD00003731,PROD00257,4,18404.82,0.0,73619.28
OI00003731-3,ORD00003731,PROD00341,3,22735.67,3410.35,64796.66
OI00003731-4,ORD00003731,PROD00114,2,7054.87,0.0,14109.74
OI00003731-5,ORD00003731,PROD00056,4,5382.68,2153.07,19377.65
OI00003732-1,ORD00003732,PROD00270,4,6520.83,1304.17,24779.15
OI00003732-2,ORD00003732,PROD00113,3,20219.94,9098.97,51560.85
OI00003732-3,ORD00003732,PROD00345,1,15206.3,0.0,15206.3
OI00003732-4,ORD00003732,PROD00181,4,8549.46,0.0,34197.84
OI00003732-5,ORD00003732,PROD00154,3,21079.89,3161.98,60077.69
OI00003733-1,ORD00003733,PROD00316,3,3014.12,452.12,8590.24
OI00003733-2,ORD00003733,PROD00341,2,22735.67,4547.13,40924.21
OI00003733-3,ORD00003733,PROD00120,4,21353.8,12812.28,72602.92
OI00003733-4,ORD00003733,PROD00051,4,10511.67,2102.33,39944.35
OI00003734-1,ORD00003734,PROD00292,4,21804.92,8721.97,78497.71
OI00003734-2,ORD00003734,PROD00197,2,14707.92,4412.38,25003.46
OI00003735-1,ORD00003735,PROD00198,2,235.71,0.0,471.42
OI00003735-2,ORD00003735,PROD00066,4,21806.77,0.0,87227.08
OI00003735-3,ORD00003735,PROD00207,1,1959.51,0.0,1959.51
OI00003735-4,ORD00003735,PROD00232,3,12800.1,0.0,38400.3
OI00003736-1,ORD00003736,PROD00262,2,20752.25,4150.45,37354.05
OI00003736-2,ORD00003736,PROD00294,1,20220.76,0.0,20220.76
OI00003737-1,ORD00003737,PROD00003,4,24605.45,9842.18,88579.62
OI00003737-2,ORD00003737,PROD00007,4,18525.88,3705.18,70398.34
OI00003738-1,ORD00003738,PROD00036,4,19263.87,3852.77,73202.71
OI00003738-2,ORD00003738,PROD00134,1,11362.61,0.0,11362.61
OI00003738-3,ORD00003738,PROD00283,1,5877.29,0.0,5877.29
OI00003738-4,ORD00003738,PROD00288,1,6121.73,0.0,6121.73
OI00003739-1,ORD00003739,PROD00043,4,20878.59,0.0,83514.36
OI00003739-2,ORD00003739,PROD00048,4,2165.22,1299.13,7361.75
OI00003739-3,ORD00003739,PROD00185,4,17159.78,3431.96,65207.16
OI00003739-4,ORD00003739,PROD00210,2,18661.64,1866.16,35457.12
OI00003740-1,ORD00003740,PROD00272,2,6955.22,0.0,13910.44
OI00003740-2,ORD00003740,PROD00293,2,9456.41,0.0,18912.82
OI00003740-3,ORD00003740,PROD00345,3,15206.3,0.0,45618.9
OI00003740-4,ORD00003740,PROD00319,1,339.48,0.0,339.48
OI00003740-5,ORD00003740,PROD00203,1,9647.39,482.37,9165.02
OI00003741-1,ORD00003741,PROD00152,2,5018.12,501.81,9534.43
OI00003741-2,ORD00003741,PROD00108,3,19693.27,5907.98,53171.83
OI00003741-3,ORD00003741,PROD00284,3,10726.51,0.0,32179.53
OI00003741-4,ORD00003741,PROD00348,4,16456.2,0.0,65824.8
OI00003742-1,ORD00003742,PROD00069,4,17377.04,0.0,69508.16
OI00003742-2,ORD00003742,PROD00199,3,13170.12,0.0,39510.36
OI00003742-3,ORD00003742,PROD00301,4,15056.56,3011.31,57214.93
OI00003742-4,ORD00003742,PROD00305,3,17525.16,2628.77,49946.71
OI00003742-5,ORD00003742,PROD00057,1,634.37,95.16,539.21
OI00003743-1,ORD00003743,PROD00024,1,13853.73,0.0,13853.73
OI00003744-1,ORD00003744,PROD00027,2,12715.52,0.0,25431.04
OI00003745-1,ORD00003745,PROD00112,2,17029.83,0.0,34059.66
OI00003745-2,ORD00003745,PROD00128,3,20549.76,0.0,61649.28
OI00003746-1,ORD00003746,PROD00134,3,11362.61,5113.17,28974.66
OI00003746-2,ORD00003746,PROD00206,2,22722.97,6816.89,38629.05
OI00003747-1,ORD00003747,PROD00296,3,3229.07,0.0,9687.21
OI00003748-1,ORD00003748,PROD00082,3,23934.46,10770.51,61032.87
OI00003748-2,ORD00003748,PROD00161,1,15755.01,787.75,14967.26
OI00003748-3,ORD00003748,PROD00200,3,18445.4,2766.81,52569.39
OI00003749-1,ORD00003749,PROD00014,2,2236.5,223.65,4249.35
OI00003749-2,ORD00003749,PROD00076,4,22512.17,0.0,90048.68
OI00003749-3,ORD00003749,PROD00347,4,11947.7,0.0,47790.8
OI00003750-1,ORD00003750,PROD00208,1,11300.85,0.0,11300.85
OI00003751-1,ORD00003751,PROD00296,3,3229.07,484.36,9202.85
OI00003751-2,ORD00003751,PROD00021,1,21222.98,1061.15,20161.83
OI00003751-3,ORD00003751,PROD00307,1,13721.18,1372.12,12349.06
OI00003751-4,ORD00003751,PROD00290,2,19169.41,0.0,38338.82
OI00003751-5,ORD00003751,PROD00242,1,23459.95,0.0,23459.95
OI00003752-1,ORD00003752,PROD00115,4,24607.38,0.0,98429.52
OI00003753-1,ORD00003753,PROD00264,3,15922.7,4776.81,42991.29
OI00003753-2,ORD00003753,PROD00014,2,2236.5,447.3,4025.7
OI00003753-3,ORD00003753,PROD00052,2,22735.31,6820.59,38650.03
OI00003753-4,ORD00003753,PROD00236,4,23089.06,9235.62,83120.62
OI00003754-1,ORD00003754,PROD00039,3,12707.28,0.0,38121.84
OI00003754-2,ORD00003754,PROD00129,2,19114.26,3822.85,34405.67
OI00003754-3,ORD00003754,PROD00232,1,12800.1,0.0,12800.1
OI00003755-1,ORD00003755,PROD00002,1,11732.07,0.0,11732.07
OI00003755-2,ORD00003755,PROD00047,3,23596.32,10618.34,60170.62
OI00003755-3,ORD00003755,PROD00100,2,14966.8,4490.04,25443.56
OI00003755-4,ORD00003755,PROD00214,3,4472.05,2012.42,11403.73
OI00003755-5,ORD00003755,PROD00155,1,16388.99,0.0,16388.99
OI00003756-1,ORD00003756,PROD00350,4,17684.33,0.0,70737.32
OI00003757-1,ORD00003757,PROD00288,4,6121.73,2448.69,22038.23
OI00003757-2,ORD00003757,PROD00035,2,14071.44,0.0,28142.88
OI00003757-3,ORD00003757,PROD00086,1,21556.26,0.0,21556.26
OI00003758-1,ORD00003758,PROD00113,2,20219.94,6065.98,34373.9
OI00003758-2,ORD00003758,PROD00163,1,4227.47,634.12,3593.35
OI00003758-3,ORD00003758,PROD00322,3,14307.01,0.0,42921.03
OI00003758-4,ORD00003758,PROD00171,4,6861.84,0.0,27447.36
OI00003759-1,ORD00003759,PROD00060,4,7484.13,2993.65,26942.87
OI00003759-2,ORD00003759,PROD00079,3,9711.52,1456.73,27677.83
OI00003760-1,ORD00003760,PROD00326,2,13890.31,4167.09,23613.53
OI00003760-2,ORD00003760,PROD00020,1,1320.51,0.0,1320.51
OI00003760-3,ORD00003760,PROD00197,3,14707.92,0.0,44123.76
OI00003761-1,ORD00003761,PROD00290,4,19169.41,0.0,76677.64
OI00003761-2,ORD00003761,PROD00135,1,8523.43,0.0,8523.43
OI00003761-3,ORD00003761,PROD00094,4,1683.18,0.0,6732.72
OI00003761-4,ORD00003761,PROD00003,1,24605.45,0.0,24605.45
OI00003762-1,ORD00003762,PROD00303,2,15795.37,0.0,31590.74
OI00003763-1,ORD00003763,PROD00022,2,973.58,292.07,1655.09
OI00003763-2,ORD00003763,PROD00264,4,15922.7,0.0,63690.8
OI00003763-3,ORD00003763,PROD00255,2,4895.99,979.2,8812.78
OI00003764-1,ORD00003764,PROD00097,3,19582.9,0.0,58748.7
OI00003764-2,ORD00003764,PROD00064,2,2094.58,418.92,3770.24
OI00003764-3,ORD00003764,PROD00190,1,2376.38,237.64,2138.74
OI00003764-4,ORD00003764,PROD00227,2,1146.28,229.26,2063.3
OI00003765-1,ORD00003765,PROD00062,4,17873.06,0.0,71492.24
OI00003765-2,ORD00003765,PROD00331,2,15173.99,1517.4,28830.58
OI00003766-1,ORD00003766,PROD00215,3,16801.23,7560.55,42843.14
OI00003766-2,ORD00003766,PROD00201,1,17522.9,0.0,17522.9
OI00003766-3,ORD00003766,PROD00272,1,6955.22,347.76,6607.46
OI00003766-4,ORD00003766,PROD00311,3,22435.59,0.0,67306.77
OI00003767-1,ORD00003767,PROD00170,2,11306.22,0.0,22612.44
OI00003767-2,ORD00003767,PROD00204,1,17481.19,0.0,17481.19
OI00003767-3,ORD00003767,PROD00196,4,10833.41,2166.68,41166.96
OI00003767-4,ORD00003767,PROD00284,3,10726.51,3217.95,28961.58
OI00003767-5,ORD00003767,PROD00228,1,24578.41,0.0,24578.41
OI00003768-1,ORD00003768,PROD00267,1,16380.3,0.0,16380.3
OI00003768-2,ORD00003768,PROD00139,2,1559.26,0.0,3118.52
OI00003768-3,ORD00003768,PROD00283,3,5877.29,2644.78,14987.09
OI00003768-4,ORD00003768,PROD00093,3,23736.46,3560.47,67648.91
OI00003768-5,ORD00003768,PROD00318,4,21629.15,0.0,86516.6
OI00003769-1,ORD00003769,PROD00166,3,5219.63,1565.89,14093.0
OI00003769-2,ORD00003769,PROD00266,3,20418.91,6125.67,55131.06
OI00003769-3,ORD00003769,PROD00264,1,15922.7,796.14,15126.56
OI00003770-1,ORD00003770,PROD00244,3,18055.76,5416.73,48750.55
OI00003770-2,ORD00003770,PROD00328,3,24499.21,0.0,73497.63
OI00003770-3,ORD00003770,PROD00001,4,23270.16,0.0,93080.64
OI00003770-4,ORD00003770,PROD00075,4,1735.74,694.3,6248.66
OI00003770-5,ORD00003770,PROD00018,3,22565.26,6769.58,60926.2
OI00003771-1,ORD00003771,PROD00270,1,6520.83,0.0,6520.83
OI00003771-2,ORD00003771,PROD00001,4,23270.16,4654.03,88426.61
OI00003771-3,ORD00003771,PROD00256,2,15892.74,0.0,31785.48
OI00003771-4,ORD00003771,PROD00273,1,16836.47,0.0,16836.47
OI00003771-5,ORD00003771,PROD00118,1,22031.03,0.0,22031.03
OI00003772-1,ORD00003772,PROD00230,1,8334.56,0.0,8334.56
OI00003772-2,ORD00003772,PROD00073,4,3596.39,1438.56,12947.0
OI00003772-3,ORD00003772,PROD00070,3,23046.35,0.0,69139.05
OI00003772-4,ORD00003772,PROD00277,3,16643.7,0.0,49931.1
OI00003773-1,ORD00003773,PROD00128,2,20549.76,6164.93,34934.59
OI00003773-2,ORD00003773,PROD00184,3,20269.51,9121.28,51687.25
OI00003774-1,ORD00003774,PROD00091,2,3604.39,0.0,7208.78
OI00003774-2,ORD00003774,PROD00066,1,21806.77,0.0,21806.77
OI00003774-3,ORD00003774,PROD00167,3,7684.68,3458.11,19595.93
OI00003775-1,ORD00003775,PROD00209,1,1876.23,0.0,1876.23
OI00003775-2,ORD00003775,PROD00348,1,16456.2,822.81,15633.39
OI00003775-3,ORD00003775,PROD00274,1,2466.2,0.0,2466.2
OI00003776-1,ORD00003776,PROD00251,2,17885.84,0.0,35771.68
OI00003776-2,ORD00003776,PROD00318,3,21629.15,0.0,64887.45
OI00003776-3,ORD00003776,PROD00156,4,6041.74,0.0,24166.96
OI00003776-4,ORD00003776,PROD00229,2,6335.91,633.59,12038.23
OI00003776-5,ORD00003776,PROD00089,1,7704.52,0.0,7704.52
OI00003777-1,ORD00003777,PROD00011,1,13382.68,0.0,13382.68
OI00003777-2,ORD00003777,PROD00039,4,12707.28,5082.91,45746.21
OI00003777-3,ORD00003777,PROD00176,4,24960.21,14976.13,84864.71
OI00003778-1,ORD00003778,PROD00187,1,24432.22,0.0,24432.22
OI00003778-2,ORD00003778,PROD00081,1,14048.06,0.0,14048.06
OI00003778-3,ORD00003778,PROD00123,1,4905.47,0.0,4905.47
OI00003779-1,ORD00003779,PROD00177,4,19263.4,0.0,77053.6
OI00003779-2,ORD00003779,PROD00205,2,22069.77,2206.98,41932.56
OI00003779-3,ORD00003779,PROD00124,2,24453.49,0.0,48906.98
OI00003779-4,ORD00003779,PROD00018,3,22565.26,6769.58,60926.2
OI00003780-1,ORD00003780,PROD00297,1,1594.03,239.1,1354.93
OI00003780-2,ORD00003780,PROD00269,4,14198.95,0.0,56795.8
OI00003780-3,ORD00003780,PROD00035,3,14071.44,2110.72,40103.6
OI00003780-4,ORD00003780,PROD00058,4,18176.41,0.0,72705.64
OI00003780-5,ORD00003780,PROD00322,2,14307.01,1430.7,27183.32
OI00003781-1,ORD00003781,PROD00046,3,20054.13,9024.36,51138.03
OI00003781-2,ORD00003781,PROD00199,3,13170.12,0.0,39510.36
OI00003782-1,ORD00003782,PROD00073,3,3596.39,1618.38,9170.79
OI00003782-2,ORD00003782,PROD00102,4,7550.93,3020.37,27183.35
OI00003783-1,ORD00003783,PROD00128,4,20549.76,0.0,82199.04
OI00003783-2,ORD00003783,PROD00131,2,1596.96,319.39,2874.53
OI00003784-1,ORD00003784,PROD00202,1,10405.57,1040.56,9365.01
OI00003785-1,ORD00003785,PROD00077,4,19060.68,0.0,76242.72
OI00003785-2,ORD00003785,PROD00190,1,2376.38,0.0,2376.38
OI00003785-3,ORD00003785,PROD00209,3,1876.23,844.3,4784.39
OI00003785-4,ORD00003785,PROD00269,2,14198.95,1419.9,26978.0
OI00003785-5,ORD00003785,PROD00043,4,20878.59,12527.15,70987.21
OI00003786-1,ORD00003786,PROD00346,1,8662.06,0.0,8662.06
OI00003786-2,ORD00003786,PROD00174,1,13673.35,0.0,13673.35
OI00003786-3,ORD00003786,PROD00164,4,12489.77,0.0,49959.08
OI00003786-4,ORD00003786,PROD00043,4,20878.59,0.0,83514.36
OI00003786-5,ORD00003786,PROD00244,4,18055.76,0.0,72223.04
OI00003787-1,ORD00003787,PROD00148,2,15616.8,4685.04,26548.56
OI00003788-1,ORD00003788,PROD00029,3,19909.52,2986.43,56742.13
OI00003788-2,ORD00003788,PROD00153,2,8528.45,0.0,17056.9
OI00003788-3,ORD00003788,PROD00014,4,2236.5,0.0,8946.0
OI00003788-4,ORD00003788,PROD00157,4,21965.78,4393.16,83469.96
OI00003789-1,ORD00003789,PROD00316,4,3014.12,1205.65,10850.83
OI00003789-2,ORD00003789,PROD00108,4,19693.27,0.0,78773.08
OI00003790-1,ORD00003790,PROD00242,4,23459.95,0.0,93839.8
OI00003790-2,ORD00003790,PROD00157,2,21965.78,0.0,43931.56
OI00003790-3,ORD00003790,PROD00087,4,21498.23,8599.29,77393.63
OI00003790-4,ORD00003790,PROD00160,1,21368.16,0.0,21368.16
OI00003791-1,ORD00003791,PROD00075,4,1735.74,0.0,6942.96
OI00003791-2,ORD00003791,PROD00082,3,23934.46,10770.51,61032.87
OI00003791-3,ORD00003791,PROD00299,4,2709.32,541.86,10295.42
OI00003791-4,ORD00003791,PROD00312,3,9087.53,4089.39,23173.2
OI00003791-5,ORD00003791,PROD00259,1,6394.49,639.45,5755.04
OI00003792-1,ORD00003792,PROD00178,4,20555.44,0.0,82221.76
OI00003792-2,ORD00003792,PROD00006,3,8918.67,0.0,26756.01
OI00003792-3,ORD00003792,PROD00287,4,4242.92,848.58,16123.1
OI00003792-4,ORD00003792,PROD00097,2,19582.9,0.0,39165.8
OI00003793-1,ORD00003793,PROD00194,2,3968.03,0.0,7936.06
OI00003794-1,ORD00003794,PROD00100,4,14966.8,0.0,59867.2
OI00003794-2,ORD00003794,PROD00036,2,19263.87,0.0,38527.74
OI00003794-3,ORD00003794,PROD00173,3,19657.54,0.0,58972.62
OI00003794-4,ORD00003794,PROD00182,2,5279.14,1055.83,9502.45
OI00003794-5,ORD00003794,PROD00014,4,2236.5,894.6,8051.4
OI00003795-1,ORD00003795,PROD00298,4,19293.46,0.0,77173.84
OI00003795-2,ORD00003795,PROD00009,2,15614.07,4684.22,26543.92
OI00003795-3,ORD00003795,PROD00123,2,4905.47,490.55,9320.39
OI00003795-4,ORD00003795,PROD00065,4,11181.79,0.0,44727.16
OI00003796-1,ORD00003796,PROD00277,3,16643.7,2496.56,47434.54
OI00003796-2,ORD00003796,PROD00071,2,9271.17,0.0,18542.34
OI00003796-3,ORD00003796,PROD00151,2,4900.37,0.0,9800.74
OI00003796-4,ORD00003796,PROD00333,1,15073.5,0.0,15073.5
OI00003797-1,ORD00003797,PROD00213,2,11796.15,3538.84,20053.46
OI00003797-2,ORD00003797,PROD00283,3,5877.29,1763.19,15868.68
OI00003797-3,ORD00003797,PROD00187,2,24432.22,0.0,48864.44
OI00003797-4,ORD00003797,PROD00025,3,12394.98,0.0,37184.94
OI00003797-5,ORD00003797,PROD00030,3,7097.31,0.0,21291.93
OI00003798-1,ORD00003798,PROD00007,3,18525.88,5557.76,50019.88
OI00003798-2,ORD00003798,PROD00263,1,14672.69,1467.27,13205.42
OI00003798-3,ORD00003798,PROD00162,2,5270.48,1581.14,8959.82
OI00003798-4,ORD00003798,PROD00134,2,11362.61,2272.52,20452.7
OI00003799-1,ORD00003799,PROD00084,2,6169.9,0.0,12339.8
OI00003799-2,ORD00003799,PROD00251,1,17885.84,0.0,17885.84
OI00003800-1,ORD00003800,PROD00341,1,22735.67,0.0,22735.67
OI00003800-2,ORD00003800,PROD00276,2,9301.09,1860.22,16741.96
OI00003800-3,ORD00003800,PROD00048,3,2165.22,649.57,5846.09
OI00003800-4,ORD00003800,PROD00260,4,2962.43,0.0,11849.72
OI00003801-1,ORD00003801,PROD00133,2,10071.99,1007.2,19136.78
OI00003801-2,ORD00003801,PROD00045,1,3832.7,0.0,3832.7
OI00003801-3,ORD00003801,PROD00124,2,24453.49,0.0,48906.98
OI00003802-1,ORD00003802,PROD00239,3,6094.11,0.0,18282.33
OI00003802-2,ORD00003802,PROD00027,2,12715.52,0.0,25431.04
OI00003802-3,ORD00003802,PROD00330,2,16495.98,1649.6,31342.36
OI00003803-1,ORD00003803,PROD00056,3,5382.68,0.0,16148.04
OI00003804-1,ORD00003804,PROD00158,1,4832.45,0.0,4832.45
OI00003804-2,ORD00003804,PROD00225,4,4381.86,876.37,16651.07
OI00003804-3,ORD00003804,PROD00214,1,4472.05,670.81,3801.24
OI00003804-4,ORD00003804,PROD00039,4,12707.28,5082.91,45746.21
OI00003805-1,ORD00003805,PROD00117,1,1680.75,84.04,1596.71
OI00003805-2,ORD00003805,PROD00150,1,1889.59,0.0,1889.59
OI00003805-3,ORD00003805,PROD00234,4,18943.28,11365.97,64407.15
OI00003805-4,ORD00003805,PROD00069,4,17377.04,0.0,69508.16
OI00003806-1,ORD00003806,PROD00157,4,21965.78,0.0,87863.12
OI00003806-2,ORD00003806,PROD00079,1,9711.52,485.58,9225.94
OI00003806-3,ORD00003806,PROD00150,3,1889.59,850.32,4818.45
OI00003806-4,ORD00003806,PROD00201,3,17522.9,5256.87,47311.83
OI00003806-5,ORD00003806,PROD00298,3,19293.46,0.0,57880.38
OI00003807-1,ORD00003807,PROD00286,1,3240.14,486.02,2754.12
OI00003807-2,ORD00003807,PROD00201,3,17522.9,0.0,52568.7
OI00003808-1,ORD00003808,PROD00233,2,579.27,115.85,1042.69
OI00003808-2,ORD00003808,PROD00034,3,20180.05,9081.02,51459.13
OI00003808-3,ORD00003808,PROD00218,4,9795.93,3918.37,35265.35
OI00003809-1,ORD00003809,PROD00043,2,20878.59,6263.58,35493.6
OI00003809-2,ORD00003809,PROD00011,2,13382.68,4014.8,22750.56
OI00003809-3,ORD00003809,PROD00117,2,1680.75,168.08,3193.42
OI00003809-4,ORD00003809,PROD00207,2,1959.51,391.9,3527.12
OI00003810-1,ORD00003810,PROD00231,4,1734.46,693.78,6244.06
OI00003810-2,ORD00003810,PROD00238,4,16218.76,0.0,64875.04
OI00003810-3,ORD00003810,PROD00299,4,2709.32,0.0,10837.28
OI00003810-4,ORD00003810,PROD00256,1,15892.74,1589.27,14303.47
OI00003810-5,ORD00003810,PROD00042,4,3118.44,0.0,12473.76
OI00003811-1,ORD00003811,PROD00328,4,24499.21,14699.53,83297.31
OI00003811-2,ORD00003811,PROD00177,1,19263.4,0.0,19263.4
OI00003811-3,ORD00003811,PROD00249,3,13843.66,2076.55,39454.43
OI00003811-4,ORD00003811,PROD00112,3,17029.83,0.0,51089.49
OI00003811-5,ORD00003811,PROD00030,4,7097.31,0.0,28389.24
OI00003812-1,ORD00003812,PROD00094,4,1683.18,673.27,6059.45
OI00003812-2,ORD00003812,PROD00213,4,11796.15,2359.23,44825.37
OI00003812-3,ORD00003812,PROD00084,4,6169.9,2467.96,22211.64
OI00003812-4,ORD00003812,PROD00123,2,4905.47,0.0,9810.94
OI00003813-1,ORD00003813,PROD00212,2,11560.86,0.0,23121.72
OI00003813-2,ORD00003813,PROD00100,4,14966.8,5986.72,53880.48
OI00003813-3,ORD00003813,PROD00257,1,18404.82,0.0,18404.82
OI00003813-4,ORD00003813,PROD00024,1,13853.73,692.69,13161.04
OI00003813-5,ORD00003813,PROD00243,4,5945.94,0.0,23783.76
OI00003814-1,ORD00003814,PROD00045,3,3832.7,1724.71,9773.39
OI00003814-2,ORD00003814,PROD00240,1,15221.18,0.0,15221.18
OI00003814-3,ORD00003814,PROD00081,2,14048.06,4214.42,23881.7
OI00003814-4,ORD00003814,PROD00301,3,15056.56,6775.45,38394.23
OI00003814-5,ORD00003814,PROD00183,3,14458.84,0.0,43376.52
OI00003815-1,ORD00003815,PROD00180,1,5881.39,0.0,5881.39
OI00003816-1,ORD00003816,PROD00026,1,4075.27,0.0,4075.27
OI00003816-2,ORD00003816,PROD00168,3,13786.27,2067.94,39290.87
OI00003817-1,ORD00003817,PROD00078,2,3767.12,1130.14,6404.1
OI00003817-2,ORD00003817,PROD00027,1,12715.52,635.78,12079.74
OI00003818-1,ORD00003818,PROD00140,2,14612.46,4383.74,24841.18
OI00003818-2,ORD00003818,PROD00029,1,19909.52,1990.95,17918.57
OI00003818-3,ORD00003818,PROD00338,1,10521.18,0.0,10521.18
OI00003819-1,ORD00003819,PROD00240,2,15221.18,0.0,30442.36
OI00003819-2,ORD00003819,PROD00256,1,15892.74,0.0,15892.74
OI00003819-3,ORD00003819,PROD00220,4,5039.64,2015.86,18142.7
OI00003819-4,ORD00003819,PROD00242,1,23459.95,3518.99,19940.96
OI00003819-5,ORD00003819,PROD00344,1,2433.74,121.69,2312.05
OI00003820-1,ORD00003820,PROD00248,1,544.29,0.0,544.29
OI00003820-2,ORD00003820,PROD00121,1,17020.33,0.0,17020.33
OI00003820-3,ORD00003820,PROD00200,3,18445.4,5533.62,49802.58
OI00003820-4,ORD00003820,PROD00116,4,4303.4,0.0,17213.6
OI00003821-1,ORD00003821,PROD00280,1,11325.36,0.0,11325.36
OI00003821-2,ORD00003821,PROD00217,4,11079.35,6647.61,37669.79
OI00003821-3,ORD00003821,PROD00084,2,6169.9,0.0,12339.8
OI00003822-1,ORD00003822,PROD00011,3,13382.68,0.0,40148.04
OI00003822-2,ORD00003822,PROD00293,4,9456.41,0.0,37825.64
OI00003823-1,ORD00003823,PROD00272,1,6955.22,1043.28,5911.94
OI00003823-2,ORD00003823,PROD00137,4,22614.03,0.0,90456.12
OI00003823-3,ORD00003823,PROD00345,2,15206.3,0.0,30412.6
OI00003824-1,ORD00003824,PROD00107,3,10358.42,0.0,31075.26
OI00003824-2,ORD00003824,PROD00146,1,8249.05,1237.36,7011.69
OI00003824-3,ORD00003824,PROD00240,3,15221.18,2283.18,43380.36
OI00003825-1,ORD00003825,PROD00114,2,7054.87,0.0,14109.74
OI00003826-1,ORD00003826,PROD00248,4,544.29,0.0,2177.16
OI00003826-2,ORD00003826,PROD00021,2,21222.98,0.0,42445.96
OI00003826-3,ORD00003826,PROD00053,4,17522.36,0.0,70089.44
OI00003826-4,ORD00003826,PROD00258,1,17451.91,1745.19,15706.72
OI00003826-5,ORD00003826,PROD00236,2,23089.06,2308.91,43869.21
OI00003827-1,ORD00003827,PROD00115,2,24607.38,7382.21,41832.55
OI00003827-2,ORD00003827,PROD00032,1,7626.11,0.0,7626.11
OI00003827-3,ORD00003827,PROD00175,1,18643.02,932.15,17710.87
OI00003827-4,ORD00003827,PROD00341,4,22735.67,0.0,90942.68
OI00003827-5,ORD00003827,PROD00308,1,9807.02,980.7,8826.32
OI00003828-1,ORD00003828,PROD00045,3,3832.7,1149.81,10348.29
OI00003829-1,ORD00003829,PROD00282,4,15862.74,3172.55,60278.41
OI00003830-1,ORD00003830,PROD00081,4,14048.06,0.0,56192.24
OI00003831-1,ORD00003831,PROD00347,3,11947.7,3584.31,32258.79
OI00003832-1,ORD00003832,PROD00139,3,1559.26,0.0,4677.78
OI00003832-2,ORD00003832,PROD00015,4,21482.35,4296.47,81632.93
OI00003833-1,ORD00003833,PROD00069,1,17377.04,1737.7,15639.34
OI00003833-2,ORD00003833,PROD00252,4,21548.3,12928.98,73264.22
OI00003834-1,ORD00003834,PROD00087,3,21498.23,0.0,64494.69
OI00003834-2,ORD00003834,PROD00302,1,7756.84,0.0,7756.84
OI00003834-3,ORD00003834,PROD00113,2,20219.94,0.0,40439.88
OI00003834-4,ORD00003834,PROD00059,4,15693.39,0.0,62773.56
OI00003834-5,ORD00003834,PROD00144,3,4774.42,716.16,13607.1
OI00003835-1,ORD00003835,PROD00327,1,16333.38,1633.34,14700.04
OI00003835-2,ORD00003835,PROD00212,1,11560.86,578.04,10982.82
OI00003835-3,ORD00003835,PROD00263,1,14672.69,1467.27,13205.42
OI00003835-4,ORD00003835,PROD00254,1,10249.25,0.0,10249.25
OI00003835-5,ORD00003835,PROD00175,2,18643.02,3728.6,33557.44
OI00003836-1,ORD00003836,PROD00031,3,5027.13,754.07,14327.32
OI00003836-2,ORD00003836,PROD00031,2,5027.13,502.71,9551.55
OI00003837-1,ORD00003837,PROD00253,2,23510.11,2351.01,44669.21
OI00003838-1,ORD00003838,PROD00316,1,3014.12,0.0,3014.12
OI00003838-2,ORD00003838,PROD00225,2,4381.86,0.0,8763.72
OI00003838-3,ORD00003838,PROD00333,2,15073.5,1507.35,28639.65
OI00003838-4,ORD00003838,PROD00027,2,12715.52,3814.66,21616.38
OI00003838-5,ORD00003838,PROD00221,1,17014.99,850.75,16164.24
OI00003839-1,ORD00003839,PROD00028,2,3322.41,0.0,6644.82
OI00003839-2,ORD00003839,PROD00150,1,1889.59,0.0,1889.59
OI00003839-3,ORD00003839,PROD00085,4,20182.68,0.0,80730.72
OI00003839-4,ORD00003839,PROD00050,1,22567.65,2256.77,20310.88
OI00003840-1,ORD00003840,PROD00297,1,1594.03,0.0,1594.03
OI00003841-1,ORD00003841,PROD00035,3,14071.44,0.0,42214.32
OI00003841-2,ORD00003841,PROD00047,1,23596.32,3539.45,20056.87
OI00003841-3,ORD00003841,PROD00265,2,18730.82,0.0,37461.64
OI00003842-1,ORD00003842,PROD00074,4,5428.76,0.0,21715.04
OI00003842-2,ORD00003842,PROD00271,4,21715.63,4343.13,82519.39
OI00003842-3,ORD00003842,PROD00038,2,19552.23,5865.67,33238.79
OI00003842-4,ORD00003842,PROD00021,3,21222.98,0.0,63668.94
OI00003843-1,ORD00003843,PROD00004,1,7422.27,1113.34,6308.93
OI00003843-2,ORD00003843,PROD00248,4,544.29,217.72,1959.44
OI00003843-3,ORD00003843,PROD00219,3,19321.62,0.0,57964.86
OI00003843-4,ORD00003843,PROD00236,4,23089.06,13853.44,78502.8
OI00003843-5,ORD00003843,PROD00018,4,22565.26,9026.1,81234.94
OI00003844-1,ORD00003844,PROD00317,1,16337.28,0.0,16337.28
OI00003844-2,ORD00003844,PROD00269,3,14198.95,0.0,42596.85
OI00003844-3,ORD00003844,PROD00035,2,14071.44,0.0,28142.88
OI00003844-4,ORD00003844,PROD00236,3,23089.06,0.0,69267.18
OI00003844-5,ORD00003844,PROD00276,3,9301.09,4185.49,23717.78
OI00003845-1,ORD00003845,PROD00106,3,16178.76,0.0,48536.28
OI00003845-2,ORD00003845,PROD00022,2,973.58,0.0,1947.16
OI00003846-1,ORD00003846,PROD00311,2,22435.59,6730.68,38140.5
OI00003846-2,ORD00003846,PROD00053,4,17522.36,0.0,70089.44
OI00003846-3,ORD00003846,PROD00001,4,23270.16,0.0,93080.64
OI00003846-4,ORD00003846,PROD00275,3,23306.6,0.0,69919.8
OI00003846-5,ORD00003846,PROD00042,3,3118.44,935.53,8419.79
OI00003847-1,ORD00003847,PROD00230,2,8334.56,0.0,16669.12
OI00003847-2,ORD00003847,PROD00129,4,19114.26,3822.85,72634.19
OI00003847-3,ORD00003847,PROD00256,3,15892.74,0.0,47678.22
OI00003847-4,ORD00003847,PROD00262,1,20752.25,3112.84,17639.41
OI00003847-5,ORD00003847,PROD00231,4,1734.46,693.78,6244.06
OI00003848-1,ORD00003848,PROD00041,1,18327.17,0.0,18327.17
OI00003848-2,ORD00003848,PROD00340,1,17115.28,855.76,16259.52
OI00003848-3,ORD00003848,PROD00078,1,3767.12,376.71,3390.41
OI00003848-4,ORD00003848,PROD00267,4,16380.3,0.0,65521.2
OI00003848-5,ORD00003848,PROD00146,4,8249.05,3299.62,29696.58
OI00003849-1,ORD00003849,PROD00348,1,16456.2,822.81,15633.39
OI00003849-2,ORD00003849,PROD00148,1,15616.8,2342.52,13274.28
OI00003849-3,ORD00003849,PROD00315,1,14855.14,742.76,14112.38
OI00003850-1,ORD00003850,PROD00148,2,15616.8,0.0,31233.6
OI00003850-2,ORD00003850,PROD00013,4,7604.86,4562.92,25856.52
OI00003850-3,ORD00003850,PROD00218,1,9795.93,979.59,8816.34
OI00003850-4,ORD00003850,PROD00008,1,2128.1,106.41,2021.69
OI00003851-1,ORD00003851,PROD00238,1,16218.76,1621.88,14596.88
OI00003851-2,ORD00003851,PROD00112,1,17029.83,851.49,16178.34
OI00003851-3,ORD00003851,PROD00334,3,1905.27,285.79,5430.02
OI00003851-4,ORD00003851,PROD00102,1,7550.93,755.09,6795.84
OI00003852-1,ORD00003852,PROD00287,2,4242.92,0.0,8485.84
OI00003852-2,ORD00003852,PROD00140,2,14612.46,0.0,29224.92
OI00003852-3,ORD00003852,PROD00342,3,296.09,0.0,888.27
OI00003852-4,ORD00003852,PROD00121,2,17020.33,0.0,34040.66
OI00003852-5,ORD00003852,PROD00036,4,19263.87,11558.32,65497.16
OI00003853-1,ORD00003853,PROD00142,4,1480.08,592.03,5328.29
OI00003853-2,ORD00003853,PROD00113,3,20219.94,0.0,60659.82
OI00003854-1,ORD00003854,PROD00337,4,17875.4,3575.08,67926.52
OI00003854-2,ORD00003854,PROD00247,2,10596.3,0.0,21192.6
OI00003855-1,ORD00003855,PROD00263,3,14672.69,0.0,44018.07
OI00003855-2,ORD00003855,PROD00239,1,6094.11,914.12,5179.99
OI00003855-3,ORD00003855,PROD00193,4,9247.87,0.0,36991.48
OI00003855-4,ORD00003855,PROD00214,3,4472.05,0.0,13416.15
OI00003855-5,ORD00003855,PROD00185,2,17159.78,3431.96,30887.6
OI00003856-1,ORD00003856,PROD00222,4,18114.09,0.0,72456.36
OI00003856-2,ORD00003856,PROD00190,3,2376.38,0.0,7129.14
OI00003856-3,ORD00003856,PROD00001,4,23270.16,4654.03,88426.61
OI00003856-4,ORD00003856,PROD00266,3,20418.91,0.0,61256.73
OI00003857-1,ORD00003857,PROD00119,1,17032.97,2554.95,14478.02
OI00003857-2,ORD00003857,PROD00284,1,10726.51,0.0,10726.51
OI00003857-3,ORD00003857,PROD00051,4,10511.67,0.0,42046.68
OI00003857-4,ORD00003857,PROD00059,2,15693.39,3138.68,28248.1
OI00003857-5,ORD00003857,PROD00279,2,690.73,207.22,1174.24
OI00003858-1,ORD00003858,PROD00322,3,14307.01,2146.05,40774.98
OI00003858-2,ORD00003858,PROD00085,2,20182.68,4036.54,36328.82
OI00003858-3,ORD00003858,PROD00220,1,5039.64,251.98,4787.66
OI00003858-4,ORD00003858,PROD00025,1,12394.98,1239.5,11155.48
OI00003859-1,ORD00003859,PROD00221,3,17014.99,0.0,51044.97
OI00003859-2,ORD00003859,PROD00212,3,11560.86,3468.26,31214.32
OI00003860-1,ORD00003860,PROD00152,4,5018.12,1003.62,19068.86
OI00003861-1,ORD00003861,PROD00271,3,21715.63,6514.69,58632.2
OI00003861-2,ORD00003861,PROD00236,3,23089.06,0.0,69267.18
OI00003861-3,ORD00003861,PROD00199,2,13170.12,0.0,26340.24
OI00003861-4,ORD00003861,PROD00085,3,20182.68,0.0,60548.04
OI00003861-5,ORD00003861,PROD00209,2,1876.23,0.0,3752.46
OI00003862-1,ORD00003862,PROD00048,4,2165.22,1299.13,7361.75
OI00003862-2,ORD00003862,PROD00294,2,20220.76,0.0,40441.52
OI00003863-1,ORD00003863,PROD00166,1,5219.63,0.0,5219.63
OI00003864-1,ORD00003864,PROD00045,3,3832.7,574.9,10923.2
OI00003864-2,ORD00003864,PROD00321,4,19868.88,11921.33,67554.19
OI00003864-3,ORD00003864,PROD00027,3,12715.52,1907.33,36239.23
OI00003864-4,ORD00003864,PROD00072,2,7657.87,0.0,15315.74
OI00003864-5,ORD00003864,PROD00019,3,539.71,80.96,1538.17
OI00003865-1,ORD00003865,PROD00102,3,7550.93,3397.92,19254.87
OI00003865-2,ORD00003865,PROD00198,3,235.71,0.0,707.13
OI00003865-3,ORD00003865,PROD00260,2,2962.43,592.49,5332.37
OI00003866-1,ORD00003866,PROD00107,2,10358.42,0.0,20716.84
OI00003866-2,ORD00003866,PROD00006,1,8918.67,0.0,8918.67
OI00003866-3,ORD00003866,PROD00004,3,7422.27,1113.34,21153.47
OI00003866-4,ORD00003866,PROD00051,4,10511.67,6307.0,35739.68
OI00003867-1,ORD00003867,PROD00188,2,24505.29,7351.59,41658.99
OI00003867-2,ORD00003867,PROD00331,1,15173.99,0.0,15173.99
OI00003868-1,ORD00003868,PROD00046,2,20054.13,4010.83,36097.43
OI00003869-1,ORD00003869,PROD00053,4,17522.36,10513.42,59576.02
OI00003869-2,ORD00003869,PROD00337,3,17875.4,0.0,53626.2
OI00003869-3,ORD00003869,PROD00156,4,6041.74,0.0,24166.96
OI00003869-4,ORD00003869,PROD00214,4,4472.05,2683.23,15204.97
OI00003869-5,ORD00003869,PROD00122,4,1221.77,0.0,4887.08
OI00003870-1,ORD00003870,PROD00100,4,14966.8,8980.08,50887.12
OI00003870-2,ORD00003870,PROD00189,1,4749.05,0.0,4749.05
OI00003870-3,ORD00003870,PROD00121,3,17020.33,0.0,51060.99
OI00003870-4,ORD00003870,PROD00165,3,17905.46,8057.46,45658.92
OI00003871-1,ORD00003871,PROD00154,4,21079.89,4215.98,80103.58
OI00003871-2,ORD00003871,PROD00199,1,13170.12,0.0,13170.12
OI00003871-3,ORD00003871,PROD00313,4,23762.43,0.0,95049.72
OI00003871-4,ORD00003871,PROD00296,1,3229.07,322.91,2906.16
OI00003871-5,ORD00003871,PROD00047,2,23596.32,2359.63,44833.01
OI00003872-1,ORD00003872,PROD00153,1,8528.45,852.85,7675.6
OI00003873-1,ORD00003873,PROD00310,4,11465.44,0.0,45861.76
OI00003873-2,ORD00003873,PROD00223,1,14073.25,1407.33,12665.92
OI00003873-3,ORD00003873,PROD00129,4,19114.26,7645.7,68811.34
OI00003873-4,ORD00003873,PROD00189,3,4749.05,2137.07,12110.08
OI00003873-5,ORD00003873,PROD00140,3,14612.46,2191.87,41645.51
OI00003874-1,ORD00003874,PROD00083,2,3051.07,0.0,6102.14
OI00003875-1,ORD00003875,PROD00014,3,2236.5,0.0,6709.5
OI00003875-2,ORD00003875,PROD00323,1,10163.0,0.0,10163.0
OI00003875-3,ORD00003875,PROD00014,4,2236.5,447.3,8498.7
OI00003875-4,ORD00003875,PROD00085,3,20182.68,0.0,60548.04
OI00003875-5,ORD00003875,PROD00012,1,11531.07,0.0,11531.07
OI00003876-1,ORD00003876,PROD00114,3,7054.87,0.0,21164.61
OI00003876-2,ORD00003876,PROD00096,1,7650.09,765.01,6885.08
OI00003876-3,ORD00003876,PROD00071,3,9271.17,0.0,27813.51
OI00003877-1,ORD00003877,PROD00109,3,16822.54,0.0,50467.62
OI00003877-2,ORD00003877,PROD00343,2,19579.2,1957.92,37200.48
OI00003877-3,ORD00003877,PROD00077,2,19060.68,0.0,38121.36
OI00003877-4,ORD00003877,PROD00234,2,18943.28,0.0,37886.56
OI00003878-1,ORD00003878,PROD00228,4,24578.41,0.0,98313.64
OI00003878-2,ORD00003878,PROD00296,4,3229.07,1291.63,11624.65
OI00003878-3,ORD00003878,PROD00304,3,24529.51,0.0,73588.53
OI00003878-4,ORD00003878,PROD00350,3,17684.33,0.0,53052.99
OI00003878-5,ORD00003878,PROD00165,3,17905.46,0.0,53716.38
OI00003879-1,ORD00003879,PROD00054,3,17451.9,0.0,52355.7
OI00003879-2,ORD00003879,PROD00216,1,4489.61,0.0,4489.61
OI00003879-3,ORD00003879,PROD00123,4,4905.47,0.0,19621.88
OI00003880-1,ORD00003880,PROD00208,1,11300.85,565.04,10735.81
OI00003880-2,ORD00003880,PROD00135,1,8523.43,0.0,8523.43
OI00003880-3,ORD00003880,PROD00154,2,21079.89,0.0,42159.78
OI00003880-4,ORD00003880,PROD00026,4,4075.27,1630.11,14670.97
OI00003880-5,ORD00003880,PROD00099,2,16343.82,1634.38,31053.26
OI00003881-1,ORD00003881,PROD00009,1,15614.07,780.7,14833.37
OI00003881-2,ORD00003881,PROD00104,3,15897.49,4769.25,42923.22
OI00003881-3,ORD00003881,PROD00148,3,15616.8,0.0,46850.4
OI00003882-1,ORD00003882,PROD00200,3,18445.4,0.0,55336.2
OI00003882-2,ORD00003882,PROD00248,1,544.29,0.0,544.29
OI00003882-3,ORD00003882,PROD00243,4,5945.94,3567.56,20216.2
OI00003882-4,ORD00003882,PROD00258,1,17451.91,1745.19,15706.72
OI00003882-5,ORD00003882,PROD00284,3,10726.51,1608.98,30570.55
OI00003883-1,ORD00003883,PROD00122,3,1221.77,0.0,3665.31
OI00003883-2,ORD00003883,PROD00016,2,21060.14,2106.01,40014.27
OI00003883-3,ORD00003883,PROD00186,3,8185.68,0.0,24557.04
OI00003883-4,ORD00003883,PROD00325,4,24143.74,14486.24,82088.72
OI00003883-5,ORD00003883,PROD00028,1,3322.41,0.0,3322.41
OI00003884-1,ORD00003884,PROD00295,2,2274.03,227.4,4320.66
OI00003884-2,ORD00003884,PROD00279,2,690.73,0.0,1381.46
OI00003884-3,ORD00003884,PROD00019,2,539.71,0.0,1079.42
OI00003884-4,ORD00003884,PROD00064,1,2094.58,0.0,2094.58
OI00003885-1,ORD00003885,PROD00200,1,18445.4,922.27,17523.13
OI00003885-2,ORD00003885,PROD00185,2,17159.78,0.0,34319.56
OI00003885-3,ORD00003885,PROD00325,2,24143.74,0.0,48287.48
OI00003886-1,ORD00003886,PROD00159,1,24425.69,1221.28,23204.41
OI00003886-2,ORD00003886,PROD00193,1,9247.87,0.0,9247.87
OI00003887-1,ORD00003887,PROD00021,3,21222.98,0.0,63668.94
OI00003887-2,ORD00003887,PROD00173,3,19657.54,0.0,58972.62
OI00003887-3,ORD00003887,PROD00214,2,4472.05,0.0,8944.1
OI00003887-4,ORD00003887,PROD00099,1,16343.82,1634.38,14709.44
OI00003887-5,ORD00003887,PROD00321,2,19868.88,0.0,39737.76
OI00003888-1,ORD00003888,PROD00112,4,17029.83,3405.97,64713.35
OI00003889-1,ORD00003889,PROD00308,1,9807.02,980.7,8826.32
OI00003889-2,ORD00003889,PROD00207,4,1959.51,0.0,7838.04
OI00003889-3,ORD00003889,PROD00214,4,4472.05,894.41,16993.79
OI00003889-4,ORD00003889,PROD00261,3,17666.44,0.0,52999.32
OI00003889-5,ORD00003889,PROD00101,1,14649.72,732.49,13917.23
OI00003890-1,ORD00003890,PROD00034,2,20180.05,2018.01,38342.09
OI00003890-2,ORD00003890,PROD00072,3,7657.87,2297.36,20676.25
OI00003890-3,ORD00003890,PROD00023,1,5836.05,0.0,5836.05
OI00003890-4,ORD00003890,PROD00028,3,3322.41,0.0,9967.23
OI00003890-5,ORD00003890,PROD00103,2,21963.07,0.0,43926.14
OI00003891-1,ORD00003891,PROD00128,3,20549.76,0.0,61649.28
OI00003891-2,ORD00003891,PROD00250,2,7116.48,0.0,14232.96
OI00003891-3,ORD00003891,PROD00265,1,18730.82,0.0,18730.82
OI00003892-1,ORD00003892,PROD00079,1,9711.52,0.0,9711.52
OI00003892-2,ORD00003892,PROD00105,2,8573.66,0.0,17147.32
OI00003892-3,ORD00003892,PROD00019,2,539.71,0.0,1079.42
OI00003892-4,ORD00003892,PROD00058,2,18176.41,1817.64,34535.18
OI00003893-1,ORD00003893,PROD00182,3,5279.14,2375.61,13461.81
OI00003893-2,ORD00003893,PROD00187,3,24432.22,0.0,73296.66
OI00003893-3,ORD00003893,PROD00026,3,4075.27,0.0,12225.81
OI00003893-4,ORD00003893,PROD00321,1,19868.88,2980.33,16888.55
OI00003893-5,ORD00003893,PROD00239,4,6094.11,0.0,24376.44
OI00003894-1,ORD00003894,PROD00117,4,1680.75,336.15,6386.85
OI00003894-2,ORD00003894,PROD00245,1,7169.55,0.0,7169.55
OI00003894-3,ORD00003894,PROD00323,1,10163.0,0.0,10163.0
OI00003895-1,ORD00003895,PROD00142,1,1480.08,0.0,1480.08
OI00003895-2,ORD00003895,PROD00165,4,17905.46,0.0,71621.84
OI00003895-3,ORD00003895,PROD00270,3,6520.83,978.12,18584.37
OI00003895-4,ORD00003895,PROD00137,2,22614.03,0.0,45228.06
OI00003896-1,ORD00003896,PROD00300,1,20412.89,0.0,20412.89
OI00003896-2,ORD00003896,PROD00186,2,8185.68,818.57,15552.79
OI00003896-3,ORD00003896,PROD00090,3,4577.37,686.61,13045.5
OI00003896-4,ORD00003896,PROD00177,4,19263.4,0.0,77053.6
OI00003897-1,ORD00003897,PROD00280,1,11325.36,1132.54,10192.82
OI00003897-2,ORD00003897,PROD00031,1,5027.13,0.0,5027.13
OI00003897-3,ORD00003897,PROD00013,2,7604.86,0.0,15209.72
OI00003898-1,ORD00003898,PROD00015,4,21482.35,4296.47,81632.93
OI00003898-2,ORD00003898,PROD00069,3,17377.04,7819.67,44311.45
OI00003898-3,ORD00003898,PROD00299,3,2709.32,406.4,7721.56
OI00003898-4,ORD00003898,PROD00279,4,690.73,0.0,2762.92
OI00003899-1,ORD00003899,PROD00257,3,18404.82,0.0,55214.46
OI00003899-2,ORD00003899,PROD00048,4,2165.22,1299.13,7361.75
OI00003899-3,ORD00003899,PROD00090,4,4577.37,0.0,18309.48
OI00003900-1,ORD00003900,PROD00243,1,5945.94,0.0,5945.94
OI00003900-2,ORD00003900,PROD00222,4,18114.09,0.0,72456.36
OI00003900-3,ORD00003900,PROD00224,1,23476.13,3521.42,19954.71
OI00003901-1,ORD00003901,PROD00307,1,13721.18,2058.18,11663.0
OI00003901-2,ORD00003901,PROD00079,4,9711.52,0.0,38846.08
OI00003901-3,ORD00003901,PROD00272,2,6955.22,695.52,13214.92
OI00003901-4,ORD00003901,PROD00305,3,17525.16,0.0,52575.48
OI00003901-5,ORD00003901,PROD00157,3,21965.78,9884.6,56012.74
OI00003902-1,ORD00003902,PROD00101,1,14649.72,1464.97,13184.75
OI00003902-2,ORD00003902,PROD00267,4,16380.3,0.0,65521.2
OI00003903-1,ORD00003903,PROD00185,2,17159.78,1715.98,32603.58
OI00003903-2,ORD00003903,PROD00031,3,5027.13,1508.14,13573.25
OI00003903-3,ORD00003903,PROD00229,2,6335.91,0.0,12671.82
OI00003903-4,ORD00003903,PROD00157,3,21965.78,3294.87,62602.47
OI00003903-5,ORD00003903,PROD00108,3,19693.27,2953.99,56125.82
OI00003904-1,ORD00003904,PROD00291,1,16653.64,0.0,16653.64
OI00003904-2,ORD00003904,PROD00051,1,10511.67,0.0,10511.67
OI00003904-3,ORD00003904,PROD00037,3,17674.8,0.0,53024.4
OI00003905-1,ORD00003905,PROD00182,1,5279.14,0.0,5279.14
OI00003905-2,ORD00003905,PROD00101,4,14649.72,8789.83,49809.05
OI00003905-3,ORD00003905,PROD00288,4,6121.73,1224.35,23262.57
OI00003905-4,ORD00003905,PROD00017,2,19254.54,0.0,38509.08
OI00003905-5,ORD00003905,PROD00076,2,22512.17,0.0,45024.34
OI00003906-1,ORD00003906,PROD00089,3,7704.52,3467.03,19646.53
OI00003906-2,ORD00003906,PROD00136,3,14715.94,0.0,44147.82
OI00003907-1,ORD00003907,PROD00338,1,10521.18,0.0,10521.18
OI00003907-2,ORD00003907,PROD00045,2,3832.7,0.0,7665.4
OI00003907-3,ORD00003907,PROD00143,4,8628.21,0.0,34512.84
OI00003907-4,ORD00003907,PROD00247,2,10596.3,0.0,21192.6
OI00003907-5,ORD00003907,PROD00262,1,20752.25,0.0,20752.25
OI00003908-1,ORD00003908,PROD00142,3,1480.08,666.04,3774.2
OI00003908-2,ORD00003908,PROD00141,3,15103.07,6796.38,38512.83
OI00003908-3,ORD00003908,PROD00063,4,20579.93,0.0,82319.72
OI00003908-4,ORD00003908,PROD00329,2,10605.13,0.0,21210.26
OI00003909-1,ORD00003909,PROD00201,3,17522.9,2628.44,49940.26
OI00003909-2,ORD00003909,PROD00272,1,6955.22,0.0,6955.22
OI00003909-3,ORD00003909,PROD00289,1,10900.59,545.03,10355.56
OI00003909-4,ORD00003909,PROD00201,3,17522.9,0.0,52568.7
OI00003910-1,ORD00003910,PROD00040,2,3967.96,396.8,7539.12
OI00003910-2,ORD00003910,PROD00028,1,3322.41,166.12,3156.29
OI00003911-1,ORD00003911,PROD00346,2,8662.06,1732.41,15591.71
OI00003911-2,ORD00003911,PROD00146,3,8249.05,0.0,24747.15
OI00003912-1,ORD00003912,PROD00051,1,10511.67,0.0,10511.67
OI00003912-2,ORD00003912,PROD00138,1,12060.91,0.0,12060.91
OI00003912-3,ORD00003912,PROD00266,3,20418.91,9188.51,52068.22
OI00003913-1,ORD00003913,PROD00316,4,3014.12,1808.47,10248.01
OI00003913-2,ORD00003913,PROD00055,1,2152.81,322.92,1829.89
OI00003913-3,ORD00003913,PROD00316,4,3014.12,1205.65,10850.83
OI00003913-4,ORD00003913,PROD00278,4,20166.44,0.0,80665.76
OI00003914-1,ORD00003914,PROD00012,4,11531.07,4612.43,41511.85
OI00003914-2,ORD00003914,PROD00040,3,3967.96,595.19,11308.69
OI00003914-3,ORD00003914,PROD00134,1,11362.61,568.13,10794.48
OI00003914-4,ORD00003914,PROD00249,1,13843.66,692.18,13151.48
OI00003915-1,ORD00003915,PROD00221,4,17014.99,3403.0,64656.96
OI00003915-2,ORD00003915,PROD00280,3,11325.36,0.0,33976.08
OI00003915-3,ORD00003915,PROD00218,2,9795.93,0.0,19591.86
OI00003915-4,ORD00003915,PROD00104,3,15897.49,0.0,47692.47
OI00003915-5,ORD00003915,PROD00336,3,1810.42,271.56,5159.7
OI00003916-1,ORD00003916,PROD00148,1,15616.8,2342.52,13274.28
OI00003916-2,ORD00003916,PROD00189,1,4749.05,237.45,4511.6
OI00003916-3,ORD00003916,PROD00264,3,15922.7,0.0,47768.1
OI00003917-1,ORD00003917,PROD00274,4,2466.2,0.0,9864.8
OI00003917-2,ORD00003917,PROD00140,1,14612.46,1461.25,13151.21
OI00003917-3,ORD00003917,PROD00165,1,17905.46,2685.82,15219.64
OI00003917-4,ORD00003917,PROD00130,4,22922.02,4584.4,87103.68
OI00003918-1,ORD00003918,PROD00293,3,9456.41,0.0,28369.23
OI00003918-2,ORD00003918,PROD00013,2,7604.86,0.0,15209.72
OI00003918-3,ORD00003918,PROD00049,2,1583.63,475.09,2692.17
OI00003918-4,ORD00003918,PROD00148,2,15616.8,4685.04,26548.56
OI00003919-1,ORD00003919,PROD00049,2,1583.63,475.09,2692.17
OI00003919-2,ORD00003919,PROD00325,3,24143.74,3621.56,68809.66
OI00003919-3,ORD00003919,PROD00012,1,11531.07,0.0,11531.07
OI00003919-4,ORD00003919,PROD00217,3,11079.35,0.0,33238.05
OI00003920-1,ORD00003920,PROD00090,2,4577.37,915.47,8239.27
OI00003921-1,ORD00003921,PROD00239,4,6094.11,0.0,24376.44
OI00003921-2,ORD00003921,PROD00141,1,15103.07,1510.31,13592.76
OI00003921-3,ORD00003921,PROD00203,2,9647.39,2894.22,16400.56
OI00003922-1,ORD00003922,PROD00183,2,14458.84,1445.88,27471.8
OI00003922-2,ORD00003922,PROD00219,2,19321.62,0.0,38643.24
OI00003922-3,ORD00003922,PROD00003,3,24605.45,0.0,73816.35
OI00003922-4,ORD00003922,PROD00093,4,23736.46,0.0,94945.84
OI00003922-5,ORD00003922,PROD00225,2,4381.86,0.0,8763.72
OI00003923-1,ORD00003923,PROD00332,1,966.51,0.0,966.51
OI00003923-2,ORD00003923,PROD00296,4,3229.07,0.0,12916.28
OI00003923-3,ORD00003923,PROD00009,2,15614.07,1561.41,29666.73
OI00003923-4,ORD00003923,PROD00166,2,5219.63,521.96,9917.3
OI00003923-5,ORD00003923,PROD00131,3,1596.96,718.63,4072.25
OI00003924-1,ORD00003924,PROD00289,3,10900.59,3270.18,29431.59
OI00003924-2,ORD00003924,PROD00063,4,20579.93,0.0,82319.72
OI00003925-1,ORD00003925,PROD00229,1,6335.91,633.59,5702.32
OI00003925-2,ORD00003925,PROD00036,4,19263.87,0.0,77055.48
OI00003926-1,ORD00003926,PROD00075,1,1735.74,0.0,1735.74
OI00003926-2,ORD00003926,PROD00272,2,6955.22,0.0,13910.44
OI00003926-3,ORD00003926,PROD00297,4,1594.03,637.61,5738.51
OI00003926-4,ORD00003926,PROD00250,1,7116.48,711.65,6404.83
OI00003927-1,ORD00003927,PROD00154,2,21079.89,0.0,42159.78
OI00003927-2,ORD00003927,PROD00146,2,8249.05,0.0,16498.1
OI00003928-1,ORD00003928,PROD00012,2,11531.07,1153.11,21909.03
OI00003929-1,ORD00003929,PROD00342,3,296.09,0.0,888.27
OI00003929-2,ORD00003929,PROD00255,1,4895.99,489.6,4406.39
OI00003929-3,ORD00003929,PROD00264,2,15922.7,0.0,31845.4
OI00003930-1,ORD00003930,PROD00097,1,19582.9,979.15,18603.75
OI00003930-2,ORD00003930,PROD00054,3,17451.9,5235.57,47120.13
OI00003930-3,ORD00003930,PROD00282,2,15862.74,0.0,31725.48
OI00003931-1,ORD00003931,PROD00068,4,12144.87,7286.92,41292.56
OI00003931-2,ORD00003931,PROD00184,4,20269.51,8107.8,72970.24
OI00003931-3,ORD00003931,PROD00189,1,4749.05,474.91,4274.14
OI00003931-4,ORD00003931,PROD00253,3,23510.11,7053.03,63477.3
OI00003931-5,ORD00003931,PROD00283,3,5877.29,881.59,16750.28
OI00003932-1,ORD00003932,PROD00276,4,9301.09,0.0,37204.36
OI00003932-2,ORD00003932,PROD00085,3,20182.68,0.0,60548.04
OI00003933-1,ORD00003933,PROD00150,2,1889.59,188.96,3590.22
OI00003933-2,ORD00003933,PROD00186,3,8185.68,0.0,24557.04
OI00003933-3,ORD00003933,PROD00209,4,1876.23,0.0,7504.92
OI00003933-4,ORD00003933,PROD00077,3,19060.68,0.0,57182.04
OI00003934-1,ORD00003934,PROD00081,3,14048.06,6321.63,35822.55
OI00003935-1,ORD00003935,PROD00092,1,5103.86,0.0,5103.86
OI00003935-2,ORD00003935,PROD00300,4,20412.89,8165.16,73486.4
OI00003935-3,ORD00003935,PROD00333,2,15073.5,1507.35,28639.65
OI00003935-4,ORD00003935,PROD00093,1,23736.46,1186.82,22549.64
OI00003936-1,ORD00003936,PROD00025,4,12394.98,0.0,49579.92
OI00003936-2,ORD00003936,PROD00036,3,19263.87,0.0,57791.61
OI00003937-1,ORD00003937,PROD00183,3,14458.84,0.0,43376.52
OI00003937-2,ORD00003937,PROD00341,3,22735.67,3410.35,64796.66
OI00003937-3,ORD00003937,PROD00272,4,6955.22,0.0,27820.88
OI00003937-4,ORD00003937,PROD00076,4,22512.17,13507.3,76541.38
OI00003937-5,ORD00003937,PROD00064,4,2094.58,0.0,8378.32
OI00003938-1,ORD00003938,PROD00269,4,14198.95,0.0,56795.8
OI00003939-1,ORD00003939,PROD00108,4,19693.27,0.0,78773.08
OI00003940-1,ORD00003940,PROD00342,4,296.09,177.65,1006.71
OI00003941-1,ORD00003941,PROD00131,2,1596.96,0.0,3193.92
OI00003942-1,ORD00003942,PROD00119,4,17032.97,10219.78,57912.1
OI00003943-1,ORD00003943,PROD00099,2,16343.82,3268.76,29418.88
OI00003944-1,ORD00003944,PROD00136,2,14715.94,0.0,29431.88
OI00003944-2,ORD00003944,PROD00251,1,17885.84,894.29,16991.55
OI00003945-1,ORD00003945,PROD00050,4,22567.65,13540.59,76730.01
OI00003945-2,ORD00003945,PROD00149,1,5172.64,0.0,5172.64
OI00003945-3,ORD00003945,PROD00144,3,4774.42,0.0,14323.26
OI00003945-4,ORD00003945,PROD00135,1,8523.43,0.0,8523.43
OI00003946-1,ORD00003946,PROD00112,4,17029.83,0.0,68119.32
OI00003946-2,ORD00003946,PROD00257,1,18404.82,0.0,18404.82
OI00003946-3,ORD00003946,PROD00072,1,7657.87,382.89,7274.98
OI00003946-4,ORD00003946,PROD00107,2,10358.42,0.0,20716.84
OI00003947-1,ORD00003947,PROD00140,4,14612.46,0.0,58449.84
OI00003947-2,ORD00003947,PROD00208,4,11300.85,0.0,45203.4
OI00003947-3,ORD00003947,PROD00215,3,16801.23,2520.18,47883.51
OI00003947-4,ORD00003947,PROD00338,4,10521.18,2104.24,39980.48
OI00003947-5,ORD00003947,PROD00194,4,3968.03,793.61,15078.51
OI00003948-1,ORD00003948,PROD00202,3,10405.57,0.0,31216.71
OI00003949-1,ORD00003949,PROD00131,3,1596.96,0.0,4790.88
OI00003949-2,ORD00003949,PROD00070,3,23046.35,10370.86,58768.19
OI00003949-3,ORD00003949,PROD00147,2,5524.18,0.0,11048.36
OI00003949-4,ORD00003949,PROD00157,4,21965.78,0.0,87863.12
OI00003950-1,ORD00003950,PROD00318,1,21629.15,0.0,21629.15
OI00003950-2,ORD00003950,PROD00172,1,9009.37,900.94,8108.43
OI00003950-3,ORD00003950,PROD00288,2,6121.73,612.17,11631.29
OI00003951-1,ORD00003951,PROD00305,1,17525.16,1752.52,15772.64
OI00003951-2,ORD00003951,PROD00117,4,1680.75,336.15,6386.85
OI00003951-3,ORD00003951,PROD00181,2,8549.46,1709.89,15389.03
OI00003952-1,ORD00003952,PROD00111,3,11594.18,0.0,34782.54
OI00003952-2,ORD00003952,PROD00009,1,15614.07,780.7,14833.37
OI00003952-3,ORD00003952,PROD00184,1,20269.51,2026.95,18242.56
OI00003952-4,ORD00003952,PROD00170,1,11306.22,1695.93,9610.29
OI00003952-5,ORD00003952,PROD00109,3,16822.54,0.0,50467.62
OI00003953-1,ORD00003953,PROD00065,3,11181.79,0.0,33545.37
OI00003954-1,ORD00003954,PROD00098,1,24035.74,0.0,24035.74
OI00003955-1,ORD00003955,PROD00189,2,4749.05,0.0,9498.1
OI00003955-2,ORD00003955,PROD00036,4,19263.87,0.0,77055.48
OI00003955-3,ORD00003955,PROD00222,4,18114.09,0.0,72456.36
OI00003955-4,ORD00003955,PROD00166,2,5219.63,521.96,9917.3
OI00003955-5,ORD00003955,PROD00024,1,13853.73,1385.37,12468.36
OI00003956-1,ORD00003956,PROD00023,2,5836.05,0.0,11672.1
OI00003956-2,ORD00003956,PROD00182,2,5279.14,1055.83,9502.45
OI00003956-3,ORD00003956,PROD00103,4,21963.07,0.0,87852.28
OI00003956-4,ORD00003956,PROD00147,3,5524.18,2485.88,14086.66
OI00003956-5,ORD00003956,PROD00319,1,339.48,16.97,322.51
OI00003957-1,ORD00003957,PROD00280,1,11325.36,0.0,11325.36
OI00003957-2,ORD00003957,PROD00051,3,10511.67,1576.75,29958.26
OI00003957-3,ORD00003957,PROD00284,4,10726.51,0.0,42906.04
OI00003958-1,ORD00003958,PROD00089,1,7704.52,0.0,7704.52
OI00003959-1,ORD00003959,PROD00167,4,7684.68,1536.94,29201.78
OI00003959-2,ORD00003959,PROD00115,1,24607.38,0.0,24607.38
OI00003959-3,ORD00003959,PROD00341,1,22735.67,0.0,22735.67
OI00003960-1,ORD00003960,PROD00342,4,296.09,59.22,1125.14
OI00003960-2,ORD00003960,PROD00199,2,13170.12,2634.02,23706.22
OI00003960-3,ORD00003960,PROD00057,2,634.37,190.31,1078.43
OI00003961-1,ORD00003961,PROD00133,1,10071.99,503.6,9568.39
OI00003961-2,ORD00003961,PROD00002,1,11732.07,0.0,11732.07
OI00003961-3,ORD00003961,PROD00215,1,16801.23,2520.18,14281.05
OI00003962-1,ORD00003962,PROD00145,3,21307.62,3196.14,60726.72
OI00003962-2,ORD00003962,PROD00191,2,719.62,143.92,1295.32
OI00003962-3,ORD00003962,PROD00103,4,21963.07,0.0,87852.28
OI00003962-4,ORD00003962,PROD00015,4,21482.35,0.0,85929.4
OI00003962-5,ORD00003962,PROD00265,1,18730.82,0.0,18730.82
OI00003963-1,ORD00003963,PROD00220,3,5039.64,0.0,15118.92
OI00003963-2,ORD00003963,PROD00227,3,1146.28,0.0,3438.84
OI00003964-1,ORD00003964,PROD00189,2,4749.05,0.0,9498.1
OI00003964-2,ORD00003964,PROD00168,3,13786.27,4135.88,37222.93
OI00003964-3,ORD00003964,PROD00123,4,4905.47,1962.19,17659.69
OI00003964-4,ORD00003964,PROD00193,1,9247.87,0.0,9247.87
OI00003965-1,ORD00003965,PROD00003,4,24605.45,0.0,98421.8
OI00003965-2,ORD00003965,PROD00022,1,973.58,48.68,924.9
OI00003965-3,ORD00003965,PROD00066,3,21806.77,9813.05,55607.26
OI00003966-1,ORD00003966,PROD00227,2,1146.28,0.0,2292.56
OI00003966-2,ORD00003966,PROD00110,4,9699.44,5819.66,32978.1
OI00003966-3,ORD00003966,PROD00092,4,5103.86,0.0,20415.44
OI00003966-4,ORD00003966,PROD00105,4,8573.66,0.0,34294.64
OI00003967-1,ORD00003967,PROD00043,3,20878.59,0.0,62635.77
OI00003967-2,ORD00003967,PROD00184,2,20269.51,4053.9,36485.12
OI00003968-1,ORD00003968,PROD00077,1,19060.68,0.0,19060.68
OI00003968-2,ORD00003968,PROD00214,3,4472.05,2012.42,11403.73
OI00003968-3,ORD00003968,PROD00320,4,624.52,0.0,2498.08
OI00003968-4,ORD00003968,PROD00151,1,4900.37,0.0,4900.37
OI00003968-5,ORD00003968,PROD00285,4,7381.88,0.0,29527.52
OI00003969-1,ORD00003969,PROD00041,2,18327.17,0.0,36654.34
OI00003969-2,ORD00003969,PROD00173,4,19657.54,7863.02,70767.14
OI00003969-3,ORD00003969,PROD00082,2,23934.46,0.0,47868.92
OI00003969-4,ORD00003969,PROD00146,2,8249.05,0.0,16498.1
OI00003969-5,ORD00003969,PROD00167,1,7684.68,384.23,7300.45
OI00003970-1,ORD00003970,PROD00342,4,296.09,0.0,1184.36
OI00003970-2,ORD00003970,PROD00201,2,17522.9,1752.29,33293.51
OI00003971-1,ORD00003971,PROD00300,3,20412.89,3061.93,58176.74
OI00003971-2,ORD00003971,PROD00258,4,17451.91,0.0,69807.64
OI00003972-1,ORD00003972,PROD00099,1,16343.82,2451.57,13892.25
OI00003973-1,ORD00003973,PROD00244,3,18055.76,5416.73,48750.55
OI00003973-2,ORD00003973,PROD00059,2,15693.39,3138.68,28248.1
OI00003974-1,ORD00003974,PROD00236,4,23089.06,0.0,92356.24
OI00003974-2,ORD00003974,PROD00290,3,19169.41,5750.82,51757.41
OI00003975-1,ORD00003975,PROD00205,3,22069.77,0.0,66209.31
OI00003975-2,ORD00003975,PROD00348,4,16456.2,3291.24,62533.56
OI00003976-1,ORD00003976,PROD00159,1,24425.69,3663.85,20761.84
OI00003976-2,ORD00003976,PROD00060,3,7484.13,1122.62,21329.77
OI00003976-3,ORD00003976,PROD00001,2,23270.16,0.0,46540.32
OI00003977-1,ORD00003977,PROD00263,2,14672.69,4401.81,24943.57
OI00003977-2,ORD00003977,PROD00340,3,17115.28,7701.88,43643.96
OI00003977-3,ORD00003977,PROD00135,2,8523.43,852.34,16194.52
OI00003978-1,ORD00003978,PROD00090,3,4577.37,0.0,13732.11
OI00003979-1,ORD00003979,PROD00228,3,24578.41,3686.76,70048.47
OI00003979-2,ORD00003979,PROD00118,4,22031.03,0.0,88124.12
OI00003979-3,ORD00003979,PROD00064,2,2094.58,209.46,3979.7
OI00003980-1,ORD00003980,PROD00233,1,579.27,86.89,492.38
OI00003980-2,ORD00003980,PROD00084,3,6169.9,0.0,18509.7
OI00003981-1,ORD00003981,PROD00189,1,4749.05,0.0,4749.05
OI00003981-2,ORD00003981,PROD00316,4,3014.12,1205.65,10850.83
OI00003982-1,ORD00003982,PROD00192,2,5187.01,0.0,10374.02
OI00003982-2,ORD00003982,PROD00017,3,19254.54,0.0,57763.62
OI00003982-3,ORD00003982,PROD00260,4,2962.43,0.0,11849.72
OI00003983-1,ORD00003983,PROD00263,3,14672.69,0.0,44018.07
OI00003983-2,ORD00003983,PROD00081,2,14048.06,2809.61,25286.51
OI00003983-3,ORD00003983,PROD00080,4,16165.62,3233.12,61429.36
OI00003983-4,ORD00003983,PROD00018,2,22565.26,0.0,45130.52
OI00003983-5,ORD00003983,PROD00323,3,10163.0,0.0,30489.0
OI00003984-1,ORD00003984,PROD00165,3,17905.46,8057.46,45658.92
OI00003985-1,ORD00003985,PROD00259,4,6394.49,1278.9,24299.06
OI00003985-2,ORD00003985,PROD00123,2,4905.47,1471.64,8339.3
OI00003985-3,ORD00003985,PROD00188,2,24505.29,2450.53,46560.05
OI00003985-4,ORD00003985,PROD00015,4,21482.35,12889.41,73039.99
OI00003985-5,ORD00003985,PROD00111,2,11594.18,0.0,23188.36
OI00003986-1,ORD00003986,PROD00183,4,14458.84,2891.77,54943.59
OI00003986-2,ORD00003986,PROD00097,2,19582.9,3916.58,35249.22
OI00003986-3,ORD00003986,PROD00192,1,5187.01,259.35,4927.66
OI00003987-1,ORD00003987,PROD00139,4,1559.26,0.0,6237.04
OI00003987-2,ORD00003987,PROD00255,3,4895.99,734.4,13953.57
OI00003987-3,ORD00003987,PROD00027,2,12715.52,3814.66,21616.38
OI00003987-4,ORD00003987,PROD00009,2,15614.07,1561.41,29666.73
OI00003988-1,ORD00003988,PROD00066,4,21806.77,13084.06,74143.02
OI00003989-1,ORD00003989,PROD00133,1,10071.99,0.0,10071.99
OI00003989-2,ORD00003989,PROD00116,1,4303.4,430.34,3873.06
OI00003989-3,ORD00003989,PROD00321,4,19868.88,0.0,79475.52
OI00003989-4,ORD00003989,PROD00280,3,11325.36,0.0,33976.08
OI00003989-5,ORD00003989,PROD00096,4,7650.09,1530.02,29070.34
OI00003990-1,ORD00003990,PROD00030,1,7097.31,0.0,7097.31
OI00003990-2,ORD00003990,PROD00151,1,4900.37,0.0,4900.37
OI00003990-3,ORD00003990,PROD00192,2,5187.01,1037.4,9336.62
OI00003990-4,ORD00003990,PROD00231,1,1734.46,0.0,1734.46
OI00003991-1,ORD00003991,PROD00344,4,2433.74,0.0,9734.96
OI00003991-2,ORD00003991,PROD00174,1,13673.35,0.0,13673.35
OI00003991-3,ORD00003991,PROD00310,4,11465.44,0.0,45861.76
OI00003992-1,ORD00003992,PROD00338,1,10521.18,1578.18,8943.0
OI00003992-2,ORD00003992,PROD00089,3,7704.52,0.0,23113.56
OI00003992-3,ORD00003992,PROD00148,4,15616.8,0.0,62467.2
OI00003992-4,ORD00003992,PROD00050,3,22567.65,0.0,67702.95
OI00003993-1,ORD00003993,PROD00225,2,4381.86,0.0,8763.72
OI00003993-2,ORD00003993,PROD00059,3,15693.39,4708.02,42372.15
OI00003994-1,ORD00003994,PROD00305,3,17525.16,0.0,52575.48
OI00003994-2,ORD00003994,PROD00057,1,634.37,31.72,602.65
OI00003995-1,ORD00003995,PROD00106,3,16178.76,0.0,48536.28
OI00003995-2,ORD00003995,PROD00029,4,19909.52,0.0,79638.08
OI00003996-1,ORD00003996,PROD00197,4,14707.92,0.0,58831.68
OI00003996-2,ORD00003996,PROD00337,1,17875.4,893.77,16981.63
OI00003996-3,ORD00003996,PROD00006,4,8918.67,0.0,35674.68
OI00003996-4,ORD00003996,PROD00176,1,24960.21,3744.03,21216.18
OI00003997-1,ORD00003997,PROD00118,2,22031.03,4406.21,39655.85
OI00003997-2,ORD00003997,PROD00142,1,1480.08,222.01,1258.07
OI00003997-3,ORD00003997,PROD00050,3,22567.65,10155.44,57547.51
OI00003997-4,ORD00003997,PROD00144,1,4774.42,238.72,4535.7
OI00003997-5,ORD00003997,PROD00318,1,21629.15,0.0,21629.15
OI00003998-1,ORD00003998,PROD00075,3,1735.74,260.36,4946.86
OI00003998-2,ORD00003998,PROD00056,3,5382.68,2422.21,13725.83
OI00003999-1,ORD00003999,PROD00035,2,14071.44,0.0,28142.88
OI00004000-1,ORD00004000,PROD00290,2,19169.41,1916.94,36421.88
OI00004000-2,ORD00004000,PROD00190,2,2376.38,0.0,4752.76
OI00004000-3,ORD00004000,PROD00326,2,13890.31,1389.03,26391.59
OI00004000-4,ORD00004000,PROD00123,2,4905.47,1471.64,8339.3
OI00004000-5,ORD00004000,PROD00333,4,15073.5,6029.4,54264.6
OI00004001-1,ORD00004001,PROD00313,3,23762.43,0.0,71287.29
OI00004001-2,ORD00004001,PROD00208,3,11300.85,1695.13,32207.42
OI00004001-3,ORD00004001,PROD00027,2,12715.52,0.0,25431.04
OI00004001-4,ORD00004001,PROD00318,3,21629.15,3244.37,61643.08
OI00004002-1,ORD00004002,PROD00305,3,17525.16,0.0,52575.48
OI00004002-2,ORD00004002,PROD00332,3,966.51,289.95,2609.58
OI00004003-1,ORD00004003,PROD00258,3,17451.91,0.0,52355.73
OI00004003-2,ORD00004003,PROD00306,1,18198.52,2729.78,15468.74
OI00004003-3,ORD00004003,PROD00087,2,21498.23,0.0,42996.46
OI00004003-4,ORD00004003,PROD00246,4,2046.4,0.0,8185.6
OI00004004-1,ORD00004004,PROD00285,4,7381.88,0.0,29527.52
OI00004004-2,ORD00004004,PROD00039,1,12707.28,1270.73,11436.55
OI00004005-1,ORD00004005,PROD00262,1,20752.25,2075.22,18677.03
OI00004006-1,ORD00004006,PROD00057,1,634.37,0.0,634.37
OI00004007-1,ORD00004007,PROD00131,3,1596.96,0.0,4790.88
OI00004007-2,ORD00004007,PROD00345,2,15206.3,0.0,30412.6
OI00004007-3,ORD00004007,PROD00208,4,11300.85,0.0,45203.4
OI00004008-1,ORD00004008,PROD00004,3,7422.27,0.0,22266.81
OI00004009-1,ORD00004009,PROD00037,4,17674.8,0.0,70699.2
OI00004009-2,ORD00004009,PROD00183,1,14458.84,0.0,14458.84
OI00004010-1,ORD00004010,PROD00278,4,20166.44,12099.86,68565.9
OI00004010-2,ORD00004010,PROD00216,3,4489.61,2020.32,11448.51
OI00004010-3,ORD00004010,PROD00055,3,2152.81,0.0,6458.43
OI00004010-4,ORD00004010,PROD00235,4,7450.54,0.0,29802.16
OI00004010-5,ORD00004010,PROD00082,2,23934.46,4786.89,43082.03
OI00004011-1,ORD00004011,PROD00041,3,18327.17,5498.15,49483.36
OI00004011-2,ORD00004011,PROD00119,3,17032.97,0.0,51098.91
OI00004012-1,ORD00004012,PROD00214,1,4472.05,447.21,4024.84
OI00004012-2,ORD00004012,PROD00346,1,8662.06,0.0,8662.06
OI00004012-3,ORD00004012,PROD00230,4,8334.56,1666.91,31671.33
OI00004012-4,ORD00004012,PROD00127,1,21020.66,0.0,21020.66
OI00004013-1,ORD00004013,PROD00298,2,19293.46,0.0,38586.92
OI00004013-2,ORD00004013,PROD00170,3,11306.22,0.0,33918.66
OI00004013-3,ORD00004013,PROD00178,1,20555.44,3083.32,17472.12
OI00004014-1,ORD00004014,PROD00243,2,5945.94,0.0,11891.88
OI00004014-2,ORD00004014,PROD00301,4,15056.56,6022.62,54203.62
OI00004014-3,ORD00004014,PROD00268,1,17615.98,0.0,17615.98
OI00004014-4,ORD00004014,PROD00269,2,14198.95,0.0,28397.9
OI00004015-1,ORD00004015,PROD00187,3,24432.22,7329.67,65966.99
OI00004015-2,ORD00004015,PROD00338,4,10521.18,0.0,42084.72
OI00004015-3,ORD00004015,PROD00129,2,19114.26,0.0,38228.52
OI00004015-4,ORD00004015,PROD00115,4,24607.38,4921.48,93508.04
OI00004015-5,ORD00004015,PROD00209,4,1876.23,375.25,7129.67
OI00004016-1,ORD00004016,PROD00016,4,21060.14,0.0,84240.56
OI00004016-2,ORD00004016,PROD00091,4,3604.39,0.0,14417.56
OI00004016-3,ORD00004016,PROD00254,2,10249.25,0.0,20498.5
OI00004016-4,ORD00004016,PROD00282,1,15862.74,0.0,15862.74
OI00004017-1,ORD00004017,PROD00093,4,23736.46,14241.88,80703.96
OI00004017-2,ORD00004017,PROD00198,2,235.71,23.57,447.85
OI00004017-3,ORD00004017,PROD00118,3,22031.03,0.0,66093.09
OI00004017-4,ORD00004017,PROD00269,1,14198.95,2129.84,12069.11
OI00004018-1,ORD00004018,PROD00149,4,5172.64,0.0,20690.56
OI00004018-2,ORD00004018,PROD00323,4,10163.0,4065.2,36586.8
OI00004018-3,ORD00004018,PROD00270,3,6520.83,1956.25,17606.24
OI00004019-1,ORD00004019,PROD00097,1,19582.9,0.0,19582.9
OI00004019-2,ORD00004019,PROD00153,2,8528.45,0.0,17056.9
OI00004020-1,ORD00004020,PROD00178,4,20555.44,0.0,82221.76
OI00004020-2,ORD00004020,PROD00180,1,5881.39,0.0,5881.39
OI00004020-3,ORD00004020,PROD00160,4,21368.16,0.0,85472.64
OI00004020-4,ORD00004020,PROD00133,1,10071.99,0.0,10071.99
OI00004020-5,ORD00004020,PROD00333,3,15073.5,0.0,45220.5
OI00004021-1,ORD00004021,PROD00148,1,15616.8,780.84,14835.96
OI00004021-2,ORD00004021,PROD00029,1,19909.52,0.0,19909.52
OI00004021-3,ORD00004021,PROD00114,2,7054.87,705.49,13404.25
OI00004021-4,ORD00004021,PROD00301,1,15056.56,0.0,15056.56
OI00004022-1,ORD00004022,PROD00218,4,9795.93,0.0,39183.72
OI00004023-1,ORD00004023,PROD00068,1,12144.87,1821.73,10323.14
OI00004024-1,ORD00004024,PROD00073,3,3596.39,0.0,10789.17
OI00004024-2,ORD00004024,PROD00032,4,7626.11,0.0,30504.44
OI00004024-3,ORD00004024,PROD00121,1,17020.33,1702.03,15318.3
OI00004024-4,ORD00004024,PROD00228,4,24578.41,0.0,98313.64
OI00004025-1,ORD00004025,PROD00143,3,8628.21,2588.46,23296.17
OI00004025-2,ORD00004025,PROD00224,1,23476.13,0.0,23476.13
OI00004026-1,ORD00004026,PROD00166,3,5219.63,1565.89,14093.0
OI00004026-2,ORD00004026,PROD00035,3,14071.44,6332.15,35882.17
OI00004026-3,ORD00004026,PROD00200,3,18445.4,0.0,55336.2
OI00004026-4,ORD00004026,PROD00224,4,23476.13,9390.45,84514.07
OI00004026-5,ORD00004026,PROD00087,1,21498.23,0.0,21498.23
OI00004027-1,ORD00004027,PROD00063,4,20579.93,4115.99,78203.73
OI00004027-2,ORD00004027,PROD00031,4,5027.13,2010.85,18097.67
OI00004027-3,ORD00004027,PROD00124,4,24453.49,0.0,97813.96
OI00004027-4,ORD00004027,PROD00014,1,2236.5,111.83,2124.67
OI00004028-1,ORD00004028,PROD00069,3,17377.04,5213.11,46918.01
OI00004028-2,ORD00004028,PROD00047,4,23596.32,0.0,94385.28
OI00004029-1,ORD00004029,PROD00349,2,22965.12,2296.51,43633.73
OI00004029-2,ORD00004029,PROD00074,3,5428.76,2442.94,13843.34
OI00004029-3,ORD00004029,PROD00201,1,17522.9,2628.43,14894.47
OI00004030-1,ORD00004030,PROD00276,4,9301.09,5580.65,31623.71
OI00004031-1,ORD00004031,PROD00194,1,3968.03,0.0,3968.03
OI00004031-2,ORD00004031,PROD00033,1,8958.24,447.91,8510.33
OI00004031-3,ORD00004031,PROD00034,3,20180.05,9081.02,51459.13
OI00004031-4,ORD00004031,PROD00260,1,2962.43,148.12,2814.31
OI00004032-1,ORD00004032,PROD00167,2,7684.68,768.47,14600.89
OI00004032-2,ORD00004032,PROD00198,1,235.71,0.0,235.71
OI00004032-3,ORD00004032,PROD00183,1,14458.84,2168.83,12290.01
OI00004032-4,ORD00004032,PROD00040,1,3967.96,396.8,3571.16
OI00004033-1,ORD00004033,PROD00104,4,15897.49,9538.49,54051.47
OI00004033-2,ORD00004033,PROD00039,2,12707.28,0.0,25414.56
OI00004033-3,ORD00004033,PROD00034,3,20180.05,0.0,60540.15
OI00004034-1,ORD00004034,PROD00160,1,21368.16,0.0,21368.16
OI00004034-2,ORD00004034,PROD00082,1,23934.46,0.0,23934.46
OI00004035-1,ORD00004035,PROD00024,4,13853.73,0.0,55414.92
OI00004036-1,ORD00004036,PROD00237,2,6989.25,698.93,13279.57
OI00004036-2,ORD00004036,PROD00237,3,6989.25,1048.39,19919.36
OI00004036-3,ORD00004036,PROD00323,3,10163.0,4573.35,25915.65
OI00004037-1,ORD00004037,PROD00071,1,9271.17,463.56,8807.61
OI00004037-2,ORD00004037,PROD00065,3,11181.79,3354.54,30190.83
OI00004037-3,ORD00004037,PROD00140,1,14612.46,0.0,14612.46
OI00004038-1,ORD00004038,PROD00099,2,16343.82,0.0,32687.64
OI00004039-1,ORD00004039,PROD00192,3,5187.01,0.0,15561.03
OI00004039-2,ORD00004039,PROD00319,3,339.48,0.0,1018.44
OI00004040-1,ORD00004040,PROD00201,2,17522.9,0.0,35045.8
OI00004040-2,ORD00004040,PROD00180,3,5881.39,1764.42,15879.75
OI00004041-1,ORD00004041,PROD00006,3,8918.67,1337.8,25418.21
OI00004041-2,ORD00004041,PROD00051,2,10511.67,0.0,21023.34
OI00004042-1,ORD00004042,PROD00216,4,4489.61,2693.77,15264.67
OI00004042-2,ORD00004042,PROD00318,1,21629.15,2162.92,19466.23
OI00004043-1,ORD00004043,PROD00078,1,3767.12,0.0,3767.12
OI00004043-2,ORD00004043,PROD00040,1,3967.96,396.8,3571.16
OI00004044-1,ORD00004044,PROD00260,4,2962.43,1184.97,10664.75
OI00004045-1,ORD00004045,PROD00097,1,19582.9,2937.43,16645.47
OI00004046-1,ORD00004046,PROD00079,4,9711.52,5826.91,33019.17
OI00004046-2,ORD00004046,PROD00340,1,17115.28,1711.53,15403.75
OI00004046-3,ORD00004046,PROD00062,3,17873.06,0.0,53619.18
OI00004046-4,ORD00004046,PROD00105,3,8573.66,3858.15,21862.83
OI00004046-5,ORD00004046,PROD00266,4,20418.91,0.0,81675.64
OI00004047-1,ORD00004047,PROD00186,4,8185.68,1637.14,31105.58
OI00004048-1,ORD00004048,PROD00254,1,10249.25,0.0,10249.25
OI00004048-2,ORD00004048,PROD00144,3,4774.42,716.16,13607.1
OI00004048-3,ORD00004048,PROD00134,3,11362.61,0.0,34087.83
OI00004048-4,ORD00004048,PROD00103,3,21963.07,6588.92,59300.29
OI00004048-5,ORD00004048,PROD00272,4,6955.22,0.0,27820.88
OI00004049-1,ORD00004049,PROD00015,2,21482.35,4296.47,38668.23
OI00004049-2,ORD00004049,PROD00021,4,21222.98,0.0,84891.92
OI00004049-3,ORD00004049,PROD00131,2,1596.96,0.0,3193.92
OI00004049-4,ORD00004049,PROD00328,3,24499.21,7349.76,66147.87
OI00004050-1,ORD00004050,PROD00296,2,3229.07,322.91,6135.23
OI00004050-2,ORD00004050,PROD00098,1,24035.74,0.0,24035.74
OI00004050-3,ORD00004050,PROD00319,4,339.48,0.0,1357.92
OI00004050-4,ORD00004050,PROD00261,4,17666.44,3533.29,67132.47
OI00004050-5,ORD00004050,PROD00347,1,11947.7,0.0,11947.7
OI00004051-1,ORD00004051,PROD00142,3,1480.08,0.0,4440.24
OI00004051-2,ORD00004051,PROD00216,4,4489.61,1795.84,16162.6
OI00004051-3,ORD00004051,PROD00097,2,19582.9,1958.29,37207.51
OI00004052-1,ORD00004052,PROD00260,1,2962.43,0.0,2962.43
OI00004053-1,ORD00004053,PROD00157,4,21965.78,4393.16,83469.96
OI00004053-2,ORD00004053,PROD00192,3,5187.01,1556.1,14004.93
OI00004053-3,ORD00004053,PROD00031,3,5027.13,754.07,14327.32
OI00004054-1,ORD00004054,PROD00132,1,1691.47,0.0,1691.47
OI00004055-1,ORD00004055,PROD00180,3,5881.39,0.0,17644.17
OI00004055-2,ORD00004055,PROD00089,2,7704.52,1540.9,13868.14
OI00004055-3,ORD00004055,PROD00186,1,8185.68,818.57,7367.11
OI00004055-4,ORD00004055,PROD00344,3,2433.74,0.0,7301.22
OI00004056-1,ORD00004056,PROD00274,4,2466.2,1479.72,8385.08
OI00004056-2,ORD00004056,PROD00034,1,20180.05,1009.0,19171.05
OI00004056-3,ORD00004056,PROD00146,3,8249.05,1237.36,23509.79
OI00004057-1,ORD00004057,PROD00334,2,1905.27,190.53,3620.01
OI00004057-2,ORD00004057,PROD00307,1,13721.18,2058.18,11663.0
OI00004057-3,ORD00004057,PROD00019,4,539.71,0.0,2158.84
OI00004057-4,ORD00004057,PROD00332,1,966.51,0.0,966.51
OI00004058-1,ORD00004058,PROD00225,3,4381.86,0.0,13145.58
OI00004058-2,ORD00004058,PROD00100,3,14966.8,0.0,44900.4
OI00004058-3,ORD00004058,PROD00291,4,16653.64,0.0,66614.56
OI00004058-4,ORD00004058,PROD00165,3,17905.46,0.0,53716.38
OI00004059-1,ORD00004059,PROD00117,1,1680.75,84.04,1596.71
OI00004059-2,ORD00004059,PROD00069,4,17377.04,10426.22,59081.94
OI00004059-3,ORD00004059,PROD00148,4,15616.8,9370.08,53097.12
OI00004060-1,ORD00004060,PROD00011,2,13382.68,1338.27,25427.09
OI00004060-2,ORD00004060,PROD00064,1,2094.58,0.0,2094.58
OI00004060-3,ORD00004060,PROD00170,3,11306.22,0.0,33918.66
OI00004061-1,ORD00004061,PROD00228,3,24578.41,3686.76,70048.47
OI00004062-1,ORD00004062,PROD00149,2,5172.64,0.0,10345.28
OI00004062-2,ORD00004062,PROD00045,1,3832.7,383.27,3449.43
OI00004062-3,ORD00004062,PROD00215,4,16801.23,6720.49,60484.43
OI00004063-1,ORD00004063,PROD00024,1,13853.73,1385.37,12468.36
OI00004063-2,ORD00004063,PROD00280,1,11325.36,0.0,11325.36
OI00004063-3,ORD00004063,PROD00290,4,19169.41,11501.65,65175.99
OI00004064-1,ORD00004064,PROD00065,4,11181.79,0.0,44727.16
OI00004064-2,ORD00004064,PROD00332,3,966.51,434.93,2464.6
OI00004064-3,ORD00004064,PROD00053,2,17522.36,0.0,35044.72
OI00004064-4,ORD00004064,PROD00303,3,15795.37,4738.61,42647.5
OI00004064-5,ORD00004064,PROD00087,2,21498.23,2149.82,40846.64
OI00004065-1,ORD00004065,PROD00222,2,18114.09,0.0,36228.18
OI00004065-2,ORD00004065,PROD00229,1,6335.91,633.59,5702.32
OI00004065-3,ORD00004065,PROD00271,4,21715.63,13029.38,73833.14
OI00004066-1,ORD00004066,PROD00239,3,6094.11,0.0,18282.33
OI00004066-2,ORD00004066,PROD00236,1,23089.06,0.0,23089.06
OI00004067-1,ORD00004067,PROD00305,2,17525.16,0.0,35050.32
OI00004067-2,ORD00004067,PROD00334,1,1905.27,95.26,1810.01
OI00004067-3,ORD00004067,PROD00038,2,19552.23,0.0,39104.46
OI00004067-4,ORD00004067,PROD00098,4,24035.74,4807.15,91335.81
OI00004068-1,ORD00004068,PROD00082,2,23934.46,2393.45,45475.47
OI00004068-2,ORD00004068,PROD00126,4,12025.16,2405.03,45695.61
OI00004068-3,ORD00004068,PROD00340,1,17115.28,0.0,17115.28
OI00004069-1,ORD00004069,PROD00043,2,20878.59,2087.86,39669.32
OI00004069-2,ORD00004069,PROD00139,2,1559.26,0.0,3118.52
OI00004069-3,ORD00004069,PROD00125,3,4153.82,1246.15,11215.31
OI00004069-4,ORD00004069,PROD00017,4,19254.54,0.0,77018.16
OI00004070-1,ORD00004070,PROD00257,3,18404.82,0.0,55214.46
OI00004070-2,ORD00004070,PROD00008,3,2128.1,0.0,6384.3
OI00004070-3,ORD00004070,PROD00035,1,14071.44,2110.72,11960.72
OI00004071-1,ORD00004071,PROD00003,1,24605.45,3690.82,20914.63
OI00004071-2,ORD00004071,PROD00293,4,9456.41,5673.85,32151.79
OI00004071-3,ORD00004071,PROD00214,4,4472.05,2683.23,15204.97
OI00004071-4,ORD00004071,PROD00227,2,1146.28,229.26,2063.3
OI00004072-1,ORD00004072,PROD00199,1,13170.12,1975.52,11194.6
OI00004072-2,ORD00004072,PROD00253,1,23510.11,3526.52,19983.59
OI00004073-1,ORD00004073,PROD00256,2,15892.74,4767.82,27017.66
OI00004074-1,ORD00004074,PROD00207,2,1959.51,0.0,3919.02
OI00004074-2,ORD00004074,PROD00003,2,24605.45,0.0,49210.9
OI00004075-1,ORD00004075,PROD00247,3,10596.3,0.0,31788.9
OI00004075-2,ORD00004075,PROD00165,4,17905.46,10743.28,60878.56
OI00004075-3,ORD00004075,PROD00099,2,16343.82,0.0,32687.64
OI00004075-4,ORD00004075,PROD00330,3,16495.98,0.0,49487.94
OI00004076-1,ORD00004076,PROD00339,3,696.45,208.94,1880.41
OI00004076-2,ORD00004076,PROD00285,1,7381.88,0.0,7381.88
OI00004076-3,ORD00004076,PROD00296,3,3229.07,0.0,9687.21
OI00004076-4,ORD00004076,PROD00246,3,2046.4,0.0,6139.2
OI00004076-5,ORD00004076,PROD00004,1,7422.27,0.0,7422.27
OI00004077-1,ORD00004077,PROD00339,4,696.45,0.0,2785.8
OI00004077-2,ORD00004077,PROD00152,2,5018.12,1505.44,8530.8
OI00004078-1,ORD00004078,PROD00126,4,12025.16,0.0,48100.64
OI00004079-1,ORD00004079,PROD00293,4,9456.41,3782.56,34043.08
OI00004080-1,ORD00004080,PROD00120,4,21353.8,0.0,85415.2
OI00004080-2,ORD00004080,PROD00056,2,5382.68,0.0,10765.36
OI00004080-3,ORD00004080,PROD00007,4,18525.88,0.0,74103.52
OI00004081-1,ORD00004081,PROD00169,4,5792.93,0.0,23171.72
OI00004082-1,ORD00004082,PROD00119,2,17032.97,5109.89,28956.05
OI00004083-1,ORD00004083,PROD00031,4,5027.13,2010.85,18097.67
OI00004084-1,ORD00004084,PROD00294,2,20220.76,4044.15,36397.37
OI00004084-2,ORD00004084,PROD00186,3,8185.68,0.0,24557.04
OI00004085-1,ORD00004085,PROD00020,2,1320.51,396.15,2244.87
OI00004086-1,ORD00004086,PROD00322,4,14307.01,0.0,57228.04
OI00004087-1,ORD00004087,PROD00297,2,1594.03,159.4,3028.66
OI00004088-1,ORD00004088,PROD00056,1,5382.68,538.27,4844.41
OI00004088-2,ORD00004088,PROD00070,2,23046.35,0.0,46092.7
OI00004088-3,ORD00004088,PROD00148,1,15616.8,0.0,15616.8
OI00004089-1,ORD00004089,PROD00092,2,5103.86,1531.16,8676.56
OI00004089-2,ORD00004089,PROD00081,1,14048.06,0.0,14048.06
OI00004090-1,ORD00004090,PROD00062,3,17873.06,0.0,53619.18
OI00004090-2,ORD00004090,PROD00254,2,10249.25,0.0,20498.5
OI00004090-3,ORD00004090,PROD00019,2,539.71,0.0,1079.42
OI00004090-4,ORD00004090,PROD00052,3,22735.31,6820.59,61385.34
OI00004090-5,ORD00004090,PROD00044,4,6687.09,0.0,26748.36
OI00004091-1,ORD00004091,PROD00048,1,2165.22,0.0,2165.22
OI00004091-2,ORD00004091,PROD00313,4,23762.43,9504.97,85544.75
OI00004092-1,ORD00004092,PROD00326,3,13890.31,0.0,41670.93
OI00004092-2,ORD00004092,PROD00335,3,11428.89,5143.0,29143.67
OI00004093-1,ORD00004093,PROD00012,1,11531.07,1153.11,10377.96
OI00004093-2,ORD00004093,PROD00336,1,1810.42,0.0,1810.42
OI00004094-1,ORD00004094,PROD00027,1,12715.52,1907.33,10808.19
OI00004094-2,ORD00004094,PROD00150,1,1889.59,0.0,1889.59
OI00004094-3,ORD00004094,PROD00155,2,16388.99,0.0,32777.98
OI00004094-4,ORD00004094,PROD00209,3,1876.23,844.3,4784.39
OI00004095-1,ORD00004095,PROD00316,2,3014.12,904.24,5124.0
OI00004096-1,ORD00004096,PROD00332,2,966.51,193.3,1739.72
OI00004096-2,ORD00004096,PROD00234,2,18943.28,0.0,37886.56
OI00004097-1,ORD00004097,PROD00317,1,16337.28,816.86,15520.42
OI00004097-2,ORD00004097,PROD00228,1,24578.41,0.0,24578.41
OI00004097-3,ORD00004097,PROD00238,3,16218.76,0.0,48656.28
OI00004097-4,ORD00004097,PROD00010,1,4667.93,0.0,4667.93
OI00004098-1,ORD00004098,PROD00128,2,20549.76,0.0,41099.52
OI00004098-2,ORD00004098,PROD00323,4,10163.0,0.0,40652.0
OI00004099-1,ORD00004099,PROD00261,4,17666.44,7066.58,63599.18
OI00004099-2,ORD00004099,PROD00224,1,23476.13,2347.61,21128.52
OI00004099-3,ORD00004099,PROD00094,1,1683.18,252.48,1430.7
OI00004099-4,ORD00004099,PROD00345,2,15206.3,4561.89,25850.71
OI00004099-5,ORD00004099,PROD00073,3,3596.39,0.0,10789.17
OI00004100-1,ORD00004100,PROD00220,4,5039.64,2015.86,18142.7
OI00004101-1,ORD00004101,PROD00335,2,11428.89,0.0,22857.78
OI00004101-2,ORD00004101,PROD00176,3,24960.21,7488.06,67392.57
OI00004101-3,ORD00004101,PROD00059,1,15693.39,784.67,14908.72
OI00004101-4,ORD00004101,PROD00007,3,18525.88,0.0,55577.64
OI00004102-1,ORD00004102,PROD00019,3,539.71,242.87,1376.26
OI00004102-2,ORD00004102,PROD00223,3,14073.25,4221.98,37997.77
OI00004102-3,ORD00004102,PROD00237,1,6989.25,349.46,6639.79
OI00004102-4,ORD00004102,PROD00075,1,1735.74,0.0,1735.74
OI00004103-1,ORD00004103,PROD00116,2,4303.4,860.68,7746.12
OI00004103-2,ORD00004103,PROD00153,2,8528.45,0.0,17056.9
OI00004103-3,ORD00004103,PROD00314,2,8921.82,892.18,16951.46
OI00004104-1,ORD00004104,PROD00061,1,8790.91,1318.64,7472.27
OI00004104-2,ORD00004104,PROD00091,1,3604.39,360.44,3243.95
OI00004105-1,ORD00004105,PROD00174,1,13673.35,0.0,13673.35
OI00004105-2,ORD00004105,PROD00133,3,10071.99,0.0,30215.97
OI00004105-3,ORD00004105,PROD00175,3,18643.02,2796.45,53132.61
OI00004106-1,ORD00004106,PROD00125,3,4153.82,0.0,12461.46
OI00004106-2,ORD00004106,PROD00129,3,19114.26,8601.42,48741.36
OI00004106-3,ORD00004106,PROD00343,3,19579.2,8810.64,49926.96
OI00004107-1,ORD00004107,PROD00188,3,24505.29,7351.59,66164.28
OI00004107-2,ORD00004107,PROD00045,2,3832.7,766.54,6898.86
OI00004107-3,ORD00004107,PROD00108,1,19693.27,0.0,19693.27
OI00004108-1,ORD00004108,PROD00095,2,13874.18,0.0,27748.36
OI00004108-2,ORD00004108,PROD00320,3,624.52,281.03,1592.53
OI00004109-1,ORD00004109,PROD00211,2,2911.33,0.0,5822.66
OI00004109-2,ORD00004109,PROD00143,3,8628.21,3882.69,22001.94
OI00004109-3,ORD00004109,PROD00175,1,18643.02,1864.3,16778.72
OI00004109-4,ORD00004109,PROD00156,4,6041.74,2416.7,21750.26
OI00004109-5,ORD00004109,PROD00334,4,1905.27,1143.16,6477.92
OI00004110-1,ORD00004110,PROD00260,1,2962.43,0.0,2962.43
OI00004110-2,ORD00004110,PROD00173,2,19657.54,0.0,39315.08
OI00004111-1,ORD00004111,PROD00303,3,15795.37,2369.31,45016.8
OI00004111-2,ORD00004111,PROD00082,2,23934.46,0.0,47868.92
OI00004111-3,ORD00004111,PROD00043,4,20878.59,4175.72,79338.64
OI00004111-4,ORD00004111,PROD00190,3,2376.38,356.46,6772.68
OI00004111-5,ORD00004111,PROD00115,4,24607.38,0.0,98429.52
OI00004112-1,ORD00004112,PROD00021,1,21222.98,0.0,21222.98
OI00004112-2,ORD00004112,PROD00203,3,9647.39,0.0,28942.17
OI00004112-3,ORD00004112,PROD00235,3,7450.54,0.0,22351.62
OI00004112-4,ORD00004112,PROD00207,3,1959.51,0.0,5878.53
OI00004112-5,ORD00004112,PROD00136,4,14715.94,8829.56,50034.2
OI00004113-1,ORD00004113,PROD00259,2,6394.49,1918.35,10870.63
OI00004113-2,ORD00004113,PROD00348,4,16456.2,0.0,65824.8
OI00004114-1,ORD00004114,PROD00063,4,20579.93,0.0,82319.72
OI00004114-2,ORD00004114,PROD00214,4,4472.05,0.0,17888.2
OI00004114-3,ORD00004114,PROD00238,4,16218.76,0.0,64875.04
OI00004114-4,ORD00004114,PROD00007,4,18525.88,0.0,74103.52
OI00004115-1,ORD00004115,PROD00230,1,8334.56,0.0,8334.56
OI00004116-1,ORD00004116,PROD00307,2,13721.18,2744.24,24698.12
OI00004116-2,ORD00004116,PROD00095,3,13874.18,4162.25,37460.29
OI00004116-3,ORD00004116,PROD00330,4,16495.98,0.0,65983.92
OI00004116-4,ORD00004116,PROD00117,3,1680.75,0.0,5042.25
OI00004117-1,ORD00004117,PROD00177,4,19263.4,0.0,77053.6
OI00004118-1,ORD00004118,PROD00230,3,8334.56,0.0,25003.68
OI00004118-2,ORD00004118,PROD00256,2,15892.74,0.0,31785.48
OI00004118-3,ORD00004118,PROD00127,4,21020.66,12612.4,71470.24
OI00004118-4,ORD00004118,PROD00029,1,19909.52,0.0,19909.52
OI00004119-1,ORD00004119,PROD00189,2,4749.05,0.0,9498.1
OI00004120-1,ORD00004120,PROD00220,3,5039.64,0.0,15118.92
OI00004121-1,ORD00004121,PROD00196,3,10833.41,3250.02,29250.21
OI00004121-2,ORD00004121,PROD00253,4,23510.11,0.0,94040.44
OI00004121-3,ORD00004121,PROD00268,3,17615.98,2642.4,50205.54
OI00004122-1,ORD00004122,PROD00104,2,15897.49,0.0,31794.98
OI00004122-2,ORD00004122,PROD00067,4,18306.34,3661.27,69564.09
OI00004122-3,ORD00004122,PROD00092,2,5103.86,510.39,9697.33
OI00004122-4,ORD00004122,PROD00051,2,10511.67,0.0,21023.34
OI00004123-1,ORD00004123,PROD00223,4,14073.25,2814.65,53478.35
OI00004123-2,ORD00004123,PROD00119,1,17032.97,851.65,16181.32
OI00004123-3,ORD00004123,PROD00349,1,22965.12,1148.26,21816.86
OI00004124-1,ORD00004124,PROD00212,3,11560.86,5202.39,29480.19
OI00004124-2,ORD00004124,PROD00229,4,6335.91,0.0,25343.64
OI00004125-1,ORD00004125,PROD00322,1,14307.01,715.35,13591.66
OI00004125-2,ORD00004125,PROD00131,1,1596.96,0.0,1596.96
OI00004125-3,ORD00004125,PROD00081,4,14048.06,0.0,56192.24
OI00004125-4,ORD00004125,PROD00338,2,10521.18,0.0,21042.36
OI00004126-1,ORD00004126,PROD00305,1,17525.16,876.26,16648.9
OI00004126-2,ORD00004126,PROD00221,3,17014.99,5104.5,45940.47
OI00004126-3,ORD00004126,PROD00095,4,13874.18,0.0,55496.72
OI00004127-1,ORD00004127,PROD00331,4,15173.99,6069.6,54626.36
OI00004127-2,ORD00004127,PROD00037,2,17674.8,0.0,35349.6
OI00004127-3,ORD00004127,PROD00266,1,20418.91,1020.95,19397.96
OI00004128-1,ORD00004128,PROD00248,1,544.29,0.0,544.29
OI00004128-2,ORD00004128,PROD00099,2,16343.82,4903.15,27784.49
OI00004128-3,ORD00004128,PROD00343,1,19579.2,1957.92,17621.28
OI00004128-4,ORD00004128,PROD00169,1,5792.93,579.29,5213.64
OI00004129-1,ORD00004129,PROD00207,2,1959.51,0.0,3919.02
OI00004129-2,ORD00004129,PROD00317,3,16337.28,2450.59,46561.25
OI00004129-3,ORD00004129,PROD00293,1,9456.41,0.0,9456.41
OI00004129-4,ORD00004129,PROD00022,2,973.58,0.0,1947.16
OI00004129-5,ORD00004129,PROD00278,4,20166.44,0.0,80665.76
OI00004130-1,ORD00004130,PROD00133,1,10071.99,0.0,10071.99
OI00004131-1,ORD00004131,PROD00104,1,15897.49,794.87,15102.62
OI00004132-1,ORD00004132,PROD00215,1,16801.23,2520.18,14281.05
OI00004132-2,ORD00004132,PROD00007,3,18525.88,5557.76,50019.88
OI00004132-3,ORD00004132,PROD00011,1,13382.68,0.0,13382.68
OI00004132-4,ORD00004132,PROD00335,4,11428.89,0.0,45715.56
OI00004132-5,ORD00004132,PROD00349,4,22965.12,0.0,91860.48
OI00004133-1,ORD00004133,PROD00125,4,4153.82,0.0,16615.28
OI00004133-2,ORD00004133,PROD00111,2,11594.18,1159.42,22028.94
OI00004133-3,ORD00004133,PROD00291,2,16653.64,0.0,33307.28
OI00004133-4,ORD00004133,PROD00343,3,19579.2,0.0,58737.6
OI00004133-5,ORD00004133,PROD00138,3,12060.91,3618.27,32564.46
OI00004134-1,ORD00004134,PROD00334,1,1905.27,0.0,1905.27
OI00004134-2,ORD00004134,PROD00303,3,15795.37,0.0,47386.11
OI00004135-1,ORD00004135,PROD00328,2,24499.21,0.0,48998.42
OI00004135-2,ORD00004135,PROD00189,4,4749.05,949.81,18046.39
OI00004135-3,ORD00004135,PROD00117,4,1680.75,0.0,6723.0
OI00004135-4,ORD00004135,PROD00025,3,12394.98,0.0,37184.94
OI00004136-1,ORD00004136,PROD00300,4,20412.89,0.0,81651.56
OI00004136-2,ORD00004136,PROD00046,4,20054.13,0.0,80216.52
OI00004136-3,ORD00004136,PROD00101,2,14649.72,2929.94,26369.5
OI00004136-4,ORD00004136,PROD00181,4,8549.46,3419.78,30778.06
OI00004136-5,ORD00004136,PROD00323,2,10163.0,1016.3,19309.7
OI00004137-1,ORD00004137,PROD00059,3,15693.39,7062.03,40018.14
OI00004138-1,ORD00004138,PROD00079,2,9711.52,0.0,19423.04
OI00004138-2,ORD00004138,PROD00165,4,17905.46,0.0,71621.84
OI00004138-3,ORD00004138,PROD00064,2,2094.58,0.0,4189.16
OI00004138-4,ORD00004138,PROD00100,2,14966.8,0.0,29933.6
OI00004139-1,ORD00004139,PROD00250,3,7116.48,2134.94,19214.5
OI00004139-2,ORD00004139,PROD00066,1,21806.77,0.0,21806.77
OI00004139-3,ORD00004139,PROD00328,4,24499.21,0.0,97996.84
OI00004140-1,ORD00004140,PROD00342,4,296.09,0.0,1184.36
OI00004140-2,ORD00004140,PROD00073,3,3596.39,0.0,10789.17
OI00004141-1,ORD00004141,PROD00241,4,1662.19,997.31,5651.45
OI00004142-1,ORD00004142,PROD00198,1,235.71,23.57,212.14
OI00004142-2,ORD00004142,PROD00294,4,20220.76,4044.15,76838.89
OI00004142-3,ORD00004142,PROD00157,3,21965.78,0.0,65897.34
OI00004142-4,ORD00004142,PROD00330,3,16495.98,4948.79,44539.15
OI00004142-5,ORD00004142,PROD00116,3,4303.4,0.0,12910.2
OI00004143-1,ORD00004143,PROD00333,4,15073.5,0.0,60294.0
OI00004143-2,ORD00004143,PROD00126,4,12025.16,0.0,48100.64
OI00004143-3,ORD00004143,PROD00209,1,1876.23,0.0,1876.23
OI00004144-1,ORD00004144,PROD00012,2,11531.07,1153.11,21909.03
OI00004144-2,ORD00004144,PROD00255,2,4895.99,489.6,9302.38
OI00004145-1,ORD00004145,PROD00278,1,20166.44,1008.32,19158.12
OI00004146-1,ORD00004146,PROD00066,1,21806.77,1090.34,20716.43
OI00004146-2,ORD00004146,PROD00075,3,1735.74,781.08,4426.14
OI00004146-3,ORD00004146,PROD00270,1,6520.83,0.0,6520.83
OI00004147-1,ORD00004147,PROD00322,1,14307.01,2146.05,12160.96
OI00004148-1,ORD00004148,PROD00160,2,21368.16,6410.45,36325.87
OI00004149-1,ORD00004149,PROD00100,3,14966.8,2245.02,42655.38
OI00004149-2,ORD00004149,PROD00194,4,3968.03,793.61,15078.51
OI00004150-1,ORD00004150,PROD00107,4,10358.42,0.0,41433.68
OI00004150-2,ORD00004150,PROD00123,4,4905.47,981.09,18640.79
OI00004150-3,ORD00004150,PROD00149,4,5172.64,0.0,20690.56
OI00004150-4,ORD00004150,PROD00119,3,17032.97,0.0,51098.91
OI00004151-1,ORD00004151,PROD00173,3,19657.54,0.0,58972.62
OI00004151-2,ORD00004151,PROD00084,2,6169.9,0.0,12339.8
OI00004151-3,ORD00004151,PROD00325,4,24143.74,14486.24,82088.72
OI00004152-1,ORD00004152,PROD00279,1,690.73,0.0,690.73
OI00004152-2,ORD00004152,PROD00145,4,21307.62,8523.05,76707.43
OI00004153-1,ORD00004153,PROD00026,1,4075.27,611.29,3463.98
OI00004153-2,ORD00004153,PROD00240,3,15221.18,6849.53,38814.01
OI00004153-3,ORD00004153,PROD00113,2,20219.94,6065.98,34373.9
OI00004153-4,ORD00004153,PROD00303,3,15795.37,2369.31,45016.8
OI00004154-1,ORD00004154,PROD00093,4,23736.46,0.0,94945.84
OI00004154-2,ORD00004154,PROD00303,2,15795.37,3159.07,28431.67
OI00004154-3,ORD00004154,PROD00211,3,2911.33,0.0,8733.99
OI00004155-1,ORD00004155,PROD00331,1,15173.99,2276.1,12897.89
OI00004155-2,ORD00004155,PROD00188,2,24505.29,2450.53,46560.05
OI00004155-3,ORD00004155,PROD00119,3,17032.97,2554.95,48543.96
OI00004155-4,ORD00004155,PROD00323,1,10163.0,1524.45,8638.55
OI00004155-5,ORD00004155,PROD00199,4,13170.12,5268.05,47412.43
OI00004156-1,ORD00004156,PROD00129,3,19114.26,0.0,57342.78
OI00004156-2,ORD00004156,PROD00300,2,20412.89,0.0,40825.78
OI00004156-3,ORD00004156,PROD00264,2,15922.7,0.0,31845.4
OI00004157-1,ORD00004157,PROD00133,3,10071.99,3021.6,27194.37
OI00004157-2,ORD00004157,PROD00089,1,7704.52,1155.68,6548.84
OI00004157-3,ORD00004157,PROD00260,2,2962.43,0.0,5924.86
OI00004157-4,ORD00004157,PROD00021,3,21222.98,6366.89,57302.05
OI00004158-1,ORD00004158,PROD00195,1,9755.37,975.54,8779.83
OI00004158-2,ORD00004158,PROD00144,1,4774.42,238.72,4535.7
OI00004158-3,ORD00004158,PROD00166,4,5219.63,0.0,20878.52
OI00004159-1,ORD00004159,PROD00344,1,2433.74,0.0,2433.74
OI00004159-2,ORD00004159,PROD00168,4,13786.27,2757.25,52387.83
OI00004159-3,ORD00004159,PROD00100,2,14966.8,1496.68,28436.92
OI00004160-1,ORD00004160,PROD00093,3,23736.46,10681.41,60527.97
OI00004161-1,ORD00004161,PROD00197,4,14707.92,2941.58,55890.1
OI00004161-2,ORD00004161,PROD00236,2,23089.06,2308.91,43869.21
OI00004161-3,ORD00004161,PROD00015,2,21482.35,0.0,42964.7
OI00004161-4,ORD00004161,PROD00050,1,22567.65,3385.15,19182.5
OI00004161-5,ORD00004161,PROD00347,2,11947.7,0.0,23895.4
OI00004162-1,ORD00004162,PROD00313,3,23762.43,0.0,71287.29
OI00004162-2,ORD00004162,PROD00052,3,22735.31,0.0,68205.93
OI00004162-3,ORD00004162,PROD00307,4,13721.18,5488.47,49396.25
OI00004162-4,ORD00004162,PROD00105,2,8573.66,857.37,16289.95
OI00004163-1,ORD00004163,PROD00074,2,5428.76,542.88,10314.64
OI00004163-2,ORD00004163,PROD00057,1,634.37,0.0,634.37
OI00004163-3,ORD00004163,PROD00304,4,24529.51,0.0,98118.04
OI00004163-4,ORD00004163,PROD00085,2,20182.68,0.0,40365.36
OI00004163-5,ORD00004163,PROD00311,1,22435.59,0.0,22435.59
OI00004164-1,ORD00004164,PROD00066,3,21806.77,0.0,65420.31
OI00004164-2,ORD00004164,PROD00251,3,17885.84,5365.75,48291.77
OI00004165-1,ORD00004165,PROD00315,4,14855.14,0.0,59420.56
OI00004165-2,ORD00004165,PROD00258,3,17451.91,0.0,52355.73
OI00004165-3,ORD00004165,PROD00061,3,8790.91,3955.91,22416.82
OI00004165-4,ORD00004165,PROD00227,4,1146.28,229.26,4355.86
OI00004166-1,ORD00004166,PROD00102,1,7550.93,755.09,6795.84
OI00004166-2,ORD00004166,PROD00206,2,22722.97,6816.89,38629.05
OI00004166-3,ORD00004166,PROD00238,4,16218.76,0.0,64875.04
OI00004166-4,ORD00004166,PROD00048,1,2165.22,216.52,1948.7
OI00004166-5,ORD00004166,PROD00085,2,20182.68,6054.8,34310.56
OI00004167-1,ORD00004167,PROD00343,2,19579.2,0.0,39158.4
OI00004168-1,ORD00004168,PROD00331,3,15173.99,0.0,45521.97
OI00004168-2,ORD00004168,PROD00261,3,17666.44,5299.93,47699.39
OI00004168-3,ORD00004168,PROD00149,2,5172.64,0.0,10345.28
OI00004169-1,ORD00004169,PROD00199,4,13170.12,7902.07,44778.41
OI00004169-2,ORD00004169,PROD00174,4,13673.35,2734.67,51958.73
OI00004169-3,ORD00004169,PROD00162,2,5270.48,1054.1,9486.86
OI00004169-4,ORD00004169,PROD00210,4,18661.64,7464.66,67181.9
OI00004170-1,ORD00004170,PROD00303,2,15795.37,4738.61,26852.13
OI00004170-2,ORD00004170,PROD00158,1,4832.45,0.0,4832.45
OI00004171-1,ORD00004171,PROD00338,3,10521.18,0.0,31563.54
OI00004171-2,ORD00004171,PROD00267,1,16380.3,1638.03,14742.27
OI00004171-3,ORD00004171,PROD00326,3,13890.31,0.0,41670.93
OI00004171-4,ORD00004171,PROD00147,1,5524.18,0.0,5524.18
OI00004172-1,ORD00004172,PROD00298,1,19293.46,1929.35,17364.11
OI00004172-2,ORD00004172,PROD00066,1,21806.77,0.0,21806.77
OI00004172-3,ORD00004172,PROD00244,4,18055.76,0.0,72223.04
OI00004172-4,ORD00004172,PROD00142,2,1480.08,296.02,2664.14
OI00004172-5,ORD00004172,PROD00222,1,18114.09,0.0,18114.09
OI00004173-1,ORD00004173,PROD00062,1,17873.06,893.65,16979.41
OI00004174-1,ORD00004174,PROD00322,2,14307.01,0.0,28614.02
OI00004175-1,ORD00004175,PROD00213,2,11796.15,2359.23,21233.07
OI00004175-2,ORD00004175,PROD00080,1,16165.62,808.28,15357.34
OI00004175-3,ORD00004175,PROD00215,3,16801.23,0.0,50403.69
OI00004175-4,ORD00004175,PROD00188,4,24505.29,14703.17,83317.99
OI00004176-1,ORD00004176,PROD00226,1,11496.46,0.0,11496.46
OI00004177-1,ORD00004177,PROD00120,2,21353.8,0.0,42707.6
OI00004177-2,ORD00004177,PROD00232,3,12800.1,5760.05,32640.25
OI00004177-3,ORD00004177,PROD00106,4,16178.76,0.0,64715.04
OI00004178-1,ORD00004178,PROD00317,1,16337.28,2450.59,13886.69
OI00004178-2,ORD00004178,PROD00033,4,8958.24,3583.3,32249.66
OI00004178-3,ORD00004178,PROD00042,4,3118.44,0.0,12473.76
OI00004178-4,ORD00004178,PROD00259,1,6394.49,0.0,6394.49
OI00004179-1,ORD00004179,PROD00121,2,17020.33,1702.03,32338.63
OI00004179-2,ORD00004179,PROD00266,3,20418.91,0.0,61256.73
OI00004180-1,ORD00004180,PROD00177,4,19263.4,0.0,77053.6
OI00004181-1,ORD00004181,PROD00036,3,19263.87,0.0,57791.61
OI00004181-2,ORD00004181,PROD00223,3,14073.25,2110.99,40108.76
OI00004181-3,ORD00004181,PROD00265,3,18730.82,5619.25,50573.21
OI00004181-4,ORD00004181,PROD00020,1,1320.51,0.0,1320.51
OI00004182-1,ORD00004182,PROD00155,4,16388.99,0.0,65555.96
OI00004183-1,ORD00004183,PROD00325,3,24143.74,0.0,72431.22
OI00004183-2,ORD00004183,PROD00112,4,17029.83,6811.93,61307.39
OI00004183-3,ORD00004183,PROD00100,4,14966.8,8980.08,50887.12
OI00004183-4,ORD00004183,PROD00217,2,11079.35,0.0,22158.7
OI00004184-1,ORD00004184,PROD00202,1,10405.57,1560.84,8844.73
OI00004184-2,ORD00004184,PROD00190,4,2376.38,1425.83,8079.69
OI00004185-1,ORD00004185,PROD00199,2,13170.12,0.0,26340.24
OI00004185-2,ORD00004185,PROD00049,2,1583.63,0.0,3167.26
OI00004186-1,ORD00004186,PROD00118,1,22031.03,0.0,22031.03
OI00004186-2,ORD00004186,PROD00304,4,24529.51,0.0,98118.04
OI00004186-3,ORD00004186,PROD00258,1,17451.91,0.0,17451.91
OI00004186-4,ORD00004186,PROD00283,1,5877.29,0.0,5877.29
OI00004187-1,ORD00004187,PROD00303,1,15795.37,0.0,15795.37
OI00004187-2,ORD00004187,PROD00179,2,21643.38,6493.01,36793.75
OI00004187-3,ORD00004187,PROD00220,2,5039.64,503.96,9575.32
OI00004188-1,ORD00004188,PROD00073,3,3596.39,0.0,10789.17
OI00004188-2,ORD00004188,PROD00318,1,21629.15,2162.92,19466.23
OI00004188-3,ORD00004188,PROD00267,4,16380.3,6552.12,58969.08
OI00004188-4,ORD00004188,PROD00058,2,18176.41,0.0,36352.82
OI00004188-5,ORD00004188,PROD00291,1,16653.64,832.68,15820.96
OI00004189-1,ORD00004189,PROD00317,2,16337.28,4901.18,27773.38
OI00004189-2,ORD00004189,PROD00235,3,7450.54,0.0,22351.62
OI00004190-1,ORD00004190,PROD00147,3,5524.18,0.0,16572.54
OI00004190-2,ORD00004190,PROD00172,3,9009.37,1351.41,25676.7
OI00004190-3,ORD00004190,PROD00166,3,5219.63,0.0,15658.89
OI00004191-1,ORD00004191,PROD00021,4,21222.98,0.0,84891.92
OI00004191-2,ORD00004191,PROD00081,3,14048.06,4214.42,37929.76
OI00004191-3,ORD00004191,PROD00315,1,14855.14,0.0,14855.14
OI00004191-4,ORD00004191,PROD00346,1,8662.06,0.0,8662.06
OI00004191-5,ORD00004191,PROD00241,1,1662.19,83.11,1579.08
OI00004192-1,ORD00004192,PROD00105,4,8573.66,0.0,34294.64
OI00004192-2,ORD00004192,PROD00001,3,23270.16,0.0,69810.48
OI00004192-3,ORD00004192,PROD00156,3,6041.74,906.26,17218.96
OI00004193-1,ORD00004193,PROD00239,2,6094.11,609.41,11578.81
OI00004193-2,ORD00004193,PROD00107,2,10358.42,1035.84,19681.0
OI00004194-1,ORD00004194,PROD00141,4,15103.07,9061.84,51350.44
OI00004194-2,ORD00004194,PROD00062,2,17873.06,0.0,35746.12
OI00004194-3,ORD00004194,PROD00194,3,3968.03,0.0,11904.09
OI00004195-1,ORD00004195,PROD00031,1,5027.13,0.0,5027.13
OI00004196-1,ORD00004196,PROD00069,4,17377.04,0.0,69508.16
OI00004197-1,ORD00004197,PROD00242,1,23459.95,1173.0,22286.95
OI00004197-2,ORD00004197,PROD00340,3,17115.28,0.0,51345.84
OI00004197-3,ORD00004197,PROD00040,2,3967.96,396.8,7539.12
OI00004197-4,ORD00004197,PROD00138,4,12060.91,2412.18,45831.46
OI00004197-5,ORD00004197,PROD00286,2,3240.14,324.01,6156.27
OI00004198-1,ORD00004198,PROD00036,1,19263.87,0.0,19263.87
OI00004198-2,ORD00004198,PROD00293,2,9456.41,0.0,18912.82
OI00004198-3,ORD00004198,PROD00280,1,11325.36,0.0,11325.36
OI00004198-4,ORD00004198,PROD00342,3,296.09,44.41,843.86
OI00004199-1,ORD00004199,PROD00053,3,17522.36,5256.71,47310.37
OI00004199-2,ORD00004199,PROD00140,1,14612.46,730.62,13881.84
OI00004199-3,ORD00004199,PROD00032,2,7626.11,0.0,15252.22
OI00004200-1,ORD00004200,PROD00010,3,4667.93,0.0,14003.79
OI00004201-1,ORD00004201,PROD00322,3,14307.01,0.0,42921.03
OI00004201-2,ORD00004201,PROD00226,2,11496.46,2299.29,20693.63
OI00004201-3,ORD00004201,PROD00050,4,22567.65,4513.53,85757.07
OI00004201-4,ORD00004201,PROD00135,1,8523.43,852.34,7671.09
OI00004201-5,ORD00004201,PROD00315,3,14855.14,2228.27,42337.15
OI00004202-1,ORD00004202,PROD00186,3,8185.68,0.0,24557.04
OI00004203-1,ORD00004203,PROD00271,2,21715.63,4343.13,39088.13
OI00004203-2,ORD00004203,PROD00274,2,2466.2,246.62,4685.78
OI00004203-3,ORD00004203,PROD00237,1,6989.25,0.0,6989.25
OI00004203-4,ORD00004203,PROD00304,4,24529.51,0.0,98118.04
OI00004203-5,ORD00004203,PROD00054,4,17451.9,6980.76,62826.84
OI00004204-1,ORD00004204,PROD00346,4,8662.06,0.0,34648.24
OI00004204-2,ORD00004204,PROD00325,2,24143.74,0.0,48287.48
OI00004204-3,ORD00004204,PROD00225,3,4381.86,1971.84,11173.74
OI00004204-4,ORD00004204,PROD00178,4,20555.44,8222.18,73999.58
OI00004204-5,ORD00004204,PROD00209,1,1876.23,93.81,1782.42
OI00004205-1,ORD00004205,PROD00318,2,21629.15,0.0,43258.3
OI00004206-1,ORD00004206,PROD00216,4,4489.61,897.92,17060.52
OI00004207-1,ORD00004207,PROD00043,1,20878.59,0.0,20878.59
OI00004207-2,ORD00004207,PROD00258,2,17451.91,3490.38,31413.44
OI00004207-3,ORD00004207,PROD00207,2,1959.51,587.85,3331.17
OI00004208-1,ORD00004208,PROD00336,2,1810.42,362.08,3258.76
OI00004208-2,ORD00004208,PROD00028,2,3322.41,0.0,6644.82
OI00004208-3,ORD00004208,PROD00178,1,20555.44,3083.32,17472.12
OI00004208-4,ORD00004208,PROD00083,2,3051.07,915.32,5186.82
OI00004208-5,ORD00004208,PROD00221,3,17014.99,7656.75,43388.22
OI00004209-1,ORD00004209,PROD00177,4,19263.4,7705.36,69348.24
OI00004209-2,ORD00004209,PROD00101,4,14649.72,0.0,58598.88
OI00004210-1,ORD00004210,PROD00077,3,19060.68,0.0,57182.04
OI00004210-2,ORD00004210,PROD00218,1,9795.93,0.0,9795.93
OI00004211-1,ORD00004211,PROD00126,1,12025.16,601.26,11423.9
OI00004211-2,ORD00004211,PROD00109,1,16822.54,0.0,16822.54
OI00004212-1,ORD00004212,PROD00350,4,17684.33,0.0,70737.32
OI00004212-2,ORD00004212,PROD00066,1,21806.77,0.0,21806.77
OI00004213-1,ORD00004213,PROD00025,3,12394.98,5577.74,31607.2
OI00004213-2,ORD00004213,PROD00027,1,12715.52,1271.55,11443.97
OI00004214-1,ORD00004214,PROD00060,3,7484.13,2245.24,20207.15
OI00004214-2,ORD00004214,PROD00015,3,21482.35,9667.06,54779.99
OI00004214-3,ORD00004214,PROD00064,1,2094.58,314.19,1780.39
OI00004214-4,ORD00004214,PROD00033,3,8958.24,0.0,26874.72
OI00004215-1,ORD00004215,PROD00031,1,5027.13,0.0,5027.13
OI00004215-2,ORD00004215,PROD00086,4,21556.26,0.0,86225.04
OI00004215-3,ORD00004215,PROD00031,2,5027.13,502.71,9551.55
OI00004216-1,ORD00004216,PROD00127,1,21020.66,1051.03,19969.63
OI00004216-2,ORD00004216,PROD00316,1,3014.12,0.0,3014.12
OI00004216-3,ORD00004216,PROD00310,2,11465.44,1146.54,21784.34
OI00004216-4,ORD00004216,PROD00056,1,5382.68,0.0,5382.68
OI00004217-1,ORD00004217,PROD00276,1,9301.09,465.05,8836.04
OI00004217-2,ORD00004217,PROD00163,4,4227.47,0.0,16909.88
OI00004217-3,ORD00004217,PROD00022,3,973.58,292.07,2628.67
OI00004217-4,ORD00004217,PROD00117,3,1680.75,504.23,4538.02
OI00004218-1,ORD00004218,PROD00214,2,4472.05,0.0,8944.1
OI00004218-2,ORD00004218,PROD00243,1,5945.94,0.0,5945.94
OI00004219-1,ORD00004219,PROD00296,1,3229.07,161.45,3067.62
OI00004220-1,ORD00004220,PROD00139,1,1559.26,233.89,1325.37
OI00004220-2,ORD00004220,PROD00324,3,1645.09,493.53,4441.74
OI00004220-3,ORD00004220,PROD00170,1,11306.22,0.0,11306.22
OI00004220-4,ORD00004220,PROD00280,3,11325.36,0.0,33976.08
OI00004221-1,ORD00004221,PROD00232,3,12800.1,1920.02,36480.28
OI00004221-2,ORD00004221,PROD00219,4,19321.62,0.0,77286.48
OI00004221-3,ORD00004221,PROD00237,1,6989.25,0.0,6989.25
OI00004221-4,ORD00004221,PROD00200,1,18445.4,0.0,18445.4
OI00004222-1,ORD00004222,PROD00179,2,21643.38,4328.68,38958.08
OI00004222-2,ORD00004222,PROD00200,2,18445.4,3689.08,33201.72
OI00004223-1,ORD00004223,PROD00334,4,1905.27,0.0,7621.08
OI00004223-2,ORD00004223,PROD00220,1,5039.64,0.0,5039.64
OI00004223-3,ORD00004223,PROD00267,3,16380.3,0.0,49140.9
OI00004223-4,ORD00004223,PROD00134,4,11362.61,0.0,45450.44
OI00004224-1,ORD00004224,PROD00133,3,10071.99,0.0,30215.97
OI00004225-1,ORD00004225,PROD00205,4,22069.77,0.0,88279.08
OI00004225-2,ORD00004225,PROD00213,2,11796.15,2359.23,21233.07
OI00004226-1,ORD00004226,PROD00274,2,2466.2,0.0,4932.4
OI00004226-2,ORD00004226,PROD00144,3,4774.42,0.0,14323.26
OI00004227-1,ORD00004227,PROD00082,4,23934.46,4786.89,90950.95
OI00004227-2,ORD00004227,PROD00242,4,23459.95,0.0,93839.8
OI00004227-3,ORD00004227,PROD00098,3,24035.74,7210.72,64896.5
OI00004227-4,ORD00004227,PROD00317,4,16337.28,0.0,65349.12
OI00004227-5,ORD00004227,PROD00201,1,17522.9,0.0,17522.9
OI00004228-1,ORD00004228,PROD00257,4,18404.82,0.0,73619.28
OI00004228-2,ORD00004228,PROD00277,4,16643.7,9986.22,56588.58
OI00004228-3,ORD00004228,PROD00311,4,22435.59,13461.35,76281.01
OI00004228-4,ORD00004228,PROD00269,2,14198.95,2839.79,25558.11
OI00004229-1,ORD00004229,PROD00242,2,23459.95,0.0,46919.9
OI00004229-2,ORD00004229,PROD00284,3,10726.51,0.0,32179.53
OI00004229-3,ORD00004229,PROD00027,1,12715.52,635.78,12079.74
OI00004229-4,ORD00004229,PROD00096,3,7650.09,0.0,22950.27
OI00004230-1,ORD00004230,PROD00172,1,9009.37,450.47,8558.9
OI00004231-1,ORD00004231,PROD00259,4,6394.49,0.0,25577.96
OI00004231-2,ORD00004231,PROD00236,3,23089.06,0.0,69267.18
OI00004232-1,ORD00004232,PROD00138,1,12060.91,603.05,11457.86
OI00004232-2,ORD00004232,PROD00348,1,16456.2,822.81,15633.39
OI00004233-1,ORD00004233,PROD00118,1,22031.03,2203.1,19827.93
OI00004233-2,ORD00004233,PROD00008,3,2128.1,0.0,6384.3
OI00004233-3,ORD00004233,PROD00100,1,14966.8,0.0,14966.8
OI00004233-4,ORD00004233,PROD00346,2,8662.06,0.0,17324.12
OI00004234-1,ORD00004234,PROD00191,3,719.62,0.0,2158.86
OI00004234-2,ORD00004234,PROD00088,2,13567.39,0.0,27134.78
OI00004234-3,ORD00004234,PROD00128,4,20549.76,12329.86,69869.18
OI00004234-4,ORD00004234,PROD00151,3,4900.37,735.06,13966.05
OI00004234-5,ORD00004234,PROD00062,3,17873.06,2680.96,50938.22
OI00004235-1,ORD00004235,PROD00006,4,8918.67,0.0,35674.68
OI00004236-1,ORD00004236,PROD00029,1,19909.52,0.0,19909.52
OI00004236-2,ORD00004236,PROD00018,2,22565.26,6769.58,38360.94
OI00004237-1,ORD00004237,PROD00025,4,12394.98,7436.99,42142.93
OI00004237-2,ORD00004237,PROD00348,4,16456.2,9873.72,55951.08
OI00004238-1,ORD00004238,PROD00259,4,6394.49,2557.8,23020.16
OI00004239-1,ORD00004239,PROD00305,4,17525.16,0.0,70100.64
OI00004239-2,ORD00004239,PROD00217,3,11079.35,3323.81,29914.24
OI00004239-3,ORD00004239,PROD00230,3,8334.56,2500.37,22503.31
OI00004239-4,ORD00004239,PROD00076,2,22512.17,0.0,45024.34
OI00004240-1,ORD00004240,PROD00041,4,18327.17,7330.87,65977.81
OI00004240-2,ORD00004240,PROD00102,1,7550.93,0.0,7550.93
OI00004240-3,ORD00004240,PROD00169,4,5792.93,0.0,23171.72
OI00004240-4,ORD00004240,PROD00317,1,16337.28,1633.73,14703.55
OI00004240-5,ORD00004240,PROD00101,4,14649.72,2929.94,55668.94
OI00004241-1,ORD00004241,PROD00044,2,6687.09,668.71,12705.47
OI00004241-2,ORD00004241,PROD00194,1,3968.03,198.4,3769.63
OI00004241-3,ORD00004241,PROD00035,4,14071.44,0.0,56285.76
OI00004241-4,ORD00004241,PROD00068,3,12144.87,0.0,36434.61
OI00004241-5,ORD00004241,PROD00029,4,19909.52,0.0,79638.08
OI00004242-1,ORD00004242,PROD00275,2,23306.6,2330.66,44282.54
OI00004242-2,ORD00004242,PROD00137,1,22614.03,2261.4,20352.63
OI00004242-3,ORD00004242,PROD00101,3,14649.72,6592.37,37356.79
OI00004242-4,ORD00004242,PROD00140,3,14612.46,0.0,43837.38
OI00004243-1,ORD00004243,PROD00304,1,24529.51,0.0,24529.51
OI00004243-2,ORD00004243,PROD00262,4,20752.25,4150.45,78858.55
OI00004243-3,ORD00004243,PROD00056,4,5382.68,0.0,21530.72
OI00004244-1,ORD00004244,PROD00100,1,14966.8,1496.68,13470.12
OI00004245-1,ORD00004245,PROD00284,4,10726.51,0.0,42906.04
OI00004245-2,ORD00004245,PROD00149,2,5172.64,517.26,9828.02
OI00004246-1,ORD00004246,PROD00300,2,20412.89,4082.58,36743.2
OI00004246-2,ORD00004246,PROD00312,4,9087.53,5452.52,30897.6
OI00004246-3,ORD00004246,PROD00070,2,23046.35,0.0,46092.7
OI00004246-4,ORD00004246,PROD00293,4,9456.41,1891.28,35934.36
OI00004246-5,ORD00004246,PROD00047,2,23596.32,0.0,47192.64
OI00004247-1,ORD00004247,PROD00050,2,22567.65,0.0,45135.3
OI00004248-1,ORD00004248,PROD00064,3,2094.58,314.19,5969.55
OI00004249-1,ORD00004249,PROD00060,1,7484.13,374.21,7109.92
OI00004249-2,ORD00004249,PROD00272,3,6955.22,1043.28,19822.38
OI00004249-3,ORD00004249,PROD00217,4,11079.35,0.0,44317.4
OI00004249-4,ORD00004249,PROD00214,3,4472.05,1341.62,12074.53
OI00004250-1,ORD00004250,PROD00043,1,20878.59,0.0,20878.59
OI00004250-2,ORD00004250,PROD00227,3,1146.28,343.88,3094.96
OI00004250-3,ORD00004250,PROD00232,2,12800.1,1280.01,24320.19
OI00004250-4,ORD00004250,PROD00154,3,21079.89,3161.98,60077.69
OI00004250-5,ORD00004250,PROD00254,1,10249.25,0.0,10249.25
OI00004251-1,ORD00004251,PROD00222,3,18114.09,0.0,54342.27
OI00004251-2,ORD00004251,PROD00165,3,17905.46,2685.82,51030.56
OI00004251-3,ORD00004251,PROD00343,2,19579.2,0.0,39158.4
OI00004251-4,ORD00004251,PROD00348,2,16456.2,0.0,32912.4
OI00004252-1,ORD00004252,PROD00124,1,24453.49,0.0,24453.49
OI00004252-2,ORD00004252,PROD00257,2,18404.82,3680.96,33128.68
OI00004252-3,ORD00004252,PROD00232,4,12800.1,2560.02,48640.38
OI00004252-4,ORD00004252,PROD00091,2,3604.39,0.0,7208.78
OI00004252-5,ORD00004252,PROD00254,1,10249.25,1537.39,8711.86
OI00004253-1,ORD00004253,PROD00097,4,19582.9,3916.58,74415.02
OI00004253-2,ORD00004253,PROD00266,3,20418.91,6125.67,55131.06
OI00004254-1,ORD00004254,PROD00247,3,10596.3,0.0,31788.9
OI00004254-2,ORD00004254,PROD00252,2,21548.3,0.0,43096.6
OI00004254-3,ORD00004254,PROD00149,3,5172.64,775.9,14742.02
OI00004254-4,ORD00004254,PROD00059,3,15693.39,0.0,47080.17
OI00004255-1,ORD00004255,PROD00206,1,22722.97,0.0,22722.97
OI00004255-2,ORD00004255,PROD00036,2,19263.87,3852.77,34674.97
OI00004255-3,ORD00004255,PROD00048,4,2165.22,433.04,8227.84
OI00004255-4,ORD00004255,PROD00057,4,634.37,0.0,2537.48
OI00004256-1,ORD00004256,PROD00097,4,19582.9,0.0,78331.6
OI00004256-2,ORD00004256,PROD00089,3,7704.52,1155.68,21957.88
OI00004256-3,ORD00004256,PROD00021,1,21222.98,0.0,21222.98
OI00004256-4,ORD00004256,PROD00086,3,21556.26,0.0,64668.78
OI00004256-5,ORD00004256,PROD00139,4,1559.26,0.0,6237.04
OI00004257-1,ORD00004257,PROD00197,1,14707.92,1470.79,13237.13
OI00004258-1,ORD00004258,PROD00317,4,16337.28,9802.37,55546.75
OI00004258-2,ORD00004258,PROD00225,4,4381.86,2629.12,14898.32
OI00004259-1,ORD00004259,PROD00291,2,16653.64,3330.73,29976.55
OI00004259-2,ORD00004259,PROD00052,4,22735.31,13641.19,77300.05
OI00004259-3,ORD00004259,PROD00175,1,18643.02,0.0,18643.02
OI00004259-4,ORD00004259,PROD00258,3,17451.91,0.0,52355.73
OI00004259-5,ORD00004259,PROD00299,3,2709.32,812.8,7315.16
OI00004260-1,ORD00004260,PROD00035,1,14071.44,0.0,14071.44
OI00004261-1,ORD00004261,PROD00055,4,2152.81,861.12,7750.12
OI00004261-2,ORD00004261,PROD00110,3,9699.44,1454.92,27643.4
OI00004261-3,ORD00004261,PROD00123,1,4905.47,0.0,4905.47
OI00004261-4,ORD00004261,PROD00203,2,9647.39,964.74,18330.04
OI00004262-1,ORD00004262,PROD00288,2,6121.73,0.0,12243.46
OI00004263-1,ORD00004263,PROD00145,4,21307.62,0.0,85230.48
OI00004263-2,ORD00004263,PROD00314,3,8921.82,2676.55,24088.91
OI00004263-3,ORD00004263,PROD00011,1,13382.68,669.13,12713.55
OI00004264-1,ORD00004264,PROD00037,4,17674.8,0.0,70699.2
OI00004265-1,ORD00004265,PROD00231,1,1734.46,0.0,1734.46
OI00004265-2,ORD00004265,PROD00048,2,2165.22,216.52,4113.92
OI00004265-3,ORD00004265,PROD00249,1,13843.66,0.0,13843.66
OI00004266-1,ORD00004266,PROD00339,2,696.45,139.29,1253.61
OI00004266-2,ORD00004266,PROD00087,1,21498.23,0.0,21498.23
OI00004267-1,ORD00004267,PROD00335,1,11428.89,0.0,11428.89
OI00004267-2,ORD00004267,PROD00254,3,10249.25,0.0,30747.75
OI00004267-3,ORD00004267,PROD00074,4,5428.76,0.0,21715.04
OI00004268-1,ORD00004268,PROD00197,1,14707.92,2206.19,12501.73
OI00004268-2,ORD00004268,PROD00324,2,1645.09,0.0,3290.18
OI00004268-3,ORD00004268,PROD00194,4,3968.03,0.0,15872.12
OI00004268-4,ORD00004268,PROD00304,3,24529.51,0.0,73588.53
OI00004269-1,ORD00004269,PROD00217,3,11079.35,1661.9,31576.15
OI00004269-2,ORD00004269,PROD00077,2,19060.68,5718.2,32403.16
OI00004270-1,ORD00004270,PROD00023,2,5836.05,0.0,11672.1
OI00004270-2,ORD00004270,PROD00070,2,23046.35,6913.9,39178.8
OI00004270-3,ORD00004270,PROD00229,3,6335.91,950.39,18057.34
OI00004270-4,ORD00004270,PROD00052,4,22735.31,13641.19,77300.05
OI00004271-1,ORD00004271,PROD00234,2,18943.28,0.0,37886.56
OI00004272-1,ORD00004272,PROD00074,3,5428.76,2442.94,13843.34
OI00004272-2,ORD00004272,PROD00338,2,10521.18,0.0,21042.36
OI00004272-3,ORD00004272,PROD00057,2,634.37,126.87,1141.87
OI00004272-4,ORD00004272,PROD00224,2,23476.13,0.0,46952.26
OI00004272-5,ORD00004272,PROD00309,4,2478.12,0.0,9912.48
OI00004273-1,ORD00004273,PROD00318,2,21629.15,4325.83,38932.47
OI00004274-1,ORD00004274,PROD00091,2,3604.39,360.44,6848.34
OI00004274-2,ORD00004274,PROD00227,4,1146.28,458.51,4126.61
OI00004274-3,ORD00004274,PROD00189,1,4749.05,0.0,4749.05
OI00004274-4,ORD00004274,PROD00179,3,21643.38,0.0,64930.14
OI00004274-5,ORD00004274,PROD00305,3,17525.16,0.0,52575.48
OI00004275-1,ORD00004275,PROD00114,4,7054.87,0.0,28219.48
OI00004275-2,ORD00004275,PROD00220,2,5039.64,0.0,10079.28
OI00004275-3,ORD00004275,PROD00119,2,17032.97,0.0,34065.94
OI00004275-4,ORD00004275,PROD00273,2,16836.47,0.0,33672.94
OI00004276-1,ORD00004276,PROD00253,3,23510.11,0.0,70530.33
OI00004276-2,ORD00004276,PROD00119,2,17032.97,0.0,34065.94
OI00004277-1,ORD00004277,PROD00130,3,22922.02,3438.3,65327.76
OI00004277-2,ORD00004277,PROD00316,4,3014.12,602.82,11453.66
OI00004277-3,ORD00004277,PROD00181,4,8549.46,0.0,34197.84
OI00004277-4,ORD00004277,PROD00182,4,5279.14,0.0,21116.56
OI00004278-1,ORD00004278,PROD00115,2,24607.38,0.0,49214.76
OI00004278-2,ORD00004278,PROD00119,3,17032.97,2554.95,48543.96
OI00004278-3,ORD00004278,PROD00086,3,21556.26,0.0,64668.78
OI00004278-4,ORD00004278,PROD00009,1,15614.07,0.0,15614.07
OI00004278-5,ORD00004278,PROD00172,3,9009.37,0.0,27028.11
OI00004279-1,ORD00004279,PROD00226,2,11496.46,3448.94,19543.98
OI00004279-2,ORD00004279,PROD00072,1,7657.87,1148.68,6509.19
OI00004280-1,ORD00004280,PROD00117,2,1680.75,0.0,3361.5
OI00004280-2,ORD00004280,PROD00323,4,10163.0,0.0,40652.0
OI00004280-3,ORD00004280,PROD00204,4,17481.19,10488.71,59436.05
OI00004280-4,ORD00004280,PROD00285,4,7381.88,1476.38,28051.14
OI00004281-1,ORD00004281,PROD00146,4,8249.05,0.0,32996.2
OI00004281-2,ORD00004281,PROD00305,4,17525.16,0.0,70100.64
OI00004281-3,ORD00004281,PROD00220,1,5039.64,503.96,4535.68
OI00004281-4,ORD00004281,PROD00087,3,21498.23,6449.47,58045.22
OI00004282-1,ORD00004282,PROD00157,2,21965.78,4393.16,39538.4
OI00004282-2,ORD00004282,PROD00098,3,24035.74,0.0,72107.22
OI00004282-3,ORD00004282,PROD00292,2,21804.92,0.0,43609.84
OI00004282-4,ORD00004282,PROD00227,3,1146.28,0.0,3438.84
OI00004282-5,ORD00004282,PROD00066,4,21806.77,8722.71,78504.37
OI00004283-1,ORD00004283,PROD00125,1,4153.82,207.69,3946.13
OI00004284-1,ORD00004284,PROD00312,1,9087.53,0.0,9087.53
OI00004284-2,ORD00004284,PROD00339,4,696.45,139.29,2646.51
OI00004284-3,ORD00004284,PROD00159,1,24425.69,0.0,24425.69
OI00004284-4,ORD00004284,PROD00174,1,13673.35,2051.0,11622.35
OI00004285-1,ORD00004285,PROD00076,2,22512.17,4502.43,40521.91
OI00004285-2,ORD00004285,PROD00213,3,11796.15,3538.85,31849.6
OI00004285-3,ORD00004285,PROD00242,2,23459.95,2346.0,44573.9
OI00004285-4,ORD00004285,PROD00300,1,20412.89,0.0,20412.89
OI00004285-5,ORD00004285,PROD00270,1,6520.83,0.0,6520.83
OI00004286-1,ORD00004286,PROD00021,1,21222.98,2122.3,19100.68
OI00004286-2,ORD00004286,PROD00259,3,6394.49,2877.52,16305.95
OI00004286-3,ORD00004286,PROD00098,1,24035.74,0.0,24035.74
OI00004286-4,ORD00004286,PROD00137,4,22614.03,0.0,90456.12
OI00004287-1,ORD00004287,PROD00331,2,15173.99,0.0,30347.98
OI00004287-2,ORD00004287,PROD00083,1,3051.07,0.0,3051.07
OI00004287-3,ORD00004287,PROD00140,2,14612.46,2922.49,26302.43
OI00004287-4,ORD00004287,PROD00075,2,1735.74,520.72,2950.76
OI00004287-5,ORD00004287,PROD00216,1,4489.61,224.48,4265.13
OI00004288-1,ORD00004288,PROD00287,2,4242.92,1272.88,7212.96
OI00004288-2,ORD00004288,PROD00273,2,16836.47,0.0,33672.94
OI00004289-1,ORD00004289,PROD00003,4,24605.45,0.0,98421.8
OI00004290-1,ORD00004290,PROD00145,2,21307.62,6392.29,36222.95
OI00004291-1,ORD00004291,PROD00344,2,2433.74,0.0,4867.48
OI00004291-2,ORD00004291,PROD00017,1,19254.54,1925.45,17329.09
OI00004291-3,ORD00004291,PROD00159,3,24425.69,0.0,73277.07
OI00004291-4,ORD00004291,PROD00040,3,3967.96,0.0,11903.88
OI00004292-1,ORD00004292,PROD00085,4,20182.68,0.0,80730.72
OI00004292-2,ORD00004292,PROD00133,4,10071.99,6043.19,34244.77
OI00004293-1,ORD00004293,PROD00101,2,14649.72,0.0,29299.44
OI00004293-2,ORD00004293,PROD00235,3,7450.54,0.0,22351.62
OI00004294-1,ORD00004294,PROD00254,3,10249.25,4612.16,26135.59
OI00004295-1,ORD00004295,PROD00204,1,17481.19,874.06,16607.13
OI00004296-1,ORD00004296,PROD00103,4,21963.07,0.0,87852.28
OI00004296-2,ORD00004296,PROD00078,3,3767.12,565.07,10736.29
OI00004296-3,ORD00004296,PROD00191,3,719.62,215.89,1942.97
OI00004296-4,ORD00004296,PROD00124,4,24453.49,0.0,97813.96
OI00004297-1,ORD00004297,PROD00263,1,14672.69,0.0,14672.69
OI00004297-2,ORD00004297,PROD00074,3,5428.76,814.31,15471.97
OI00004298-1,ORD00004298,PROD00347,3,11947.7,3584.31,32258.79
OI00004298-2,ORD00004298,PROD00220,2,5039.64,0.0,10079.28
OI00004299-1,ORD00004299,PROD00074,4,5428.76,0.0,21715.04
OI00004299-2,ORD00004299,PROD00039,1,12707.28,0.0,12707.28
OI00004300-1,ORD00004300,PROD00196,4,10833.41,0.0,43333.64
OI00004300-2,ORD00004300,PROD00225,4,4381.86,876.37,16651.07
OI00004300-3,ORD00004300,PROD00007,4,18525.88,0.0,74103.52
OI00004301-1,ORD00004301,PROD00089,1,7704.52,0.0,7704.52
OI00004301-2,ORD00004301,PROD00278,3,20166.44,0.0,60499.32
OI00004301-3,ORD00004301,PROD00316,2,3014.12,904.24,5124.0
OI00004302-1,ORD00004302,PROD00134,4,11362.61,2272.52,43177.92
OI00004302-2,ORD00004302,PROD00265,1,18730.82,0.0,18730.82
OI00004302-3,ORD00004302,PROD00201,4,17522.9,0.0,70091.6
OI00004302-4,ORD00004302,PROD00287,3,4242.92,0.0,12728.76
OI00004303-1,ORD00004303,PROD00252,4,21548.3,12928.98,73264.22
OI00004303-2,ORD00004303,PROD00283,3,5877.29,2644.78,14987.09
OI00004303-3,ORD00004303,PROD00300,4,20412.89,4082.58,77568.98
OI00004304-1,ORD00004304,PROD00189,1,4749.05,0.0,4749.05
OI00004304-2,ORD00004304,PROD00282,2,15862.74,1586.27,30139.21
OI00004304-3,ORD00004304,PROD00233,3,579.27,86.89,1650.92
OI00004304-4,ORD00004304,PROD00315,3,14855.14,6684.81,37880.61
OI00004305-1,ORD00004305,PROD00195,2,9755.37,0.0,19510.74
OI00004305-2,ORD00004305,PROD00151,4,4900.37,2940.22,16661.26
OI00004305-3,ORD00004305,PROD00286,2,3240.14,0.0,6480.28
OI00004305-4,ORD00004305,PROD00025,1,12394.98,0.0,12394.98
OI00004306-1,ORD00004306,PROD00346,1,8662.06,0.0,8662.06
OI00004306-2,ORD00004306,PROD00249,2,13843.66,4153.1,23534.22
OI00004307-1,ORD00004307,PROD00117,3,1680.75,0.0,5042.25
OI00004307-2,ORD00004307,PROD00035,4,14071.44,8442.86,47842.9
OI00004307-3,ORD00004307,PROD00032,3,7626.11,1143.92,21734.41
OI00004308-1,ORD00004308,PROD00023,1,5836.05,0.0,5836.05
OI00004308-2,ORD00004308,PROD00026,2,4075.27,0.0,8150.54
OI00004309-1,ORD00004309,PROD00238,1,16218.76,2432.81,13785.95
OI00004309-2,ORD00004309,PROD00015,1,21482.35,0.0,21482.35
OI00004309-3,ORD00004309,PROD00046,3,20054.13,0.0,60162.39
OI00004309-4,ORD00004309,PROD00093,2,23736.46,4747.29,42725.63
OI00004310-1,ORD00004310,PROD00174,1,13673.35,683.67,12989.68
OI00004310-2,ORD00004310,PROD00083,4,3051.07,0.0,12204.28
OI00004310-3,ORD00004310,PROD00286,1,3240.14,0.0,3240.14
OI00004311-1,ORD00004311,PROD00142,1,1480.08,74.0,1406.08
OI00004311-2,ORD00004311,PROD00200,4,18445.4,11067.24,62714.36
OI00004311-3,ORD00004311,PROD00196,3,10833.41,4875.03,27625.2
OI00004312-1,ORD00004312,PROD00179,1,21643.38,0.0,21643.38
OI00004312-2,ORD00004312,PROD00206,3,22722.97,0.0,68168.91
OI00004312-3,ORD00004312,PROD00244,2,18055.76,1805.58,34305.94
OI00004312-4,ORD00004312,PROD00020,3,1320.51,0.0,3961.53
OI00004313-1,ORD00004313,PROD00231,4,1734.46,693.78,6244.06
OI00004313-2,ORD00004313,PROD00253,1,23510.11,0.0,23510.11
OI00004313-3,ORD00004313,PROD00004,3,7422.27,0.0,22266.81
OI00004313-4,ORD00004313,PROD00178,1,20555.44,1027.77,19527.67
OI00004313-5,ORD00004313,PROD00327,2,16333.38,0.0,32666.76
OI00004314-1,ORD00004314,PROD00096,2,7650.09,0.0,15300.18
OI00004315-1,ORD00004315,PROD00080,1,16165.62,0.0,16165.62
OI00004315-2,ORD00004315,PROD00253,4,23510.11,0.0,94040.44
OI00004315-3,ORD00004315,PROD00067,1,18306.34,2745.95,15560.39
OI00004315-4,ORD00004315,PROD00256,1,15892.74,794.64,15098.1
OI00004316-1,ORD00004316,PROD00023,2,5836.05,0.0,11672.1
OI00004316-2,ORD00004316,PROD00223,4,14073.25,2814.65,53478.35
OI00004316-3,ORD00004316,PROD00009,4,15614.07,9368.44,53087.84
OI00004316-4,ORD00004316,PROD00311,1,22435.59,0.0,22435.59
OI00004316-5,ORD00004316,PROD00197,4,14707.92,0.0,58831.68
OI00004317-1,ORD00004317,PROD00299,3,2709.32,812.8,7315.16
OI00004318-1,ORD00004318,PROD00335,4,11428.89,0.0,45715.56
OI00004319-1,ORD00004319,PROD00078,4,3767.12,2260.27,12808.21
OI00004319-2,ORD00004319,PROD00089,2,7704.52,0.0,15409.04
OI00004319-3,ORD00004319,PROD00173,3,19657.54,2948.63,56023.99
OI00004319-4,ORD00004319,PROD00156,1,6041.74,604.17,5437.57
OI00004319-5,ORD00004319,PROD00134,3,11362.61,5113.17,28974.66
OI00004320-1,ORD00004320,PROD00120,3,21353.8,0.0,64061.4
OI00004320-2,ORD00004320,PROD00299,1,2709.32,406.4,2302.92
OI00004320-3,ORD00004320,PROD00195,1,9755.37,487.77,9267.6
OI00004320-4,ORD00004320,PROD00290,2,19169.41,0.0,38338.82
OI00004321-1,ORD00004321,PROD00089,1,7704.52,0.0,7704.52
OI00004321-2,ORD00004321,PROD00341,2,22735.67,0.0,45471.34
OI00004321-3,ORD00004321,PROD00092,4,5103.86,0.0,20415.44
OI00004322-1,ORD00004322,PROD00300,3,20412.89,3061.93,58176.74
OI00004322-2,ORD00004322,PROD00050,3,22567.65,0.0,67702.95
OI00004322-3,ORD00004322,PROD00326,4,13890.31,5556.12,50005.12
OI00004323-1,ORD00004323,PROD00334,1,1905.27,285.79,1619.48
OI00004323-2,ORD00004323,PROD00250,3,7116.48,2134.94,19214.5
OI00004323-3,ORD00004323,PROD00049,4,1583.63,950.18,5384.34
OI00004324-1,ORD00004324,PROD00051,2,10511.67,0.0,21023.34
OI00004324-2,ORD00004324,PROD00226,1,11496.46,574.82,10921.64
OI00004324-3,ORD00004324,PROD00016,2,21060.14,6318.04,35802.24
OI00004324-4,ORD00004324,PROD00316,2,3014.12,0.0,6028.24
OI00004324-5,ORD00004324,PROD00136,4,14715.94,0.0,58863.76
OI00004325-1,ORD00004325,PROD00201,3,17522.9,0.0,52568.7
OI00004325-2,ORD00004325,PROD00010,1,4667.93,0.0,4667.93
OI00004325-3,ORD00004325,PROD00058,4,18176.41,7270.56,65435.08
OI00004325-4,ORD00004325,PROD00229,4,6335.91,0.0,25343.64
OI00004325-5,ORD00004325,PROD00331,4,15173.99,0.0,60695.96
OI00004326-1,ORD00004326,PROD00036,2,19263.87,0.0,38527.74
OI00004326-2,ORD00004326,PROD00224,4,23476.13,0.0,93904.52
OI00004326-3,ORD00004326,PROD00171,4,6861.84,2744.74,24702.62
OI00004326-4,ORD00004326,PROD00178,1,20555.44,0.0,20555.44
OI00004327-1,ORD00004327,PROD00090,4,4577.37,0.0,18309.48
OI00004328-1,ORD00004328,PROD00256,3,15892.74,2383.91,45294.31
OI00004328-2,ORD00004328,PROD00301,4,15056.56,6022.62,54203.62
OI00004328-3,ORD00004328,PROD00177,1,19263.4,0.0,19263.4
OI00004329-1,ORD00004329,PROD00137,4,22614.03,0.0,90456.12
OI00004329-2,ORD00004329,PROD00173,1,19657.54,0.0,19657.54
OI00004329-3,ORD00004329,PROD00327,2,16333.38,1633.34,31033.42
OI00004330-1,ORD00004330,PROD00069,1,17377.04,0.0,17377.04
OI00004331-1,ORD00004331,PROD00150,1,1889.59,188.96,1700.63
OI00004331-2,ORD00004331,PROD00101,4,14649.72,8789.83,49809.05
OI00004331-3,ORD00004331,PROD00324,2,1645.09,164.51,3125.67
OI00004331-4,ORD00004331,PROD00323,2,10163.0,0.0,20326.0
OI00004331-5,ORD00004331,PROD00114,3,7054.87,2116.46,19048.15
OI00004332-1,ORD00004332,PROD00082,3,23934.46,0.0,71803.38
OI00004332-2,ORD00004332,PROD00056,2,5382.68,1076.54,9688.82
OI00004332-3,ORD00004332,PROD00176,2,24960.21,0.0,49920.42
OI00004332-4,ORD00004332,PROD00086,2,21556.26,0.0,43112.52
OI00004332-5,ORD00004332,PROD00034,3,20180.05,0.0,60540.15
OI00004333-1,ORD00004333,PROD00248,4,544.29,326.57,1850.59
OI00004333-2,ORD00004333,PROD00005,3,12790.76,3837.23,34535.05
OI00004333-3,ORD00004333,PROD00321,2,19868.88,0.0,39737.76
OI00004334-1,ORD00004334,PROD00299,3,2709.32,0.0,8127.96
OI00004334-2,ORD00004334,PROD00126,2,12025.16,2405.03,21645.29
OI00004335-1,ORD00004335,PROD00108,4,19693.27,11815.96,66957.12
OI00004335-2,ORD00004335,PROD00268,3,17615.98,0.0,52847.94
OI00004335-3,ORD00004335,PROD00040,1,3967.96,198.4,3769.56
OI00004335-4,ORD00004335,PROD00150,1,1889.59,0.0,1889.59
OI00004335-5,ORD00004335,PROD00271,4,21715.63,4343.13,82519.39
OI00004336-1,ORD00004336,PROD00300,2,20412.89,0.0,40825.78
OI00004337-1,ORD00004337,PROD00321,2,19868.88,0.0,39737.76
OI00004337-2,ORD00004337,PROD00293,2,9456.41,0.0,18912.82
OI00004337-3,ORD00004337,PROD00029,1,19909.52,0.0,19909.52
OI00004337-4,ORD00004337,PROD00194,2,3968.03,793.61,7142.45
OI00004337-5,ORD00004337,PROD00011,1,13382.68,669.13,12713.55
OI00004338-1,ORD00004338,PROD00054,4,17451.9,0.0,69807.6
OI00004338-2,ORD00004338,PROD00321,1,19868.88,993.44,18875.44
OI00004338-3,ORD00004338,PROD00252,2,21548.3,0.0,43096.6
OI00004338-4,ORD00004338,PROD00258,1,17451.91,872.6,16579.31
OI00004338-5,ORD00004338,PROD00215,3,16801.23,7560.55,42843.14
OI00004339-1,ORD00004339,PROD00144,1,4774.42,0.0,4774.42
OI00004339-2,ORD00004339,PROD00077,4,19060.68,11436.41,64806.31
OI00004340-1,ORD00004340,PROD00228,3,24578.41,0.0,73735.23
OI00004340-2,ORD00004340,PROD00346,3,8662.06,0.0,25986.18
OI00004340-3,ORD00004340,PROD00108,1,19693.27,2953.99,16739.28
OI00004340-4,ORD00004340,PROD00322,4,14307.01,0.0,57228.04
OI00004341-1,ORD00004341,PROD00334,1,1905.27,190.53,1714.74
OI00004341-2,ORD00004341,PROD00190,2,2376.38,475.28,4277.48
OI00004342-1,ORD00004342,PROD00311,2,22435.59,0.0,44871.18
OI00004342-2,ORD00004342,PROD00298,3,19293.46,2894.02,54986.36
OI00004342-3,ORD00004342,PROD00283,4,5877.29,1175.46,22333.7
OI00004343-1,ORD00004343,PROD00238,1,16218.76,2432.81,13785.95
OI00004343-2,ORD00004343,PROD00026,1,4075.27,0.0,4075.27
OI00004343-3,ORD00004343,PROD00294,2,20220.76,0.0,40441.52
OI00004344-1,ORD00004344,PROD00206,3,22722.97,0.0,68168.91
OI00004344-2,ORD00004344,PROD00343,4,19579.2,0.0,78316.8
OI00004344-3,ORD00004344,PROD00312,3,9087.53,0.0,27262.59
OI00004344-4,ORD00004344,PROD00248,2,544.29,108.86,979.72
OI00004345-1,ORD00004345,PROD00215,3,16801.23,0.0,50403.69
OI00004345-2,ORD00004345,PROD00238,4,16218.76,3243.75,61631.29
OI00004345-3,ORD00004345,PROD00348,2,16456.2,4936.86,27975.54
OI00004345-4,ORD00004345,PROD00245,2,7169.55,716.96,13622.14
OI00004345-5,ORD00004345,PROD00088,3,13567.39,4070.22,36631.95
OI00004346-1,ORD00004346,PROD00062,2,17873.06,0.0,35746.12
OI00004346-2,ORD00004346,PROD00185,1,17159.78,2573.97,14585.81
OI00004347-1,ORD00004347,PROD00270,2,6520.83,1956.25,11085.41
OI00004347-2,ORD00004347,PROD00140,4,14612.46,0.0,58449.84
OI00004347-3,ORD00004347,PROD00112,1,17029.83,0.0,17029.83
OI00004347-4,ORD00004347,PROD00001,2,23270.16,0.0,46540.32
OI00004347-5,ORD00004347,PROD00267,1,16380.3,819.01,15561.29
OI00004348-1,ORD00004348,PROD00130,3,22922.02,10314.91,58451.15
OI00004349-1,ORD00004349,PROD00193,2,9247.87,1849.57,16646.17
OI00004349-2,ORD00004349,PROD00337,3,17875.4,0.0,53626.2
OI00004349-3,ORD00004349,PROD00128,3,20549.76,9247.39,52401.89
OI00004349-4,ORD00004349,PROD00142,4,1480.08,592.03,5328.29
OI00004349-5,ORD00004349,PROD00059,4,15693.39,3138.68,59634.88
OI00004350-1,ORD00004350,PROD00120,4,21353.8,0.0,85415.2
OI00004350-2,ORD00004350,PROD00239,3,6094.11,914.12,17368.21
OI00004350-3,ORD00004350,PROD00019,1,539.71,0.0,539.71
OI00004350-4,ORD00004350,PROD00033,1,8958.24,1343.74,7614.5
OI00004351-1,ORD00004351,PROD00270,2,6520.83,652.08,12389.58
OI00004351-2,ORD00004351,PROD00033,3,8958.24,4031.21,22843.51
OI00004351-3,ORD00004351,PROD00156,4,6041.74,0.0,24166.96
OI00004351-4,ORD00004351,PROD00182,3,5279.14,791.87,15045.55
OI00004352-1,ORD00004352,PROD00211,4,2911.33,1164.53,10480.79
OI00004352-2,ORD00004352,PROD00312,4,9087.53,0.0,36350.12
OI00004353-1,ORD00004353,PROD00268,1,17615.98,0.0,17615.98
OI00004353-2,ORD00004353,PROD00191,3,719.62,0.0,2158.86
OI00004353-3,ORD00004353,PROD00318,1,21629.15,3244.37,18384.78
OI00004354-1,ORD00004354,PROD00129,3,19114.26,2867.14,54475.64
OI00004354-2,ORD00004354,PROD00129,1,19114.26,0.0,19114.26
OI00004354-3,ORD00004354,PROD00342,3,296.09,88.83,799.44
OI00004354-4,ORD00004354,PROD00332,4,966.51,193.3,3672.74
OI00004354-5,ORD00004354,PROD00270,3,6520.83,1956.25,17606.24
OI00004355-1,ORD00004355,PROD00272,2,6955.22,2086.57,11823.87
OI00004355-2,ORD00004355,PROD00077,3,19060.68,0.0,57182.04
OI00004356-1,ORD00004356,PROD00070,2,23046.35,6913.9,39178.8
OI00004357-1,ORD00004357,PROD00019,1,539.71,0.0,539.71
OI00004357-2,ORD00004357,PROD00077,2,19060.68,3812.14,34309.22
OI00004357-3,ORD00004357,PROD00153,1,8528.45,0.0,8528.45
OI00004358-1,ORD00004358,PROD00227,4,1146.28,687.77,3897.35
OI00004359-1,ORD00004359,PROD00072,3,7657.87,2297.36,20676.25
OI00004359-2,ORD00004359,PROD00190,1,2376.38,0.0,2376.38
OI00004360-1,ORD00004360,PROD00152,1,5018.12,0.0,5018.12
OI00004360-2,ORD00004360,PROD00213,2,11796.15,0.0,23592.3
OI00004361-1,ORD00004361,PROD00140,4,14612.46,2922.49,55527.35
OI00004361-2,ORD00004361,PROD00311,2,22435.59,0.0,44871.18
OI00004361-3,ORD00004361,PROD00237,2,6989.25,0.0,13978.5
OI00004361-4,ORD00004361,PROD00249,2,13843.66,0.0,27687.32
OI00004362-1,ORD00004362,PROD00208,3,11300.85,1695.13,32207.42
OI00004363-1,ORD00004363,PROD00188,4,24505.29,4901.06,93120.1
OI00004363-2,ORD00004363,PROD00098,3,24035.74,7210.72,64896.5
OI00004363-3,ORD00004363,PROD00236,2,23089.06,0.0,46178.12
OI00004364-1,ORD00004364,PROD00093,3,23736.46,7120.94,64088.44
OI00004364-2,ORD00004364,PROD00196,4,10833.41,0.0,43333.64
OI00004364-3,ORD00004364,PROD00164,4,12489.77,0.0,49959.08
OI00004364-4,ORD00004364,PROD00160,2,21368.16,0.0,42736.32
OI00004364-5,ORD00004364,PROD00106,2,16178.76,3235.75,29121.77
OI00004365-1,ORD00004365,PROD00096,2,7650.09,0.0,15300.18
OI00004365-2,ORD00004365,PROD00339,2,696.45,139.29,1253.61
OI00004365-3,ORD00004365,PROD00018,3,22565.26,3384.79,64310.99
OI00004365-4,ORD00004365,PROD00002,3,11732.07,1759.81,33436.4
OI00004365-5,ORD00004365,PROD00350,4,17684.33,0.0,70737.32
OI00004366-1,ORD00004366,PROD00024,1,13853.73,1385.37,12468.36
OI00004366-2,ORD00004366,PROD00245,4,7169.55,0.0,28678.2
OI00004366-3,ORD00004366,PROD00250,1,7116.48,711.65,6404.83
OI00004366-4,ORD00004366,PROD00131,1,1596.96,0.0,1596.96
OI00004366-5,ORD00004366,PROD00082,4,23934.46,4786.89,90950.95
OI00004367-1,ORD00004367,PROD00239,2,6094.11,609.41,11578.81
OI00004368-1,ORD00004368,PROD00128,2,20549.76,0.0,41099.52
OI00004368-2,ORD00004368,PROD00100,4,14966.8,0.0,59867.2
OI00004368-3,ORD00004368,PROD00330,1,16495.98,2474.4,14021.58
OI00004368-4,ORD00004368,PROD00298,4,19293.46,7717.38,69456.46
OI00004369-1,ORD00004369,PROD00118,4,22031.03,4406.21,83717.91
OI00004369-2,ORD00004369,PROD00047,4,23596.32,4719.26,89666.02
OI00004369-3,ORD00004369,PROD00057,4,634.37,253.75,2283.73
OI00004369-4,ORD00004369,PROD00221,4,17014.99,6806.0,61253.96
OI00004370-1,ORD00004370,PROD00139,1,1559.26,77.96,1481.3
OI00004371-1,ORD00004371,PROD00028,4,3322.41,0.0,13289.64
OI00004372-1,ORD00004372,PROD00044,3,6687.09,0.0,20061.27
OI00004372-2,ORD00004372,PROD00318,4,21629.15,12977.49,73539.11
OI00004373-1,ORD00004373,PROD00244,2,18055.76,0.0,36111.52
OI00004373-2,ORD00004373,PROD00291,2,16653.64,3330.73,29976.55
OI00004373-3,ORD00004373,PROD00133,2,10071.99,1007.2,19136.78
OI00004373-4,ORD00004373,PROD00250,4,7116.48,4269.89,24196.03
OI00004374-1,ORD00004374,PROD00278,3,20166.44,9074.9,51424.42
OI00004374-2,ORD00004374,PROD00058,2,18176.41,0.0,36352.82
OI00004374-3,ORD00004374,PROD00209,1,1876.23,0.0,1876.23
OI00004375-1,ORD00004375,PROD00137,4,22614.03,4522.81,85933.31
OI00004375-2,ORD00004375,PROD00052,3,22735.31,6820.59,61385.34
OI00004375-3,ORD00004375,PROD00332,2,966.51,96.65,1836.37
OI00004376-1,ORD00004376,PROD00111,1,11594.18,1159.42,10434.76
OI00004376-2,ORD00004376,PROD00252,2,21548.3,2154.83,40941.77
OI00004377-1,ORD00004377,PROD00042,2,3118.44,935.53,5301.35
OI00004378-1,ORD00004378,PROD00271,2,21715.63,2171.56,41259.7
OI00004378-2,ORD00004378,PROD00250,3,7116.48,1067.47,20281.97
OI00004379-1,ORD00004379,PROD00220,4,5039.64,0.0,20158.56
OI00004379-2,ORD00004379,PROD00081,4,14048.06,0.0,56192.24
OI00004379-3,ORD00004379,PROD00083,4,3051.07,1830.64,10373.64
OI00004379-4,ORD00004379,PROD00213,4,11796.15,2359.23,44825.37
OI00004380-1,ORD00004380,PROD00175,2,18643.02,1864.3,35421.74
OI00004380-2,ORD00004380,PROD00346,3,8662.06,0.0,25986.18
OI00004381-1,ORD00004381,PROD00073,4,3596.39,719.28,13666.28
OI00004381-2,ORD00004381,PROD00224,3,23476.13,3521.42,66906.97
OI00004381-3,ORD00004381,PROD00271,3,21715.63,6514.69,58632.2
OI00004381-4,ORD00004381,PROD00223,1,14073.25,2110.99,11962.26
OI00004382-1,ORD00004382,PROD00206,4,22722.97,4544.59,86347.29
OI00004383-1,ORD00004383,PROD00061,2,8790.91,2637.27,14944.55
OI00004383-2,ORD00004383,PROD00182,4,5279.14,0.0,21116.56
OI00004383-3,ORD00004383,PROD00308,1,9807.02,0.0,9807.02
OI00004384-1,ORD00004384,PROD00321,3,19868.88,5960.66,53645.98
OI00004384-2,ORD00004384,PROD00187,1,24432.22,0.0,24432.22
OI00004384-3,ORD00004384,PROD00329,4,10605.13,0.0,42420.52
OI00004384-4,ORD00004384,PROD00350,2,17684.33,1768.43,33600.23
OI00004385-1,ORD00004385,PROD00108,2,19693.27,0.0,39386.54
OI00004385-2,ORD00004385,PROD00215,1,16801.23,0.0,16801.23
OI00004385-3,ORD00004385,PROD00247,3,10596.3,1589.44,30199.46
OI00004386-1,ORD00004386,PROD00105,4,8573.66,0.0,34294.64
OI00004386-2,ORD00004386,PROD00305,3,17525.16,7886.32,44689.16
OI00004386-3,ORD00004386,PROD00183,4,14458.84,8675.3,49160.06
OI00004386-4,ORD00004386,PROD00028,2,3322.41,0.0,6644.82
OI00004386-5,ORD00004386,PROD00010,4,4667.93,2800.76,15870.96
OI00004387-1,ORD00004387,PROD00212,4,11560.86,0.0,46243.44
OI00004388-1,ORD00004388,PROD00345,2,15206.3,0.0,30412.6
OI00004388-2,ORD00004388,PROD00012,4,11531.07,6918.64,39205.64
OI00004388-3,ORD00004388,PROD00140,1,14612.46,0.0,14612.46
OI00004389-1,ORD00004389,PROD00133,3,10071.99,3021.6,27194.37
OI00004389-2,ORD00004389,PROD00193,2,9247.87,1849.57,16646.17
OI00004389-3,ORD00004389,PROD00094,1,1683.18,0.0,1683.18
OI00004389-4,ORD00004389,PROD00285,1,7381.88,738.19,6643.69
OI00004390-1,ORD00004390,PROD00145,2,21307.62,2130.76,40484.48
OI00004391-1,ORD00004391,PROD00219,1,19321.62,0.0,19321.62
OI00004392-1,ORD00004392,PROD00217,4,11079.35,4431.74,39885.66
OI00004392-2,ORD00004392,PROD00317,2,16337.28,1633.73,31040.83
OI00004392-3,ORD00004392,PROD00193,2,9247.87,0.0,18495.74
OI00004393-1,ORD00004393,PROD00155,1,16388.99,1638.9,14750.09
OI00004394-1,ORD00004394,PROD00209,2,1876.23,562.87,3189.59
OI00004394-2,ORD00004394,PROD00060,1,7484.13,748.41,6735.72
OI00004394-3,ORD00004394,PROD00114,4,7054.87,2821.95,25397.53
OI00004395-1,ORD00004395,PROD00089,4,7704.52,1540.9,29277.18
OI00004395-2,ORD00004395,PROD00249,1,13843.66,2076.55,11767.11
OI00004396-1,ORD00004396,PROD00199,3,13170.12,5926.55,33583.81
OI00004396-2,ORD00004396,PROD00033,2,8958.24,1791.65,16124.83
OI00004396-3,ORD00004396,PROD00027,3,12715.52,0.0,38146.56
OI00004396-4,ORD00004396,PROD00277,1,16643.7,1664.37,14979.33
OI00004396-5,ORD00004396,PROD00209,2,1876.23,562.87,3189.59
OI00004397-1,ORD00004397,PROD00145,2,21307.62,2130.76,40484.48
OI00004398-1,ORD00004398,PROD00033,2,8958.24,0.0,17916.48
OI00004398-2,ORD00004398,PROD00336,3,1810.42,0.0,5431.26
OI00004399-1,ORD00004399,PROD00213,4,11796.15,7077.69,40106.91
OI00004399-2,ORD00004399,PROD00092,1,5103.86,255.19,4848.67
OI00004399-3,ORD00004399,PROD00288,3,6121.73,918.26,17446.93
OI00004399-4,ORD00004399,PROD00212,1,11560.86,1156.09,10404.77
OI00004400-1,ORD00004400,PROD00036,1,19263.87,0.0,19263.87
OI00004400-2,ORD00004400,PROD00061,2,8790.91,0.0,17581.82
OI00004400-3,ORD00004400,PROD00047,3,23596.32,0.0,70788.96
OI00004401-1,ORD00004401,PROD00078,4,3767.12,2260.27,12808.21
OI00004401-2,ORD00004401,PROD00229,1,6335.91,950.39,5385.52
OI00004401-3,ORD00004401,PROD00140,1,14612.46,0.0,14612.46
OI00004402-1,ORD00004402,PROD00149,4,5172.64,2069.06,18621.5
OI00004402-2,ORD00004402,PROD00262,1,20752.25,2075.22,18677.03
OI00004402-3,ORD00004402,PROD00013,3,7604.86,2281.46,20533.12
OI00004402-4,ORD00004402,PROD00165,2,17905.46,1790.55,34020.37
OI00004403-1,ORD00004403,PROD00197,3,14707.92,0.0,44123.76
OI00004403-2,ORD00004403,PROD00104,4,15897.49,0.0,63589.96
OI00004403-3,ORD00004403,PROD00287,1,4242.92,0.0,4242.92
OI00004404-1,ORD00004404,PROD00274,4,2466.2,0.0,9864.8
OI00004404-2,ORD00004404,PROD00213,4,11796.15,4718.46,42466.14
OI00004404-3,ORD00004404,PROD00017,2,19254.54,3850.91,34658.17
OI00004404-4,ORD00004404,PROD00163,3,4227.47,0.0,12682.41
OI00004404-5,ORD00004404,PROD00279,3,690.73,207.22,1864.97
OI00004405-1,ORD00004405,PROD00251,1,17885.84,0.0,17885.84
OI00004405-2,ORD00004405,PROD00178,4,20555.44,0.0,82221.76
OI00004405-3,ORD00004405,PROD00269,3,14198.95,0.0,42596.85
OI00004406-1,ORD00004406,PROD00219,1,19321.62,2898.24,16423.38
OI00004407-1,ORD00004407,PROD00168,4,13786.27,0.0,55145.08
OI00004407-2,ORD00004407,PROD00100,4,14966.8,0.0,59867.2
OI00004407-3,ORD00004407,PROD00167,1,7684.68,0.0,7684.68
OI00004407-4,ORD00004407,PROD00004,2,7422.27,742.23,14102.31
OI00004407-5,ORD00004407,PROD00133,2,10071.99,0.0,20143.98
OI00004408-1,ORD00004408,PROD00019,1,539.71,80.96,458.75
OI00004408-2,ORD00004408,PROD00255,4,4895.99,2937.59,16646.37
OI00004408-3,ORD00004408,PROD00168,4,13786.27,0.0,55145.08
OI00004408-4,ORD00004408,PROD00186,3,8185.68,0.0,24557.04
OI00004409-1,ORD00004409,PROD00214,3,4472.05,670.81,12745.34
OI00004409-2,ORD00004409,PROD00316,1,3014.12,452.12,2562.0
OI00004409-3,ORD00004409,PROD00145,3,21307.62,3196.14,60726.72
OI00004409-4,ORD00004409,PROD00262,3,20752.25,6225.67,56031.08
OI00004410-1,ORD00004410,PROD00301,3,15056.56,4516.97,40652.71
OI00004411-1,ORD00004411,PROD00066,4,21806.77,4361.35,82865.73
OI00004411-2,ORD00004411,PROD00069,3,17377.04,7819.67,44311.45
OI00004412-1,ORD00004412,PROD00013,4,7604.86,0.0,30419.44
OI00004412-2,ORD00004412,PROD00123,2,4905.47,0.0,9810.94
OI00004413-1,ORD00004413,PROD00341,4,22735.67,9094.27,81848.41
OI00004413-2,ORD00004413,PROD00335,4,11428.89,6857.33,38858.23
OI00004413-3,ORD00004413,PROD00003,4,24605.45,0.0,98421.8
OI00004413-4,ORD00004413,PROD00046,1,20054.13,2005.41,18048.72
OI00004414-1,ORD00004414,PROD00315,4,14855.14,2971.03,56449.53
OI00004414-2,ORD00004414,PROD00088,2,13567.39,0.0,27134.78
OI00004414-3,ORD00004414,PROD00270,3,6520.83,0.0,19562.49
OI00004414-4,ORD00004414,PROD00060,3,7484.13,3367.86,19084.53
OI00004414-5,ORD00004414,PROD00230,1,8334.56,0.0,8334.56
OI00004415-1,ORD00004415,PROD00340,1,17115.28,0.0,17115.28
OI00004416-1,ORD00004416,PROD00117,2,1680.75,504.22,2857.28
OI00004416-2,ORD00004416,PROD00158,3,4832.45,0.0,14497.35
OI00004416-3,ORD00004416,PROD00321,4,19868.88,0.0,79475.52
OI00004416-4,ORD00004416,PROD00252,3,21548.3,0.0,64644.9
OI00004416-5,ORD00004416,PROD00220,2,5039.64,503.96,9575.32
OI00004417-1,ORD00004417,PROD00260,4,2962.43,1777.46,10072.26
OI00004417-2,ORD00004417,PROD00105,4,8573.66,3429.46,30865.18
OI00004418-1,ORD00004418,PROD00183,4,14458.84,0.0,57835.36
OI00004418-2,ORD00004418,PROD00052,4,22735.31,0.0,90941.24
OI00004419-1,ORD00004419,PROD00177,3,19263.4,0.0,57790.2
OI00004420-1,ORD00004420,PROD00198,2,235.71,23.57,447.85
OI00004420-2,ORD00004420,PROD00073,3,3596.39,539.46,10249.71
OI00004421-1,ORD00004421,PROD00350,2,17684.33,0.0,35368.66
OI00004421-2,ORD00004421,PROD00038,1,19552.23,977.61,18574.62
OI00004422-1,ORD00004422,PROD00252,2,21548.3,0.0,43096.6
OI00004422-2,ORD00004422,PROD00248,3,544.29,0.0,1632.87
OI00004422-3,ORD00004422,PROD00034,1,20180.05,0.0,20180.05
OI00004422-4,ORD00004422,PROD00068,1,12144.87,1821.73,10323.14
OI00004423-1,ORD00004423,PROD00004,4,7422.27,0.0,29689.08
OI00004423-2,ORD00004423,PROD00241,2,1662.19,332.44,2991.94
OI00004423-3,ORD00004423,PROD00318,3,21629.15,0.0,64887.45
OI00004423-4,ORD00004423,PROD00052,2,22735.31,0.0,45470.62
OI00004424-1,ORD00004424,PROD00267,4,16380.3,0.0,65521.2
OI00004424-2,ORD00004424,PROD00171,3,6861.84,0.0,20585.52
OI00004424-3,ORD00004424,PROD00073,2,3596.39,0.0,7192.78
OI00004424-4,ORD00004424,PROD00344,4,2433.74,0.0,9734.96
OI00004424-5,ORD00004424,PROD00194,4,3968.03,0.0,15872.12
OI00004425-1,ORD00004425,PROD00130,2,22922.02,0.0,45844.04
OI00004425-2,ORD00004425,PROD00188,4,24505.29,0.0,98021.16
OI00004425-3,ORD00004425,PROD00261,3,17666.44,0.0,52999.32
OI00004425-4,ORD00004425,PROD00223,1,14073.25,0.0,14073.25
OI00004426-1,ORD00004426,PROD00136,2,14715.94,4414.78,25017.1
OI00004426-2,ORD00004426,PROD00099,1,16343.82,0.0,16343.82
OI00004426-3,ORD00004426,PROD00170,3,11306.22,0.0,33918.66
OI00004427-1,ORD00004427,PROD00222,3,18114.09,0.0,54342.27
OI00004427-2,ORD00004427,PROD00080,3,16165.62,0.0,48496.86
OI00004427-3,ORD00004427,PROD00291,2,16653.64,0.0,33307.28
OI00004428-1,ORD00004428,PROD00141,1,15103.07,2265.46,12837.61
OI00004428-2,ORD00004428,PROD00055,3,2152.81,968.76,5489.67
OI00004428-3,ORD00004428,PROD00266,4,20418.91,0.0,81675.64
OI00004429-1,ORD00004429,PROD00147,3,5524.18,0.0,16572.54
OI00004429-2,ORD00004429,PROD00267,1,16380.3,0.0,16380.3
OI00004429-3,ORD00004429,PROD00293,1,9456.41,1418.46,8037.95
OI00004429-4,ORD00004429,PROD00223,4,14073.25,0.0,56293.0
OI00004429-5,ORD00004429,PROD00138,1,12060.91,1809.14,10251.77
OI00004430-1,ORD00004430,PROD00034,4,20180.05,0.0,80720.2
OI00004431-1,ORD00004431,PROD00145,3,21307.62,0.0,63922.86
OI00004431-2,ORD00004431,PROD00032,1,7626.11,0.0,7626.11
OI00004431-3,ORD00004431,PROD00130,2,22922.02,6876.61,38967.43
OI00004431-4,ORD00004431,PROD00047,2,23596.32,0.0,47192.64
OI00004432-1,ORD00004432,PROD00080,4,16165.62,0.0,64662.48
OI00004432-2,ORD00004432,PROD00153,3,8528.45,3837.8,21747.55
OI00004433-1,ORD00004433,PROD00156,4,6041.74,1208.35,22958.61
OI00004433-2,ORD00004433,PROD00335,3,11428.89,3428.67,30858.0
OI00004434-1,ORD00004434,PROD00103,4,21963.07,4392.61,83459.67
OI00004434-2,ORD00004434,PROD00331,3,15173.99,0.0,45521.97
OI00004434-3,ORD00004434,PROD00081,4,14048.06,2809.61,53382.63
OI00004435-1,ORD00004435,PROD00063,3,20579.93,0.0,61739.79
OI00004435-2,ORD00004435,PROD00147,4,5524.18,0.0,22096.72
OI00004435-3,ORD00004435,PROD00200,1,18445.4,0.0,18445.4
OI00004436-1,ORD00004436,PROD00278,3,20166.44,6049.93,54449.39
OI00004436-2,ORD00004436,PROD00302,1,7756.84,1163.53,6593.31
OI00004436-3,ORD00004436,PROD00326,1,13890.31,0.0,13890.31
OI00004437-1,ORD00004437,PROD00296,3,3229.07,968.72,8718.49
OI00004437-2,ORD00004437,PROD00172,2,9009.37,2702.81,15315.93
OI00004437-3,ORD00004437,PROD00312,1,9087.53,0.0,9087.53
OI00004437-4,ORD00004437,PROD00036,2,19263.87,0.0,38527.74
OI00004437-5,ORD00004437,PROD00273,2,16836.47,0.0,33672.94
OI00004438-1,ORD00004438,PROD00215,2,16801.23,0.0,33602.46
OI00004438-2,ORD00004438,PROD00047,4,23596.32,0.0,94385.28
OI00004438-3,ORD00004438,PROD00348,1,16456.2,2468.43,13987.77
OI00004438-4,ORD00004438,PROD00016,2,21060.14,6318.04,35802.24
OI00004439-1,ORD00004439,PROD00073,1,3596.39,0.0,3596.39
OI00004439-2,ORD00004439,PROD00029,4,19909.52,0.0,79638.08
OI00004439-3,ORD00004439,PROD00313,4,23762.43,0.0,95049.72
OI00004440-1,ORD00004440,PROD00126,1,12025.16,0.0,12025.16
OI00004440-2,ORD00004440,PROD00278,4,20166.44,4033.29,76632.47
OI00004440-3,ORD00004440,PROD00211,3,2911.33,873.4,7860.59
OI00004441-1,ORD00004441,PROD00080,2,16165.62,0.0,32331.24
OI00004441-2,ORD00004441,PROD00124,2,24453.49,2445.35,46461.63
OI00004441-3,ORD00004441,PROD00142,4,1480.08,592.03,5328.29
OI00004441-4,ORD00004441,PROD00179,3,21643.38,6493.01,58437.13
OI00004442-1,ORD00004442,PROD00008,3,2128.1,0.0,6384.3
OI00004442-2,ORD00004442,PROD00268,3,17615.98,0.0,52847.94
OI00004443-1,ORD00004443,PROD00210,2,18661.64,5598.49,31724.79
OI00004444-1,ORD00004444,PROD00066,3,21806.77,0.0,65420.31
OI00004444-2,ORD00004444,PROD00108,2,19693.27,0.0,39386.54
OI00004444-3,ORD00004444,PROD00309,4,2478.12,495.62,9416.86
OI00004444-4,ORD00004444,PROD00075,4,1735.74,0.0,6942.96
OI00004444-5,ORD00004444,PROD00175,1,18643.02,932.15,17710.87
OI00004445-1,ORD00004445,PROD00146,1,8249.05,412.45,7836.6
OI00004445-2,ORD00004445,PROD00188,2,24505.29,0.0,49010.58
OI00004445-3,ORD00004445,PROD00075,4,1735.74,0.0,6942.96
OI00004445-4,ORD00004445,PROD00348,3,16456.2,4936.86,44431.74
OI00004445-5,ORD00004445,PROD00165,2,17905.46,0.0,35810.92
OI00004446-1,ORD00004446,PROD00106,3,16178.76,0.0,48536.28
OI00004446-2,ORD00004446,PROD00180,2,5881.39,1176.28,10586.5
OI00004446-3,ORD00004446,PROD00203,4,9647.39,5788.43,32801.13
OI00004446-4,ORD00004446,PROD00207,4,1959.51,391.9,7446.14
OI00004447-1,ORD00004447,PROD00290,4,19169.41,3833.88,72843.76
OI00004447-2,ORD00004447,PROD00073,1,3596.39,0.0,3596.39
OI00004447-3,ORD00004447,PROD00210,4,18661.64,0.0,74646.56
OI00004447-4,ORD00004447,PROD00295,3,2274.03,1023.31,5798.78
OI00004448-1,ORD00004448,PROD00248,2,544.29,0.0,1088.58
OI00004448-2,ORD00004448,PROD00101,3,14649.72,4394.92,39554.24
OI00004448-3,ORD00004448,PROD00237,1,6989.25,698.93,6290.32
OI00004449-1,ORD00004449,PROD00320,3,624.52,281.03,1592.53
OI00004449-2,ORD00004449,PROD00119,4,17032.97,0.0,68131.88
OI00004450-1,ORD00004450,PROD00226,3,11496.46,0.0,34489.38
OI00004450-2,ORD00004450,PROD00292,3,21804.92,0.0,65414.76
OI00004450-3,ORD00004450,PROD00257,2,18404.82,1840.48,34969.16
OI00004450-4,ORD00004450,PROD00264,1,15922.7,1592.27,14330.43
OI00004451-1,ORD00004451,PROD00200,3,18445.4,0.0,55336.2
OI00004451-2,ORD00004451,PROD00270,1,6520.83,326.04,6194.79
OI00004451-3,ORD00004451,PROD00182,3,5279.14,0.0,15837.42
OI00004451-4,ORD00004451,PROD00172,2,9009.37,1801.87,16216.87
OI00004451-5,ORD00004451,PROD00034,2,20180.05,0.0,40360.1
OI00004452-1,ORD00004452,PROD00027,4,12715.52,0.0,50862.08
OI00004452-2,ORD00004452,PROD00244,4,18055.76,0.0,72223.04
OI00004453-1,ORD00004453,PROD00128,2,20549.76,0.0,41099.52
OI00004453-2,ORD00004453,PROD00330,3,16495.98,4948.79,44539.15
OI00004454-1,ORD00004454,PROD00065,3,11181.79,3354.54,30190.83
OI00004454-2,ORD00004454,PROD00220,4,5039.64,0.0,20158.56
OI00004454-3,ORD00004454,PROD00115,4,24607.38,0.0,98429.52
OI00004454-4,ORD00004454,PROD00150,2,1889.59,0.0,3779.18
OI00004454-5,ORD00004454,PROD00201,2,17522.9,5256.87,29788.93
OI00004455-1,ORD00004455,PROD00303,3,15795.37,7107.92,40278.19
OI00004456-1,ORD00004456,PROD00345,3,15206.3,0.0,45618.9
OI00004456-2,ORD00004456,PROD00120,1,21353.8,2135.38,19218.42
OI00004456-3,ORD00004456,PROD00063,3,20579.93,0.0,61739.79
OI00004456-4,ORD00004456,PROD00290,4,19169.41,3833.88,72843.76
OI00004457-1,ORD00004457,PROD00200,2,18445.4,3689.08,33201.72
OI00004457-2,ORD00004457,PROD00194,3,3968.03,595.2,11308.89
OI00004457-3,ORD00004457,PROD00040,1,3967.96,595.19,3372.77
OI00004457-4,ORD00004457,PROD00234,1,18943.28,0.0,18943.28
OI00004457-5,ORD00004457,PROD00232,4,12800.1,5120.04,46080.36
OI00004458-1,ORD00004458,PROD00263,2,14672.69,0.0,29345.38
OI00004458-2,ORD00004458,PROD00307,1,13721.18,686.06,13035.12
OI00004458-3,ORD00004458,PROD00075,4,1735.74,0.0,6942.96
OI00004459-1,ORD00004459,PROD00214,2,4472.05,0.0,8944.1
OI00004459-2,ORD00004459,PROD00122,2,1221.77,244.35,2199.19
OI00004459-3,ORD00004459,PROD00346,2,8662.06,0.0,17324.12
OI00004460-1,ORD00004460,PROD00232,2,12800.1,3840.03,21760.17
OI00004460-2,ORD00004460,PROD00158,4,4832.45,0.0,19329.8
OI00004461-1,ORD00004461,PROD00101,1,14649.72,732.49,13917.23
OI00004462-1,ORD00004462,PROD00326,1,13890.31,0.0,13890.31
OI00004463-1,ORD00004463,PROD00284,2,10726.51,2145.3,19307.72
OI00004464-1,ORD00004464,PROD00106,1,16178.76,808.94,15369.82
OI00004465-1,ORD00004465,PROD00134,2,11362.61,3408.78,19316.44
OI00004465-2,ORD00004465,PROD00311,3,22435.59,10096.02,57210.75
OI00004465-3,ORD00004465,PROD00207,1,1959.51,0.0,1959.51
OI00004465-4,ORD00004465,PROD00323,3,10163.0,4573.35,25915.65
OI00004466-1,ORD00004466,PROD00216,1,4489.61,0.0,4489.61
OI00004467-1,ORD00004467,PROD00045,3,3832.7,0.0,11498.1
OI00004468-1,ORD00004468,PROD00008,3,2128.1,0.0,6384.3
OI00004468-2,ORD00004468,PROD00083,4,3051.07,610.21,11594.07
OI00004468-3,ORD00004468,PROD00037,4,17674.8,3534.96,67164.24
OI00004468-4,ORD00004468,PROD00280,1,11325.36,0.0,11325.36
OI00004468-5,ORD00004468,PROD00263,2,14672.69,0.0,29345.38
OI00004469-1,ORD00004469,PROD00106,1,16178.76,2426.81,13751.95
OI00004469-2,ORD00004469,PROD00245,4,7169.55,2867.82,25810.38
OI00004470-1,ORD00004470,PROD00244,4,18055.76,0.0,72223.04
OI00004470-2,ORD00004470,PROD00334,4,1905.27,0.0,7621.08
OI00004471-1,ORD00004471,PROD00062,4,17873.06,0.0,71492.24
OI00004471-2,ORD00004471,PROD00161,1,15755.01,2363.25,13391.76
OI00004471-3,ORD00004471,PROD00072,1,7657.87,0.0,7657.87
OI00004472-1,ORD00004472,PROD00135,1,8523.43,0.0,8523.43
OI00004473-1,ORD00004473,PROD00004,1,7422.27,1113.34,6308.93
OI00004473-2,ORD00004473,PROD00294,3,20220.76,0.0,60662.28
OI00004474-1,ORD00004474,PROD00306,3,18198.52,2729.78,51865.78
OI00004475-1,ORD00004475,PROD00262,4,20752.25,8300.9,74708.1
OI00004475-2,ORD00004475,PROD00266,2,20418.91,0.0,40837.82
OI00004476-1,ORD00004476,PROD00013,3,7604.86,0.0,22814.58
OI00004476-2,ORD00004476,PROD00153,2,8528.45,0.0,17056.9
OI00004476-3,ORD00004476,PROD00034,4,20180.05,0.0,80720.2
OI00004476-4,ORD00004476,PROD00063,2,20579.93,6173.98,34985.88
OI00004477-1,ORD00004477,PROD00069,3,17377.04,5213.11,46918.01
OI00004477-2,ORD00004477,PROD00296,2,3229.07,0.0,6458.14
OI00004477-3,ORD00004477,PROD00259,4,6394.49,0.0,25577.96
OI00004478-1,ORD00004478,PROD00268,1,17615.98,0.0,17615.98
OI00004478-2,ORD00004478,PROD00036,1,19263.87,2889.58,16374.29
OI00004478-3,ORD00004478,PROD00093,1,23736.46,3560.47,20175.99
OI00004478-4,ORD00004478,PROD00067,4,18306.34,0.0,73225.36
OI00004478-5,ORD00004478,PROD00026,1,4075.27,203.76,3871.51
OI00004479-1,ORD00004479,PROD00242,3,23459.95,3518.99,66860.86
OI00004479-2,ORD00004479,PROD00305,4,17525.16,3505.03,66595.61
OI00004479-3,ORD00004479,PROD00262,1,20752.25,0.0,20752.25
OI00004479-4,ORD00004479,PROD00146,2,8249.05,0.0,16498.1
OI00004480-1,ORD00004480,PROD00186,4,8185.68,0.0,32742.72
OI00004480-2,ORD00004480,PROD00296,1,3229.07,322.91,2906.16
OI00004480-3,ORD00004480,PROD00175,4,18643.02,0.0,74572.08
OI00004481-1,ORD00004481,PROD00210,3,18661.64,5598.49,50386.43
OI00004481-2,ORD00004481,PROD00295,4,2274.03,0.0,9096.12
OI00004481-3,ORD00004481,PROD00121,2,17020.33,0.0,34040.66
OI00004482-1,ORD00004482,PROD00325,1,24143.74,0.0,24143.74
OI00004482-2,ORD00004482,PROD00273,4,16836.47,0.0,67345.88
OI00004482-3,ORD00004482,PROD00301,2,15056.56,4516.97,25596.15
OI00004482-4,ORD00004482,PROD00331,2,15173.99,1517.4,28830.58
OI00004482-5,ORD00004482,PROD00104,3,15897.49,0.0,47692.47
OI00004483-1,ORD00004483,PROD00263,2,14672.69,0.0,29345.38
OI00004483-2,ORD00004483,PROD00011,1,13382.68,0.0,13382.68
OI00004483-3,ORD00004483,PROD00075,1,1735.74,86.79,1648.95
OI00004484-1,ORD00004484,PROD00228,2,24578.41,7373.52,41783.3
OI00004484-2,ORD00004484,PROD00106,2,16178.76,0.0,32357.52
OI00004484-3,ORD00004484,PROD00245,1,7169.55,0.0,7169.55
OI00004484-4,ORD00004484,PROD00338,2,10521.18,0.0,21042.36
OI00004484-5,ORD00004484,PROD00286,4,3240.14,648.03,12312.53
OI00004485-1,ORD00004485,PROD00229,2,6335.91,1267.18,11404.64
OI00004485-2,ORD00004485,PROD00053,3,17522.36,7885.06,44682.02
OI00004485-3,ORD00004485,PROD00274,3,2466.2,0.0,7398.6
OI00004485-4,ORD00004485,PROD00235,2,7450.54,0.0,14901.08
OI00004485-5,ORD00004485,PROD00118,1,22031.03,2203.1,19827.93
OI00004486-1,ORD00004486,PROD00265,4,18730.82,11238.49,63684.79
OI00004486-2,ORD00004486,PROD00237,3,6989.25,3145.16,17822.59
OI00004486-3,ORD00004486,PROD00282,4,15862.74,0.0,63450.96
OI00004486-4,ORD00004486,PROD00048,3,2165.22,974.35,5521.31
OI00004486-5,ORD00004486,PROD00147,2,5524.18,1657.25,9391.11
OI00004487-1,ORD00004487,PROD00192,4,5187.01,1037.4,19710.64
OI00004487-2,ORD00004487,PROD00334,2,1905.27,0.0,3810.54
OI00004487-3,ORD00004487,PROD00025,3,12394.98,5577.74,31607.2
OI00004488-1,ORD00004488,PROD00027,4,12715.52,0.0,50862.08
OI00004488-2,ORD00004488,PROD00113,3,20219.94,9098.97,51560.85
OI00004488-3,ORD00004488,PROD00126,2,12025.16,0.0,24050.32
OI00004488-4,ORD00004488,PROD00053,4,17522.36,3504.47,66584.97
OI00004488-5,ORD00004488,PROD00212,4,11560.86,6936.52,39306.92
OI00004489-1,ORD00004489,PROD00040,1,3967.96,0.0,3967.96
OI00004489-2,ORD00004489,PROD00114,1,7054.87,705.49,6349.38
OI00004489-3,ORD00004489,PROD00056,2,5382.68,1614.8,9150.56
OI00004490-1,ORD00004490,PROD00092,1,5103.86,255.19,4848.67
OI00004490-2,ORD00004490,PROD00331,2,15173.99,1517.4,28830.58
OI00004490-3,ORD00004490,PROD00065,3,11181.79,0.0,33545.37
OI00004490-4,ORD00004490,PROD00233,1,579.27,57.93,521.34
OI00004491-1,ORD00004491,PROD00034,4,20180.05,0.0,80720.2
OI00004491-2,ORD00004491,PROD00120,2,21353.8,0.0,42707.6
OI00004491-3,ORD00004491,PROD00069,4,17377.04,10426.22,59081.94
OI00004491-4,ORD00004491,PROD00178,3,20555.44,0.0,61666.32
OI00004492-1,ORD00004492,PROD00063,1,20579.93,0.0,20579.93
OI00004492-2,ORD00004492,PROD00004,1,7422.27,0.0,7422.27
OI00004492-3,ORD00004492,PROD00215,3,16801.23,7560.55,42843.14
OI00004492-4,ORD00004492,PROD00163,3,4227.47,0.0,12682.41
OI00004492-5,ORD00004492,PROD00025,3,12394.98,0.0,37184.94
OI00004493-1,ORD00004493,PROD00272,4,6955.22,0.0,27820.88
OI00004493-2,ORD00004493,PROD00339,4,696.45,0.0,2785.8
OI00004494-1,ORD00004494,PROD00147,2,5524.18,0.0,11048.36
OI00004494-2,ORD00004494,PROD00286,3,3240.14,0.0,9720.42
OI00004495-1,ORD00004495,PROD00050,4,22567.65,0.0,90270.6
OI00004496-1,ORD00004496,PROD00063,4,20579.93,8231.97,74087.75
OI00004497-1,ORD00004497,PROD00134,2,11362.61,0.0,22725.22
OI00004497-2,ORD00004497,PROD00322,3,14307.01,2146.05,40774.98
OI00004497-3,ORD00004497,PROD00040,2,3967.96,793.59,7142.33
OI00004498-1,ORD00004498,PROD00189,4,4749.05,0.0,18996.2
OI00004499-1,ORD00004499,PROD00334,4,1905.27,0.0,7621.08
OI00004499-2,ORD00004499,PROD00067,2,18306.34,5491.9,31120.78
OI00004499-3,ORD00004499,PROD00099,3,16343.82,0.0,49031.46
OI00004499-4,ORD00004499,PROD00291,3,16653.64,0.0,49960.92
OI00004499-5,ORD00004499,PROD00316,4,3014.12,0.0,12056.48
OI00004500-1,ORD00004500,PROD00291,2,16653.64,3330.73,29976.55
OI00004500-2,ORD00004500,PROD00316,2,3014.12,0.0,6028.24
OI00004500-3,ORD00004500,PROD00101,2,14649.72,1464.97,27834.47
