order_id,customer_id,order_status,order_ts,subtotal,tax,shipping_fee,total_amount,currency,source
ORD00000001,CUST001029,paid,2025-08-11 18:42:21,76423.34,12227.73,49,88700.07,MXN,web
ORD00000002,CUST000339,paid,2026-03-23 20:40:50,66169.5,10587.12,0,76756.62,MXN,mobile_app
ORD00000003,CUST000015,delivered,2025-11-27 02:10:51,53389.29,8542.29,0,61931.58,MXN,marketplace
ORD00000004,CUST000274,packed,2026-02-03 23:46:22,42101.53,6736.24,49,48886.77,MXN,marketplace
ORD00000005,CUST000232,cancelled,2025-09-20 12:00:17,100963.26,16154.12,79,117196.38,MXN,mobile_app
ORD00000006,CUST000005,delivered,2026-05-06 05:58:54,86216.61,13794.66,79,100090.27,MXN,web
ORD00000007,CUST000943,paid,2025-09-13 04:38:58,62743.9,10039.02,49,72831.92,MXN,call_center
ORD00000008,CUST000727,paid,2025-01-07 21:13:55,93924.15,15027.86,99,109051.01,MXN,call_center
ORD00000009,CUST000767,packed,2025-08-21 11:04:33,87447.24,13991.56,49,101487.8,MXN,marketplace
ORD00000010,CUST000889,packed,2025-01-05 12:18:37,41592.4,6654.78,99,48346.18,MXN,marketplace
ORD00000011,CUST000065,delivered,2025-05-05 12:26:29,193147.19,30903.55,0,224050.74,MXN,web
ORD00000012,CUST000044,paid,2025-04-08 23:06:50,120531.2,19284.99,49,139865.19,MXN,mobile_app
ORD00000013,CUST001048,paid,2025-05-26 03:19:38,14489.83,2318.37,99,16907.2,MXN,mobile_app
ORD00000014,CUST000971,delivered,2025-03-22 01:16:07,123978.9,19836.62,149,143964.52,MXN,mobile_app
ORD00000015,CUST000187,packed,2025-02-09 13:52:36,218888.27,35022.12,79,253989.39,MXN,call_center
ORD00000016,CUST000506,cancelled,2025-09-06 10:15:58,23312.33,3729.97,79,27121.3,MXN,call_center
ORD00000017,CUST000574,paid,2026-04-17 02:23:10,118716.19,18994.59,0,137710.78,MXN,web
ORD00000018,CUST001131,packed,2025-04-12 05:07:07,150142.58,24022.81,0,174165.39,MXN,mobile_app
ORD00000019,CUST000247,delivered,2025-02-01 21:01:16,103497.12,16559.54,99,120155.66,MXN,mobile_app
ORD00000020,CUST001093,created,2025-04-30 08:39:37,103946.32,16631.41,0,120577.73,MXN,call_center
ORD00000021,CUST000139,shipped,2026-01-11 00:25:43,170910.02,27345.6,99,198354.62,MXN,call_center
ORD00000022,CUST001152,shipped,2025-10-31 02:43:46,121486.29,19437.81,149,141073.1,MXN,marketplace
ORD00000023,CUST000622,paid,2025-06-21 03:22:00,31689.24,5070.28,49,36808.52,MXN,marketplace
ORD00000024,CUST000273,cancelled,2025-07-30 01:16:15,21210.26,3393.64,149,24752.9,MXN,web
ORD00000025,CUST000003,packed,2026-05-19 19:37:42,151824.47,24291.92,49,176165.39,MXN,marketplace
ORD00000026,CUST000362,returned,2025-07-18 19:56:50,183646.86,29383.5,99,213129.36,MXN,mobile_app
ORD00000027,CUST000889,paid,2025-10-14 07:56:52,192630.24,30820.84,79,223530.08,MXN,mobile_app
ORD00000028,CUST000364,delivered,2025-11-03 04:22:15,75238.82,12038.21,99,87376.03,MXN,web
ORD00000029,CUST001079,delivered,2025-04-17 15:17:42,2354.21,376.67,99,2829.88,MXN,web
ORD00000030,CUST000226,delivered,2025-01-11 12:37:43,24289.74,3886.36,79,28255.1,MXN,mobile_app
ORD00000031,CUST000028,returned,2025-01-08 07:09:26,51424.42,8227.91,0,59652.33,MXN,mobile_app
ORD00000032,CUST000286,delivered,2026-01-09 03:46:44,74062.51,11850.0,0,85912.51,MXN,web
ORD00000033,CUST001116,paid,2025-08-19 11:36:23,23948.3,3831.73,99,27879.03,MXN,web
ORD00000034,CUST001008,returned,2025-05-12 16:48:35,64470.96,10315.35,79,74865.31,MXN,web
ORD00000035,CUST000089,paid,2026-04-15 12:48:56,131096.91,20975.51,79,152151.42,MXN,call_center
ORD00000036,CUST000756,delivered,2025-07-26 03:25:57,19944.52,3191.12,49,23184.64,MXN,marketplace
ORD00000037,CUST000303,shipped,2025-10-31 09:18:13,148150.84,23704.13,79,171933.97,MXN,call_center
ORD00000038,CUST000869,delivered,2026-01-09 19:52:07,98512.0,15761.92,149,114422.92,MXN,mobile_app
ORD00000039,CUST000788,delivered,2025-03-06 22:44:50,74957.67,11993.23,0,86950.9,MXN,web
ORD00000040,CUST000716,delivered,2025-10-08 06:53:26,43110.64,6897.7,49,50057.34,MXN,mobile_app
ORD00000041,CUST000115,paid,2025-04-18 00:48:09,32760.62,5241.7,0,38002.32,MXN,web
ORD00000042,CUST000977,cancelled,2026-04-07 07:34:35,67536.51,10805.84,0,78342.35,MXN,mobile_app
ORD00000043,CUST000158,delivered,2025-01-10 16:36:04,81511.5,13041.84,0,94553.34,MXN,mobile_app
ORD00000044,CUST000123,created,2026-05-15 00:12:57,67704.95,10832.79,99,78636.74,MXN,marketplace
ORD00000045,CUST001172,packed,2026-01-25 19:34:49,30819.58,4931.13,49,35799.71,MXN,call_center
ORD00000046,CUST000115,packed,2025-06-20 00:42:40,138108.84,22097.41,79,160285.25,MXN,web
ORD00000047,CUST000214,packed,2025-03-02 10:27:25,65957.14,10553.14,49,76559.28,MXN,mobile_app
ORD00000048,CUST000067,paid,2025-07-06 16:10:19,96401.9,15424.3,99,111925.2,MXN,marketplace
ORD00000049,CUST000266,packed,2025-03-17 15:17:30,136714.88,21874.38,0,158589.26,MXN,mobile_app
ORD00000050,CUST000442,delivered,2025-04-20 09:52:10,88888.35,14222.14,79,103189.49,MXN,call_center
ORD00000051,CUST000082,paid,2025-10-29 02:01:35,115337.43,18453.99,49,133840.42,MXN,marketplace
ORD00000052,CUST000331,paid,2025-02-22 22:37:43,45910.83,7345.73,49,53305.56,MXN,web
ORD00000053,CUST001165,created,2026-01-15 05:48:26,198952.29,31832.37,0,230784.66,MXN,call_center
ORD00000054,CUST001037,paid,2025-12-16 14:19:41,18384.78,2941.56,49,21375.34,MXN,web
ORD00000055,CUST000317,paid,2025-03-23 18:53:49,180727.72,28916.44,0,209644.16,MXN,marketplace
ORD00000056,CUST000955,delivered,2025-12-30 21:15:44,174229.29,27876.69,149,202254.98,MXN,call_center
ORD00000057,CUST000436,paid,2026-01-05 21:22:27,30724.1,4915.86,99,35738.96,MXN,call_center
ORD00000058,CUST000438,paid,2025-02-12 00:04:40,33238.05,5318.09,49,38605.14,MXN,web
ORD00000059,CUST000291,paid,2025-02-23 19:04:56,32408.11,5185.3,149,37742.41,MXN,mobile_app
ORD00000060,CUST000532,delivered,2025-05-23 23:28:04,15118.92,2419.03,49,17586.95,MXN,mobile_app
ORD00000061,CUST000716,shipped,2025-11-22 12:36:37,131072.57,20971.61,49,152093.18,MXN,call_center
ORD00000062,CUST000303,cancelled,2026-01-23 22:20:31,34648.24,5543.72,149,40340.96,MXN,web
ORD00000063,CUST000923,delivered,2025-04-08 15:32:18,150949.78,24151.96,149,175250.74,MXN,web
ORD00000064,CUST000759,created,2025-10-10 13:37:12,83960.52,13433.68,149,97543.2,MXN,call_center
ORD00000065,CUST001072,paid,2025-09-18 20:15:42,36290.06,5806.41,99,42195.47,MXN,call_center
ORD00000066,CUST000584,delivered,2025-12-06 19:28:23,52748.64,8439.78,79,61267.42,MXN,call_center
ORD00000067,CUST000434,delivered,2025-06-23 02:46:21,151108.91,24177.43,79,175365.34,MXN,marketplace
ORD00000068,CUST000850,created,2025-07-07 14:54:04,129166.26,20666.6,149,149981.86,MXN,call_center
ORD00000069,CUST000395,delivered,2026-04-24 16:03:59,12916.28,2066.6,99,15081.88,MXN,mobile_app
ORD00000070,CUST000826,shipped,2025-09-05 02:16:43,57686.6,9229.86,49,66965.46,MXN,web
ORD00000071,CUST000192,shipped,2025-01-20 21:58:06,85747.26,13719.56,49,99515.82,MXN,mobile_app
ORD00000072,CUST000609,shipped,2025-05-31 13:13:58,48265.04,7722.41,49,56036.45,MXN,web
ORD00000073,CUST001187,paid,2025-03-22 07:52:27,193053.78,30888.6,99,224041.38,MXN,web
ORD00000074,CUST000997,paid,2026-05-01 23:34:19,46100.62,7376.1,79,53555.72,MXN,marketplace
ORD00000075,CUST000992,delivered,2026-04-22 21:52:57,71803.38,11488.54,49,83340.92,MXN,web
ORD00000076,CUST001098,shipped,2025-01-18 21:27:45,51812.37,8289.98,49,60151.35,MXN,mobile_app
ORD00000077,CUST000171,paid,2025-04-09 07:37:36,119750.19,19160.03,49,138959.22,MXN,mobile_app
ORD00000078,CUST000576,paid,2025-11-02 02:48:21,162154.2,25944.67,149,188247.87,MXN,marketplace
ORD00000079,CUST000766,delivered,2026-05-07 10:21:15,164825.35,26372.06,79,191276.41,MXN,call_center
ORD00000080,CUST000381,paid,2025-10-05 20:50:28,58833.42,9413.35,0,68246.77,MXN,marketplace
ORD00000081,CUST000023,paid,2025-09-13 10:34:11,140502.89,22480.46,99,163082.35,MXN,call_center
ORD00000082,CUST000651,paid,2025-09-06 15:29:44,94040.44,15046.47,79,109165.91,MXN,call_center
ORD00000083,CUST000245,shipped,2025-04-07 09:15:18,79021.59,12643.45,0,91665.04,MXN,web
ORD00000084,CUST000963,delivered,2025-03-15 21:09:42,160902.82,25744.45,79,186726.27,MXN,call_center
ORD00000085,CUST001011,returned,2026-05-13 22:55:00,5187.01,829.92,49,6065.93,MXN,web
ORD00000086,CUST000022,paid,2025-04-18 18:11:49,85080.97,13612.96,0,98693.93,MXN,marketplace
ORD00000087,CUST000089,created,2025-03-28 01:31:43,98230.42,15716.87,99,114046.29,MXN,web
ORD00000088,CUST000259,cancelled,2025-09-06 00:47:33,183146.49,29303.44,0,212449.93,MXN,marketplace
ORD00000089,CUST001144,delivered,2025-07-08 06:13:15,13823.82,2211.81,49,16084.63,MXN,call_center
ORD00000090,CUST000789,shipped,2025-05-26 23:02:05,36423.57,5827.77,79,42330.34,MXN,call_center
ORD00000091,CUST000927,shipped,2026-04-27 22:32:57,49191.11,7870.58,0,57061.69,MXN,mobile_app
ORD00000092,CUST000034,paid,2025-12-24 22:48:26,72223.04,11555.69,79,83857.73,MXN,web
ORD00000093,CUST001128,packed,2025-03-07 07:07:05,64606.6,10337.06,99,75042.66,MXN,marketplace
ORD00000094,CUST000758,created,2025-03-17 23:21:39,180523.34,28883.73,99,209506.07,MXN,web
ORD00000095,CUST000103,paid,2026-05-18 00:44:29,20219.94,3235.19,0,23455.13,MXN,marketplace
ORD00000096,CUST000489,shipped,2025-02-21 03:29:03,75002.13,12000.34,49,87051.47,MXN,mobile_app
ORD00000097,CUST000712,paid,2026-05-10 16:39:42,133793.81,21407.01,49,155249.82,MXN,web
ORD00000098,CUST000972,packed,2025-11-29 09:03:16,29526.52,4724.24,79,34329.76,MXN,call_center
ORD00000099,CUST001195,shipped,2025-01-01 18:45:43,70302.16,11248.35,149,81699.51,MXN,mobile_app
ORD00000100,CUST000301,paid,2025-03-14 22:36:40,79867.32,12778.77,99,92745.09,MXN,web
ORD00000101,CUST000723,delivered,2025-08-22 21:32:42,123127.6,19700.42,99,142927.02,MXN,marketplace
ORD00000102,CUST000423,paid,2025-03-11 08:11:15,169383.1,27101.3,149,196633.4,MXN,call_center
ORD00000103,CUST000566,paid,2025-08-29 06:12:15,249535.49,39925.68,49,289510.17,MXN,marketplace
ORD00000104,CUST001144,packed,2025-05-07 07:12:39,82427.04,13188.33,99,95714.37,MXN,marketplace
ORD00000105,CUST000011,packed,2025-12-01 05:47:56,12225.81,1956.13,79,14260.94,MXN,marketplace
ORD00000106,CUST001029,paid,2026-03-12 13:07:16,2650.74,424.12,49,3123.86,MXN,call_center
ORD00000107,CUST001199,paid,2025-03-04 16:41:29,17837.82,2854.05,99,20790.87,MXN,call_center
ORD00000108,CUST000818,cancelled,2025-03-18 05:26:16,100530.94,16084.95,49,116664.89,MXN,marketplace
ORD00000109,CUST000278,delivered,2025-11-20 08:37:25,88314.96,14130.39,0,102445.35,MXN,mobile_app
ORD00000110,CUST001079,delivered,2025-12-10 05:38:16,206273.72,33003.8,79,239356.52,MXN,mobile_app
ORD00000111,CUST001189,packed,2026-02-02 20:13:36,112517.55,18002.81,0,130520.36,MXN,marketplace
ORD00000112,CUST000200,delivered,2025-08-14 16:44:47,39265.74,6282.52,99,45647.26,MXN,mobile_app
ORD00000113,CUST000458,cancelled,2026-05-12 20:16:41,85166.12,13626.58,0,98792.7,MXN,mobile_app
ORD00000114,CUST000248,paid,2026-02-08 18:11:41,94106.66,15057.07,0,109163.73,MXN,web
ORD00000115,CUST000615,shipped,2025-11-11 05:29:43,124036.3,19845.81,149,144031.11,MXN,web
ORD00000116,CUST000886,delivered,2025-04-24 14:13:47,46622.06,7459.53,99,54180.59,MXN,marketplace
ORD00000117,CUST000593,returned,2025-03-19 16:30:07,92871.61,14859.46,0,107731.07,MXN,call_center
ORD00000118,CUST000023,packed,2026-03-27 22:00:50,172493.65,27598.98,149,200241.63,MXN,call_center
ORD00000119,CUST001051,paid,2025-02-18 18:02:19,43893.53,7022.96,79,50995.49,MXN,call_center
ORD00000120,CUST000140,shipped,2026-05-17 02:10:10,128713.47,20594.16,0,149307.63,MXN,web
ORD00000121,CUST000326,paid,2025-06-29 23:16:53,63570.96,10171.35,49,73791.31,MXN,mobile_app
ORD00000122,CUST000216,delivered,2025-05-16 03:33:25,37696.56,6031.45,79,43807.01,MXN,web
ORD00000123,CUST000921,paid,2025-10-21 07:30:49,224872.53,35979.6,149,261001.13,MXN,web
ORD00000124,CUST000198,created,2025-06-08 02:15:12,86779.17,13884.67,49,100712.84,MXN,call_center
ORD00000125,CUST000390,delivered,2025-06-11 03:36:36,111110.42,17777.67,0,128888.09,MXN,mobile_app
ORD00000126,CUST001060,paid,2025-08-20 15:21:14,194419.11,31107.06,49,225575.17,MXN,marketplace
ORD00000127,CUST000154,delivered,2026-02-20 02:22:54,151086.25,24173.8,49,175309.05,MXN,marketplace
ORD00000128,CUST000122,paid,2025-04-19 04:31:41,62036.81,9925.89,0,71962.7,MXN,call_center
ORD00000129,CUST000166,shipped,2026-03-05 07:18:42,3502.22,560.36,49,4111.58,MXN,marketplace
ORD00000130,CUST000884,packed,2026-01-06 22:58:16,63191.73,10110.68,0,73302.41,MXN,call_center
ORD00000131,CUST000107,delivered,2025-10-28 16:31:44,70061.57,11209.85,0,81271.42,MXN,marketplace
ORD00000132,CUST000721,packed,2025-05-31 09:48:58,2443.54,390.97,149,2983.51,MXN,web
ORD00000133,CUST000466,delivered,2025-11-17 20:05:55,164436.2,26309.79,49,190794.99,MXN,marketplace
ORD00000134,CUST000266,packed,2026-04-16 18:58:02,17875.4,2860.06,79,20814.46,MXN,mobile_app
ORD00000135,CUST001014,cancelled,2025-10-05 06:11:06,88722.32,14195.57,49,102966.89,MXN,marketplace
ORD00000136,CUST000654,shipped,2026-02-25 12:47:05,69888.5,11182.16,149,81219.66,MXN,call_center
ORD00000137,CUST000573,paid,2025-03-02 22:20:27,54213.62,8674.18,79,62966.8,MXN,mobile_app
ORD00000138,CUST000074,delivered,2025-07-02 14:40:45,120318.95,19251.03,149,139718.98,MXN,call_center
ORD00000139,CUST001015,cancelled,2025-01-15 15:21:39,165316.26,26450.6,149,191915.86,MXN,marketplace
ORD00000140,CUST000054,delivered,2026-04-18 19:43:22,94277.92,15084.47,99,109461.39,MXN,marketplace
ORD00000141,CUST001096,shipped,2025-12-27 00:18:48,176506.4,28241.02,149,204896.42,MXN,call_center
ORD00000142,CUST000080,paid,2026-04-24 02:37:56,50413.89,8066.22,49,58529.11,MXN,call_center
ORD00000143,CUST000948,shipped,2025-01-14 09:52:27,110956.19,17752.99,99,128808.18,MXN,mobile_app
ORD00000144,CUST000529,paid,2025-08-03 11:42:13,62814.59,10050.33,149,73013.92,MXN,call_center
ORD00000145,CUST001188,created,2025-09-04 11:32:33,65036.32,10405.81,0,75442.13,MXN,mobile_app
ORD00000146,CUST000717,paid,2025-03-26 18:57:17,86624.29,13859.89,49,100533.18,MXN,web
ORD00000147,CUST000669,delivered,2026-04-17 10:40:48,14996.68,2399.47,49,17445.15,MXN,web
ORD00000148,CUST000218,paid,2026-04-19 01:17:38,130435.89,20869.74,0,151305.63,MXN,web
ORD00000149,CUST000460,shipped,2026-03-16 03:51:51,180458.92,28873.43,49,209381.35,MXN,marketplace
ORD00000150,CUST000473,packed,2025-12-21 01:07:21,83141.87,13302.7,99,96543.57,MXN,marketplace
ORD00000151,CUST000164,delivered,2025-10-01 09:28:07,29468.45,4714.95,49,34232.4,MXN,call_center
ORD00000152,CUST000858,delivered,2025-06-28 11:05:54,33263.78,5322.2,79,38664.98,MXN,marketplace
ORD00000153,CUST000700,paid,2025-09-01 18:28:57,100651.31,16104.21,149,116904.52,MXN,call_center
ORD00000154,CUST000207,cancelled,2025-04-09 04:13:42,76898.84,12303.81,79,89281.65,MXN,web
ORD00000155,CUST000690,delivered,2025-09-19 11:26:00,156445.55,25031.29,149,181625.84,MXN,web
ORD00000156,CUST000312,delivered,2025-01-07 01:05:58,157536.99,25205.92,49,182791.91,MXN,marketplace
ORD00000157,CUST001011,created,2025-09-22 22:53:08,184662.44,29545.99,79,214287.43,MXN,marketplace
ORD00000158,CUST000340,paid,2025-04-03 01:57:08,71845.28,11495.24,49,83389.52,MXN,mobile_app
ORD00000159,CUST000057,cancelled,2026-04-10 18:49:36,173921.89,27827.5,0,201749.39,MXN,web
ORD00000160,CUST000911,shipped,2025-12-02 18:01:16,23641.48,3782.64,0,27424.12,MXN,marketplace
ORD00000161,CUST000162,delivered,2025-06-22 18:36:54,47643.52,7622.96,0,55266.48,MXN,marketplace
ORD00000162,CUST000390,delivered,2026-03-10 13:02:53,24143.74,3863.0,49,28055.74,MXN,call_center
ORD00000163,CUST000451,paid,2025-06-01 23:42:28,38222.19,6115.55,49,44386.74,MXN,web
ORD00000164,CUST001058,created,2025-06-16 08:46:25,36632.11,5861.14,49,42542.25,MXN,web
ORD00000165,CUST000857,delivered,2025-07-24 08:03:04,200232.72,32037.24,99,232368.96,MXN,marketplace
ORD00000166,CUST000198,paid,2025-06-20 01:09:39,165705.12,26512.82,0,192217.94,MXN,marketplace
ORD00000167,CUST000816,delivered,2025-04-10 11:10:17,123626.25,19780.2,79,143485.45,MXN,call_center
ORD00000168,CUST000802,shipped,2025-12-10 06:34:26,100512.85,16082.06,99,116693.91,MXN,mobile_app
ORD00000169,CUST001173,shipped,2025-05-10 08:26:24,44565.42,7130.47,149,51844.89,MXN,web
ORD00000170,CUST000044,paid,2025-10-22 12:34:44,62030.78,9924.92,149,72104.7,MXN,call_center
ORD00000171,CUST000470,delivered,2025-08-14 09:29:12,67163.64,10746.18,0,77909.82,MXN,call_center
ORD00000172,CUST000994,paid,2025-02-02 20:15:09,41070.49,6571.28,99,47740.77,MXN,mobile_app
ORD00000173,CUST000553,paid,2025-03-07 22:57:38,160259.09,25641.45,79,185979.54,MXN,call_center
ORD00000174,CUST000416,paid,2025-03-19 10:09:19,172987.74,27678.04,99,200764.78,MXN,marketplace
ORD00000175,CUST001120,shipped,2025-03-26 02:56:18,132009.76,21121.56,149,153280.32,MXN,mobile_app
ORD00000176,CUST000426,delivered,2026-01-16 10:44:50,12947.0,2071.52,99,15117.52,MXN,mobile_app
ORD00000177,CUST000121,paid,2026-01-19 05:58:24,132646.56,21223.45,99,153969.01,MXN,call_center
ORD00000178,CUST000642,packed,2025-07-03 02:29:59,63415.9,10146.54,49,73611.44,MXN,call_center
ORD00000179,CUST000233,cancelled,2025-01-31 08:10:02,191314.89,30610.38,79,222004.27,MXN,marketplace
ORD00000180,CUST000762,delivered,2026-03-14 22:11:14,11361.67,1817.87,99,13278.54,MXN,mobile_app
ORD00000181,CUST000677,paid,2025-04-16 02:54:23,82477.91,13196.47,0,95674.38,MXN,call_center
ORD00000182,CUST000678,paid,2025-03-15 13:36:27,104163.86,16666.22,149,120979.08,MXN,marketplace
ORD00000183,CUST000753,delivered,2026-05-01 01:32:28,96085.02,15373.6,79,111537.62,MXN,web
ORD00000184,CUST000260,delivered,2026-02-10 16:42:34,72820.33,11651.25,49,84520.58,MXN,mobile_app
ORD00000185,CUST000338,cancelled,2026-01-05 07:17:28,173769.19,27803.07,79,201651.26,MXN,web
ORD00000186,CUST000494,packed,2026-03-12 01:51:43,163621.85,26179.5,49,189850.35,MXN,call_center
ORD00000187,CUST001148,shipped,2025-12-10 00:53:36,187373.15,29979.7,79,217431.85,MXN,call_center
ORD00000188,CUST000438,delivered,2026-04-25 05:13:57,49445.7,7911.31,79,57436.01,MXN,mobile_app
ORD00000189,CUST000012,packed,2026-04-01 07:20:38,12822.43,2051.59,0,14874.02,MXN,marketplace
ORD00000190,CUST000069,paid,2026-05-18 17:01:12,168490.68,26958.51,49,195498.19,MXN,call_center
ORD00000191,CUST001118,created,2025-03-22 16:35:57,15167.09,2426.73,49,17642.82,MXN,mobile_app
ORD00000192,CUST000170,delivered,2025-11-22 21:23:59,67692.37,10830.78,0,78523.15,MXN,marketplace
ORD00000193,CUST000200,paid,2026-02-27 14:27:04,40586.49,6493.84,49,47129.33,MXN,marketplace
ORD00000194,CUST001058,cancelled,2025-01-12 00:10:13,79448.98,12711.84,149,92309.82,MXN,mobile_app
ORD00000195,CUST001036,paid,2025-11-14 21:00:04,57694.03,9231.04,79,67004.07,MXN,web
ORD00000196,CUST000700,delivered,2025-12-29 03:34:20,76677.64,12268.42,0,88946.06,MXN,web
ORD00000197,CUST000374,paid,2025-03-09 02:56:30,127410.06,20385.61,49,147844.67,MXN,marketplace
ORD00000198,CUST000110,delivered,2025-10-22 14:51:33,36612.7,5858.03,49,42519.73,MXN,marketplace
ORD00000199,CUST000409,returned,2025-05-18 13:36:30,145083.31,23213.33,149,168445.64,MXN,call_center
ORD00000200,CUST000350,cancelled,2025-01-29 12:43:01,201313.05,32210.09,149,233672.14,MXN,mobile_app
ORD00000201,CUST000529,shipped,2025-06-19 12:33:59,14219.85,2275.18,49,16544.03,MXN,call_center
ORD00000202,CUST000662,delivered,2025-10-17 03:51:12,269292.57,43086.81,79,312458.38,MXN,mobile_app
ORD00000203,CUST000957,paid,2026-03-01 16:40:57,15774.7,2523.95,149,18447.65,MXN,call_center
ORD00000204,CUST000818,delivered,2026-01-03 20:01:23,118809.14,19009.46,0,137818.6,MXN,call_center
ORD00000205,CUST000873,returned,2025-07-29 05:15:09,99650.61,15944.1,79,115673.71,MXN,web
ORD00000206,CUST000186,delivered,2025-08-29 05:16:35,158841.39,25414.62,49,184305.01,MXN,mobile_app
ORD00000207,CUST000353,packed,2025-08-23 00:18:35,79531.27,12725.0,149,92405.27,MXN,marketplace
ORD00000208,CUST000011,paid,2026-01-06 18:20:19,79763.83,12762.21,49,92575.04,MXN,call_center
ORD00000209,CUST000771,delivered,2025-12-26 23:58:03,26340.24,4214.44,49,30603.68,MXN,call_center
ORD00000210,CUST000670,delivered,2025-08-08 23:07:47,153642.11,24582.74,79,178303.85,MXN,marketplace
ORD00000211,CUST000697,delivered,2026-01-25 11:48:57,171133.3,27381.33,49,198563.63,MXN,call_center
ORD00000212,CUST000309,packed,2025-08-10 08:06:58,144048.83,23047.81,0,167096.64,MXN,call_center
ORD00000213,CUST000026,packed,2025-05-05 23:05:27,72586.01,11613.76,99,84298.77,MXN,marketplace
ORD00000214,CUST000970,delivered,2025-09-18 06:02:11,128433.52,20549.36,79,149061.88,MXN,marketplace
ORD00000215,CUST000405,delivered,2026-02-04 22:21:44,118446.38,18951.42,99,137496.8,MXN,marketplace
ORD00000216,CUST000607,shipped,2025-01-19 06:38:14,76422.33,12227.57,79,88728.9,MXN,web
ORD00000217,CUST000229,delivered,2025-10-05 11:31:11,103394.81,16543.17,149,120086.98,MXN,call_center
ORD00000218,CUST000084,packed,2025-03-01 10:44:13,21386.56,3421.85,149,24957.41,MXN,web
ORD00000219,CUST000692,delivered,2026-05-10 13:42:49,68480.35,10956.86,149,79586.21,MXN,mobile_app
ORD00000220,CUST000101,delivered,2025-10-18 16:16:18,80519.37,12883.1,0,93402.47,MXN,call_center
ORD00000221,CUST000372,paid,2025-08-10 07:09:14,168672.74,26987.64,49,195709.38,MXN,mobile_app
ORD00000222,CUST000038,paid,2025-09-10 03:08:50,225919.35,36147.1,49,262115.45,MXN,call_center
ORD00000223,CUST001022,shipped,2025-06-13 14:33:56,62490.78,9998.52,149,72638.3,MXN,web
ORD00000224,CUST000997,returned,2026-03-12 23:52:12,31075.26,4972.04,79,36126.3,MXN,marketplace
ORD00000225,CUST000925,created,2025-12-30 00:35:48,158978.88,25436.62,149,184564.5,MXN,web
ORD00000226,CUST000199,paid,2025-11-04 09:18:32,28369.23,4539.08,49,32957.31,MXN,call_center
ORD00000227,CUST001127,packed,2025-11-14 07:17:37,57361.52,9177.84,79,66618.36,MXN,call_center
ORD00000228,CUST000462,shipped,2025-11-10 18:28:17,73028.39,11684.54,0,84712.93,MXN,call_center
ORD00000229,CUST001189,returned,2025-11-21 17:56:49,119209.76,19073.56,79,138362.32,MXN,mobile_app
ORD00000230,CUST000341,delivered,2026-03-19 04:38:08,2019.92,323.19,149,2492.11,MXN,call_center
ORD00000231,CUST001131,cancelled,2026-02-02 03:59:01,28319.27,4531.08,49,32899.35,MXN,marketplace
ORD00000232,CUST000272,paid,2025-08-16 13:34:43,61479.29,9836.69,49,71364.98,MXN,call_center
ORD00000233,CUST000496,returned,2025-05-18 09:14:34,115111.41,18417.83,99,133628.24,MXN,marketplace
ORD00000234,CUST001101,delivered,2025-04-04 23:16:02,114955.38,18392.86,79,133427.24,MXN,web
ORD00000235,CUST000347,shipped,2025-10-12 15:23:36,71416.23,11426.6,99,82941.83,MXN,mobile_app
ORD00000236,CUST000533,paid,2025-09-23 23:35:54,119562.88,19130.06,49,138741.94,MXN,marketplace
ORD00000237,CUST001155,delivered,2025-10-09 17:40:11,141954.78,22712.76,79,164746.54,MXN,call_center
ORD00000238,CUST000527,paid,2026-05-10 14:06:36,28540.85,4566.54,79,33186.39,MXN,call_center
ORD00000239,CUST000977,cancelled,2026-04-26 08:55:47,99096.41,15855.43,49,115000.84,MXN,call_center
ORD00000240,CUST000360,cancelled,2026-01-11 22:23:04,19579.2,3132.67,49,22760.87,MXN,marketplace
ORD00000241,CUST000423,paid,2025-06-24 05:26:28,171520.16,27443.23,0,198963.39,MXN,call_center
ORD00000242,CUST000203,shipped,2025-09-13 22:36:22,26273.83,4203.81,49,30526.64,MXN,mobile_app
ORD00000243,CUST000935,created,2025-05-18 19:32:51,243011.59,38881.85,0,281893.44,MXN,web
ORD00000244,CUST000654,paid,2026-05-08 08:51:31,121562.13,19449.94,0,141012.07,MXN,call_center
ORD00000245,CUST000229,delivered,2025-12-10 19:26:29,99838.7,15974.19,79,115891.89,MXN,call_center
ORD00000246,CUST000362,shipped,2025-09-13 06:16:56,115545.86,18487.34,149,134182.2,MXN,call_center
ORD00000247,CUST001016,paid,2025-05-07 16:58:47,77909.45,12465.51,79,90453.96,MXN,marketplace
ORD00000248,CUST000656,shipped,2026-02-16 23:21:49,99876.28,15980.2,49,115905.48,MXN,mobile_app
ORD00000249,CUST000322,returned,2025-09-10 23:08:19,138567.12,22170.74,79,160816.86,MXN,marketplace
ORD00000250,CUST000922,shipped,2025-08-28 05:51:03,125554.72,20088.76,49,145692.48,MXN,mobile_app
ORD00000251,CUST000525,delivered,2025-08-17 23:24:44,68040.75,10886.52,79,79006.27,MXN,mobile_app
ORD00000252,CUST000441,shipped,2026-04-25 16:04:30,18118.64,2898.98,99,21116.62,MXN,call_center
ORD00000253,CUST000512,returned,2025-08-06 14:14:12,120698.18,19311.71,99,140108.89,MXN,mobile_app
ORD00000254,CUST000309,paid,2026-04-04 02:49:26,38283.57,6125.37,149,44557.94,MXN,marketplace
ORD00000255,CUST001141,delivered,2026-02-17 11:04:10,6509.19,1041.47,79,7629.66,MXN,marketplace
ORD00000256,CUST000914,paid,2025-06-16 20:24:04,68644.64,10983.14,99,79726.78,MXN,call_center
ORD00000257,CUST000812,delivered,2026-01-13 18:21:41,173037.12,27685.94,0,200723.06,MXN,web
ORD00000258,CUST001144,shipped,2025-03-29 06:04:29,125503.83,20080.61,149,145733.44,MXN,marketplace
ORD00000259,CUST000930,delivered,2026-02-14 21:18:04,83298.07,13327.69,49,96674.76,MXN,marketplace
ORD00000260,CUST000457,delivered,2026-03-30 21:34:01,108726.49,17396.24,49,126171.73,MXN,mobile_app
ORD00000261,CUST000632,paid,2025-05-22 01:01:18,140998.14,22559.7,79,163636.84,MXN,mobile_app
ORD00000262,CUST000445,created,2025-10-04 00:06:23,114702.87,18352.46,99,133154.33,MXN,web
ORD00000263,CUST000191,shipped,2025-05-17 00:02:26,101310.12,16209.62,79,117598.74,MXN,call_center
ORD00000264,CUST000523,paid,2026-01-31 03:30:45,117241.4,18758.62,79,136079.02,MXN,mobile_app
ORD00000265,CUST000173,delivered,2026-05-15 21:14:13,69077.6,11052.42,149,80279.02,MXN,mobile_app
ORD00000266,CUST000288,delivered,2025-12-31 21:56:36,30937.48,4950.0,79,35966.48,MXN,marketplace
ORD00000267,CUST000850,shipped,2025-05-03 07:41:24,73870.55,11819.29,0,85689.84,MXN,mobile_app
ORD00000268,CUST000062,paid,2026-01-22 11:06:17,68747.44,10999.59,49,79796.03,MXN,call_center
ORD00000269,CUST000096,packed,2026-02-24 00:32:29,152068.81,24331.01,99,176498.82,MXN,mobile_app
ORD00000270,CUST000002,shipped,2025-08-30 21:29:32,119145.49,19063.28,99,138307.77,MXN,mobile_app
ORD00000271,CUST000258,shipped,2025-06-20 08:15:20,9992.41,1598.79,149,11740.2,MXN,web
ORD00000272,CUST000512,paid,2025-06-25 17:06:35,122227.15,19556.34,49,141832.49,MXN,web
ORD00000273,CUST000789,created,2026-05-06 19:06:04,25826.92,4132.31,49,30008.23,MXN,call_center
ORD00000274,CUST000661,delivered,2025-01-10 02:20:13,114029.95,18244.79,79,132353.74,MXN,marketplace
ORD00000275,CUST000691,paid,2025-05-25 17:14:43,140778.86,22524.62,49,163352.48,MXN,web
ORD00000276,CUST000466,delivered,2025-12-22 07:10:38,47588.22,7614.12,79,55281.34,MXN,marketplace
ORD00000277,CUST000927,delivered,2025-12-05 18:41:17,12149.53,1943.92,149,14242.45,MXN,mobile_app
ORD00000278,CUST000291,delivered,2025-06-22 07:42:57,15762.15,2521.94,79,18363.09,MXN,mobile_app
ORD00000279,CUST001088,packed,2025-05-10 12:30:35,39040.7,6246.51,149,45436.21,MXN,mobile_app
ORD00000280,CUST000312,cancelled,2026-02-25 01:38:40,172728.89,27636.62,79,200444.51,MXN,marketplace
ORD00000281,CUST000428,delivered,2026-04-22 05:20:03,20108.52,3217.36,49,23374.88,MXN,call_center
ORD00000282,CUST000329,packed,2025-07-08 07:50:20,89251.9,14280.3,79,103611.2,MXN,web
ORD00000283,CUST000464,paid,2025-08-03 13:04:27,65112.74,10418.04,79,75609.78,MXN,web
ORD00000284,CUST000965,delivered,2025-06-30 08:10:14,146294.64,23407.14,0,169701.78,MXN,call_center
ORD00000285,CUST000873,paid,2026-03-31 08:47:27,103030.91,16484.95,99,119614.86,MXN,call_center
ORD00000286,CUST000117,paid,2026-05-11 14:17:55,55011.82,8801.89,0,63813.71,MXN,web
ORD00000287,CUST000208,paid,2026-01-13 03:17:05,150503.46,24080.55,149,174733.01,MXN,web
ORD00000288,CUST000202,paid,2026-03-24 02:26:15,119325.76,19092.12,99,138516.88,MXN,call_center
ORD00000289,CUST001175,created,2026-02-11 01:03:11,78638.45,12582.15,99,91319.6,MXN,web
ORD00000290,CUST000936,packed,2025-07-16 21:50:51,45786.45,7325.83,49,53161.28,MXN,marketplace
ORD00000291,CUST000822,delivered,2025-09-28 17:14:25,32991.66,5278.67,79,38349.33,MXN,web
ORD00000292,CUST000186,shipped,2026-05-12 16:14:39,169012.23,27041.96,0,196054.19,MXN,mobile_app
ORD00000293,CUST001192,cancelled,2025-08-30 04:39:13,87283.37,13965.34,79,101327.71,MXN,call_center
ORD00000294,CUST000273,paid,2025-10-27 05:23:49,52511.51,8401.84,79,60992.35,MXN,web
ORD00000295,CUST001013,delivered,2025-06-24 08:23:52,24780.82,3964.93,0,28745.75,MXN,marketplace
ORD00000296,CUST000500,cancelled,2025-01-17 03:15:16,60683.56,9709.37,79,70471.93,MXN,marketplace
ORD00000297,CUST000540,packed,2025-12-02 00:17:19,81780.76,13084.92,49,94914.68,MXN,mobile_app
ORD00000298,CUST000198,delivered,2026-01-30 03:37:30,120835.52,19333.68,149,140318.2,MXN,call_center
ORD00000299,CUST000133,created,2025-05-14 02:01:52,75409.21,12065.47,0,87474.68,MXN,call_center
ORD00000300,CUST000883,returned,2025-04-14 13:57:02,30689.07,4910.25,49,35648.32,MXN,call_center
ORD00000301,CUST000296,returned,2026-02-24 03:06:29,66359.85,10617.58,149,77126.43,MXN,mobile_app
ORD00000302,CUST000372,delivered,2025-01-23 21:41:16,121258.59,19401.37,49,140708.96,MXN,web
ORD00000303,CUST000638,paid,2025-10-03 20:36:19,176122.14,28179.54,99,204400.68,MXN,web
ORD00000304,CUST001073,created,2025-07-20 05:08:26,154531.49,24725.04,49,179305.53,MXN,mobile_app
ORD00000305,CUST001021,shipped,2025-05-22 04:44:59,57325.43,9172.07,0,66497.5,MXN,web
ORD00000306,CUST001101,delivered,2025-04-04 10:14:20,74559.2,11929.47,99,86587.67,MXN,mobile_app
ORD00000307,CUST000318,cancelled,2026-04-22 06:43:12,130148.47,20823.76,99,151071.23,MXN,web
ORD00000308,CUST000734,cancelled,2025-02-15 12:50:02,145413.2,23266.11,79,168758.31,MXN,mobile_app
ORD00000309,CUST000918,paid,2025-06-03 19:45:41,134547.03,21527.52,99,156173.55,MXN,marketplace
ORD00000310,CUST001020,delivered,2025-08-12 01:40:58,21715.63,3474.5,0,25190.13,MXN,marketplace
ORD00000311,CUST001170,paid,2026-02-26 14:17:01,43828.98,7012.64,99,50940.62,MXN,mobile_app
ORD00000312,CUST001042,delivered,2025-10-16 00:39:32,9214.47,1474.32,49,10737.79,MXN,mobile_app
ORD00000313,CUST000656,delivered,2025-02-26 16:08:16,130408.42,20865.35,99,151372.77,MXN,mobile_app
ORD00000314,CUST000762,created,2025-11-09 05:03:14,80498.84,12879.81,149,93527.65,MXN,marketplace
ORD00000315,CUST000420,shipped,2025-07-31 17:54:38,44825.37,7172.06,79,52076.43,MXN,mobile_app
ORD00000316,CUST001000,delivered,2025-07-16 20:11:36,150196.1,24031.38,49,174276.48,MXN,marketplace
ORD00000317,CUST000343,returned,2025-07-19 05:29:27,176984.95,28317.59,49,205351.54,MXN,web
ORD00000318,CUST000961,paid,2026-01-07 21:50:52,26160.63,4185.7,99,30445.33,MXN,marketplace
ORD00000319,CUST000898,shipped,2025-04-21 21:12:54,34230.56,5476.89,79,39786.45,MXN,web
ORD00000320,CUST001165,cancelled,2025-01-12 00:54:53,125766.42,20122.63,49,145938.05,MXN,marketplace
ORD00000321,CUST001036,paid,2025-02-19 10:30:37,47533.94,7605.43,149,55288.37,MXN,marketplace
ORD00000322,CUST001141,paid,2025-05-06 03:05:03,80900.47,12944.08,49,93893.55,MXN,marketplace
ORD00000323,CUST000759,paid,2025-01-30 20:23:15,20286.11,3245.78,0,23531.89,MXN,web
ORD00000324,CUST000794,paid,2026-03-17 08:48:11,24201.67,3872.27,99,28172.94,MXN,call_center
ORD00000325,CUST000579,packed,2026-04-24 11:59:14,112404.95,17984.79,99,130488.74,MXN,call_center
ORD00000326,CUST000314,shipped,2025-12-19 19:20:02,83631.12,13380.98,0,97012.1,MXN,call_center
ORD00000327,CUST000615,created,2025-04-22 20:03:07,202543.27,32406.92,99,235049.19,MXN,call_center
ORD00000328,CUST000745,packed,2025-09-20 09:04:23,174153.95,27864.63,79,202097.58,MXN,mobile_app
ORD00000329,CUST000805,shipped,2025-04-20 18:36:35,122868.37,19658.94,99,142626.31,MXN,web
ORD00000330,CUST000423,delivered,2025-10-27 19:00:53,70287.12,11245.94,99,81632.06,MXN,marketplace
ORD00000331,CUST000960,cancelled,2025-07-10 20:09:05,26798.05,4287.69,0,31085.74,MXN,web
ORD00000332,CUST000176,created,2025-01-17 16:09:23,11306.22,1809.0,79,13194.22,MXN,mobile_app
ORD00000333,CUST000309,packed,2025-06-15 10:49:43,22101.34,3536.21,99,25736.55,MXN,call_center
ORD00000334,CUST000694,paid,2025-05-17 02:18:00,12243.46,1958.95,49,14251.41,MXN,call_center
ORD00000335,CUST000243,cancelled,2026-02-18 10:53:15,146012.68,23362.03,99,169473.71,MXN,call_center
ORD00000336,CUST000777,paid,2026-01-06 09:41:18,42911.2,6865.79,149,49925.99,MXN,mobile_app
ORD00000337,CUST000917,returned,2025-01-16 10:09:18,173030.55,27684.89,79,200794.44,MXN,marketplace
ORD00000338,CUST000171,delivered,2025-10-03 12:18:29,205788.64,32926.18,49,238763.82,MXN,web
ORD00000339,CUST000490,paid,2025-08-27 04:06:41,123511.86,19761.9,0,143273.76,MXN,web
ORD00000340,CUST000620,paid,2025-10-23 16:13:26,161297.38,25807.58,79,187183.96,MXN,mobile_app
ORD00000341,CUST000710,delivered,2025-07-23 04:21:09,99693.69,15950.99,0,115644.68,MXN,mobile_app
ORD00000342,CUST000765,paid,2025-02-20 10:55:36,53852.58,8616.41,0,62468.99,MXN,mobile_app
ORD00000343,CUST001194,returned,2026-05-02 07:50:29,25603.05,4096.49,0,29699.54,MXN,web
ORD00000344,CUST000887,paid,2025-07-01 00:50:48,33583.81,5373.41,149,39106.22,MXN,mobile_app
ORD00000345,CUST000975,delivered,2025-06-03 05:56:02,57703.26,9232.52,49,66984.78,MXN,mobile_app
ORD00000346,CUST000254,paid,2025-02-28 20:38:13,75379.84,12060.77,99,87539.61,MXN,marketplace
ORD00000347,CUST000707,shipped,2025-07-07 00:17:27,67197.1,10751.54,99,78047.64,MXN,web
ORD00000348,CUST000914,returned,2025-01-10 07:40:35,31848.91,5095.83,149,37093.74,MXN,web
ORD00000349,CUST001166,delivered,2025-07-23 20:11:09,94574.67,15131.95,149,109855.62,MXN,mobile_app
ORD00000350,CUST000468,paid,2026-04-02 02:44:39,164991.05,26398.57,49,191438.62,MXN,call_center
ORD00000351,CUST000860,cancelled,2025-01-20 00:20:12,45256.41,7241.03,149,52646.44,MXN,mobile_app
ORD00000352,CUST000445,created,2025-03-15 16:03:41,146989.44,23518.31,49,170556.75,MXN,call_center
ORD00000353,CUST001023,shipped,2025-12-03 05:01:30,9269.29,1483.09,99,10851.38,MXN,marketplace
ORD00000354,CUST000290,shipped,2025-07-02 15:33:31,229257.12,36681.14,0,265938.26,MXN,mobile_app
ORD00000355,CUST001085,packed,2025-08-07 22:56:35,82881.56,13261.05,49,96191.61,MXN,mobile_app
ORD00000356,CUST000669,cancelled,2025-07-01 07:36:22,139118.48,22258.96,79,161456.44,MXN,mobile_app
ORD00000357,CUST000486,shipped,2025-07-13 11:32:35,103330.88,16532.94,149,120012.82,MXN,marketplace
ORD00000358,CUST000138,packed,2025-12-16 03:00:22,23068.68,3690.99,49,26808.67,MXN,web
ORD00000359,CUST000671,delivered,2025-10-04 15:28:01,101276.69,16204.27,0,117480.96,MXN,mobile_app
ORD00000360,CUST001073,paid,2026-01-27 13:39:01,46443.77,7431.0,79,53953.77,MXN,call_center
ORD00000361,CUST000303,delivered,2025-12-13 22:48:49,176131.18,28180.99,0,204312.17,MXN,web
ORD00000362,CUST000108,delivered,2025-09-11 15:06:36,57140.24,9142.44,49,66331.68,MXN,marketplace
ORD00000363,CUST000071,paid,2026-05-15 21:57:52,82140.97,13142.56,79,95362.53,MXN,marketplace
ORD00000364,CUST000693,shipped,2025-03-05 00:54:29,84636.4,13541.82,0,98178.22,MXN,call_center
ORD00000365,CUST000811,shipped,2025-05-01 09:06:40,41433.68,6629.39,0,48063.07,MXN,marketplace
ORD00000366,CUST000466,paid,2025-07-05 20:13:47,78701.47,12592.24,99,91392.71,MXN,web
ORD00000367,CUST001045,shipped,2025-08-13 23:16:11,145428.97,23268.64,79,168776.61,MXN,mobile_app
ORD00000368,CUST000814,paid,2025-06-15 06:28:32,42921.03,6867.36,149,49937.39,MXN,marketplace
ORD00000369,CUST001047,paid,2025-10-29 16:40:10,71211.75,11393.88,99,82704.63,MXN,web
ORD00000370,CUST000585,created,2025-12-17 19:21:43,77162.84,12346.05,79,89587.89,MXN,marketplace
ORD00000371,CUST000950,delivered,2025-02-12 05:29:04,70713.17,11314.11,0,82027.28,MXN,mobile_app
ORD00000372,CUST000371,paid,2025-09-17 08:56:38,80809.36,12929.5,0,93738.86,MXN,web
ORD00000373,CUST000064,paid,2026-04-27 00:09:18,15103.07,2416.49,99,17618.56,MXN,call_center
ORD00000374,CUST001164,paid,2025-05-04 21:03:24,27220.61,4355.3,0,31575.91,MXN,web
ORD00000375,CUST000619,paid,2025-04-21 04:03:12,21556.78,3449.08,0,25005.86,MXN,mobile_app
ORD00000376,CUST000933,delivered,2026-03-27 07:49:36,64350.77,10296.12,99,74745.89,MXN,call_center
ORD00000377,CUST000062,shipped,2025-01-29 20:44:03,133940.42,21430.47,79,155449.89,MXN,web
ORD00000378,CUST000557,paid,2025-05-27 01:52:31,171575.35,27452.06,99,199126.41,MXN,mobile_app
ORD00000379,CUST000765,delivered,2025-10-16 09:01:00,214763.29,34362.13,149,249274.42,MXN,call_center
ORD00000380,CUST000738,paid,2025-12-02 07:40:57,118762.07,19001.93,79,137843.0,MXN,mobile_app
ORD00000381,CUST000700,delivered,2026-02-24 14:15:49,49606.54,7937.05,0,57543.59,MXN,web
ORD00000382,CUST001065,delivered,2025-03-22 15:15:27,50841.33,8134.61,79,59054.94,MXN,call_center
ORD00000383,CUST001072,paid,2025-11-02 02:19:03,117497.68,18799.63,0,136297.31,MXN,call_center
ORD00000384,CUST000296,delivered,2025-02-26 02:01:47,125112.09,20017.93,79,145209.02,MXN,web
ORD00000385,CUST000425,delivered,2025-05-25 05:57:43,40103.6,6416.58,0,46520.18,MXN,call_center
ORD00000386,CUST000733,created,2025-11-10 00:28:46,120684.25,19309.48,79,140072.73,MXN,marketplace
ORD00000387,CUST000064,delivered,2025-07-18 16:07:31,72983.2,11677.31,99,84759.51,MXN,marketplace
ORD00000388,CUST001114,paid,2025-03-13 11:54:53,1969.52,315.12,79,2363.64,MXN,mobile_app
ORD00000389,CUST000962,packed,2025-01-27 16:11:02,162644.01,26023.04,149,188816.05,MXN,call_center
ORD00000390,CUST001098,paid,2025-02-07 20:06:40,74923.28,11987.72,99,87010.0,MXN,marketplace
ORD00000391,CUST000334,paid,2025-01-31 22:13:59,74974.2,11995.87,0,86970.07,MXN,call_center
ORD00000392,CUST000362,created,2025-10-20 14:33:45,73586.1,11773.78,99,85458.88,MXN,web
ORD00000393,CUST000208,paid,2025-05-08 17:15:30,74166.58,11866.65,99,86132.23,MXN,web
ORD00000394,CUST000572,delivered,2025-12-05 21:03:21,101682.22,16269.16,0,117951.38,MXN,mobile_app
ORD00000395,CUST000403,delivered,2025-12-13 11:56:46,160498.81,25679.81,99,186277.62,MXN,web
ORD00000396,CUST000762,shipped,2025-02-16 14:22:08,49076.31,7852.21,149,57077.52,MXN,web
ORD00000397,CUST000622,packed,2025-04-17 11:01:01,69130.86,11060.94,99,80290.8,MXN,mobile_app
ORD00000398,CUST000203,packed,2025-05-14 22:06:14,149106.43,23857.03,79,173042.46,MXN,call_center
ORD00000399,CUST000123,created,2025-12-02 10:39:34,19532.13,3125.14,49,22706.27,MXN,call_center
ORD00000400,CUST001044,delivered,2025-11-12 18:18:09,115438.66,18470.19,0,133908.85,MXN,call_center
ORD00000401,CUST000136,paid,2026-03-13 06:35:54,45117.97,7218.88,99,52435.85,MXN,marketplace
ORD00000402,CUST000622,delivered,2026-02-20 18:32:47,37763.23,6042.12,99,43904.35,MXN,marketplace
ORD00000403,CUST001092,delivered,2026-02-06 13:32:00,57342.78,9174.84,79,66596.62,MXN,mobile_app
ORD00000404,CUST000642,cancelled,2025-09-09 18:51:41,232998.65,37279.78,49,270327.43,MXN,marketplace
ORD00000405,CUST000390,delivered,2025-10-08 18:36:17,121416.05,19426.57,49,140891.62,MXN,call_center
ORD00000406,CUST000992,cancelled,2025-07-30 06:58:06,47446.29,7591.41,49,55086.7,MXN,marketplace
ORD00000407,CUST001014,cancelled,2025-12-20 05:21:04,167372.47,26779.6,99,194251.07,MXN,marketplace
ORD00000408,CUST000245,paid,2025-04-19 12:42:24,81007.6,12961.22,0,93968.82,MXN,call_center
ORD00000409,CUST000420,cancelled,2025-02-01 00:29:12,163181.85,26109.1,0,189290.95,MXN,marketplace
ORD00000410,CUST000451,delivered,2025-05-14 11:22:23,81670.21,13067.23,99,94836.44,MXN,mobile_app
ORD00000411,CUST000356,paid,2025-06-21 03:27:55,13980.59,2236.89,149,16366.48,MXN,call_center
ORD00000412,CUST000914,paid,2025-06-15 17:50:13,70914.23,11346.28,49,82309.51,MXN,call_center
ORD00000413,CUST000779,shipped,2025-01-18 21:14:48,152253.79,24360.61,149,176763.4,MXN,call_center
ORD00000414,CUST000906,paid,2026-04-17 02:59:05,19790.86,3166.54,79,23036.4,MXN,marketplace
ORD00000415,CUST000830,paid,2025-08-01 22:22:22,81262.55,13002.01,0,94264.56,MXN,call_center
ORD00000416,CUST000045,delivered,2025-10-30 01:03:35,179717.55,28754.81,79,208551.36,MXN,mobile_app
ORD00000417,CUST000552,cancelled,2025-10-12 17:49:17,77032.91,12325.27,49,89407.18,MXN,web
ORD00000418,CUST000326,delivered,2025-03-13 18:01:40,268427.37,42948.38,49,311424.75,MXN,web
ORD00000419,CUST000475,delivered,2025-03-13 16:03:20,192375.27,30780.04,149,223304.31,MXN,web
ORD00000420,CUST000948,delivered,2026-03-06 20:50:39,57795.32,9247.25,79,67121.57,MXN,web
ORD00000421,CUST001026,cancelled,2026-01-27 20:44:35,149954.34,23992.69,99,174046.03,MXN,mobile_app
ORD00000422,CUST000226,paid,2025-07-12 19:03:33,153658.75,24585.4,149,178393.15,MXN,call_center
ORD00000423,CUST000515,cancelled,2026-02-11 14:11:44,70887.06,11341.93,149,82377.99,MXN,marketplace
ORD00000424,CUST000612,delivered,2025-03-31 17:45:02,102173.82,16347.81,49,118570.63,MXN,call_center
ORD00000425,CUST000287,packed,2025-08-23 13:10:07,116770.41,18683.27,99,135552.68,MXN,call_center
ORD00000426,CUST000761,shipped,2025-06-08 23:44:35,75837.23,12133.96,99,88070.19,MXN,web
ORD00000427,CUST000603,delivered,2025-10-03 13:28:25,114825.65,18372.1,0,133197.75,MXN,mobile_app
ORD00000428,CUST001068,created,2025-10-16 08:54:28,60722.31,9715.57,99,70536.88,MXN,call_center
ORD00000429,CUST001053,delivered,2025-01-29 01:59:42,83026.53,13284.24,99,96409.77,MXN,mobile_app
ORD00000430,CUST000086,packed,2025-02-04 04:28:10,113747.68,18199.63,99,132046.31,MXN,marketplace
ORD00000431,CUST000432,returned,2025-01-01 10:34:09,3911.59,625.85,99,4636.44,MXN,mobile_app
ORD00000432,CUST001011,paid,2025-03-30 17:31:56,201853.65,32296.58,49,234199.23,MXN,mobile_app
ORD00000433,CUST000046,shipped,2025-12-03 23:59:08,123759.78,19801.56,49,143610.34,MXN,mobile_app
ORD00000434,CUST000449,shipped,2025-07-13 04:48:45,109409.43,17505.51,79,126993.94,MXN,marketplace
ORD00000435,CUST000167,paid,2025-07-08 08:25:09,84447.77,13511.64,79,98038.41,MXN,web
ORD00000436,CUST000631,shipped,2025-07-03 01:26:12,125290.7,20046.51,99,145436.21,MXN,web
ORD00000437,CUST000207,paid,2025-03-05 18:21:33,72430.58,11588.89,0,84019.47,MXN,mobile_app
ORD00000438,CUST000106,shipped,2025-01-02 14:54:33,52131.12,8340.98,79,60551.1,MXN,web
ORD00000439,CUST000083,cancelled,2025-05-09 07:57:11,85792.83,13726.85,99,99618.68,MXN,call_center
ORD00000440,CUST000221,delivered,2025-07-27 15:23:52,97146.28,15543.4,79,112768.68,MXN,web
ORD00000441,CUST000806,delivered,2025-09-21 01:02:07,254741.96,40758.71,49,295549.67,MXN,call_center
ORD00000442,CUST000305,created,2025-05-01 13:29:36,15056.56,2409.05,0,17465.61,MXN,call_center
ORD00000443,CUST000259,delivered,2025-04-26 23:39:13,53030.15,8484.82,149,61663.97,MXN,marketplace
ORD00000444,CUST000430,delivered,2026-01-03 13:36:52,130331.08,20852.97,49,151233.05,MXN,call_center
ORD00000445,CUST000950,delivered,2025-11-05 17:44:37,47257.34,7561.17,79,54897.51,MXN,call_center
ORD00000446,CUST000191,cancelled,2026-01-14 04:21:56,72339.28,11574.28,0,83913.56,MXN,web
ORD00000447,CUST000739,delivered,2025-09-24 09:17:36,78152.15,12504.34,149,90805.49,MXN,marketplace
ORD00000448,CUST001088,cancelled,2025-10-31 10:59:34,157219.12,25155.06,149,182523.18,MXN,web
ORD00000449,CUST000972,cancelled,2025-11-21 02:00:45,93237.53,14918.0,79,108234.53,MXN,web
ORD00000450,CUST001087,created,2025-06-28 00:59:10,146742.16,23478.75,0,170220.91,MXN,call_center
ORD00000451,CUST001189,shipped,2025-06-15 18:20:08,100479.73,16076.76,0,116556.49,MXN,web
ORD00000452,CUST000266,paid,2025-07-20 13:04:13,37650.14,6024.02,79,43753.16,MXN,marketplace
ORD00000453,CUST001111,delivered,2026-03-03 04:08:56,16165.62,2586.5,49,18801.12,MXN,web
ORD00000454,CUST000554,paid,2025-05-20 00:15:05,141107.29,22577.17,79,163763.46,MXN,web
ORD00000455,CUST000724,packed,2025-05-18 00:18:25,33547.6,5367.62,49,38964.22,MXN,mobile_app
ORD00000456,CUST000701,shipped,2025-05-05 12:57:03,228042.14,36486.74,99,264627.88,MXN,web
ORD00000457,CUST000465,delivered,2026-01-19 23:49:16,80436.96,12869.91,79,93385.87,MXN,marketplace
ORD00000458,CUST000852,returned,2025-01-06 18:39:02,148902.48,23824.4,149,172875.88,MXN,web
ORD00000459,CUST000650,packed,2025-07-11 02:28:22,111227.04,17796.33,99,129122.37,MXN,web
ORD00000460,CUST001088,paid,2025-10-10 13:26:54,104903.24,16784.52,149,121836.76,MXN,web
ORD00000461,CUST000743,paid,2025-03-30 01:26:52,60269.58,9643.13,79,69991.71,MXN,marketplace
ORD00000462,CUST001127,cancelled,2026-02-25 10:40:52,42829.4,6852.7,79,49761.1,MXN,web
ORD00000463,CUST000827,packed,2025-02-01 15:24:02,40321.4,6451.42,79,46851.82,MXN,call_center
ORD00000464,CUST001110,paid,2025-03-25 00:35:29,124539.99,19926.4,149,144615.39,MXN,mobile_app
ORD00000465,CUST000836,delivered,2025-01-05 02:32:50,69807.61,11169.22,99,81075.83,MXN,mobile_app
ORD00000466,CUST001081,packed,2025-08-16 08:26:27,117724.24,18835.88,149,136709.12,MXN,call_center
ORD00000467,CUST000003,shipped,2025-03-31 00:29:55,53052.69,8488.43,49,61590.12,MXN,mobile_app
ORD00000468,CUST000083,returned,2025-06-29 07:27:40,70699.2,11311.87,49,82060.07,MXN,marketplace
ORD00000469,CUST000231,created,2026-03-23 06:50:57,7061.08,1129.77,99,8289.85,MXN,mobile_app
ORD00000470,CUST000302,delivered,2026-05-19 06:54:43,88283.12,14125.3,49,102457.42,MXN,mobile_app
ORD00000471,CUST000798,paid,2025-10-02 07:43:07,95019.49,15203.12,0,110222.61,MXN,call_center
ORD00000472,CUST000950,paid,2025-05-04 04:36:48,22351.62,3576.26,99,26026.88,MXN,web
ORD00000473,CUST000589,paid,2025-04-20 06:47:53,24615.24,3938.44,99,28652.68,MXN,marketplace
ORD00000474,CUST000621,paid,2026-05-16 09:41:26,8586.89,1373.9,49,10009.79,MXN,call_center
ORD00000475,CUST000274,delivered,2025-01-14 07:37:13,95968.56,15354.97,149,111472.53,MXN,marketplace
ORD00000476,CUST000827,paid,2025-01-16 18:24:40,73360.47,11737.68,49,85147.15,MXN,mobile_app
ORD00000477,CUST001018,created,2026-02-15 08:44:38,49630.57,7940.89,79,57650.46,MXN,web
ORD00000478,CUST000986,paid,2025-05-31 05:35:38,117989.71,18878.35,99,136967.06,MXN,call_center
ORD00000479,CUST000402,packed,2025-07-10 04:58:11,111870.0,17899.2,0,129769.2,MXN,web
ORD00000480,CUST000212,cancelled,2026-03-15 23:19:35,57707.58,9233.21,0,66940.79,MXN,web
ORD00000481,CUST001124,delivered,2025-12-09 18:04:38,41966.53,6714.64,0,48681.17,MXN,call_center
ORD00000482,CUST000247,delivered,2025-08-06 19:14:16,107894.11,17263.06,49,125206.17,MXN,web
ORD00000483,CUST001003,delivered,2025-06-18 01:12:56,33535.36,5365.66,79,38980.02,MXN,marketplace
ORD00000484,CUST000927,delivered,2026-03-09 01:56:19,19182.5,3069.2,79,22330.7,MXN,mobile_app
ORD00000485,CUST000353,paid,2025-05-02 21:50:15,10207.72,1633.24,49,11889.96,MXN,mobile_app
ORD00000486,CUST000605,paid,2025-12-24 22:57:43,93465.45,14954.47,0,108419.92,MXN,mobile_app
ORD00000487,CUST000971,created,2025-10-21 16:02:11,70946.67,11351.47,49,82347.14,MXN,call_center
ORD00000488,CUST000223,paid,2025-12-04 13:52:31,91141.3,14582.61,99,105822.91,MXN,mobile_app
ORD00000489,CUST000912,packed,2025-08-05 20:12:23,162714.49,26034.32,149,188897.81,MXN,web
ORD00000490,CUST001148,packed,2026-01-08 07:12:13,121959.46,19513.51,149,141621.97,MXN,web
ORD00000491,CUST000532,packed,2025-07-22 20:00:21,47945.27,7671.24,49,55665.51,MXN,web
ORD00000492,CUST001061,delivered,2025-04-25 19:36:21,9417.45,1506.79,79,11003.24,MXN,call_center
ORD00000493,CUST000338,returned,2025-08-03 14:48:55,44021.31,7043.41,49,51113.72,MXN,web
ORD00000494,CUST000170,shipped,2025-05-28 21:43:25,13145.58,2103.29,149,15397.87,MXN,web
ORD00000495,CUST000307,packed,2025-10-02 10:40:32,19183.47,3069.36,79,22331.83,MXN,mobile_app
ORD00000496,CUST000175,delivered,2026-02-28 21:59:15,151584.96,24253.59,149,175987.55,MXN,call_center
ORD00000497,CUST000958,created,2025-01-21 09:21:38,35196.21,5631.39,99,40926.6,MXN,marketplace
ORD00000498,CUST000700,packed,2025-03-10 21:16:28,99666.46,15946.63,79,115692.09,MXN,mobile_app
ORD00000499,CUST001182,delivered,2025-10-19 12:34:29,131657.02,21065.12,0,152722.14,MXN,web
ORD00000500,CUST000549,cancelled,2025-02-06 11:53:37,106707.77,17073.24,49,123830.01,MXN,mobile_app
ORD00000501,CUST000775,shipped,2025-05-26 18:41:00,66209.31,10593.49,49,76851.8,MXN,web
ORD00000502,CUST000290,delivered,2025-11-07 18:04:51,69846.95,11175.51,49,81071.46,MXN,marketplace
ORD00000503,CUST001083,paid,2025-12-01 16:21:14,109630.83,17540.93,79,127250.76,MXN,marketplace
ORD00000504,CUST000596,paid,2025-02-02 20:53:13,27367.64,4378.82,49,31795.46,MXN,web
ORD00000505,CUST000174,packed,2025-12-31 22:18:15,46076.76,7372.28,79,53528.04,MXN,mobile_app
ORD00000506,CUST000954,delivered,2026-04-19 20:59:58,45618.9,7299.02,79,52996.92,MXN,web
ORD00000507,CUST000597,paid,2025-07-05 11:52:24,48681.5,7789.04,79,56549.54,MXN,web
ORD00000508,CUST000809,delivered,2025-06-22 08:07:15,20056.87,3209.1,149,23414.97,MXN,call_center
ORD00000509,CUST001078,delivered,2025-12-29 07:15:30,621.66,99.47,49,770.13,MXN,mobile_app
ORD00000510,CUST000188,delivered,2026-05-06 00:20:10,159979.96,25596.79,149,185725.75,MXN,call_center
ORD00000511,CUST000671,paid,2025-10-30 09:50:10,83108.03,13297.28,99,96504.31,MXN,marketplace
ORD00000512,CUST000968,delivered,2026-05-10 15:26:08,61261.95,9801.91,79,71142.86,MXN,marketplace
ORD00000513,CUST000275,paid,2025-02-15 00:10:26,222163.39,35546.14,149,257858.53,MXN,mobile_app
ORD00000514,CUST000835,paid,2025-06-01 05:34:53,42810.24,6849.64,79,49738.88,MXN,marketplace
ORD00000515,CUST000857,paid,2025-03-01 14:37:24,8820.67,1411.31,149,10380.98,MXN,call_center
ORD00000516,CUST000088,delivered,2025-10-12 22:19:04,35631.24,5701.0,49,41381.24,MXN,call_center
ORD00000517,CUST000037,cancelled,2025-02-02 17:53:30,32760.6,5241.7,99,38101.3,MXN,call_center
ORD00000518,CUST000182,packed,2025-01-22 04:20:26,131506.12,21040.98,149,152696.1,MXN,mobile_app
ORD00000519,CUST000894,paid,2026-03-21 07:37:35,103373.03,16539.68,99,120011.71,MXN,mobile_app
ORD00000520,CUST000702,paid,2025-08-20 19:19:46,112875.37,18060.06,0,130935.43,MXN,web
ORD00000521,CUST001040,returned,2025-10-14 00:32:37,280994.33,44959.09,149,326102.42,MXN,call_center
ORD00000522,CUST000608,delivered,2026-03-06 07:02:53,204288.62,32686.18,0,236974.8,MXN,marketplace
ORD00000523,CUST001167,delivered,2026-04-26 14:57:45,36903.1,5904.5,49,42856.6,MXN,call_center
ORD00000524,CUST000828,delivered,2026-03-15 00:08:24,1688.61,270.18,99,2057.79,MXN,mobile_app
ORD00000525,CUST000816,paid,2026-05-13 06:55:43,125112.39,20017.98,49,145179.37,MXN,mobile_app
ORD00000526,CUST001150,delivered,2025-01-14 14:12:36,127229.32,20356.69,0,147586.01,MXN,mobile_app
ORD00000527,CUST000832,delivered,2026-04-04 15:56:38,103367.73,16538.84,0,119906.57,MXN,call_center
ORD00000528,CUST000873,delivered,2025-03-18 07:33:52,84554.04,13528.65,49,98131.69,MXN,marketplace
ORD00000529,CUST000817,paid,2026-02-25 13:41:48,186862.66,29898.03,0,216760.69,MXN,web
ORD00000530,CUST000793,paid,2026-01-27 09:21:51,35242.56,5638.81,79,40960.37,MXN,web
ORD00000531,CUST000099,packed,2025-02-21 10:28:32,26765.46,4282.47,79,31126.93,MXN,web
ORD00000532,CUST000659,shipped,2025-02-12 04:39:50,22190.75,3550.52,49,25790.27,MXN,web
ORD00000533,CUST000755,delivered,2025-06-21 06:37:07,67844.79,10855.17,99,78798.96,MXN,mobile_app
ORD00000534,CUST000826,delivered,2025-11-16 17:38:22,140760.73,22521.72,0,163282.45,MXN,call_center
ORD00000535,CUST001074,paid,2026-02-19 09:49:56,31379.74,5020.76,79,36479.5,MXN,marketplace
ORD00000536,CUST000351,packed,2025-06-07 09:05:02,123031.67,19685.07,49,142765.74,MXN,web
ORD00000537,CUST000778,paid,2025-03-29 11:23:22,157250.59,25160.09,99,182509.68,MXN,web
ORD00000538,CUST001117,packed,2025-08-19 11:24:49,48587.56,7774.01,49,56410.57,MXN,call_center
ORD00000539,CUST000420,delivered,2025-07-14 06:41:07,98858.63,15817.38,0,114676.01,MXN,call_center
ORD00000540,CUST001099,paid,2025-05-22 16:02:00,97013.38,15522.14,99,112634.52,MXN,call_center
ORD00000541,CUST000479,cancelled,2025-11-27 21:35:51,61948.26,9911.72,79,71938.98,MXN,call_center
ORD00000542,CUST000060,paid,2025-09-20 21:33:42,97309.56,15569.53,99,112978.09,MXN,mobile_app
ORD00000543,CUST000830,delivered,2026-02-07 13:23:25,24880.04,3980.81,49,28909.85,MXN,mobile_app
ORD00000544,CUST000459,packed,2026-05-04 16:40:14,44594.72,7135.16,79,51808.88,MXN,call_center
ORD00000545,CUST000215,shipped,2025-07-25 18:15:15,58017.28,9282.76,149,67449.04,MXN,call_center
ORD00000546,CUST000936,returned,2026-04-07 12:09:11,148007.5,23681.2,149,171837.7,MXN,call_center
ORD00000547,CUST000514,returned,2026-01-30 01:53:55,41945.62,6711.3,0,48656.92,MXN,marketplace
ORD00000548,CUST000711,delivered,2025-12-17 23:20:56,118898.69,19023.79,149,138071.48,MXN,mobile_app
ORD00000549,CUST000054,shipped,2026-04-24 03:17:47,184336.23,29493.8,149,213979.03,MXN,call_center
ORD00000550,CUST001036,delivered,2026-01-22 04:57:57,55562.35,8889.98,0,64452.33,MXN,marketplace
ORD00000551,CUST001074,packed,2025-01-01 12:12:11,73515.22,11762.44,79,85356.66,MXN,call_center
ORD00000552,CUST000781,packed,2026-04-27 05:02:49,120008.36,19201.34,79,139288.7,MXN,mobile_app
ORD00000553,CUST001073,shipped,2025-11-02 09:16:57,133356.21,21336.99,49,154742.2,MXN,mobile_app
ORD00000554,CUST001119,cancelled,2026-03-21 17:56:04,120516.21,19282.59,99,139897.8,MXN,mobile_app
ORD00000555,CUST000704,paid,2025-10-30 04:54:44,158533.34,25365.33,0,183898.67,MXN,call_center
ORD00000556,CUST001063,returned,2025-07-24 03:52:01,141650.67,22664.11,149,164463.78,MXN,web
ORD00000557,CUST000232,delivered,2026-01-09 18:32:29,36034.64,5765.54,0,41800.18,MXN,web
ORD00000558,CUST000746,packed,2025-06-13 06:08:54,21901.34,3504.21,0,25405.55,MXN,marketplace
ORD00000559,CUST000672,paid,2025-06-07 03:05:34,64615.81,10338.53,99,75053.34,MXN,call_center
ORD00000560,CUST000650,created,2025-02-05 13:37:40,75031.21,12004.99,149,87185.2,MXN,call_center
ORD00000561,CUST001150,delivered,2025-02-16 17:08:03,41489.11,6638.26,149,48276.37,MXN,marketplace
ORD00000562,CUST000824,cancelled,2025-05-07 10:36:59,42732.5,6837.2,149,49718.7,MXN,call_center
ORD00000563,CUST000573,cancelled,2025-08-20 23:14:33,116552.66,18648.43,79,135280.09,MXN,call_center
ORD00000564,CUST000745,delivered,2025-09-04 11:24:33,132626.06,21220.17,0,153846.23,MXN,mobile_app
ORD00000565,CUST000629,delivered,2025-10-17 07:58:13,79866.11,12778.58,0,92644.69,MXN,mobile_app
ORD00000566,CUST000872,delivered,2026-03-08 12:07:44,24747.15,3959.54,149,28855.69,MXN,call_center
ORD00000567,CUST000791,delivered,2026-04-01 11:54:46,108358.14,17337.3,0,125695.44,MXN,mobile_app
ORD00000568,CUST000751,returned,2026-02-05 06:08:58,52774.89,8443.98,149,61367.87,MXN,web
ORD00000569,CUST000274,delivered,2025-05-28 21:45:19,57377.35,9180.38,0,66557.73,MXN,web
ORD00000570,CUST000773,cancelled,2025-01-07 07:16:18,142893.17,22862.91,99,165855.08,MXN,mobile_app
ORD00000571,CUST000371,shipped,2025-09-29 22:06:28,163639.43,26182.31,149,189970.74,MXN,web
ORD00000572,CUST000667,delivered,2025-04-21 15:22:53,211617.23,33858.76,99,245574.99,MXN,mobile_app
ORD00000573,CUST000130,delivered,2025-12-22 02:12:20,5684.14,909.46,79,6672.6,MXN,mobile_app
ORD00000574,CUST000354,delivered,2025-05-01 12:58:55,108572.62,17371.62,149,126093.24,MXN,mobile_app
ORD00000575,CUST000485,packed,2025-05-10 08:58:29,50444.41,8071.11,99,58614.52,MXN,call_center
ORD00000576,CUST000449,delivered,2025-05-06 11:43:41,51128.76,8180.6,0,59309.36,MXN,mobile_app
ORD00000577,CUST000916,delivered,2026-04-14 20:03:28,145612.02,23297.92,99,169008.94,MXN,web
ORD00000578,CUST000439,delivered,2026-01-16 20:22:01,55767.26,8922.76,99,64789.02,MXN,web
ORD00000579,CUST001123,paid,2025-05-27 08:47:05,52977.38,8476.38,99,61552.76,MXN,call_center
ORD00000580,CUST000716,delivered,2025-06-13 13:36:09,48221.31,7715.41,79,56015.72,MXN,marketplace
ORD00000581,CUST000484,delivered,2025-10-29 06:04:07,136099.74,21775.96,149,158024.7,MXN,marketplace
ORD00000582,CUST000050,packed,2025-03-13 19:51:36,68567.87,10970.86,149,79687.73,MXN,call_center
ORD00000583,CUST000191,returned,2026-04-18 18:56:17,22393.25,3582.92,49,26025.17,MXN,mobile_app
ORD00000584,CUST000242,shipped,2025-12-24 13:26:53,18196.47,2911.44,0,21107.91,MXN,call_center
ORD00000585,CUST000825,paid,2025-03-23 04:07:27,77894.38,12463.1,79,90436.48,MXN,call_center
ORD00000586,CUST000510,cancelled,2025-06-03 18:04:48,63563.74,10170.2,79,73812.94,MXN,mobile_app
ORD00000587,CUST001099,delivered,2025-01-11 09:57:47,51076.57,8172.25,99,59347.82,MXN,mobile_app
ORD00000588,CUST000691,delivered,2025-01-07 18:57:56,79919.31,12787.09,79,92785.4,MXN,marketplace
ORD00000589,CUST000780,delivered,2025-02-21 06:39:24,29098.32,4655.73,149,33903.05,MXN,call_center
ORD00000590,CUST000035,paid,2025-03-17 11:20:38,254575.34,40732.05,49,295356.39,MXN,mobile_app
ORD00000591,CUST000056,cancelled,2025-07-21 10:46:11,17538.99,2806.24,79,20424.23,MXN,mobile_app
ORD00000592,CUST000982,delivered,2025-06-29 06:33:01,55007.46,8801.19,149,63957.65,MXN,web
ORD00000593,CUST000845,paid,2025-06-27 05:58:46,46069.62,7371.14,79,53519.76,MXN,web
ORD00000594,CUST000512,paid,2025-02-15 13:16:26,209521.43,33523.43,79,243123.86,MXN,call_center
ORD00000595,CUST000354,paid,2025-07-11 03:35:26,26422.83,4227.65,99,30749.48,MXN,web
ORD00000596,CUST000227,delivered,2025-02-04 06:31:24,15922.7,2547.63,49,18519.33,MXN,web
ORD00000597,CUST000845,paid,2026-03-07 04:23:18,132797.15,21247.54,79,154123.69,MXN,call_center
ORD00000598,CUST000220,delivered,2025-04-26 01:22:59,23712.2,3793.95,0,27506.15,MXN,mobile_app
ORD00000599,CUST001042,shipped,2025-02-02 23:20:13,19969.63,3195.14,49,23213.77,MXN,marketplace
ORD00000600,CUST000164,delivered,2025-02-07 03:01:35,92847.92,14855.67,49,107752.59,MXN,web
ORD00000601,CUST000036,shipped,2026-03-15 22:48:33,209229.85,33476.78,49,242755.63,MXN,web
ORD00000602,CUST001150,packed,2025-01-05 05:54:22,122507.27,19601.16,99,142207.43,MXN,call_center
ORD00000603,CUST000305,packed,2025-03-03 07:25:31,28397.9,4543.66,99,33040.56,MXN,web
ORD00000604,CUST000066,returned,2025-02-14 17:23:07,116540.17,18646.43,149,135335.6,MXN,call_center
ORD00000605,CUST000958,cancelled,2025-04-07 13:33:23,36133.24,5781.32,49,41963.56,MXN,web
ORD00000606,CUST001153,delivered,2026-05-06 04:04:57,96991.12,15518.58,149,112658.7,MXN,call_center
ORD00000607,CUST000459,paid,2026-05-19 08:05:50,140701.57,22512.25,49,163262.82,MXN,mobile_app
ORD00000608,CUST000994,returned,2025-08-11 15:38:13,138790.35,22206.46,149,161145.81,MXN,web
ORD00000609,CUST000914,paid,2025-01-12 09:17:28,89978.04,14396.49,99,104473.53,MXN,mobile_app
ORD00000610,CUST000217,shipped,2025-03-11 03:30:20,2681.33,429.01,149,3259.34,MXN,web
ORD00000611,CUST000482,delivered,2025-10-14 21:41:09,147465.34,23594.45,79,171138.79,MXN,mobile_app
ORD00000612,CUST000330,shipped,2025-04-04 09:29:23,82311.01,13169.76,0,95480.77,MXN,marketplace
ORD00000613,CUST001107,shipped,2025-02-06 08:49:53,94499.52,15119.92,99,109718.44,MXN,web
ORD00000614,CUST000173,shipped,2025-05-03 14:10:57,133018.84,21283.01,0,154301.85,MXN,marketplace
ORD00000615,CUST000089,packed,2026-04-03 08:48:16,9064.79,1450.37,99,10614.16,MXN,web
ORD00000616,CUST000727,created,2025-11-28 18:38:48,165070.63,26411.3,79,191560.93,MXN,web
ORD00000617,CUST000864,paid,2026-05-12 20:00:53,212936.82,34069.89,49,247055.71,MXN,marketplace
ORD00000618,CUST000210,paid,2025-10-27 18:21:13,30426.39,4868.22,149,35443.61,MXN,mobile_app
ORD00000619,CUST000545,shipped,2026-02-20 06:04:40,66583.62,10653.38,79,77316.0,MXN,web
ORD00000620,CUST000440,delivered,2025-03-29 17:28:11,42415.25,6786.44,49,49250.69,MXN,call_center
ORD00000621,CUST000835,packed,2025-01-01 07:54:42,24520.94,3923.35,79,28523.29,MXN,web
ORD00000622,CUST000340,cancelled,2025-10-07 20:46:49,163497.65,26159.62,0,189657.27,MXN,mobile_app
ORD00000623,CUST000593,created,2025-08-01 12:16:31,86068.65,13770.98,99,99938.63,MXN,mobile_app
ORD00000624,CUST000199,paid,2025-07-30 21:06:02,117230.29,18756.85,149,136136.14,MXN,call_center
ORD00000625,CUST001103,delivered,2026-04-25 13:17:39,130946.88,20951.5,149,152047.38,MXN,call_center
ORD00000626,CUST001162,delivered,2025-08-31 14:37:54,37222.93,5955.67,79,43257.6,MXN,marketplace
ORD00000627,CUST000101,paid,2025-03-27 22:35:26,48951.01,7832.16,99,56882.17,MXN,web
ORD00000628,CUST000720,paid,2025-03-30 01:42:54,11079.35,1772.7,149,13001.05,MXN,call_center
ORD00000629,CUST000425,packed,2025-11-24 04:38:50,64228.42,10276.55,0,74504.97,MXN,marketplace
ORD00000630,CUST000279,shipped,2025-08-21 00:25:15,133841.46,21414.63,79,155335.09,MXN,call_center
ORD00000631,CUST000537,created,2025-05-06 16:42:59,100996.26,16159.4,99,117254.66,MXN,marketplace
ORD00000632,CUST000654,paid,2025-06-21 10:45:19,177274.06,28363.85,0,205637.91,MXN,call_center
ORD00000633,CUST000685,delivered,2026-04-14 20:51:36,37472.29,5995.57,49,43516.86,MXN,web
ORD00000634,CUST000359,paid,2025-04-29 04:23:24,142558.05,22809.29,0,165367.34,MXN,web
ORD00000635,CUST000162,paid,2025-05-18 09:14:09,5846.09,935.37,79,6860.46,MXN,call_center
ORD00000636,CUST000123,delivered,2025-01-05 18:04:18,134931.8,21589.09,0,156520.89,MXN,marketplace
ORD00000637,CUST000914,returned,2025-04-15 18:54:17,51275.48,8204.08,99,59578.56,MXN,marketplace
ORD00000638,CUST000467,packed,2025-12-01 01:20:29,142452.36,22792.38,149,165393.74,MXN,mobile_app
ORD00000639,CUST001032,cancelled,2025-09-09 21:22:09,125749.05,20119.85,99,145967.9,MXN,marketplace
ORD00000640,CUST000299,delivered,2025-06-02 20:47:30,36352.82,5816.45,49,42218.27,MXN,call_center
ORD00000641,CUST000585,delivered,2026-02-22 07:22:51,65069.54,10411.13,49,75529.67,MXN,web
ORD00000642,CUST000393,shipped,2026-03-08 03:36:21,96734.8,15477.57,149,112361.37,MXN,call_center
ORD00000643,CUST000506,paid,2025-02-02 09:23:30,125495.47,20079.28,149,145723.75,MXN,mobile_app
ORD00000644,CUST000547,cancelled,2026-04-30 18:36:25,139781.54,22365.05,99,162245.59,MXN,marketplace
ORD00000645,CUST001054,delivered,2025-02-22 00:14:27,61998.16,9919.71,149,72066.87,MXN,mobile_app
ORD00000646,CUST001096,delivered,2025-10-08 21:18:16,58897.09,9423.53,149,68469.62,MXN,call_center
ORD00000647,CUST001029,delivered,2026-02-03 01:32:58,139968.2,22394.91,79,162442.11,MXN,call_center
ORD00000648,CUST000282,packed,2025-07-17 03:02:47,68184.04,10909.45,79,79172.49,MXN,mobile_app
ORD00000649,CUST000549,cancelled,2025-04-13 16:24:30,156631.6,25061.06,99,181791.66,MXN,mobile_app
ORD00000650,CUST001161,returned,2025-06-13 04:21:58,73274.36,11723.9,0,84998.26,MXN,web
ORD00000651,CUST001070,shipped,2025-10-27 18:26:22,92517.7,14802.83,49,107369.53,MXN,marketplace
ORD00000652,CUST000786,paid,2025-03-14 04:32:09,57804.48,9248.72,0,67053.2,MXN,web
ORD00000653,CUST000989,shipped,2025-08-03 15:47:26,73696.12,11791.38,99,85586.5,MXN,mobile_app
ORD00000654,CUST000008,delivered,2025-10-15 10:23:10,112779.14,18044.66,99,130922.8,MXN,call_center
ORD00000655,CUST000551,paid,2025-03-13 11:31:03,143053.01,22888.48,149,166090.49,MXN,marketplace
ORD00000656,CUST000962,shipped,2025-02-02 14:08:51,9023.19,1443.71,99,10565.9,MXN,mobile_app
ORD00000657,CUST000603,paid,2026-03-07 06:34:59,253767.83,40602.85,0,294370.68,MXN,marketplace
ORD00000658,CUST000063,delivered,2025-10-16 03:51:43,117320.37,18771.26,99,136190.63,MXN,marketplace
ORD00000659,CUST000931,shipped,2026-05-06 03:48:22,224403.83,35904.61,99,260407.44,MXN,call_center
ORD00000660,CUST000936,delivered,2025-08-14 20:40:07,25238.21,4038.11,0,29276.32,MXN,mobile_app
ORD00000661,CUST000575,delivered,2025-03-13 09:10:42,85747.9,13719.66,79,99546.56,MXN,marketplace
ORD00000662,CUST000271,delivered,2025-03-23 17:44:14,110885.52,17741.68,149,128776.2,MXN,mobile_app
ORD00000663,CUST000259,shipped,2025-10-13 04:31:25,1932.93,309.27,0,2242.2,MXN,web
ORD00000664,CUST000818,cancelled,2025-06-20 12:50:40,167845.14,26855.22,49,194749.36,MXN,mobile_app
ORD00000665,CUST001147,packed,2026-04-20 14:21:37,86386.49,13821.84,0,100208.33,MXN,mobile_app
ORD00000666,CUST000860,packed,2025-02-26 07:16:26,98830.45,15812.87,0,114643.32,MXN,web
ORD00000667,CUST000646,shipped,2025-05-25 09:58:56,15552.79,2488.45,0,18041.24,MXN,mobile_app
ORD00000668,CUST000409,created,2025-02-04 01:25:33,43388.22,6942.12,0,50330.34,MXN,web
ORD00000669,CUST000991,cancelled,2025-07-19 04:07:16,17265.12,2762.42,79,20106.54,MXN,marketplace
ORD00000670,CUST000465,paid,2026-05-17 15:41:52,178487.64,28558.02,0,207045.66,MXN,mobile_app
ORD00000671,CUST000972,delivered,2025-06-07 00:59:37,95827.1,15332.34,79,111238.44,MXN,mobile_app
ORD00000672,CUST000738,paid,2025-12-07 02:07:22,43956.79,7033.09,79,51068.88,MXN,call_center
ORD00000673,CUST000080,shipped,2025-11-30 10:06:55,128908.56,20625.37,79,149612.93,MXN,call_center
ORD00000674,CUST000283,created,2026-02-24 13:54:39,75806.45,12129.03,79,88014.48,MXN,marketplace
ORD00000675,CUST000164,returned,2025-10-10 21:35:29,39015.57,6242.49,79,45337.06,MXN,marketplace
ORD00000676,CUST000220,shipped,2025-02-03 00:21:13,72174.66,11547.95,149,83871.61,MXN,web
ORD00000677,CUST000292,delivered,2025-09-13 04:19:00,167608.75,26817.4,79,194505.15,MXN,marketplace
ORD00000678,CUST000171,returned,2025-05-18 13:52:36,592.18,94.75,99,785.93,MXN,marketplace
ORD00000679,CUST001159,cancelled,2025-10-05 13:22:56,16945.47,2711.28,0,19656.75,MXN,web
ORD00000680,CUST000655,packed,2025-03-28 05:04:27,131014.22,20962.28,99,152075.5,MXN,marketplace
ORD00000681,CUST000090,paid,2026-01-18 09:22:25,139991.26,22398.6,0,162389.86,MXN,web
ORD00000682,CUST000020,paid,2025-11-01 23:54:25,125121.45,20019.43,0,145140.88,MXN,marketplace
ORD00000683,CUST000132,shipped,2025-02-25 22:20:18,153928.43,24628.55,0,178556.98,MXN,web
ORD00000684,CUST000122,returned,2025-11-13 13:24:52,80622.56,12899.61,0,93522.17,MXN,mobile_app
ORD00000685,CUST000981,paid,2026-01-25 02:27:23,72819.05,11651.05,79,84549.1,MXN,mobile_app
ORD00000686,CUST000043,packed,2025-01-03 03:48:21,109084.46,17453.51,99,126636.97,MXN,marketplace
ORD00000687,CUST000523,cancelled,2025-04-11 23:31:21,33151.24,5304.2,149,38604.44,MXN,web
ORD00000688,CUST000383,delivered,2026-03-21 19:34:09,51746.1,8279.38,0,60025.48,MXN,web
ORD00000689,CUST001171,delivered,2025-01-31 22:33:22,127930.45,20468.87,49,148448.32,MXN,web
ORD00000690,CUST000182,packed,2025-10-26 06:45:54,69946.52,11191.44,79,81216.96,MXN,call_center
ORD00000691,CUST000663,cancelled,2026-03-16 07:25:47,54269.56,8683.13,49,63001.69,MXN,call_center
ORD00000692,CUST000096,returned,2025-06-29 09:07:47,47988.02,7678.08,79,55745.1,MXN,mobile_app
ORD00000693,CUST000160,shipped,2025-07-18 17:06:03,94177.67,15068.43,49,109295.1,MXN,call_center
ORD00000694,CUST000345,delivered,2025-03-18 21:01:16,150607.22,24097.16,0,174704.38,MXN,call_center
ORD00000695,CUST000434,packed,2026-02-20 23:00:46,120924.11,19347.86,0,140271.97,MXN,marketplace
ORD00000696,CUST000485,shipped,2026-01-07 20:33:02,175417.03,28066.72,0,203483.75,MXN,mobile_app
ORD00000697,CUST000345,paid,2026-01-06 07:40:31,6487.9,1038.06,79,7604.96,MXN,mobile_app
ORD00000698,CUST000469,delivered,2025-04-16 01:37:14,39671.79,6347.49,79,46098.28,MXN,mobile_app
ORD00000699,CUST000270,delivered,2026-02-12 16:51:24,12121.95,1939.51,149,14210.46,MXN,mobile_app
ORD00000700,CUST000021,delivered,2025-04-09 06:44:45,18535.75,2965.72,49,21550.47,MXN,web
ORD00000701,CUST000568,paid,2025-04-26 22:33:05,104022.26,16643.56,0,120665.82,MXN,mobile_app
ORD00000702,CUST000764,created,2025-05-31 15:44:16,25138.21,4022.11,79,29239.32,MXN,call_center
ORD00000703,CUST000404,delivered,2025-01-03 05:47:45,36600.46,5856.07,99,42555.53,MXN,call_center
ORD00000704,CUST000729,cancelled,2025-11-06 01:05:20,47524.86,7603.98,0,55128.84,MXN,web
ORD00000705,CUST000332,paid,2026-04-10 15:32:06,4737.24,757.96,149,5644.2,MXN,web
ORD00000706,CUST000326,delivered,2026-03-29 02:01:03,185315.57,29650.49,0,214966.06,MXN,mobile_app
ORD00000707,CUST000243,shipped,2025-11-23 01:37:51,153413.41,24546.15,149,178108.56,MXN,call_center
ORD00000708,CUST000742,paid,2025-10-08 22:01:36,140907.83,22545.25,0,163453.08,MXN,marketplace
ORD00000709,CUST000772,shipped,2025-05-10 22:13:43,100066.17,16010.59,79,116155.76,MXN,mobile_app
ORD00000710,CUST000524,delivered,2025-06-18 02:46:26,105293.23,16846.92,149,122289.15,MXN,web
ORD00000711,CUST001094,cancelled,2026-01-18 22:02:33,114284.29,18285.49,49,132618.78,MXN,mobile_app
ORD00000712,CUST001147,delivered,2025-09-21 04:21:03,109735.77,17557.72,149,127442.49,MXN,mobile_app
ORD00000713,CUST000461,paid,2025-07-10 16:52:21,91864.8,14698.37,149,106712.17,MXN,call_center
ORD00000714,CUST000831,packed,2025-01-22 17:45:38,103612.72,16578.04,149,120339.76,MXN,marketplace
ORD00000715,CUST000688,packed,2025-06-04 20:29:42,130246.41,20839.43,99,151184.84,MXN,call_center
ORD00000716,CUST000131,paid,2025-12-01 16:42:27,96440.38,15430.46,79,111949.84,MXN,marketplace
ORD00000717,CUST001041,delivered,2025-03-09 23:49:59,46874.1,7499.86,79,54452.96,MXN,call_center
ORD00000718,CUST000373,cancelled,2025-03-29 15:31:16,120196.22,19231.4,149,139576.62,MXN,web
ORD00000719,CUST000545,packed,2025-05-22 01:07:56,89998.28,14399.72,79,104477.0,MXN,marketplace
ORD00000720,CUST000633,delivered,2025-06-15 19:45:36,51200.4,8192.06,99,59491.46,MXN,mobile_app
ORD00000721,CUST000214,created,2025-01-15 00:53:09,30747.75,4919.64,49,35716.39,MXN,web
ORD00000722,CUST000163,delivered,2025-10-14 02:44:03,93149.85,14903.98,99,108152.83,MXN,marketplace
ORD00000723,CUST000547,created,2026-01-22 20:25:26,165234.75,26437.56,99,191771.31,MXN,call_center
ORD00000724,CUST000271,shipped,2026-03-25 09:44:23,26307.62,4209.22,0,30516.84,MXN,marketplace
ORD00000725,CUST000313,cancelled,2025-12-08 05:40:28,22814.58,3650.33,149,26613.91,MXN,web
ORD00000726,CUST000075,cancelled,2025-01-20 15:56:51,107903.45,17264.55,99,125267.0,MXN,web
ORD00000727,CUST000617,returned,2025-06-26 02:09:54,61307.39,9809.18,0,71116.57,MXN,call_center
ORD00000728,CUST000337,paid,2025-01-28 05:58:55,50750.17,8120.03,0,58870.2,MXN,mobile_app
ORD00000729,CUST001179,cancelled,2026-05-06 05:49:01,45974.66,7355.95,49,53379.61,MXN,mobile_app
ORD00000730,CUST000304,paid,2025-05-12 05:56:24,73654.08,11784.65,49,85487.73,MXN,mobile_app
ORD00000731,CUST000867,paid,2025-11-28 12:31:44,127764.83,20442.37,49,148256.2,MXN,call_center
ORD00000732,CUST001020,delivered,2025-04-04 19:44:52,97838.37,15654.14,0,113492.51,MXN,mobile_app
ORD00000733,CUST000812,packed,2025-03-19 11:58:19,153362.4,24537.98,99,177999.38,MXN,marketplace
ORD00000734,CUST000269,paid,2025-04-23 17:45:58,34439.51,5510.32,0,39949.83,MXN,marketplace
ORD00000735,CUST000520,packed,2025-04-30 14:11:02,88717.03,14194.72,49,102960.75,MXN,call_center
ORD00000736,CUST000502,cancelled,2025-02-21 18:48:07,16836.47,2693.84,99,19629.31,MXN,call_center
ORD00000737,CUST000565,delivered,2025-03-23 04:47:33,41530.98,6644.96,149,48324.94,MXN,marketplace
ORD00000738,CUST000250,packed,2026-03-13 06:33:36,10521.18,1683.39,99,12303.57,MXN,mobile_app
ORD00000739,CUST000822,shipped,2025-02-14 12:44:40,198634.07,31781.45,79,230494.52,MXN,marketplace
ORD00000740,CUST000976,packed,2025-02-04 23:28:28,54704.98,8752.8,79,63536.78,MXN,web
ORD00000741,CUST000159,delivered,2026-03-16 19:13:32,53870.55,8619.29,79,62568.84,MXN,call_center
ORD00000742,CUST001121,packed,2026-01-21 18:14:54,29379.69,4700.75,49,34129.44,MXN,call_center
ORD00000743,CUST000325,paid,2025-01-12 13:55:21,59969.8,9595.17,99,69663.97,MXN,call_center
ORD00000744,CUST000948,delivered,2026-02-18 04:49:53,203977.12,32636.34,0,236613.46,MXN,mobile_app
ORD00000745,CUST000271,delivered,2025-12-07 02:05:56,58877.1,9420.34,149,68446.44,MXN,call_center
ORD00000746,CUST001116,packed,2025-11-23 12:00:53,11296.78,1807.48,99,13203.26,MXN,marketplace
ORD00000747,CUST000633,created,2025-05-27 07:35:06,131410.57,21025.69,99,152535.26,MXN,marketplace
ORD00000748,CUST000580,delivered,2026-03-14 07:49:58,22875.23,3660.04,79,26614.27,MXN,marketplace
ORD00000749,CUST001116,shipped,2025-12-05 01:48:19,109920.46,17587.27,79,127586.73,MXN,call_center
ORD00000750,CUST000070,cancelled,2025-07-19 13:33:05,46124.28,7379.88,79,53583.16,MXN,marketplace
ORD00000751,CUST000452,paid,2026-01-01 06:16:39,177734.57,28437.53,79,206251.1,MXN,mobile_app
ORD00000752,CUST000102,delivered,2025-10-16 03:13:40,15311.58,2449.85,0,17761.43,MXN,mobile_app
ORD00000753,CUST001084,shipped,2025-05-06 03:09:50,107448.22,17191.72,79,124718.94,MXN,marketplace
ORD00000754,CUST000806,cancelled,2025-09-28 19:53:01,102557.6,16409.22,149,119115.82,MXN,web
ORD00000755,CUST000811,cancelled,2026-03-19 06:06:52,72565.86,11610.54,149,84325.4,MXN,mobile_app
ORD00000756,CUST000300,created,2025-06-24 09:31:11,163691.27,26190.6,49,189930.87,MXN,mobile_app
ORD00000757,CUST000213,returned,2025-01-07 04:41:06,114599.0,18335.84,79,133013.84,MXN,call_center
ORD00000758,CUST001200,cancelled,2025-04-13 11:00:43,5561.76,889.88,149,6600.64,MXN,call_center
ORD00000759,CUST000624,cancelled,2025-10-24 07:42:08,46094.78,7375.16,79,53548.94,MXN,web
ORD00000760,CUST000280,paid,2025-03-31 04:00:13,190931.54,30549.05,149,221629.59,MXN,call_center
ORD00000761,CUST000162,delivered,2026-03-22 13:52:25,30679.05,4908.65,79,35666.7,MXN,mobile_app
ORD00000762,CUST000532,packed,2025-09-12 04:29:43,67186.41,10749.83,49,77985.24,MXN,marketplace
ORD00000763,CUST000376,delivered,2025-05-28 23:03:35,45967.0,7354.72,99,53420.72,MXN,marketplace
ORD00000764,CUST000376,shipped,2025-07-25 22:15:12,14003.79,2240.61,99,16343.4,MXN,call_center
ORD00000765,CUST001034,delivered,2025-11-04 18:32:35,46866.14,7498.58,99,54463.72,MXN,call_center
ORD00000766,CUST000586,shipped,2025-02-20 00:42:48,16451.3,2632.21,49,19132.51,MXN,marketplace
ORD00000767,CUST000097,paid,2025-05-07 21:25:43,220692.35,35310.78,49,256052.13,MXN,web
ORD00000768,CUST000280,paid,2025-01-13 14:46:03,138960.24,22233.64,99,161292.88,MXN,web
ORD00000769,CUST000252,delivered,2025-11-29 06:19:40,118125.24,18900.04,49,137074.28,MXN,web
ORD00000770,CUST000356,delivered,2025-08-04 22:11:02,68453.48,10952.56,49,79455.04,MXN,mobile_app
ORD00000771,CUST000060,paid,2025-06-18 09:09:43,45009.19,7201.47,149,52359.66,MXN,web
ORD00000772,CUST000187,delivered,2025-12-19 19:15:13,39539.46,6326.31,99,45964.77,MXN,call_center
ORD00000773,CUST000531,shipped,2026-03-01 10:50:14,72223.04,11555.69,79,83857.73,MXN,call_center
ORD00000774,CUST000217,delivered,2026-04-29 08:29:11,64818.55,10370.97,149,75338.52,MXN,web
ORD00000775,CUST000369,packed,2025-05-01 19:41:47,58176.74,9308.28,99,67584.02,MXN,marketplace
ORD00000776,CUST000522,delivered,2026-01-29 21:38:55,111265.96,17802.55,149,129217.51,MXN,web
ORD00000777,CUST000382,paid,2025-03-19 11:05:45,11155.48,1784.88,99,13039.36,MXN,web
ORD00000778,CUST000483,returned,2025-09-27 06:07:44,135809.82,21729.57,149,157688.39,MXN,marketplace
ORD00000779,CUST000727,delivered,2025-05-19 09:56:27,23510.11,3761.62,49,27320.73,MXN,mobile_app
ORD00000780,CUST001009,delivered,2025-10-29 05:18:37,87049.66,13927.95,79,101056.61,MXN,mobile_app
ORD00000781,CUST000296,packed,2025-03-29 18:13:40,133422.93,21347.67,79,154849.6,MXN,marketplace
ORD00000782,CUST000619,cancelled,2025-12-10 22:44:14,79076.81,12652.29,149,91878.1,MXN,marketplace
ORD00000783,CUST000025,shipped,2025-07-30 11:06:00,87744.0,14039.04,79,101862.04,MXN,web
ORD00000784,CUST000642,delivered,2025-05-28 03:54:40,107008.09,17121.29,49,124178.38,MXN,marketplace
ORD00000785,CUST000379,cancelled,2025-12-18 08:25:30,103123.11,16499.7,149,119771.81,MXN,mobile_app
ORD00000786,CUST000057,delivered,2025-10-14 12:31:22,61674.54,9867.93,49,71591.47,MXN,web
ORD00000787,CUST000311,packed,2026-04-05 08:43:33,146320.57,23411.29,99,169830.86,MXN,web
ORD00000788,CUST000687,delivered,2025-07-21 08:00:17,45521.97,7283.52,49,52854.49,MXN,mobile_app
ORD00000789,CUST000220,delivered,2025-06-23 05:40:45,15757.33,2521.17,149,18427.5,MXN,mobile_app
ORD00000790,CUST000322,delivered,2025-02-19 21:22:39,7208.78,1153.4,49,8411.18,MXN,web
ORD00000791,CUST000763,shipped,2025-08-18 23:11:30,1367.28,218.76,149,1735.04,MXN,call_center
ORD00000792,CUST001098,returned,2026-01-23 23:25:14,20427.58,3268.41,79,23774.99,MXN,marketplace
ORD00000793,CUST000274,created,2025-01-01 17:53:44,171885.96,27501.75,99,199486.71,MXN,marketplace
ORD00000794,CUST000244,shipped,2026-04-08 18:23:34,64788.88,10366.22,49,75204.1,MXN,call_center
ORD00000795,CUST000297,paid,2025-05-20 01:39:12,48774.12,7803.86,49,56626.98,MXN,marketplace
ORD00000796,CUST001090,delivered,2025-06-18 12:23:35,76707.43,12273.19,149,89129.62,MXN,web
ORD00000797,CUST000185,cancelled,2026-01-01 21:11:03,110764.88,17722.38,149,128636.26,MXN,web
ORD00000798,CUST000117,cancelled,2025-06-20 08:47:49,120330.18,19252.83,149,139732.01,MXN,call_center
ORD00000799,CUST000387,created,2025-03-16 20:18:08,27572.54,4411.61,49,32033.15,MXN,mobile_app
ORD00000800,CUST001127,cancelled,2025-01-02 11:37:24,112164.33,17946.29,49,130159.62,MXN,mobile_app
ORD00000801,CUST001028,cancelled,2026-04-19 08:17:46,90098.27,14415.72,0,104513.99,MXN,call_center
ORD00000802,CUST000363,shipped,2025-11-05 20:43:19,65489.91,10478.39,49,76017.3,MXN,mobile_app
ORD00000803,CUST000412,delivered,2025-06-25 05:39:12,47033.65,7525.38,149,54708.03,MXN,web
ORD00000804,CUST001083,packed,2026-01-06 09:30:52,42943.23,6870.92,99,49913.15,MXN,web
ORD00000805,CUST000089,delivered,2025-11-25 03:49:13,95621.74,15299.48,149,111070.22,MXN,mobile_app
ORD00000806,CUST000957,shipped,2026-04-17 05:41:07,112651.6,18024.26,99,130774.86,MXN,mobile_app
ORD00000807,CUST000035,delivered,2025-04-28 00:47:27,69728.5,11156.56,79,80964.06,MXN,mobile_app
ORD00000808,CUST000704,paid,2025-09-11 07:52:55,36821.72,5891.48,149,42862.2,MXN,web
ORD00000809,CUST000912,delivered,2025-07-28 06:03:52,109467.77,17514.84,99,127081.61,MXN,call_center
ORD00000810,CUST000993,delivered,2025-01-17 18:32:07,220673.89,35307.82,49,256030.71,MXN,marketplace
ORD00000811,CUST000231,shipped,2025-11-16 04:43:41,45207.49,7233.2,79,52519.69,MXN,marketplace
ORD00000812,CUST000021,paid,2026-04-15 20:40:31,115318.95,18451.03,149,133918.98,MXN,web
ORD00000813,CUST000038,paid,2026-02-27 19:41:03,151655.55,24264.89,149,176069.44,MXN,call_center
ORD00000814,CUST000537,delivered,2025-03-24 07:43:40,67951.49,10872.24,99,78922.73,MXN,call_center
ORD00000815,CUST000209,cancelled,2026-04-05 22:55:15,294562.78,47130.04,99,341791.82,MXN,web
ORD00000816,CUST001030,cancelled,2026-01-08 17:05:47,10286.0,1645.76,99,12030.76,MXN,mobile_app
ORD00000817,CUST000849,delivered,2026-05-15 05:31:27,34535.18,5525.63,79,40139.81,MXN,web
ORD00000818,CUST000098,paid,2025-06-29 08:46:34,28829.83,4612.77,79,33521.6,MXN,call_center
ORD00000819,CUST001145,delivered,2025-11-08 08:44:41,90936.49,14549.84,149,105635.33,MXN,call_center
ORD00000820,CUST000979,packed,2025-04-17 08:30:16,43991.41,7038.63,0,51030.04,MXN,marketplace
ORD00000821,CUST001022,shipped,2025-08-27 16:32:47,148151.99,23704.32,149,172005.31,MXN,mobile_app
ORD00000822,CUST000641,shipped,2025-01-05 17:50:09,27813.51,4450.16,79,32342.67,MXN,mobile_app
ORD00000823,CUST000209,delivered,2025-05-10 02:38:33,218098.91,34895.83,99,253093.74,MXN,call_center
ORD00000824,CUST000322,delivered,2025-11-27 13:44:04,171501.19,27440.19,79,199020.38,MXN,mobile_app
ORD00000825,CUST000641,shipped,2025-03-20 18:17:30,100876.87,16140.3,99,117116.17,MXN,call_center
ORD00000826,CUST000630,shipped,2025-07-29 03:05:26,108063.36,17290.14,99,125452.5,MXN,web
ORD00000827,CUST000730,packed,2026-03-27 22:48:48,103783.27,16605.32,49,120437.59,MXN,call_center
ORD00000828,CUST000171,delivered,2025-02-23 07:41:07,36096.2,5775.39,149,42020.59,MXN,mobile_app
ORD00000829,CUST001141,packed,2025-02-23 01:31:41,42720.65,6835.3,99,49654.95,MXN,mobile_app
ORD00000830,CUST000648,packed,2025-02-18 14:51:11,70048.47,11207.76,79,81335.23,MXN,mobile_app
ORD00000831,CUST000671,shipped,2025-06-25 20:53:24,71567.79,11450.85,99,83117.64,MXN,call_center
ORD00000832,CUST000776,delivered,2025-05-07 06:48:33,160844.96,25735.19,79,186659.15,MXN,web
ORD00000833,CUST001178,delivered,2026-04-01 00:47:51,16358.77,2617.4,149,19125.17,MXN,marketplace
ORD00000834,CUST000983,delivered,2025-06-26 23:53:54,216587.21,34653.95,79,251320.16,MXN,marketplace
ORD00000835,CUST000938,packed,2026-03-29 16:54:18,33087.84,5294.05,49,38430.89,MXN,web
ORD00000836,CUST000106,paid,2025-05-20 03:36:00,90698.71,14511.79,99,105309.5,MXN,web
ORD00000837,CUST000673,shipped,2026-03-27 23:09:32,153436.28,24549.8,0,177986.08,MXN,web
ORD00000838,CUST000374,delivered,2025-06-19 01:03:45,85196.15,13631.38,149,98976.53,MXN,mobile_app
ORD00000839,CUST001007,paid,2026-02-23 11:24:42,124385.91,19901.75,0,144287.66,MXN,marketplace
ORD00000840,CUST000647,delivered,2025-04-25 19:19:17,77585.25,12413.64,99,90097.89,MXN,web
ORD00000841,CUST000653,paid,2025-06-01 14:01:30,66108.75,10577.4,99,76785.15,MXN,marketplace
ORD00000842,CUST000276,cancelled,2026-05-18 00:14:47,65948.59,10551.77,0,76500.36,MXN,web
ORD00000843,CUST000088,packed,2025-08-09 03:05:26,49115.38,7858.46,0,56973.84,MXN,marketplace
ORD00000844,CUST001088,paid,2026-01-21 09:38:23,150058.59,24009.37,49,174116.96,MXN,web
ORD00000845,CUST000015,packed,2026-05-02 17:15:16,131295.99,21007.36,79,152382.35,MXN,call_center
ORD00000846,CUST000770,delivered,2025-07-05 22:54:11,86892.36,13902.78,99,100894.14,MXN,mobile_app
ORD00000847,CUST000936,cancelled,2025-01-22 21:11:00,133593.13,21374.9,99,155067.03,MXN,web
ORD00000848,CUST000072,delivered,2025-03-23 10:25:01,93673.59,14987.77,149,108810.36,MXN,web
ORD00000849,CUST000278,returned,2026-01-16 21:59:50,27960.29,4473.65,99,32532.94,MXN,mobile_app
ORD00000850,CUST000865,cancelled,2025-04-15 07:55:23,103500.07,16560.01,0,120060.08,MXN,call_center
ORD00000851,CUST001015,paid,2025-11-09 08:16:57,202813.02,32450.08,49,235312.1,MXN,marketplace
ORD00000852,CUST001102,paid,2025-12-19 09:06:20,68131.71,10901.07,0,79032.78,MXN,mobile_app
ORD00000853,CUST000625,delivered,2025-06-11 18:19:59,194967.85,31194.86,99,226261.71,MXN,web
ORD00000854,CUST000515,paid,2025-03-15 05:45:02,10318.9,1651.02,0,11969.92,MXN,marketplace
ORD00000855,CUST000396,delivered,2026-02-03 04:30:31,236582.09,37853.13,49,274484.22,MXN,mobile_app
ORD00000856,CUST000175,created,2026-04-20 17:50:17,49384.7,7901.55,99,57385.25,MXN,marketplace
ORD00000857,CUST000205,paid,2026-03-15 20:51:03,18945.53,3031.28,149,22125.81,MXN,marketplace
ORD00000858,CUST000203,cancelled,2026-05-08 16:03:20,66146.56,10583.45,99,76829.01,MXN,marketplace
ORD00000859,CUST001177,paid,2025-11-13 00:40:41,21984.56,3517.53,79,25581.09,MXN,web
ORD00000860,CUST000543,delivered,2026-05-17 12:27:45,19267.43,3082.79,49,22399.22,MXN,marketplace
ORD00000861,CUST000784,shipped,2026-02-13 10:22:36,142256.05,22760.97,49,165066.02,MXN,web
ORD00000862,CUST000066,packed,2026-04-07 19:20:32,80319.58,12851.13,79,93249.71,MXN,mobile_app
ORD00000863,CUST000839,delivered,2026-02-27 07:19:40,51958.73,8313.4,149,60421.13,MXN,marketplace
ORD00000864,CUST000062,paid,2025-02-16 13:13:21,79824.74,12771.96,49,92645.7,MXN,call_center
ORD00000865,CUST000184,delivered,2025-05-28 04:39:29,7241.68,1158.67,49,8449.35,MXN,web
ORD00000866,CUST000224,shipped,2025-06-08 14:26:57,101032.14,16165.14,0,117197.28,MXN,marketplace
ORD00000867,CUST000648,delivered,2025-08-05 23:02:47,9224.33,1475.89,49,10749.22,MXN,web
ORD00000868,CUST000971,shipped,2025-01-05 21:13:45,61372.86,9819.66,79,71271.52,MXN,mobile_app
ORD00000869,CUST000191,packed,2026-05-19 06:35:06,95090.1,15214.42,49,110353.52,MXN,web
ORD00000870,CUST001195,packed,2025-07-30 22:56:18,62584.71,10013.55,0,72598.26,MXN,mobile_app
ORD00000871,CUST000268,shipped,2026-01-01 07:29:20,122012.98,19522.08,99,141634.06,MXN,web
ORD00000872,CUST000270,paid,2025-03-24 03:40:17,12489.77,1998.36,99,14587.13,MXN,call_center
ORD00000873,CUST000585,delivered,2026-04-17 04:46:52,67289.91,10766.39,149,78205.3,MXN,marketplace
ORD00000874,CUST000639,paid,2025-12-21 07:55:58,135638.45,21702.15,0,157340.6,MXN,call_center
ORD00000875,CUST001170,cancelled,2026-02-15 22:53:15,36180.5,5788.88,149,42118.38,MXN,marketplace
ORD00000876,CUST001045,paid,2025-12-06 11:07:58,12788.98,2046.24,49,14884.22,MXN,call_center
ORD00000877,CUST000653,shipped,2025-08-02 01:42:54,62227.16,9956.35,99,72282.51,MXN,mobile_app
ORD00000878,CUST000030,cancelled,2025-10-07 01:27:26,20716.84,3314.69,0,24031.53,MXN,web
ORD00000879,CUST000038,shipped,2026-03-03 01:35:47,11595.36,1855.26,0,13450.62,MXN,web
ORD00000880,CUST001058,delivered,2026-02-09 17:51:50,133653.24,21384.52,99,155136.76,MXN,call_center
ORD00000881,CUST000092,created,2025-10-29 12:39:28,84495.86,13519.34,0,98015.2,MXN,web
ORD00000882,CUST001055,delivered,2025-08-04 09:48:22,62173.89,9947.82,0,72121.71,MXN,web
ORD00000883,CUST000652,delivered,2025-03-13 19:42:29,95975.3,15356.05,79,111410.35,MXN,mobile_app
ORD00000884,CUST000664,paid,2025-07-05 18:31:02,239426.89,38308.3,0,277735.19,MXN,web
ORD00000885,CUST000120,paid,2026-03-04 14:44:35,6509.19,1041.47,149,7699.66,MXN,mobile_app
ORD00000886,CUST000283,shipped,2025-06-22 19:33:19,161098.06,25775.69,49,186922.75,MXN,marketplace
ORD00000887,CUST000395,packed,2025-11-16 16:30:57,115425.88,18468.14,49,133943.02,MXN,web
ORD00000888,CUST001147,delivered,2025-04-19 08:16:03,26924.11,4307.86,149,31380.97,MXN,web
ORD00000889,CUST000588,paid,2025-11-05 19:28:46,27454.0,4392.64,49,31895.64,MXN,mobile_app
ORD00000890,CUST000114,shipped,2025-07-25 10:40:40,3322.41,531.59,149,4003.0,MXN,mobile_app
ORD00000891,CUST001070,shipped,2025-04-22 07:45:28,40108.26,6417.32,49,46574.58,MXN,call_center
ORD00000892,CUST000141,paid,2025-09-30 12:16:16,4888.13,782.1,79,5749.23,MXN,web
ORD00000893,CUST001020,shipped,2025-11-30 12:17:00,88276.39,14124.22,99,102499.61,MXN,call_center
ORD00000894,CUST000449,paid,2026-05-08 10:51:38,2152.81,344.45,49,2546.26,MXN,web
ORD00000895,CUST000750,delivered,2026-01-23 18:08:46,117846.74,18855.48,149,136851.22,MXN,call_center
ORD00000896,CUST000171,returned,2026-01-17 12:03:15,194491.98,31118.72,99,225709.7,MXN,marketplace
ORD00000897,CUST000820,cancelled,2025-04-29 13:28:01,60293.44,9646.95,99,70039.39,MXN,web
ORD00000898,CUST000327,paid,2026-03-26 02:04:36,18590.45,2974.47,79,21643.92,MXN,call_center
ORD00000899,CUST000618,paid,2025-04-24 01:42:14,98181.5,15709.04,49,113939.54,MXN,web
ORD00000900,CUST000309,packed,2025-03-09 11:34:21,146687.76,23470.04,0,170157.8,MXN,web
ORD00000901,CUST000208,shipped,2026-04-21 17:03:55,100241.5,16038.64,0,116280.14,MXN,call_center
ORD00000902,CUST000479,paid,2025-08-27 05:43:52,151453.85,24232.62,0,175686.47,MXN,mobile_app
ORD00000903,CUST000187,delivered,2025-05-06 01:13:03,58960.03,9433.6,0,68393.63,MXN,call_center
ORD00000904,CUST000105,delivered,2025-08-30 12:37:40,91455.27,14632.84,149,106237.11,MXN,call_center
ORD00000905,CUST001128,delivered,2026-04-05 23:54:19,3118.44,498.95,0,3617.39,MXN,web
ORD00000906,CUST000430,cancelled,2025-08-20 07:39:20,113558.69,18169.39,79,131807.08,MXN,web
ORD00000907,CUST001040,paid,2025-07-20 16:22:31,81690.92,13070.55,49,94810.47,MXN,call_center
ORD00000908,CUST000698,packed,2025-06-23 13:32:17,94581.95,15133.11,0,109715.06,MXN,call_center
ORD00000909,CUST000282,delivered,2025-12-30 11:49:00,6723.0,1075.68,99,7897.68,MXN,web
ORD00000910,CUST000874,delivered,2025-01-22 08:27:27,193120.08,30899.21,79,224098.29,MXN,mobile_app
ORD00000911,CUST000083,cancelled,2025-12-14 12:18:09,115351.18,18456.19,79,133886.37,MXN,mobile_app
ORD00000912,CUST000277,cancelled,2025-06-15 15:57:46,25253.65,4040.58,149,29443.23,MXN,call_center
ORD00000913,CUST001130,delivered,2025-10-01 17:25:40,185692.11,29710.74,99,215501.85,MXN,web
ORD00000914,CUST000504,delivered,2026-03-25 23:53:50,38714.48,6194.32,0,44908.8,MXN,web
ORD00000915,CUST000984,paid,2025-01-08 11:49:04,110501.68,17680.27,49,128230.95,MXN,marketplace
ORD00000916,CUST001110,shipped,2025-08-16 10:50:19,15354.98,2456.8,0,17811.78,MXN,web
ORD00000917,CUST000648,created,2025-06-27 14:01:51,4511.6,721.86,99,5332.46,MXN,marketplace
ORD00000918,CUST001127,delivered,2025-10-29 11:21:22,124630.09,19940.81,0,144570.9,MXN,marketplace
ORD00000919,CUST001022,paid,2025-11-23 16:45:34,136152.28,21784.36,149,158085.64,MXN,marketplace
ORD00000920,CUST000658,paid,2025-03-28 08:18:17,33338.24,5334.12,0,38672.36,MXN,mobile_app
ORD00000921,CUST000480,packed,2026-04-06 00:48:44,98921.44,15827.43,49,114797.87,MXN,marketplace
ORD00000922,CUST000600,delivered,2025-12-04 23:26:32,67841.19,10854.59,0,78695.78,MXN,web
ORD00000923,CUST000944,paid,2025-06-08 02:53:53,138639.28,22182.28,79,160900.56,MXN,mobile_app
ORD00000924,CUST001086,delivered,2025-01-13 09:15:00,100725.19,16116.03,49,116890.22,MXN,marketplace
ORD00000925,CUST000532,delivered,2025-11-03 08:39:23,182094.17,29135.07,99,211328.24,MXN,call_center
ORD00000926,CUST000424,shipped,2025-04-22 16:56:24,48536.28,7765.8,149,56451.08,MXN,call_center
ORD00000927,CUST000975,delivered,2025-11-21 08:02:58,119784.18,19165.47,0,138949.65,MXN,call_center
ORD00000928,CUST000062,shipped,2025-07-24 11:15:56,137614.18,22018.27,49,159681.45,MXN,call_center
ORD00000929,CUST000172,delivered,2025-09-12 06:39:15,48536.43,7765.83,99,56401.26,MXN,call_center
ORD00000930,CUST001024,packed,2025-09-21 07:26:07,59796.75,9567.48,79,69443.23,MXN,mobile_app
ORD00000931,CUST000371,paid,2026-01-06 09:15:23,190775.22,30524.04,0,221299.26,MXN,web
ORD00000932,CUST000952,delivered,2025-10-16 03:47:13,57301.07,9168.17,79,66548.24,MXN,marketplace
ORD00000933,CUST001132,delivered,2025-11-10 21:52:14,120590.46,19294.47,0,139884.93,MXN,mobile_app
ORD00000934,CUST001198,paid,2025-05-20 03:59:35,50004.71,8000.75,99,58104.46,MXN,marketplace
ORD00000935,CUST001015,paid,2025-03-02 03:26:24,51171.72,8187.48,149,59508.2,MXN,mobile_app
ORD00000936,CUST000428,shipped,2025-05-24 11:58:59,77026.11,12324.18,49,89399.29,MXN,web
ORD00000937,CUST001106,returned,2025-06-22 15:49:50,52443.57,8390.97,0,60834.54,MXN,mobile_app
ORD00000938,CUST000717,delivered,2026-04-24 07:00:45,85970.14,13755.22,149,99874.36,MXN,web
ORD00000939,CUST000794,packed,2025-06-22 14:16:11,34113.8,5458.21,49,39621.01,MXN,call_center
ORD00000940,CUST000860,packed,2025-12-18 12:22:35,151164.13,24186.26,149,175499.39,MXN,marketplace
ORD00000941,CUST000048,delivered,2025-12-18 13:53:15,147089.54,23534.33,0,170623.87,MXN,mobile_app
ORD00000942,CUST000096,paid,2025-05-09 20:40:25,2158.86,345.42,149,2653.28,MXN,web
ORD00000943,CUST000573,shipped,2025-07-21 05:00:21,40825.78,6532.12,49,47406.9,MXN,marketplace
ORD00000944,CUST000395,paid,2025-07-12 01:22:33,43112.52,6898.0,0,50010.52,MXN,web
ORD00000945,CUST000316,cancelled,2025-10-18 16:19:50,72973.04,11675.69,0,84648.73,MXN,mobile_app
ORD00000946,CUST000830,shipped,2026-03-28 04:40:21,246424.61,39427.94,0,285852.55,MXN,web
ORD00000947,CUST000711,delivered,2026-03-15 07:53:08,189640.69,30342.51,149,220132.2,MXN,mobile_app
ORD00000948,CUST000116,paid,2025-04-02 13:53:50,135036.12,21605.78,99,156740.9,MXN,mobile_app
ORD00000949,CUST000550,paid,2026-05-13 19:33:47,43526.65,6964.26,99,50589.91,MXN,call_center
ORD00000950,CUST000156,paid,2025-06-27 22:21:39,120940.64,19350.5,149,140440.14,MXN,call_center
ORD00000951,CUST000516,paid,2025-10-25 13:24:39,25615.12,4098.42,0,29713.54,MXN,mobile_app
ORD00000952,CUST001092,packed,2025-07-28 14:41:18,23115.52,3698.48,79,26893.0,MXN,mobile_app
ORD00000953,CUST000680,created,2025-10-03 10:42:10,2650.74,424.12,49,3123.86,MXN,web
ORD00000954,CUST001192,paid,2026-05-12 23:37:02,4393.09,702.89,99,5194.98,MXN,mobile_app
ORD00000955,CUST000535,delivered,2025-12-29 01:26:15,24301.4,3888.22,149,28338.62,MXN,mobile_app
ORD00000956,CUST000521,delivered,2026-05-04 00:02:08,115348.26,18455.72,0,133803.98,MXN,call_center
ORD00000957,CUST001010,packed,2026-05-08 11:29:57,131222.2,20995.55,79,152296.75,MXN,web
ORD00000958,CUST001065,delivered,2025-09-17 01:42:07,145322.81,23251.65,99,168673.46,MXN,mobile_app
ORD00000959,CUST000037,paid,2026-01-30 12:13:44,178826.28,28612.2,149,207587.48,MXN,mobile_app
ORD00000960,CUST000354,cancelled,2025-05-23 13:56:06,4305.62,688.9,99,5093.52,MXN,mobile_app
ORD00000961,CUST000615,paid,2025-12-14 08:49:29,132022.22,21123.56,149,153294.78,MXN,mobile_app
ORD00000962,CUST000024,delivered,2025-01-11 10:37:40,142484.73,22797.56,149,165431.29,MXN,marketplace
ORD00000963,CUST000882,paid,2025-05-31 20:14:57,42933.68,6869.39,149,49952.07,MXN,mobile_app
ORD00000964,CUST000276,paid,2025-05-05 12:37:14,126842.8,20294.85,99,147236.65,MXN,web
ORD00000965,CUST000657,paid,2025-11-07 16:03:37,15961.17,2553.79,99,18613.96,MXN,mobile_app
ORD00000966,CUST000801,paid,2025-08-07 13:18:25,188182.57,30109.21,49,218340.78,MXN,mobile_app
ORD00000967,CUST000228,returned,2025-06-09 16:24:02,52399.27,8383.88,0,60783.15,MXN,call_center
ORD00000968,CUST000614,cancelled,2025-04-17 13:54:29,55336.2,8853.79,79,64268.99,MXN,web
ORD00000969,CUST000403,paid,2025-12-24 02:40:20,162415.0,25986.4,79,188480.4,MXN,mobile_app
ORD00000970,CUST000093,cancelled,2025-08-04 11:54:58,17837.82,2854.05,0,20691.87,MXN,call_center
ORD00000971,CUST000041,delivered,2025-03-09 05:16:19,224343.06,35894.89,79,260316.95,MXN,marketplace
ORD00000972,CUST000160,paid,2026-01-21 10:01:46,135541.65,21686.66,0,157228.31,MXN,mobile_app
ORD00000973,CUST000736,delivered,2025-08-16 21:46:50,64457.19,10313.15,149,74919.34,MXN,call_center
ORD00000974,CUST000546,delivered,2025-02-19 02:29:33,52575.48,8412.08,149,61136.56,MXN,marketplace
ORD00000975,CUST000641,delivered,2026-01-10 03:42:09,37400.29,5984.05,149,43533.34,MXN,mobile_app
ORD00000976,CUST000977,paid,2026-02-19 11:35:38,76481.38,12237.02,49,88767.4,MXN,call_center
ORD00000977,CUST000105,delivered,2025-11-04 17:19:02,68565.9,10970.54,79,79615.44,MXN,call_center
ORD00000978,CUST000526,delivered,2025-11-18 15:16:07,67784.31,10845.49,79,78708.8,MXN,web
ORD00000979,CUST001064,delivered,2025-10-17 12:52:50,231793.84,37087.01,149,269029.85,MXN,call_center
ORD00000980,CUST000042,returned,2025-08-14 07:02:04,115385.5,18461.68,99,133946.18,MXN,mobile_app
ORD00000981,CUST000433,packed,2025-01-22 00:14:39,126036.43,20165.83,99,146301.26,MXN,marketplace
ORD00000982,CUST000167,created,2026-04-23 03:32:16,173481.8,27757.09,49,201287.89,MXN,call_center
ORD00000983,CUST000819,delivered,2025-01-19 16:42:16,74113.58,11858.17,99,86070.75,MXN,web
ORD00000984,CUST000538,cancelled,2026-05-19 05:56:57,56870.63,9099.3,49,66018.93,MXN,web
ORD00000985,CUST000972,cancelled,2025-05-29 20:45:40,113330.22,18132.84,99,131562.06,MXN,web
ORD00000986,CUST000938,shipped,2025-01-05 17:15:40,140992.08,22558.73,149,163699.81,MXN,mobile_app
ORD00000987,CUST000179,returned,2025-07-04 09:33:21,172327.01,27572.32,0,199899.33,MXN,call_center
ORD00000988,CUST000368,delivered,2025-02-19 07:54:03,89152.05,14264.33,49,103465.38,MXN,web
ORD00000989,CUST000955,paid,2026-02-23 11:32:05,141336.91,22613.91,149,164099.82,MXN,web
ORD00000990,CUST000211,delivered,2025-10-22 20:30:42,97764.43,15642.31,0,113406.74,MXN,web
ORD00000991,CUST000975,cancelled,2025-02-12 06:04:29,41018.49,6562.96,0,47581.45,MXN,web
ORD00000992,CUST001061,cancelled,2026-05-13 14:03:26,1100.61,176.1,49,1325.71,MXN,mobile_app
ORD00000993,CUST000850,paid,2026-03-04 09:44:06,124684.16,19949.47,49,144682.63,MXN,call_center
ORD00000994,CUST000565,paid,2025-03-10 23:40:29,204459.1,32713.46,49,237221.56,MXN,web
ORD00000995,CUST000492,paid,2026-05-01 08:59:18,26391.59,4222.65,49,30663.24,MXN,marketplace
ORD00000996,CUST000575,paid,2025-07-29 04:33:14,188439.85,30150.38,49,218639.23,MXN,marketplace
ORD00000997,CUST000441,delivered,2025-11-13 18:21:01,187549.77,30007.96,99,217656.73,MXN,call_center
ORD00000998,CUST000002,cancelled,2025-04-13 10:01:58,94394.78,15103.16,99,109596.94,MXN,marketplace
ORD00000999,CUST001027,delivered,2025-03-03 11:38:03,103489.68,16558.35,49,120097.03,MXN,marketplace
ORD00001000,CUST000567,shipped,2025-11-07 17:45:57,46450.8,7432.13,99,53981.93,MXN,call_center
ORD00001001,CUST000582,paid,2026-03-31 14:54:59,92005.47,14720.88,149,106875.35,MXN,call_center
ORD00001002,CUST000378,returned,2025-05-09 18:28:00,236184.97,37789.6,149,274123.57,MXN,mobile_app
ORD00001003,CUST001123,paid,2025-07-12 14:05:31,194225.26,31076.04,49,225350.3,MXN,marketplace
ORD00001004,CUST001076,created,2025-05-15 02:44:18,82078.48,13132.56,0,95211.04,MXN,mobile_app
ORD00001005,CUST000259,created,2025-11-09 14:13:45,42214.32,6754.29,0,48968.61,MXN,call_center
ORD00001006,CUST000817,delivered,2025-04-25 00:26:25,43931.56,7029.05,79,51039.61,MXN,web
ORD00001007,CUST000446,paid,2025-08-22 10:04:48,89991.76,14398.68,0,104390.44,MXN,call_center
ORD00001008,CUST000671,paid,2025-10-26 01:30:53,48276.42,7724.23,149,56149.65,MXN,mobile_app
ORD00001009,CUST000479,delivered,2025-09-19 15:02:01,82858.7,13257.39,99,96215.09,MXN,web
ORD00001010,CUST000535,cancelled,2026-03-10 22:54:36,48042.18,7686.75,0,55728.93,MXN,call_center
ORD00001011,CUST000837,paid,2025-11-14 17:03:39,209633.26,33541.32,0,243174.58,MXN,mobile_app
ORD00001012,CUST000988,packed,2026-04-26 12:53:49,85159.82,13625.57,49,98834.39,MXN,call_center
ORD00001013,CUST000177,delivered,2026-03-24 01:56:17,29727.0,4756.32,49,34532.32,MXN,call_center
ORD00001014,CUST000397,shipped,2025-06-13 02:04:20,86670.12,13867.22,79,100616.34,MXN,web
ORD00001015,CUST000555,shipped,2026-01-19 05:18:45,132390.62,21182.5,0,153573.12,MXN,call_center
ORD00001016,CUST000070,cancelled,2026-03-09 22:00:06,150602.42,24096.39,79,174777.81,MXN,marketplace
ORD00001017,CUST000786,returned,2025-05-30 14:03:25,10318.9,1651.02,79,12048.92,MXN,web
ORD00001018,CUST000706,shipped,2025-09-26 23:48:42,4513.35,722.14,79,5314.49,MXN,marketplace
ORD00001019,CUST000804,paid,2025-10-12 01:59:19,14859.01,2377.44,99,17335.45,MXN,call_center
ORD00001020,CUST000006,paid,2025-02-09 06:51:00,144448.79,23111.81,49,167609.6,MXN,call_center
ORD00001021,CUST000807,delivered,2025-05-05 12:33:21,13244.77,2119.16,149,15512.93,MXN,call_center
ORD00001022,CUST000571,returned,2026-05-04 01:08:39,37876.25,6060.2,149,44085.45,MXN,web
ORD00001023,CUST000311,packed,2025-11-01 06:36:10,117109.24,18737.48,0,135846.72,MXN,mobile_app
ORD00001024,CUST000960,paid,2025-08-22 00:03:07,16579.31,2652.69,99,19331.0,MXN,web
ORD00001025,CUST001036,delivered,2026-04-16 00:14:16,36397.04,5823.53,0,42220.57,MXN,web
ORD00001026,CUST001108,cancelled,2026-05-04 17:09:56,52752.73,8440.44,79,61272.17,MXN,marketplace
ORD00001027,CUST001134,delivered,2025-09-20 22:09:35,102430.33,16388.85,79,118898.18,MXN,call_center
ORD00001028,CUST000326,created,2025-04-24 23:25:58,61548.5,9847.76,79,71475.26,MXN,marketplace
ORD00001029,CUST000571,shipped,2025-08-19 02:47:46,28622.0,4579.52,49,33250.52,MXN,web
ORD00001030,CUST000909,paid,2025-02-19 08:09:45,41660.06,6665.61,49,48374.67,MXN,marketplace
ORD00001031,CUST000863,delivered,2026-01-13 10:09:36,162762.09,26041.93,49,188853.02,MXN,call_center
ORD00001032,CUST000151,packed,2026-02-20 06:02:59,27007.8,4321.25,99,31428.05,MXN,call_center
ORD00001033,CUST000100,cancelled,2025-09-14 19:39:09,20811.14,3329.78,99,24239.92,MXN,call_center
ORD00001034,CUST000489,delivered,2025-12-04 01:50:15,112408.18,17985.31,0,130393.49,MXN,web
ORD00001035,CUST000023,delivered,2025-06-18 01:09:38,121621.93,19459.51,79,141160.44,MXN,call_center
ORD00001036,CUST000751,cancelled,2025-06-29 15:05:45,168839.61,27014.34,79,195932.95,MXN,marketplace
ORD00001037,CUST000560,delivered,2026-05-05 11:07:03,25770.51,4123.28,79,29972.79,MXN,marketplace
ORD00001038,CUST000462,paid,2026-02-04 01:49:39,200234.12,32037.46,49,232320.58,MXN,mobile_app
ORD00001039,CUST000760,paid,2025-04-27 01:10:05,175480.47,28076.88,99,203656.35,MXN,web
ORD00001040,CUST000607,cancelled,2025-12-15 16:17:02,42248.18,6759.71,0,49007.89,MXN,marketplace
ORD00001041,CUST001033,created,2025-10-11 15:11:10,40290.7,6446.51,99,46836.21,MXN,web
ORD00001042,CUST000648,paid,2025-11-25 17:53:28,104012.45,16641.99,99,120753.44,MXN,marketplace
ORD00001043,CUST000749,paid,2025-06-16 01:24:43,105644.58,16903.13,79,122626.71,MXN,call_center
ORD00001044,CUST001190,shipped,2025-06-16 20:18:46,95957.02,15353.12,99,111409.14,MXN,web
ORD00001045,CUST000381,returned,2025-07-08 15:44:56,59628.03,9540.48,149,69317.51,MXN,marketplace
ORD00001046,CUST000886,paid,2026-01-15 17:10:37,57083.7,9133.39,149,66366.09,MXN,call_center
ORD00001047,CUST000593,created,2025-07-21 05:31:54,173210.2,27713.63,149,201072.83,MXN,marketplace
ORD00001048,CUST000289,paid,2025-02-06 07:11:12,33637.72,5382.04,149,39168.76,MXN,mobile_app
ORD00001049,CUST000467,shipped,2025-05-17 01:43:32,56198.34,8991.73,0,65190.07,MXN,call_center
ORD00001050,CUST000679,cancelled,2025-09-07 09:24:16,72496.53,11599.44,149,84244.97,MXN,web
ORD00001051,CUST000414,returned,2026-03-05 01:30:43,17901.12,2864.18,99,20864.3,MXN,marketplace
ORD00001052,CUST000504,delivered,2025-06-15 18:53:10,125566.6,20090.66,99,145756.26,MXN,mobile_app
ORD00001053,CUST000418,shipped,2025-02-28 14:09:31,135615.57,21698.49,79,157393.06,MXN,marketplace
ORD00001054,CUST000348,shipped,2026-04-30 14:25:51,82157.23,13145.16,99,95401.39,MXN,marketplace
ORD00001055,CUST000038,cancelled,2026-05-19 07:39:56,73495.23,11759.24,49,85303.47,MXN,call_center
ORD00001056,CUST000391,delivered,2026-01-30 20:27:17,180369.33,28859.09,79,209307.42,MXN,call_center
ORD00001057,CUST000428,shipped,2025-03-23 03:46:56,57332.18,9173.15,0,66505.33,MXN,marketplace
ORD00001058,CUST001037,created,2025-11-28 20:30:17,119609.62,19137.54,0,138747.16,MXN,mobile_app
ORD00001059,CUST000207,delivered,2025-05-02 21:43:53,148419.85,23747.18,99,172266.03,MXN,call_center
ORD00001060,CUST000335,cancelled,2025-04-17 18:38:20,121656.12,19464.98,49,141170.1,MXN,call_center
ORD00001061,CUST001077,shipped,2026-05-15 09:38:36,71331.36,11413.02,79,82823.38,MXN,marketplace
ORD00001062,CUST000821,shipped,2025-08-26 15:16:18,158937.22,25429.96,149,184516.18,MXN,call_center
ORD00001063,CUST000316,packed,2025-06-06 09:04:28,3667.74,586.84,49,4303.58,MXN,call_center
ORD00001064,CUST000172,shipped,2025-10-26 09:50:27,42046.68,6727.47,79,48853.15,MXN,marketplace
ORD00001065,CUST000921,shipped,2026-01-29 11:06:04,148195.94,23711.35,79,171986.29,MXN,web
ORD00001066,CUST000353,shipped,2025-07-17 21:10:36,84517.37,13522.78,49,98089.15,MXN,marketplace
ORD00001067,CUST000118,paid,2025-10-05 14:40:01,112083.89,17933.42,0,130017.31,MXN,mobile_app
ORD00001068,CUST000414,shipped,2025-06-06 13:55:37,118069.9,18891.18,79,137040.08,MXN,marketplace
ORD00001069,CUST000316,shipped,2025-06-14 18:57:47,62444.72,9991.16,0,72435.88,MXN,mobile_app
ORD00001070,CUST000552,created,2026-03-26 05:54:14,129317.31,20690.77,79,150087.08,MXN,web
ORD00001071,CUST000430,packed,2025-10-09 14:57:14,34971.86,5595.5,99,40666.36,MXN,marketplace
ORD00001072,CUST001044,delivered,2025-01-11 23:58:30,155127.33,24820.37,49,179996.7,MXN,marketplace
ORD00001073,CUST000554,delivered,2025-04-25 06:52:02,21353.8,3416.61,149,24919.41,MXN,mobile_app
ORD00001074,CUST000681,paid,2026-02-09 08:23:55,30442.36,4870.78,49,35362.14,MXN,web
ORD00001075,CUST000466,delivered,2025-03-16 20:26:56,185570.67,29691.31,149,215410.98,MXN,call_center
ORD00001076,CUST000548,delivered,2026-02-10 23:28:36,63582.95,10173.27,149,73905.22,MXN,marketplace
ORD00001077,CUST000218,shipped,2026-03-20 03:51:05,6216.71,994.67,79,7290.38,MXN,call_center
ORD00001078,CUST000574,shipped,2025-05-09 17:44:09,93005.76,14880.92,0,107886.68,MXN,marketplace
ORD00001079,CUST000189,cancelled,2026-02-16 09:02:18,30442.36,4870.78,49,35362.14,MXN,call_center
ORD00001080,CUST000741,delivered,2025-09-21 23:55:45,111639.23,17862.28,99,129600.51,MXN,web
ORD00001081,CUST000311,paid,2025-05-14 00:34:12,135800.5,21728.08,79,157607.58,MXN,web
ORD00001082,CUST000912,shipped,2025-11-23 18:46:32,101015.02,16162.4,0,117177.42,MXN,marketplace
ORD00001083,CUST001195,packed,2025-02-20 07:59:46,173210.25,27713.64,0,200923.89,MXN,call_center
ORD00001084,CUST000817,paid,2025-03-03 13:45:58,109532.55,17525.21,0,127057.76,MXN,mobile_app
ORD00001085,CUST000055,delivered,2026-05-19 23:33:09,77258.1,12361.3,149,89768.4,MXN,web
ORD00001086,CUST000243,shipped,2025-02-06 13:32:51,95617.76,15298.84,149,111065.6,MXN,mobile_app
ORD00001087,CUST000459,cancelled,2025-08-02 12:31:30,195899.43,31343.91,49,227292.34,MXN,mobile_app
ORD00001088,CUST000693,delivered,2025-10-03 04:52:38,28465.92,4554.55,0,33020.47,MXN,mobile_app
ORD00001089,CUST000447,packed,2025-03-19 18:55:55,73535.35,11765.66,0,85301.01,MXN,call_center
ORD00001090,CUST000456,paid,2026-02-06 05:43:02,29925.41,4788.07,79,34792.48,MXN,call_center
ORD00001091,CUST000106,delivered,2025-03-21 12:55:30,30082.88,4813.26,99,34995.14,MXN,web
ORD00001092,CUST000665,delivered,2026-05-03 14:45:52,135056.36,21609.02,79,156744.38,MXN,marketplace
ORD00001093,CUST000874,paid,2026-02-02 23:25:13,214434.98,34309.6,49,248793.58,MXN,marketplace
ORD00001094,CUST000983,delivered,2025-06-19 19:33:16,87598.0,14015.68,149,101762.68,MXN,call_center
ORD00001095,CUST001146,delivered,2025-06-11 20:26:04,29988.86,4798.22,79,34866.08,MXN,mobile_app
ORD00001096,CUST000465,paid,2025-06-26 00:51:35,27743.61,4438.98,149,32331.59,MXN,marketplace
ORD00001097,CUST000521,paid,2026-02-22 12:32:58,104993.16,16798.91,0,121792.07,MXN,marketplace
ORD00001098,CUST001173,shipped,2025-10-05 02:03:06,57228.04,9156.49,149,66533.53,MXN,web
ORD00001099,CUST000870,shipped,2025-02-19 10:22:23,57115.32,9138.45,79,66332.77,MXN,web
ORD00001100,CUST000467,delivered,2025-08-21 21:38:39,88702.04,14192.33,49,102943.37,MXN,mobile_app
ORD00001101,CUST001098,paid,2025-11-11 15:00:59,40877.11,6540.34,0,47417.45,MXN,call_center
ORD00001102,CUST000384,delivered,2025-04-01 13:06:59,65605.52,10496.88,99,76201.4,MXN,call_center
ORD00001103,CUST000848,returned,2025-12-05 06:26:45,19527.57,3124.41,99,22750.98,MXN,mobile_app
ORD00001104,CUST000570,delivered,2025-05-16 01:39:28,34754.08,5560.65,49,40363.73,MXN,marketplace
ORD00001105,CUST001115,paid,2025-01-31 18:31:47,42583.21,6813.31,79,49475.52,MXN,web
ORD00001106,CUST000193,cancelled,2026-01-04 10:34:49,141430.53,22628.88,79,164138.41,MXN,web
ORD00001107,CUST000938,cancelled,2025-08-25 03:49:04,114918.58,18386.97,99,133404.55,MXN,mobile_app
ORD00001108,CUST000778,paid,2025-06-19 11:16:06,152339.13,24374.26,0,176713.39,MXN,marketplace
ORD00001109,CUST000093,paid,2025-01-21 10:44:55,199349.77,31895.96,49,231294.73,MXN,mobile_app
ORD00001110,CUST001173,packed,2025-01-01 14:47:39,70259.17,11241.47,0,81500.64,MXN,marketplace
ORD00001111,CUST000988,delivered,2025-08-16 02:55:50,97200.18,15552.03,149,112901.21,MXN,call_center
ORD00001112,CUST001078,shipped,2026-02-06 14:40:16,56199.68,8991.95,49,65240.63,MXN,call_center
ORD00001113,CUST001015,shipped,2025-12-05 05:18:55,197357.17,31577.15,149,229083.32,MXN,web
ORD00001114,CUST000665,cancelled,2025-03-13 12:51:13,95227.8,15236.45,99,110563.25,MXN,web
ORD00001115,CUST001124,paid,2025-12-21 06:27:43,92675.15,14828.02,99,107602.17,MXN,mobile_app
ORD00001116,CUST000501,packed,2025-02-26 00:04:43,39915.59,6386.49,49,46351.08,MXN,call_center
ORD00001117,CUST000687,delivered,2026-05-18 13:32:57,70407.91,11265.27,49,81722.18,MXN,web
ORD00001118,CUST000827,shipped,2025-11-14 13:39:33,5270.48,843.28,79,6192.76,MXN,mobile_app
ORD00001119,CUST000040,returned,2025-03-16 03:17:18,107842.89,17254.86,49,125146.75,MXN,mobile_app
ORD00001120,CUST000378,created,2025-05-17 18:45:22,63558.53,10169.36,49,73776.89,MXN,web
ORD00001121,CUST000395,delivered,2025-06-26 22:57:51,155508.26,24881.32,99,180488.58,MXN,marketplace
ORD00001122,CUST000683,paid,2025-04-09 01:17:31,106027.39,16964.38,0,122991.77,MXN,mobile_app
ORD00001123,CUST000541,shipped,2026-03-30 08:01:17,147092.25,23534.76,49,170676.01,MXN,marketplace
ORD00001124,CUST001174,delivered,2026-03-04 07:28:24,89370.72,14299.32,99,103769.04,MXN,marketplace
ORD00001125,CUST000681,delivered,2026-03-14 01:52:16,51182.8,8189.25,99,59471.05,MXN,call_center
ORD00001126,CUST000615,paid,2025-03-23 17:33:43,158765.47,25402.48,99,184266.95,MXN,call_center
ORD00001127,CUST000651,packed,2025-07-01 05:29:51,289309.38,46289.5,0,335598.88,MXN,marketplace
ORD00001128,CUST000973,paid,2025-03-05 12:47:31,122971.51,19675.44,79,142725.95,MXN,call_center
ORD00001129,CUST000505,created,2026-03-25 18:03:43,20811.14,3329.78,149,24289.92,MXN,call_center
ORD00001130,CUST000485,delivered,2026-04-24 09:24:55,124569.6,19931.14,49,144549.74,MXN,web
ORD00001131,CUST001019,shipped,2025-06-11 17:29:17,105694.03,16911.04,49,122654.07,MXN,call_center
ORD00001132,CUST000564,paid,2026-03-22 17:10:06,100404.5,16064.72,99,116568.22,MXN,mobile_app
ORD00001133,CUST000663,paid,2026-05-15 00:01:45,17330.3,2772.85,49,20152.15,MXN,mobile_app
ORD00001134,CUST000223,paid,2025-12-24 07:11:54,112639.84,18022.37,79,130741.21,MXN,call_center
ORD00001135,CUST000182,shipped,2026-04-27 21:30:07,5822.66,931.63,79,6833.29,MXN,mobile_app
ORD00001136,CUST000228,paid,2025-01-26 12:34:56,67442.33,10790.77,149,78382.1,MXN,web
ORD00001137,CUST000167,paid,2025-06-01 05:14:11,144547.4,23127.58,79,167753.98,MXN,web
ORD00001138,CUST000577,delivered,2025-02-05 09:52:04,141981.09,22716.97,0,164698.06,MXN,marketplace
ORD00001139,CUST001185,delivered,2026-04-04 12:16:00,7604.86,1216.78,49,8870.64,MXN,web
ORD00001140,CUST000309,delivered,2026-02-16 09:08:46,28166.98,4506.72,49,32722.7,MXN,marketplace
ORD00001141,CUST001028,packed,2025-09-13 15:21:53,49471.7,7915.47,99,57486.17,MXN,web
ORD00001142,CUST000995,paid,2026-04-05 13:40:58,93152.96,14904.47,49,108106.43,MXN,marketplace
ORD00001143,CUST000951,paid,2025-01-04 08:18:32,93631.14,14980.98,49,108661.12,MXN,call_center
ORD00001144,CUST000976,packed,2026-02-01 04:30:48,107126.95,17140.31,149,124416.26,MXN,web
ORD00001145,CUST000777,delivered,2025-04-05 20:22:27,48563.16,7770.11,49,56382.27,MXN,web
ORD00001146,CUST000688,packed,2025-06-19 03:59:34,162315.46,25970.47,49,188334.93,MXN,call_center
ORD00001147,CUST000639,created,2025-02-28 07:04:00,199543.48,31926.96,149,231619.44,MXN,marketplace
ORD00001148,CUST000873,delivered,2025-10-31 06:04:54,229893.25,36782.92,79,266755.17,MXN,marketplace
ORD00001149,CUST000299,shipped,2025-05-24 02:19:20,35992.23,5758.76,99,41849.99,MXN,mobile_app
ORD00001150,CUST000741,packed,2025-11-11 15:29:32,36523.92,5843.83,49,42416.75,MXN,web
ORD00001151,CUST000775,delivered,2026-01-31 12:59:47,161295.56,25807.29,149,187251.85,MXN,web
ORD00001152,CUST000557,shipped,2025-03-19 21:33:08,76992.48,12318.8,49,89360.28,MXN,mobile_app
ORD00001153,CUST000359,paid,2026-03-08 21:49:44,66423.81,10627.81,79,77130.62,MXN,mobile_app
ORD00001154,CUST001078,packed,2025-05-30 14:24:47,133037.16,21285.95,0,154323.11,MXN,mobile_app
ORD00001155,CUST000711,delivered,2025-01-24 01:40:17,59516.58,9522.65,99,69138.23,MXN,marketplace
ORD00001156,CUST000241,delivered,2026-05-12 18:11:56,70341.55,11254.65,0,81596.2,MXN,marketplace
ORD00001157,CUST000210,paid,2026-04-29 04:01:58,56866.33,9098.61,79,66043.94,MXN,marketplace
ORD00001158,CUST000962,shipped,2026-03-08 14:26:34,50871.34,8139.41,99,59109.75,MXN,web
ORD00001159,CUST000466,delivered,2025-12-27 21:52:27,592.18,94.75,49,735.93,MXN,call_center
ORD00001160,CUST000514,delivered,2025-07-06 01:33:01,139708.33,22353.33,0,162061.66,MXN,marketplace
ORD00001161,CUST000383,cancelled,2026-03-24 07:47:17,60484.43,9677.51,0,70161.94,MXN,marketplace
ORD00001162,CUST000736,shipped,2025-04-30 00:20:35,149226.31,23876.21,0,173102.52,MXN,web
ORD00001163,CUST000818,paid,2025-09-05 06:25:32,70743.93,11319.03,0,82062.96,MXN,marketplace
ORD00001164,CUST000399,delivered,2026-01-07 23:32:28,159716.53,25554.64,49,185320.17,MXN,mobile_app
ORD00001165,CUST000289,paid,2025-07-14 14:15:34,62565.98,10010.56,79,72655.54,MXN,marketplace
ORD00001166,CUST000506,delivered,2025-11-06 09:13:41,113444.46,18151.11,99,131694.57,MXN,call_center
ORD00001167,CUST000031,paid,2025-05-06 22:43:25,43132.49,6901.2,149,50182.69,MXN,marketplace
ORD00001168,CUST000735,cancelled,2025-05-21 19:21:45,32229.83,5156.77,99,37485.6,MXN,mobile_app
ORD00001169,CUST000095,created,2025-08-06 02:53:38,56749.14,9079.86,49,65878.0,MXN,web
ORD00001170,CUST000995,returned,2025-08-18 12:20:50,113504.6,18160.74,149,131814.34,MXN,mobile_app
ORD00001171,CUST000973,packed,2025-01-04 20:21:14,42323.01,6771.68,49,49143.69,MXN,web
ORD00001172,CUST000619,delivered,2026-02-17 22:27:57,72693.2,11630.91,149,84473.11,MXN,mobile_app
ORD00001173,CUST000499,packed,2025-06-14 09:22:31,83008.8,13281.41,0,96290.21,MXN,web
ORD00001174,CUST000377,delivered,2026-03-28 20:55:38,133213.82,21314.21,79,154607.03,MXN,marketplace
ORD00001175,CUST000634,delivered,2025-01-02 21:48:30,126966.29,20314.61,149,147429.9,MXN,web
ORD00001176,CUST000584,packed,2025-09-15 11:33:51,73347.27,11735.56,99,85181.83,MXN,call_center
ORD00001177,CUST000877,delivered,2025-11-23 18:47:32,73865.17,11818.43,0,85683.6,MXN,mobile_app
ORD00001178,CUST001135,delivered,2025-03-09 05:13:57,21983.58,3517.37,49,25549.95,MXN,mobile_app
ORD00001179,CUST000142,packed,2025-03-30 10:49:28,185559.17,29689.47,149,215397.64,MXN,marketplace
ORD00001180,CUST001200,paid,2025-05-01 15:13:56,51935.65,8309.7,49,60294.35,MXN,call_center
ORD00001181,CUST000172,paid,2025-03-06 13:35:19,78837.84,12614.05,49,91500.89,MXN,call_center
ORD00001182,CUST000690,delivered,2025-07-10 19:23:58,187715.36,30034.46,99,217848.82,MXN,marketplace
ORD00001183,CUST000212,delivered,2026-01-17 06:49:46,92160.66,14745.71,49,106955.37,MXN,mobile_app
ORD00001184,CUST000085,paid,2025-03-15 04:54:08,34973.93,5595.83,49,40618.76,MXN,call_center
ORD00001185,CUST000912,cancelled,2025-06-21 03:13:47,60597.0,9695.52,99,70391.52,MXN,marketplace
ORD00001186,CUST000804,cancelled,2025-09-01 21:40:14,171449.65,27431.94,79,198960.59,MXN,marketplace
ORD00001187,CUST000247,packed,2025-01-17 20:08:55,7876.21,1260.19,99,9235.4,MXN,marketplace
ORD00001188,CUST000785,cancelled,2026-02-19 15:20:50,5157.32,825.17,49,6031.49,MXN,call_center
ORD00001189,CUST000856,paid,2026-01-18 07:05:12,34233.71,5477.39,79,39790.1,MXN,mobile_app
ORD00001190,CUST000150,delivered,2025-04-12 17:50:17,92909.01,14865.44,149,107923.45,MXN,web
ORD00001191,CUST000588,returned,2025-09-25 21:11:43,98598.67,15775.79,79,114453.46,MXN,call_center
ORD00001192,CUST001138,delivered,2025-04-22 20:41:42,101511.86,16241.9,0,117753.76,MXN,call_center
ORD00001193,CUST001000,delivered,2025-11-07 20:17:17,132530.04,21204.81,49,153783.85,MXN,mobile_app
ORD00001194,CUST000056,cancelled,2025-02-08 01:37:09,108961.48,17433.84,149,126544.32,MXN,mobile_app
ORD00001195,CUST001107,shipped,2026-04-16 02:42:55,64715.04,10354.41,79,75148.45,MXN,marketplace
ORD00001196,CUST000586,cancelled,2025-12-04 18:29:18,81982.74,13117.24,149,95248.98,MXN,mobile_app
ORD00001197,CUST000767,delivered,2025-02-08 18:32:53,3967.96,634.87,79,4681.83,MXN,call_center
ORD00001198,CUST000225,packed,2026-01-05 02:14:52,72426.6,11588.26,49,84063.86,MXN,web
ORD00001199,CUST000714,packed,2025-11-12 02:10:43,190516.76,30482.68,79,221078.44,MXN,web
ORD00001200,CUST000404,delivered,2025-02-02 16:06:25,63080.5,10092.88,79,73252.38,MXN,call_center
ORD00001201,CUST000578,paid,2025-12-14 11:44:35,120451.95,19272.31,0,139724.26,MXN,call_center
ORD00001202,CUST000192,packed,2025-03-24 21:05:23,104272.19,16683.55,49,121004.74,MXN,mobile_app
ORD00001203,CUST000848,shipped,2025-02-21 00:13:52,17905.46,2864.87,149,20919.33,MXN,mobile_app
ORD00001204,CUST000768,paid,2025-05-28 06:14:17,196211.46,31393.83,49,227654.29,MXN,call_center
ORD00001205,CUST000820,paid,2025-04-21 07:33:41,176328.37,28212.54,49,204589.91,MXN,web
ORD00001206,CUST000415,paid,2025-01-06 00:25:28,115593.31,18494.93,79,134167.24,MXN,web
ORD00001207,CUST000338,paid,2025-09-06 12:01:27,94693.34,15150.93,149,109993.27,MXN,mobile_app
ORD00001208,CUST000991,shipped,2026-01-05 00:48:02,53619.18,8579.07,79,62277.25,MXN,mobile_app
ORD00001209,CUST000985,cancelled,2026-01-27 10:23:21,24416.44,3906.63,0,28323.07,MXN,web
ORD00001210,CUST000290,paid,2025-08-05 10:33:46,72053.06,11528.49,99,83680.55,MXN,call_center
ORD00001211,CUST000193,delivered,2026-04-26 19:48:30,273989.16,43838.27,99,317926.43,MXN,marketplace
ORD00001212,CUST000084,delivered,2026-04-17 16:03:57,131243.72,20999.0,99,152341.72,MXN,marketplace
ORD00001213,CUST000402,delivered,2025-12-23 10:23:10,57747.93,9239.67,149,67136.6,MXN,web
ORD00001214,CUST000940,packed,2025-01-17 12:09:03,41207.52,6593.2,79,47879.72,MXN,web
ORD00001215,CUST000197,paid,2025-02-04 01:32:21,23195.72,3711.32,99,27006.04,MXN,marketplace
ORD00001216,CUST001148,delivered,2026-03-21 03:30:30,112706.13,18032.98,149,130888.11,MXN,mobile_app
ORD00001217,CUST000734,cancelled,2026-01-18 03:28:53,112134.1,17941.46,99,130174.56,MXN,marketplace
ORD00001218,CUST000492,created,2025-05-01 23:41:41,109327.4,17492.38,79,126898.78,MXN,mobile_app
ORD00001219,CUST001062,packed,2025-04-21 06:49:47,192602.21,30816.35,149,223567.56,MXN,call_center
ORD00001220,CUST000102,packed,2025-03-09 01:52:48,116558.46,18649.35,99,135306.81,MXN,mobile_app
ORD00001221,CUST000117,delivered,2026-05-16 23:00:46,51947.74,8311.64,149,60408.38,MXN,mobile_app
ORD00001222,CUST000027,cancelled,2025-03-11 10:42:27,1188.46,190.15,149,1527.61,MXN,mobile_app
ORD00001223,CUST000136,shipped,2026-03-06 13:29:38,31676.59,5068.25,0,36744.84,MXN,mobile_app
ORD00001224,CUST001079,returned,2026-05-15 23:23:07,43244.98,6919.2,0,50164.18,MXN,mobile_app
ORD00001225,CUST000102,delivered,2025-07-23 21:34:49,87640.55,14022.49,99,101762.04,MXN,web
ORD00001226,CUST000715,packed,2026-03-21 08:19:03,106971.59,17115.45,49,124136.04,MXN,web
ORD00001227,CUST000887,cancelled,2026-01-22 04:22:49,60400.09,9664.01,0,70064.1,MXN,web
ORD00001228,CUST000831,shipped,2026-01-13 08:22:26,67132.47,10741.2,99,77972.67,MXN,mobile_app
ORD00001229,CUST001088,delivered,2026-02-26 12:31:38,37529.31,6004.69,0,43534.0,MXN,call_center
ORD00001230,CUST000331,cancelled,2025-12-24 04:58:31,86283.55,13805.37,99,100187.92,MXN,web
ORD00001231,CUST001168,shipped,2025-06-01 05:46:25,79299.22,12687.88,149,92136.1,MXN,web
ORD00001232,CUST000278,packed,2025-09-09 05:42:35,100869.12,16139.06,79,117087.18,MXN,web
ORD00001233,CUST000650,cancelled,2025-01-23 18:40:51,56492.28,9038.76,0,65531.04,MXN,mobile_app
ORD00001234,CUST000722,packed,2025-11-04 22:57:16,9864.8,1578.37,0,11443.17,MXN,marketplace
ORD00001235,CUST001077,created,2025-11-29 20:23:16,12723.55,2035.77,99,14858.32,MXN,call_center
ORD00001236,CUST000716,shipped,2026-05-12 16:14:57,33777.1,5404.34,0,39181.44,MXN,mobile_app
ORD00001237,CUST000402,paid,2025-01-14 23:52:37,74729.35,11956.7,0,86686.05,MXN,call_center
ORD00001238,CUST000564,delivered,2025-05-13 18:05:35,68168.91,10907.03,49,79124.94,MXN,mobile_app
ORD00001239,CUST000466,shipped,2025-05-27 19:49:22,29849.59,4775.93,99,34724.52,MXN,mobile_app
ORD00001240,CUST000041,delivered,2025-04-16 17:06:57,41230.8,6596.93,49,47876.73,MXN,call_center
ORD00001241,CUST000591,delivered,2025-01-20 07:50:43,61708.64,9873.38,99,71681.02,MXN,marketplace
ORD00001242,CUST000102,shipped,2025-10-23 11:43:05,162712.15,26033.94,99,188845.09,MXN,call_center
ORD00001243,CUST000725,paid,2026-02-04 07:46:02,45399.96,7263.99,49,52712.95,MXN,call_center
ORD00001244,CUST001013,shipped,2025-06-17 15:26:35,220646.5,35303.44,149,256098.94,MXN,marketplace
ORD00001245,CUST000500,delivered,2025-05-04 13:14:39,120227.92,19236.47,0,139464.39,MXN,marketplace
ORD00001246,CUST000654,packed,2025-02-16 06:31:42,32757.34,5241.17,79,38077.51,MXN,call_center
ORD00001247,CUST000950,delivered,2025-05-09 07:16:15,50862.08,8137.93,79,59079.01,MXN,mobile_app
ORD00001248,CUST000402,created,2026-03-17 12:20:27,75668.68,12106.99,149,87924.67,MXN,web
ORD00001249,CUST000130,paid,2025-11-24 13:14:47,57106.93,9137.11,49,66293.04,MXN,marketplace
ORD00001250,CUST000465,paid,2025-02-20 06:39:29,159790.9,25566.54,49,185406.44,MXN,mobile_app
ORD00001251,CUST000723,created,2026-03-24 11:21:55,137436.09,21989.77,149,159574.86,MXN,call_center
ORD00001252,CUST000779,delivered,2025-05-23 06:41:50,137387.94,21982.07,79,159449.01,MXN,marketplace
ORD00001253,CUST000600,returned,2025-09-23 19:28:16,67998.17,10879.71,0,78877.88,MXN,call_center
ORD00001254,CUST000624,delivered,2025-09-25 04:59:53,156468.65,25034.98,0,181503.63,MXN,call_center
ORD00001255,CUST000934,paid,2025-06-05 04:28:25,28794.74,4607.16,49,33450.9,MXN,call_center
ORD00001256,CUST000528,paid,2025-03-20 20:09:54,113271.33,18123.41,149,131543.74,MXN,mobile_app
ORD00001257,CUST000172,delivered,2026-04-14 18:11:32,65252.36,10440.38,99,75791.74,MXN,call_center
ORD00001258,CUST000122,packed,2025-08-30 09:04:23,53110.25,8497.64,49,61656.89,MXN,marketplace
ORD00001259,CUST000470,cancelled,2026-02-17 10:51:04,45020.23,7203.24,79,52302.47,MXN,web
ORD00001260,CUST000297,paid,2026-03-06 12:14:21,52885.1,8461.62,79,61425.72,MXN,call_center
ORD00001261,CUST000776,paid,2025-12-29 09:16:35,105524.17,16883.87,79,122487.04,MXN,mobile_app
ORD00001262,CUST000893,packed,2026-04-23 17:07:17,2244.87,359.18,149,2753.05,MXN,call_center
ORD00001263,CUST000991,delivered,2025-04-03 04:46:18,17010.19,2721.63,49,19780.82,MXN,web
ORD00001264,CUST000958,paid,2026-04-15 21:12:33,41788.41,6686.15,0,48474.56,MXN,call_center
ORD00001265,CUST000469,paid,2026-04-26 10:39:57,46606.07,7456.97,149,54212.04,MXN,web
ORD00001266,CUST000660,paid,2025-12-10 19:39:39,214964.8,34394.37,79,249438.17,MXN,marketplace
ORD00001267,CUST000166,cancelled,2025-10-17 20:12:30,4790.88,766.54,0,5557.42,MXN,web
ORD00001268,CUST000364,paid,2025-01-05 13:34:52,149642.81,23942.85,99,173684.66,MXN,call_center
ORD00001269,CUST000813,paid,2025-02-06 16:26:51,13151.21,2104.19,49,15304.4,MXN,marketplace
ORD00001270,CUST000836,delivered,2025-12-23 16:49:15,41346.34,6615.41,0,47961.75,MXN,mobile_app
ORD00001271,CUST001126,shipped,2025-04-13 15:41:12,37184.94,5949.59,49,43183.53,MXN,mobile_app
ORD00001272,CUST000576,paid,2025-10-19 12:02:32,168203.97,26912.64,0,195116.61,MXN,call_center
ORD00001273,CUST001072,delivered,2025-04-05 10:00:51,42004.46,6720.71,149,48874.17,MXN,marketplace
ORD00001274,CUST000996,shipped,2025-11-29 18:09:13,973.58,155.77,49,1178.35,MXN,web
ORD00001275,CUST000527,delivered,2025-03-19 10:58:27,131961.4,21113.82,49,153124.22,MXN,mobile_app
ORD00001276,CUST000940,shipped,2025-01-05 23:40:22,570.93,91.35,79,741.28,MXN,marketplace
ORD00001277,CUST000741,cancelled,2025-07-21 14:12:29,175125.58,28020.09,99,203244.67,MXN,call_center
ORD00001278,CUST000161,shipped,2025-07-03 13:27:41,34648.24,5543.72,99,40290.96,MXN,mobile_app
ORD00001279,CUST001198,shipped,2025-10-03 06:02:10,87728.75,14036.6,79,101844.35,MXN,marketplace
ORD00001280,CUST001013,shipped,2025-06-11 03:34:52,7872.66,1259.63,49,9181.29,MXN,mobile_app
ORD00001281,CUST000592,returned,2025-10-23 18:16:03,63252.11,10120.34,79,73451.45,MXN,web
ORD00001282,CUST000147,shipped,2025-12-22 00:33:59,14498.36,2319.74,0,16818.1,MXN,marketplace
ORD00001283,CUST000381,shipped,2025-08-18 12:55:18,35305.27,5648.84,99,41053.11,MXN,mobile_app
ORD00001284,CUST000852,shipped,2025-07-23 10:45:50,154027.76,24644.44,49,178721.2,MXN,call_center
ORD00001285,CUST001129,delivered,2026-03-10 23:31:55,50048.31,8007.73,149,58205.04,MXN,mobile_app
ORD00001286,CUST000823,delivered,2025-06-26 07:49:56,32747.78,5239.64,49,38036.42,MXN,web
ORD00001287,CUST000344,cancelled,2026-01-10 19:27:47,36135.76,5781.72,149,42066.48,MXN,call_center
ORD00001288,CUST000349,shipped,2025-04-10 15:21:31,40326.85,6452.3,149,46928.15,MXN,call_center
ORD00001289,CUST000110,packed,2026-01-09 04:23:42,100249.54,16039.93,49,116338.47,MXN,mobile_app
ORD00001290,CUST000219,paid,2026-01-16 20:27:38,58959.6,9433.54,99,68492.14,MXN,web
ORD00001291,CUST001009,delivered,2025-06-14 02:09:32,93497.84,14959.65,79,108536.49,MXN,call_center
ORD00001292,CUST000365,paid,2025-11-18 21:18:23,158206.44,25313.03,0,183519.47,MXN,web
ORD00001293,CUST000425,delivered,2026-05-15 10:25:29,78165.27,12506.44,0,90671.71,MXN,mobile_app
ORD00001294,CUST000158,delivered,2026-01-01 05:17:00,94535.63,15125.7,149,109810.33,MXN,marketplace
ORD00001295,CUST001032,packed,2025-06-24 16:34:43,131816.93,21090.71,99,153006.64,MXN,marketplace
ORD00001296,CUST000143,delivered,2026-04-12 04:31:05,10505.14,1680.82,49,12234.96,MXN,web
ORD00001297,CUST000374,shipped,2025-05-26 22:08:36,82319.72,13171.16,149,95639.88,MXN,marketplace
ORD00001298,CUST000734,paid,2025-07-20 13:20:45,43499.44,6959.91,99,50558.35,MXN,mobile_app
ORD00001299,CUST000108,paid,2026-04-14 10:44:35,100468.69,16074.99,149,116692.68,MXN,call_center
ORD00001300,CUST000278,paid,2026-05-05 01:17:54,10406.94,1665.11,0,12072.05,MXN,call_center
ORD00001301,CUST000991,delivered,2026-05-10 00:51:10,28226.25,4516.2,49,32791.45,MXN,mobile_app
ORD00001302,CUST000964,cancelled,2025-05-30 05:10:48,129487.51,20718.0,49,150254.51,MXN,marketplace
ORD00001303,CUST000272,delivered,2025-05-14 07:48:13,77071.24,12331.4,79,89481.64,MXN,web
ORD00001304,CUST000193,paid,2026-02-27 18:04:47,50151.48,8024.24,79,58254.72,MXN,mobile_app
ORD00001305,CUST000754,delivered,2025-01-06 16:30:29,91721.49,14675.44,0,106396.93,MXN,marketplace
ORD00001306,CUST000854,created,2025-08-01 19:04:02,118583.45,18973.35,79,137635.8,MXN,web
ORD00001307,CUST000115,cancelled,2026-01-31 00:26:53,15223.93,2435.83,49,17708.76,MXN,marketplace
ORD00001308,CUST000786,delivered,2025-09-06 04:22:38,54745.62,8759.3,99,63603.92,MXN,call_center
ORD00001309,CUST000782,delivered,2025-12-03 03:38:43,218575.44,34972.07,0,253547.51,MXN,mobile_app
ORD00001310,CUST000034,delivered,2026-04-28 10:21:22,76385.61,12221.7,49,88656.31,MXN,mobile_app
ORD00001311,CUST000554,paid,2025-11-15 13:01:57,22557.83,3609.25,149,26316.08,MXN,call_center
ORD00001312,CUST000894,paid,2026-04-21 13:59:17,11849.72,1895.96,79,13824.68,MXN,mobile_app
ORD00001313,CUST000583,delivered,2025-07-13 11:21:44,43853.05,7016.49,99,50968.54,MXN,marketplace
ORD00001314,CUST000419,delivered,2025-09-22 02:32:26,9687.21,1549.95,149,11386.16,MXN,marketplace
ORD00001315,CUST000558,delivered,2026-01-08 12:28:14,73979.14,11836.66,99,85914.8,MXN,marketplace
ORD00001316,CUST000670,packed,2025-06-12 17:54:32,6648.76,1063.8,0,7712.56,MXN,marketplace
ORD00001317,CUST000938,delivered,2025-04-07 18:43:38,300976.51,48156.24,99,349231.75,MXN,call_center
ORD00001318,CUST000881,delivered,2025-12-16 12:07:15,95438.14,15270.1,79,110787.24,MXN,call_center
ORD00001319,CUST000169,created,2025-03-04 18:06:05,44541.88,7126.7,99,51767.58,MXN,call_center
ORD00001320,CUST000735,shipped,2025-11-22 07:34:54,236233.31,37797.33,79,274109.64,MXN,marketplace
ORD00001321,CUST001153,paid,2025-05-21 08:31:45,73289.04,11726.25,79,85094.29,MXN,marketplace
ORD00001322,CUST000035,packed,2026-05-17 12:57:46,203963.72,32634.2,99,236696.92,MXN,mobile_app
ORD00001323,CUST000679,paid,2025-12-13 04:29:55,54919.02,8787.04,49,63755.06,MXN,marketplace
ORD00001324,CUST001005,delivered,2025-11-29 07:22:37,65071.19,10411.39,0,75482.58,MXN,call_center
ORD00001325,CUST000402,shipped,2025-09-08 22:34:41,39489.55,6318.33,149,45956.88,MXN,call_center
ORD00001326,CUST000683,returned,2025-03-07 06:58:34,193897.94,31023.67,79,225000.61,MXN,call_center
ORD00001327,CUST000301,cancelled,2025-02-10 01:59:46,204518.78,32723.0,49,237290.78,MXN,mobile_app
ORD00001328,CUST000215,paid,2026-02-22 06:27:00,75285.28,12045.64,99,87429.92,MXN,web
ORD00001329,CUST000919,delivered,2025-06-20 18:07:49,131567.43,21050.79,99,152717.22,MXN,marketplace
ORD00001330,CUST000085,delivered,2026-01-31 16:39:16,188587.16,30173.95,149,218910.11,MXN,marketplace
ORD00001331,CUST000390,delivered,2025-12-13 12:22:30,123869.54,19819.13,0,143688.67,MXN,marketplace
ORD00001332,CUST000308,returned,2025-01-18 11:56:27,108641.91,17382.71,79,126103.62,MXN,call_center
ORD00001333,CUST000426,paid,2025-06-11 12:40:21,182122.65,29139.62,79,211341.27,MXN,marketplace
ORD00001334,CUST000704,shipped,2025-07-09 15:35:13,85046.99,13607.52,99,98753.51,MXN,web
ORD00001335,CUST000028,paid,2025-01-29 14:21:32,9456.41,1513.03,0,10969.44,MXN,mobile_app
ORD00001336,CUST000631,returned,2026-03-31 07:35:34,46524.29,7443.89,0,53968.18,MXN,marketplace
ORD00001337,CUST001029,delivered,2025-06-17 00:34:10,108028.9,17284.62,99,125412.52,MXN,call_center
ORD00001338,CUST000001,delivered,2025-08-06 23:57:31,42622.75,6819.64,149,49591.39,MXN,marketplace
ORD00001339,CUST000035,delivered,2026-02-14 03:24:26,2516.14,402.58,49,2967.72,MXN,mobile_app
ORD00001340,CUST000008,delivered,2025-05-21 04:24:11,66426.17,10628.19,99,77153.36,MXN,mobile_app
ORD00001341,CUST001096,paid,2025-11-25 00:49:15,47493.46,7598.95,0,55092.41,MXN,call_center
ORD00001342,CUST000771,packed,2025-01-26 00:50:20,11084.02,1773.44,79,12936.46,MXN,call_center
ORD00001343,CUST000613,delivered,2025-08-23 21:59:38,52873.83,8459.81,79,61412.64,MXN,marketplace
ORD00001344,CUST000212,cancelled,2025-01-13 23:04:06,27541.76,4406.68,149,32097.44,MXN,call_center
ORD00001345,CUST000848,cancelled,2025-08-29 20:34:02,54091.74,8654.68,49,62795.42,MXN,marketplace
ORD00001346,CUST001053,paid,2025-10-18 09:46:42,122511.98,19601.92,149,142262.9,MXN,web
ORD00001347,CUST001183,packed,2026-02-10 20:22:32,54269.56,8683.13,79,63031.69,MXN,web
ORD00001348,CUST000772,packed,2025-12-24 20:21:36,87826.02,14052.16,149,102027.18,MXN,web
ORD00001349,CUST000529,paid,2025-10-27 04:15:57,56812.03,9089.92,149,66050.95,MXN,marketplace
ORD00001350,CUST001177,delivered,2025-12-26 20:43:46,39590.24,6334.44,99,46023.68,MXN,mobile_app
ORD00001351,CUST000605,returned,2025-03-12 10:21:31,75088.12,12014.1,49,87151.22,MXN,web
ORD00001352,CUST000129,paid,2025-09-07 02:47:56,48972.34,7835.57,149,56956.91,MXN,web
ORD00001353,CUST000205,delivered,2025-02-06 20:34:52,162061.48,25929.84,0,187991.32,MXN,mobile_app
ORD00001354,CUST000202,shipped,2025-04-20 19:07:26,130721.38,20915.42,99,151735.8,MXN,web
ORD00001355,CUST000036,cancelled,2025-02-15 17:28:48,135484.16,21677.47,0,157161.63,MXN,call_center
ORD00001356,CUST000729,shipped,2026-05-11 13:51:51,110597.4,17695.58,79,128371.98,MXN,mobile_app
ORD00001357,CUST000285,delivered,2026-05-08 13:18:59,102324.36,16371.9,0,118696.26,MXN,web
ORD00001358,CUST000949,delivered,2025-07-27 15:25:04,178306.69,28529.07,149,206984.76,MXN,web
ORD00001359,CUST000302,cancelled,2026-05-06 16:42:53,133526.31,21364.21,99,154989.52,MXN,marketplace
ORD00001360,CUST000924,delivered,2025-11-07 00:29:50,130026.0,20804.16,79,150909.16,MXN,marketplace
ORD00001361,CUST000884,paid,2025-04-15 11:57:20,232090.27,37134.44,49,269273.71,MXN,mobile_app
ORD00001362,CUST000048,returned,2025-03-10 11:52:23,46715.43,7474.47,79,54268.9,MXN,call_center
ORD00001363,CUST000164,delivered,2026-03-25 11:50:57,22590.43,3614.47,79,26283.9,MXN,marketplace
ORD00001364,CUST000504,paid,2026-03-12 01:23:02,146474.34,23435.89,79,169989.23,MXN,web
ORD00001365,CUST000838,paid,2026-01-04 08:19:38,27796.5,4447.44,49,32292.94,MXN,mobile_app
ORD00001366,CUST000807,created,2026-01-19 06:05:50,199050.87,31848.14,149,231048.01,MXN,mobile_app
ORD00001367,CUST001099,delivered,2025-01-02 06:01:12,13041.66,2086.67,49,15177.33,MXN,marketplace
ORD00001368,CUST000430,shipped,2025-02-02 09:59:09,253781.93,40605.11,79,294466.04,MXN,mobile_app
ORD00001369,CUST000983,delivered,2025-07-28 18:48:37,114104.49,18256.72,149,132510.21,MXN,call_center
ORD00001370,CUST000563,delivered,2026-02-22 10:46:34,41209.49,6593.52,99,47902.01,MXN,marketplace
ORD00001371,CUST000247,delivered,2025-04-02 12:15:17,194394.45,31103.11,0,225497.56,MXN,call_center
ORD00001372,CUST000903,delivered,2026-02-16 04:30:55,52767.52,8442.8,149,61359.32,MXN,mobile_app
ORD00001373,CUST000125,packed,2025-03-27 15:20:40,47995.75,7679.32,49,55724.07,MXN,mobile_app
ORD00001374,CUST000576,paid,2025-04-23 07:13:55,111852.19,17896.35,0,129748.54,MXN,marketplace
ORD00001375,CUST000893,returned,2025-02-08 07:17:33,174631.53,27941.04,99,202671.57,MXN,call_center
ORD00001376,CUST000996,cancelled,2025-03-23 00:47:37,118010.14,18881.62,0,136891.76,MXN,call_center
ORD00001377,CUST000993,cancelled,2025-07-27 15:16:15,99579.9,15932.78,149,115661.68,MXN,mobile_app
ORD00001378,CUST001087,shipped,2025-09-29 02:16:55,48879.45,7820.71,79,56779.16,MXN,marketplace
ORD00001379,CUST000446,paid,2026-03-09 16:46:34,57783.94,9245.43,79,67108.37,MXN,marketplace
ORD00001380,CUST001125,paid,2025-04-18 18:40:08,20900.55,3344.09,79,24323.64,MXN,call_center
ORD00001381,CUST000979,shipped,2026-05-14 03:35:17,36196.84,5791.49,149,42137.33,MXN,web
ORD00001382,CUST001034,shipped,2025-02-20 05:36:44,123971.31,19835.41,49,143855.72,MXN,marketplace
ORD00001383,CUST000422,shipped,2025-03-19 21:55:07,108368.56,17338.97,149,125856.53,MXN,call_center
ORD00001384,CUST000558,shipped,2025-12-08 17:43:28,53055.38,8488.86,149,61693.24,MXN,marketplace
ORD00001385,CUST000431,delivered,2026-05-12 01:14:37,85098.02,13615.68,99,98812.7,MXN,mobile_app
ORD00001386,CUST000289,delivered,2025-01-03 01:49:34,85606.66,13697.07,79,99382.73,MXN,call_center
ORD00001387,CUST000956,returned,2025-04-08 01:58:14,634.37,101.5,79,814.87,MXN,call_center
ORD00001388,CUST000932,delivered,2025-06-27 15:34:43,219280.89,35084.94,79,254444.83,MXN,web
ORD00001389,CUST000458,paid,2025-09-24 02:41:27,115128.71,18420.59,49,133598.3,MXN,mobile_app
ORD00001390,CUST001099,returned,2025-10-12 20:07:45,51822.62,8291.62,79,60193.24,MXN,web
ORD00001391,CUST000838,created,2025-11-09 14:14:53,117894.08,18863.05,99,136856.13,MXN,call_center
ORD00001392,CUST000197,delivered,2025-07-17 15:57:07,158937.86,25430.06,149,184516.92,MXN,mobile_app
ORD00001393,CUST001023,packed,2025-08-09 02:58:48,33580.38,5372.86,149,39102.24,MXN,web
ORD00001394,CUST000081,shipped,2025-03-23 10:44:06,52948.51,8471.76,79,61499.27,MXN,web
ORD00001395,CUST001002,shipped,2026-02-26 18:10:46,152682.4,24429.18,99,177210.58,MXN,mobile_app
ORD00001396,CUST000723,delivered,2025-06-03 17:54:09,126588.05,20254.09,149,146991.14,MXN,mobile_app
ORD00001397,CUST000554,returned,2025-03-08 07:30:02,28185.22,4509.64,79,32773.86,MXN,mobile_app
ORD00001398,CUST000097,shipped,2026-04-14 19:56:18,137631.62,22021.06,99,159751.68,MXN,call_center
ORD00001399,CUST000905,returned,2025-02-18 14:07:14,59864.75,9578.36,49,69492.11,MXN,marketplace
ORD00001400,CUST000895,delivered,2025-10-11 07:34:16,30332.97,4853.28,99,35285.25,MXN,mobile_app
ORD00001401,CUST000965,cancelled,2026-04-05 06:35:01,13666.28,2186.6,149,16001.88,MXN,web
ORD00001402,CUST000182,delivered,2025-04-09 01:34:42,61294.02,9807.04,49,71150.06,MXN,call_center
ORD00001403,CUST000170,delivered,2025-03-26 01:05:43,160231.4,25637.02,79,185947.42,MXN,marketplace
ORD00001404,CUST000574,cancelled,2025-08-11 11:04:23,13923.26,2227.72,149,16299.98,MXN,marketplace
ORD00001405,CUST000175,packed,2025-06-16 02:03:52,104350.19,16696.03,99,121145.22,MXN,marketplace
ORD00001406,CUST000205,delivered,2026-02-22 03:29:01,48045.16,7687.23,149,55881.39,MXN,mobile_app
ORD00001407,CUST000407,packed,2025-07-08 16:37:09,22567.65,3610.82,99,26277.47,MXN,mobile_app
ORD00001408,CUST001110,cancelled,2025-06-10 19:51:22,13184.75,2109.56,99,15393.31,MXN,call_center
ORD00001409,CUST000597,cancelled,2025-12-31 01:26:25,19209.72,3073.56,99,22382.28,MXN,call_center
ORD00001410,CUST000223,paid,2026-02-27 02:53:10,43455.21,6952.83,99,50507.04,MXN,mobile_app
ORD00001411,CUST000193,paid,2026-01-23 13:48:14,119254.46,19080.71,49,138384.17,MXN,web
ORD00001412,CUST000464,packed,2025-05-06 16:49:41,19262.89,3082.06,149,22493.95,MXN,web
ORD00001413,CUST000822,packed,2025-01-29 17:49:21,25835.98,4133.76,99,30068.74,MXN,web
ORD00001414,CUST000470,paid,2025-08-20 17:58:44,61874.97,9900.0,0,71774.97,MXN,web
ORD00001415,CUST001132,delivered,2025-02-23 17:04:26,105800.66,16928.11,99,122827.77,MXN,marketplace
ORD00001416,CUST000359,returned,2025-04-02 13:10:32,58883.83,9421.41,49,68354.24,MXN,call_center
ORD00001417,CUST000008,paid,2025-04-20 04:53:36,97956.09,15672.97,79,113708.06,MXN,mobile_app
ORD00001418,CUST001032,paid,2025-08-20 11:54:55,181059.76,28969.56,49,210078.32,MXN,marketplace
ORD00001419,CUST000251,cancelled,2025-01-21 04:38:36,6041.74,966.68,49,7057.42,MXN,mobile_app
ORD00001420,CUST000388,delivered,2025-03-09 09:42:24,109109.11,17457.46,99,126665.57,MXN,call_center
ORD00001421,CUST000167,delivered,2026-01-13 10:26:14,128494.72,20559.16,149,149202.88,MXN,marketplace
ORD00001422,CUST000151,paid,2025-04-11 15:21:00,190867.88,30538.86,149,221555.74,MXN,marketplace
ORD00001423,CUST000237,shipped,2026-03-09 21:48:13,150603.84,24096.61,149,174849.45,MXN,call_center
ORD00001424,CUST000478,delivered,2025-03-04 03:50:48,111906.61,17905.06,79,129890.67,MXN,marketplace
ORD00001425,CUST000239,packed,2025-01-01 06:00:28,38088.35,6094.14,0,44182.49,MXN,marketplace
ORD00001426,CUST000793,cancelled,2025-01-16 04:08:05,106347.21,17015.55,0,123362.76,MXN,web
ORD00001427,CUST000221,shipped,2025-02-09 18:54:10,205587.93,32894.07,49,238531.0,MXN,call_center
ORD00001428,CUST001181,paid,2025-06-13 04:19:48,21049.74,3367.96,99,24516.7,MXN,marketplace
ORD00001429,CUST000854,delivered,2025-01-09 20:39:23,133615.09,21378.41,149,155142.5,MXN,call_center
ORD00001430,CUST000903,shipped,2025-12-21 08:28:04,95223.99,15235.84,99,110558.83,MXN,mobile_app
ORD00001431,CUST000910,delivered,2025-02-24 04:24:12,79638.08,12742.09,79,92459.17,MXN,web
ORD00001432,CUST000267,delivered,2026-03-07 05:25:08,40554.99,6488.8,49,47092.79,MXN,mobile_app
ORD00001433,CUST000475,delivered,2025-05-30 14:10:54,31459.28,5033.48,79,36571.76,MXN,call_center
ORD00001434,CUST000047,delivered,2025-11-08 13:42:32,10118.48,1618.96,49,11786.44,MXN,web
ORD00001435,CUST000817,packed,2026-04-21 07:59:10,105706.22,16913.0,49,122668.22,MXN,marketplace
ORD00001436,CUST000186,shipped,2025-04-17 01:17:35,43096.53,6895.44,149,50140.97,MXN,marketplace
ORD00001437,CUST000589,shipped,2026-02-17 23:45:23,78287.97,12526.08,79,90893.05,MXN,mobile_app
ORD00001438,CUST001085,packed,2025-01-06 00:26:56,114436.48,18309.84,99,132845.32,MXN,web
ORD00001439,CUST000370,paid,2025-02-02 15:44:33,124290.62,19886.5,99,144276.12,MXN,call_center
ORD00001440,CUST000327,shipped,2026-02-08 10:13:00,38228.52,6116.56,149,44494.08,MXN,marketplace
ORD00001441,CUST000838,delivered,2025-05-15 21:39:04,23783.76,3805.4,79,27668.16,MXN,web
ORD00001442,CUST000875,paid,2025-01-07 11:30:20,43763.57,7002.17,0,50765.74,MXN,web
ORD00001443,CUST000367,shipped,2026-02-14 09:18:59,76735.45,12277.67,99,89112.12,MXN,marketplace
ORD00001444,CUST000610,cancelled,2025-10-12 17:26:06,47199.21,7551.87,99,54850.08,MXN,mobile_app
ORD00001445,CUST000140,cancelled,2025-02-13 03:35:41,65411.31,10465.81,49,75926.12,MXN,call_center
ORD00001446,CUST001170,paid,2025-12-14 10:35:01,38223.51,6115.76,149,44488.27,MXN,marketplace
ORD00001447,CUST000599,cancelled,2026-02-26 15:30:42,17186.22,2749.8,49,19985.02,MXN,mobile_app
ORD00001448,CUST000815,delivered,2026-02-20 11:25:15,19321.62,3091.46,79,22492.08,MXN,marketplace
ORD00001449,CUST000913,paid,2026-04-07 16:46:05,123456.34,19753.01,0,143209.35,MXN,call_center
ORD00001450,CUST000015,packed,2025-03-16 07:06:56,72843.76,11655.0,149,84647.76,MXN,call_center
ORD00001451,CUST000271,delivered,2025-01-22 12:31:45,88374.89,14139.98,49,102563.87,MXN,mobile_app
ORD00001452,CUST001158,delivered,2025-12-16 11:55:24,62486.53,9997.84,149,72633.37,MXN,marketplace
ORD00001453,CUST000661,paid,2025-04-08 00:10:24,88477.0,14156.32,99,102732.32,MXN,marketplace
ORD00001454,CUST000942,delivered,2025-08-24 02:48:36,48851.38,7816.22,149,56816.6,MXN,call_center
ORD00001455,CUST000488,shipped,2026-03-29 16:37:29,157969.28,25275.08,99,183343.36,MXN,mobile_app
ORD00001456,CUST000890,shipped,2025-12-25 03:18:10,119232.76,19077.24,99,138409.0,MXN,call_center
ORD00001457,CUST000338,returned,2026-04-14 19:56:36,120224.47,19235.92,149,139609.39,MXN,web
ORD00001458,CUST000464,cancelled,2025-07-29 21:05:28,31815.39,5090.46,79,36984.85,MXN,call_center
ORD00001459,CUST001191,returned,2025-11-22 06:17:00,12225.81,1956.13,149,14330.94,MXN,web
ORD00001460,CUST000859,shipped,2025-10-03 05:18:50,146773.65,23483.78,49,170306.43,MXN,call_center
ORD00001461,CUST000473,delivered,2025-02-11 04:56:55,12060.91,1929.75,79,14069.66,MXN,mobile_app
ORD00001462,CUST000956,paid,2025-07-07 18:06:51,46178.12,7388.5,99,53665.62,MXN,marketplace
ORD00001463,CUST000135,shipped,2025-07-20 21:06:47,66924.23,10707.88,49,77681.11,MXN,mobile_app
ORD00001464,CUST000676,shipped,2026-04-20 10:29:58,66632.12,10661.14,99,77392.26,MXN,call_center
ORD00001465,CUST000977,returned,2025-03-06 00:25:10,103750.2,16600.03,79,120429.23,MXN,call_center
ORD00001466,CUST000484,packed,2025-11-09 18:34:28,28615.48,4578.48,149,33342.96,MXN,web
ORD00001467,CUST001177,delivered,2025-01-30 11:10:14,51625.16,8260.03,99,59984.19,MXN,web
ORD00001468,CUST000639,paid,2025-08-22 21:01:23,95948.63,15351.78,149,111449.41,MXN,call_center
ORD00001469,CUST000295,delivered,2025-02-17 12:12:04,149896.27,23983.4,49,173928.67,MXN,mobile_app
ORD00001470,CUST000711,shipped,2025-05-16 13:14:29,112692.35,18030.78,49,130772.13,MXN,web
ORD00001471,CUST000371,shipped,2025-06-28 15:33:44,10207.72,1633.24,99,11939.96,MXN,marketplace
ORD00001472,CUST000045,delivered,2026-05-08 02:03:39,156517.44,25042.79,0,181560.23,MXN,call_center
ORD00001473,CUST000099,paid,2025-04-08 11:44:28,20902.75,3344.44,79,24326.19,MXN,marketplace
ORD00001474,CUST001095,paid,2026-01-23 07:37:37,122875.36,19660.06,79,142614.42,MXN,web
ORD00001475,CUST000270,paid,2025-09-07 03:03:44,12459.29,1993.49,0,14452.78,MXN,mobile_app
ORD00001476,CUST000708,packed,2025-01-17 13:27:43,85333.55,13653.37,79,99065.92,MXN,call_center
ORD00001477,CUST000644,shipped,2025-10-06 00:31:42,70091.6,11214.66,49,81355.26,MXN,mobile_app
ORD00001478,CUST000569,paid,2025-11-15 03:07:00,152268.85,24363.02,99,176730.87,MXN,call_center
ORD00001479,CUST000150,created,2025-08-31 20:25:14,75793.93,12127.03,79,87999.96,MXN,call_center
ORD00001480,CUST000913,cancelled,2025-12-24 17:49:02,51805.75,8288.92,0,60094.67,MXN,web
ORD00001481,CUST000583,delivered,2025-11-21 08:35:14,22028.94,3524.63,149,25702.57,MXN,web
ORD00001482,CUST001102,paid,2026-04-07 07:02:20,80658.78,12905.4,149,93713.18,MXN,marketplace
ORD00001483,CUST000182,delivered,2026-02-14 16:14:08,79832.05,12773.13,99,92704.18,MXN,mobile_app
ORD00001484,CUST000779,paid,2026-01-07 18:21:53,74103.52,11856.56,99,86059.08,MXN,mobile_app
ORD00001485,CUST000004,returned,2026-05-11 19:07:11,43337.95,6934.07,49,50321.02,MXN,mobile_app
ORD00001486,CUST000939,packed,2025-06-13 17:11:34,45653.32,7304.53,149,53106.85,MXN,call_center
ORD00001487,CUST001066,delivered,2026-04-10 19:15:53,82338.6,13174.18,149,95661.78,MXN,web
ORD00001488,CUST000891,shipped,2025-10-22 07:32:47,61467.81,9834.85,0,71302.66,MXN,marketplace
ORD00001489,CUST000749,paid,2025-11-09 09:00:18,83588.38,13374.14,0,96962.52,MXN,mobile_app
ORD00001490,CUST000716,delivered,2026-02-16 02:02:47,60475.72,9676.12,0,70151.84,MXN,mobile_app
ORD00001491,CUST000204,shipped,2025-10-22 00:16:33,79921.24,12787.4,0,92708.64,MXN,mobile_app
ORD00001492,CUST000768,packed,2025-08-14 07:20:26,17875.4,2860.06,79,20814.46,MXN,web
ORD00001493,CUST001039,delivered,2025-01-29 07:59:58,257523.11,41203.7,99,298825.81,MXN,mobile_app
ORD00001494,CUST000028,delivered,2025-06-07 01:14:30,59255.18,9480.83,49,68785.01,MXN,marketplace
ORD00001495,CUST000323,packed,2026-04-23 18:04:17,24067.76,3850.84,149,28067.6,MXN,call_center
ORD00001496,CUST000644,shipped,2025-07-30 20:33:55,153590.71,24574.51,99,178264.22,MXN,marketplace
ORD00001497,CUST000828,created,2025-02-13 06:04:37,94371.9,15099.5,79,109550.4,MXN,call_center
ORD00001498,CUST000959,cancelled,2025-12-17 18:34:53,41622.54,6659.61,79,48361.15,MXN,web
ORD00001499,CUST000538,cancelled,2025-03-21 10:48:17,76165.14,12186.42,99,88450.56,MXN,web
ORD00001500,CUST001111,delivered,2025-03-31 03:15:10,22591.15,3614.58,99,26304.73,MXN,web
ORD00001501,CUST001196,packed,2026-03-09 12:52:49,33571.96,5371.51,149,39092.47,MXN,marketplace
ORD00001502,CUST001130,packed,2025-08-07 22:01:52,24400.18,3904.03,149,28453.21,MXN,call_center
ORD00001503,CUST000392,paid,2025-02-24 18:09:06,149935.39,23989.66,49,173974.05,MXN,call_center
ORD00001504,CUST000780,delivered,2026-05-06 08:15:21,7671.09,1227.37,49,8947.46,MXN,call_center
ORD00001505,CUST000014,paid,2025-10-25 16:00:50,49973.86,7995.82,79,58048.68,MXN,call_center
ORD00001506,CUST000293,delivered,2025-08-24 22:45:14,30297.95,4847.67,149,35294.62,MXN,web
ORD00001507,CUST000228,delivered,2026-03-13 19:12:19,85634.01,13701.44,149,99484.45,MXN,web
ORD00001508,CUST000635,shipped,2025-08-31 04:43:47,165132.01,26421.12,49,191602.13,MXN,web
ORD00001509,CUST000538,delivered,2025-10-02 17:12:42,123979.34,19836.69,79,143895.03,MXN,web
ORD00001510,CUST000456,cancelled,2025-06-16 20:03:38,127616.36,20418.62,49,148083.98,MXN,call_center
ORD00001511,CUST000592,paid,2025-03-11 02:21:50,114992.17,18398.75,149,133539.92,MXN,web
ORD00001512,CUST000713,cancelled,2026-01-15 17:57:03,49266.5,7882.64,0,57149.14,MXN,mobile_app
ORD00001513,CUST000660,packed,2025-06-25 10:19:28,134006.81,21441.09,99,155546.9,MXN,marketplace
ORD00001514,CUST001042,shipped,2025-07-15 23:41:26,180289.34,28846.29,49,209184.63,MXN,call_center
ORD00001515,CUST000642,cancelled,2026-03-22 22:24:35,200229.45,32036.71,0,232266.16,MXN,mobile_app
ORD00001516,CUST000191,paid,2025-07-28 04:48:19,39038.87,6246.22,99,45384.09,MXN,call_center
ORD00001517,CUST000573,paid,2025-06-26 15:58:05,203378.55,32540.57,0,235919.12,MXN,web
ORD00001518,CUST000638,delivered,2026-04-25 09:13:59,217287.68,34766.03,99,252152.71,MXN,mobile_app
ORD00001519,CUST001164,delivered,2025-08-24 16:30:18,56086.46,8973.83,149,65209.29,MXN,marketplace
ORD00001520,CUST001078,cancelled,2025-10-20 03:18:23,38521.26,6163.4,99,44783.66,MXN,web
ORD00001521,CUST000535,returned,2025-03-02 18:30:56,70472.08,11275.53,0,81747.61,MXN,call_center
ORD00001522,CUST000013,packed,2025-10-11 17:31:23,14339.1,2294.26,99,16732.36,MXN,mobile_app
ORD00001523,CUST000243,packed,2025-04-05 07:42:55,90063.36,14410.14,99,104572.5,MXN,mobile_app
ORD00001524,CUST001096,shipped,2026-04-08 21:41:17,15054.36,2408.7,99,17562.06,MXN,web
ORD00001525,CUST000473,delivered,2026-04-11 11:45:27,46686.24,7469.8,79,54235.04,MXN,mobile_app
ORD00001526,CUST000113,created,2025-09-13 17:58:59,30840.38,4934.46,0,35774.84,MXN,web
ORD00001527,CUST000670,paid,2025-11-26 10:24:03,81651.56,13064.25,149,94864.81,MXN,marketplace
ORD00001528,CUST000517,delivered,2026-04-30 06:37:57,7657.87,1225.26,0,8883.13,MXN,web
ORD00001529,CUST001139,paid,2026-02-02 16:15:21,25596.5,4095.44,149,29840.94,MXN,call_center
ORD00001530,CUST000980,paid,2025-04-10 07:25:18,80938.54,12950.17,0,93888.71,MXN,call_center
ORD00001531,CUST000955,paid,2026-05-03 20:34:38,68447.37,10951.58,0,79398.95,MXN,call_center
ORD00001532,CUST000437,shipped,2025-03-05 09:20:36,78378.37,12540.54,79,90997.91,MXN,web
ORD00001533,CUST000894,paid,2026-04-17 21:33:57,108381.79,17341.09,149,125871.88,MXN,mobile_app
ORD00001534,CUST000368,paid,2025-09-24 15:22:42,119620.21,19139.23,49,138808.44,MXN,marketplace
ORD00001535,CUST000379,shipped,2026-04-23 14:34:50,109378.67,17500.59,149,127028.26,MXN,call_center
ORD00001536,CUST001039,cancelled,2025-03-29 17:49:54,38121.84,6099.49,49,44270.33,MXN,web
ORD00001537,CUST000873,created,2025-07-20 00:13:17,145021.87,23203.5,149,168374.37,MXN,call_center
ORD00001538,CUST000107,cancelled,2025-05-14 09:17:14,221011.33,35361.81,0,256373.14,MXN,mobile_app
ORD00001539,CUST000299,packed,2025-05-28 18:44:13,88497.19,14159.55,49,102705.74,MXN,call_center
ORD00001540,CUST001170,delivered,2025-06-01 21:36:09,114440.65,18310.5,0,132751.15,MXN,web
ORD00001541,CUST000132,delivered,2026-01-08 10:14:05,188629.92,30180.79,0,218810.71,MXN,mobile_app
ORD00001542,CUST000748,paid,2026-03-08 13:20:22,34485.62,5517.7,99,40102.32,MXN,mobile_app
ORD00001543,CUST000066,delivered,2026-01-30 16:51:14,110765.25,17722.44,49,128536.69,MXN,call_center
ORD00001544,CUST000471,returned,2025-11-28 11:22:03,32629.7,5220.75,149,37999.45,MXN,call_center
ORD00001545,CUST000047,paid,2026-03-04 12:26:43,138587.24,22173.96,49,160810.2,MXN,marketplace
ORD00001546,CUST000724,paid,2025-09-15 21:14:38,14003.79,2240.61,0,16244.4,MXN,web
ORD00001547,CUST000622,delivered,2026-02-22 16:41:16,97585.5,15613.68,49,113248.18,MXN,call_center
ORD00001548,CUST000022,paid,2025-12-17 22:06:10,40763.24,6522.12,49,47334.36,MXN,marketplace
ORD00001549,CUST000292,paid,2026-05-12 21:42:36,141883.94,22701.43,99,164684.37,MXN,mobile_app
ORD00001550,CUST000254,delivered,2025-11-24 19:09:03,148388.8,23742.21,79,172210.01,MXN,web
ORD00001551,CUST000039,paid,2025-10-30 13:27:16,138853.68,22216.59,99,161169.27,MXN,marketplace
ORD00001552,CUST000293,cancelled,2026-03-27 13:58:30,71776.76,11484.28,0,83261.04,MXN,marketplace
ORD00001553,CUST000013,delivered,2025-09-04 21:10:28,92158.83,14745.41,149,107053.24,MXN,web
ORD00001554,CUST000665,delivered,2026-01-26 20:35:42,76490.63,12238.5,79,88808.13,MXN,web
ORD00001555,CUST000627,returned,2026-01-21 23:42:27,57989.66,9278.35,0,67268.01,MXN,web
ORD00001556,CUST000676,delivered,2025-05-04 14:54:29,68305.89,10928.94,0,79234.83,MXN,mobile_app
ORD00001557,CUST000169,paid,2025-12-12 18:03:07,117046.68,18727.47,79,135853.15,MXN,mobile_app
ORD00001558,CUST000365,returned,2026-04-19 03:25:12,25659.0,4105.44,49,29813.44,MXN,web
ORD00001559,CUST000668,delivered,2025-10-01 21:23:45,174454.68,27912.75,79,202446.43,MXN,marketplace
ORD00001560,CUST000958,returned,2025-11-16 18:13:06,165975.73,26556.12,0,192531.85,MXN,marketplace
ORD00001561,CUST000344,paid,2025-05-22 00:02:25,124515.39,19922.46,0,144437.85,MXN,mobile_app
ORD00001562,CUST000558,shipped,2025-12-23 03:10:43,36612.68,5858.03,99,42569.71,MXN,marketplace
ORD00001563,CUST000800,delivered,2025-03-24 04:45:54,67340.88,10774.54,0,78115.42,MXN,marketplace
ORD00001564,CUST000807,cancelled,2025-02-07 18:41:22,107127.74,17140.44,149,124417.18,MXN,marketplace
ORD00001565,CUST001149,shipped,2026-04-23 12:08:07,93661.26,14985.8,0,108647.06,MXN,call_center
ORD00001566,CUST000486,delivered,2026-01-21 14:20:22,141070.82,22571.33,49,163691.15,MXN,call_center
ORD00001567,CUST000278,delivered,2025-10-27 12:07:50,72589.09,11614.25,79,84282.34,MXN,mobile_app
ORD00001568,CUST000699,delivered,2026-03-27 07:07:10,168955.97,27032.96,99,196087.93,MXN,marketplace
ORD00001569,CUST000854,paid,2026-03-05 21:04:58,60758.07,9721.29,99,70578.36,MXN,call_center
ORD00001570,CUST000795,cancelled,2025-03-14 22:47:06,23355.35,3736.86,149,27241.21,MXN,mobile_app
ORD00001571,CUST000795,paid,2026-03-30 12:05:32,59704.55,9552.73,99,69356.28,MXN,marketplace
ORD00001572,CUST000267,packed,2026-03-07 13:22:43,15300.18,2448.03,49,17797.21,MXN,call_center
ORD00001573,CUST000646,paid,2025-06-01 21:38:28,80261.23,12841.8,79,93182.03,MXN,web
ORD00001574,CUST000386,returned,2025-04-19 11:20:27,82047.21,13127.55,149,95323.76,MXN,marketplace
ORD00001575,CUST000069,paid,2026-03-31 12:10:26,60577.85,9692.46,0,70270.31,MXN,call_center
ORD00001576,CUST000516,paid,2025-02-27 04:48:11,98393.45,15742.95,149,114285.4,MXN,mobile_app
ORD00001577,CUST000191,paid,2026-05-09 02:47:26,50403.69,8064.59,99,58567.28,MXN,call_center
ORD00001578,CUST000212,paid,2025-04-30 11:26:18,35928.04,5748.49,99,41775.53,MXN,marketplace
ORD00001579,CUST000581,delivered,2025-11-22 15:19:05,83607.96,13377.27,49,97034.23,MXN,call_center
ORD00001580,CUST000435,shipped,2025-09-16 12:24:22,190474.22,30475.88,149,221099.1,MXN,web
ORD00001581,CUST000539,created,2025-11-16 06:42:44,114845.52,18375.28,149,133369.8,MXN,call_center
ORD00001582,CUST000768,delivered,2025-09-19 21:05:37,109139.6,17462.34,0,126601.94,MXN,mobile_app
ORD00001583,CUST000080,paid,2025-02-13 08:30:11,135056.7,21609.07,149,156814.77,MXN,call_center
ORD00001584,CUST000336,packed,2025-03-30 22:31:54,9991.39,1598.62,49,11639.01,MXN,mobile_app
ORD00001585,CUST000149,paid,2026-04-09 03:15:17,141238.12,22598.1,0,163836.22,MXN,web
ORD00001586,CUST001146,cancelled,2025-04-08 19:22:52,242491.91,38798.71,149,281439.62,MXN,mobile_app
ORD00001587,CUST000128,paid,2025-11-07 20:48:57,78298.99,12527.84,149,90975.83,MXN,web
ORD00001588,CUST000597,shipped,2025-07-20 22:15:40,161100.77,25776.12,99,186975.89,MXN,mobile_app
ORD00001589,CUST000527,paid,2025-09-24 03:17:45,110397.69,17663.63,149,128210.32,MXN,marketplace
ORD00001590,CUST000854,shipped,2025-09-05 01:26:54,81514.07,13042.25,49,94605.32,MXN,mobile_app
ORD00001591,CUST000822,delivered,2025-02-25 07:16:45,123138.24,19702.12,79,142919.36,MXN,call_center
ORD00001592,CUST000815,shipped,2026-02-26 13:34:11,127364.47,20378.32,79,147821.79,MXN,web
ORD00001593,CUST000296,delivered,2025-12-29 02:49:24,56320.28,9011.24,79,65410.52,MXN,marketplace
ORD00001594,CUST000171,delivered,2025-11-06 20:12:47,2906.16,464.99,149,3520.15,MXN,marketplace
ORD00001595,CUST001140,shipped,2025-01-16 07:37:03,35163.64,5626.18,149,40938.82,MXN,call_center
ORD00001596,CUST000996,packed,2025-03-21 19:48:13,6957.76,1113.24,0,8071.0,MXN,web
ORD00001597,CUST000966,paid,2025-08-10 13:06:30,19557.02,3129.12,99,22785.14,MXN,call_center
ORD00001598,CUST000928,delivered,2025-04-28 19:15:49,41030.65,6564.9,0,47595.55,MXN,web
ORD00001599,CUST000961,delivered,2025-02-09 14:38:22,111926.3,17908.21,99,129933.51,MXN,mobile_app
ORD00001600,CUST000471,paid,2026-04-25 20:08:05,33346.58,5335.45,99,38781.03,MXN,marketplace
ORD00001601,CUST000970,delivered,2025-07-28 23:05:24,112413.12,17986.1,49,130448.22,MXN,marketplace
ORD00001602,CUST000310,delivered,2025-10-25 22:24:33,179594.37,28735.1,49,208378.47,MXN,mobile_app
ORD00001603,CUST000940,delivered,2026-04-21 19:52:31,164395.75,26303.32,149,190848.07,MXN,marketplace
ORD00001604,CUST000704,delivered,2026-01-21 13:39:02,91289.91,14606.39,0,105896.3,MXN,mobile_app
ORD00001605,CUST000692,shipped,2026-01-26 22:29:08,53220.01,8515.2,49,61784.21,MXN,marketplace
ORD00001606,CUST000766,packed,2025-07-09 02:55:03,90628.2,14500.51,99,105227.71,MXN,marketplace
ORD00001607,CUST000456,paid,2025-05-09 21:26:09,85497.93,13679.67,49,99226.6,MXN,marketplace
ORD00001608,CUST001090,cancelled,2025-01-07 10:59:11,27481.55,4397.05,99,31977.6,MXN,marketplace
ORD00001609,CUST000318,delivered,2025-09-26 20:59:25,149075.27,23852.04,0,172927.31,MXN,mobile_app
ORD00001610,CUST000132,shipped,2025-08-07 23:17:26,122583.25,19613.32,49,142245.57,MXN,call_center
ORD00001611,CUST000213,delivered,2026-01-10 05:00:39,152933.55,24469.37,99,177501.92,MXN,marketplace
ORD00001612,CUST001097,delivered,2025-02-06 19:57:34,95950.8,15352.13,149,111451.93,MXN,call_center
ORD00001613,CUST000964,paid,2025-09-14 19:37:48,55345.75,8855.32,149,64350.07,MXN,mobile_app
ORD00001614,CUST001191,shipped,2025-06-15 11:08:39,23171.72,3707.48,99,26978.2,MXN,marketplace
ORD00001615,CUST000132,paid,2026-03-28 14:34:55,84299.11,13487.86,79,97865.97,MXN,call_center
ORD00001616,CUST000244,returned,2025-02-24 07:07:57,117739.09,18838.25,79,136656.34,MXN,web
ORD00001617,CUST000648,paid,2025-06-30 06:00:58,23075.25,3692.04,79,26846.29,MXN,mobile_app
ORD00001618,CUST000509,paid,2025-02-11 01:20:09,91354.49,14616.72,99,106070.21,MXN,mobile_app
ORD00001619,CUST000129,paid,2025-03-23 15:56:55,18708.61,2993.38,149,21850.99,MXN,mobile_app
ORD00001620,CUST001142,shipped,2026-01-15 06:00:47,38589.56,6174.33,79,44842.89,MXN,marketplace
ORD00001621,CUST000711,cancelled,2026-04-29 13:47:10,127354.22,20376.68,149,147879.9,MXN,web
ORD00001622,CUST000339,cancelled,2026-05-04 03:41:35,162106.31,25937.01,149,188192.32,MXN,marketplace
ORD00001623,CUST000360,shipped,2026-02-21 23:44:14,49603.07,7936.49,0,57539.56,MXN,mobile_app
ORD00001624,CUST000163,delivered,2025-06-21 01:11:06,48702.12,7792.34,49,56543.46,MXN,web
ORD00001625,CUST000426,cancelled,2025-12-03 00:04:35,212328.49,33972.56,99,246400.05,MXN,call_center
ORD00001626,CUST000060,paid,2025-07-08 21:35:38,92667.08,14826.73,79,107572.81,MXN,call_center
ORD00001627,CUST000498,cancelled,2025-09-23 17:38:14,46946.0,7511.36,79,54536.36,MXN,marketplace
ORD00001628,CUST000437,shipped,2025-09-21 19:39:47,150445.2,24071.23,49,174565.43,MXN,marketplace
ORD00001629,CUST000086,packed,2025-04-29 08:48:40,45156.45,7225.03,0,52381.48,MXN,marketplace
ORD00001630,CUST000214,shipped,2025-03-22 18:40:51,128795.56,20607.29,149,149551.85,MXN,web
ORD00001631,CUST000609,shipped,2025-08-05 08:18:53,16947.99,2711.68,49,19708.67,MXN,marketplace
ORD00001632,CUST001115,packed,2026-04-13 19:27:20,96364.32,15418.29,99,111881.61,MXN,call_center
ORD00001633,CUST000050,delivered,2026-05-10 03:15:20,48206.92,7713.11,0,55920.03,MXN,mobile_app
ORD00001634,CUST001034,paid,2026-01-23 10:17:17,80056.56,12809.05,149,93014.61,MXN,web
ORD00001635,CUST000240,delivered,2025-10-12 06:16:27,51553.4,8248.54,0,59801.94,MXN,mobile_app
ORD00001636,CUST000922,paid,2026-01-17 08:56:37,253214.63,40514.34,99,293827.97,MXN,marketplace
ORD00001637,CUST001164,delivered,2025-09-24 14:49:28,54274.42,8683.91,149,63107.33,MXN,web
ORD00001638,CUST000908,packed,2025-03-31 02:46:36,105577.42,16892.39,79,122548.81,MXN,mobile_app
ORD00001639,CUST000127,cancelled,2025-12-18 22:58:25,164839.62,26374.34,49,191262.96,MXN,web
ORD00001640,CUST000419,delivered,2025-02-01 08:22:06,55499.1,8879.86,0,64378.96,MXN,mobile_app
ORD00001641,CUST000615,paid,2025-02-14 00:39:25,100229.55,16036.73,49,116315.28,MXN,mobile_app
ORD00001642,CUST000894,paid,2025-07-01 09:43:01,6822.09,1091.53,49,7962.62,MXN,web
ORD00001643,CUST001130,packed,2025-01-31 03:00:30,22598.25,3615.72,0,26213.97,MXN,marketplace
ORD00001644,CUST000980,cancelled,2026-04-18 01:52:48,46092.7,7374.83,79,53546.53,MXN,marketplace
ORD00001645,CUST000833,paid,2025-01-07 08:08:00,158220.23,25315.24,49,183584.47,MXN,call_center
ORD00001646,CUST000876,shipped,2026-03-01 18:17:50,68826.99,11012.32,49,79888.31,MXN,web
ORD00001647,CUST000339,paid,2026-04-26 23:34:43,38674.89,6187.98,149,45011.87,MXN,marketplace
ORD00001648,CUST001148,paid,2025-01-27 16:41:59,92125.68,14740.11,149,107014.79,MXN,web
ORD00001649,CUST001051,paid,2025-04-30 16:15:19,58823.35,9411.74,99,68334.09,MXN,mobile_app
ORD00001650,CUST000479,cancelled,2025-12-01 19:07:59,124973.49,19995.76,0,144969.25,MXN,call_center
ORD00001651,CUST000596,packed,2025-01-28 18:42:09,30899.9,4943.98,49,35892.88,MXN,mobile_app
ORD00001652,CUST000047,paid,2025-07-13 09:59:00,162266.09,25962.57,79,188307.66,MXN,web
ORD00001653,CUST001016,packed,2025-12-19 11:06:30,85166.27,13626.6,49,98841.87,MXN,web
ORD00001654,CUST000808,delivered,2025-01-21 06:29:32,104889.9,16782.38,0,121672.28,MXN,call_center
ORD00001655,CUST000818,created,2025-12-25 13:54:10,138592.34,22174.77,49,160816.11,MXN,mobile_app
ORD00001656,CUST000447,paid,2025-12-25 05:37:28,37923.55,6067.77,99,44090.32,MXN,mobile_app
ORD00001657,CUST000512,paid,2025-05-22 20:01:00,94105.36,15056.86,79,109241.22,MXN,mobile_app
ORD00001658,CUST000351,shipped,2025-07-09 01:24:48,182085.4,29133.66,149,211368.06,MXN,web
ORD00001659,CUST001180,delivered,2025-11-23 20:51:00,60879.02,9740.64,149,70768.66,MXN,mobile_app
ORD00001660,CUST001122,paid,2026-01-15 20:20:56,135952.62,21752.42,99,157804.04,MXN,marketplace
ORD00001661,CUST001060,delivered,2025-12-01 13:20:39,68877.02,11020.32,0,79897.34,MXN,call_center
ORD00001662,CUST000682,cancelled,2025-09-26 03:07:42,117340.32,18774.45,79,136193.77,MXN,call_center
ORD00001663,CUST000366,paid,2026-02-27 13:49:46,120019.2,19203.07,79,139301.27,MXN,call_center
ORD00001664,CUST000064,cancelled,2025-06-03 23:31:19,38102.85,6096.46,0,44199.31,MXN,marketplace
ORD00001665,CUST000700,delivered,2025-09-21 22:03:17,121419.02,19427.04,79,140925.06,MXN,mobile_app
ORD00001666,CUST001024,paid,2025-12-18 03:19:35,50751.07,8120.17,149,59020.24,MXN,marketplace
ORD00001667,CUST000841,created,2025-11-26 07:46:18,40766.14,6522.58,49,47337.72,MXN,mobile_app
ORD00001668,CUST001017,returned,2025-04-27 09:08:31,109988.52,17598.16,79,127665.68,MXN,call_center
ORD00001669,CUST000044,paid,2026-03-31 18:04:54,10892.17,1742.75,79,12713.92,MXN,web
ORD00001670,CUST001114,paid,2025-03-30 03:49:48,99475.22,15916.04,0,115391.26,MXN,call_center
ORD00001671,CUST000354,cancelled,2026-01-14 06:36:08,60635.17,9701.63,79,70415.8,MXN,call_center
ORD00001672,CUST000877,packed,2026-03-24 10:52:00,43852.67,7016.43,99,50968.1,MXN,marketplace
ORD00001673,CUST000346,created,2026-01-24 17:48:18,61799.79,9887.97,0,71687.76,MXN,call_center
ORD00001674,CUST000420,packed,2025-07-30 09:58:53,145488.18,23278.11,149,168915.29,MXN,call_center
ORD00001675,CUST000187,paid,2025-02-05 20:54:41,102506.55,16401.05,99,119006.6,MXN,web
ORD00001676,CUST000491,cancelled,2025-02-01 19:26:23,149174.02,23867.84,49,173090.86,MXN,call_center
ORD00001677,CUST000736,delivered,2025-11-11 20:53:40,125062.44,20009.99,79,145151.43,MXN,mobile_app
ORD00001678,CUST000133,cancelled,2026-02-12 12:51:13,51551.69,8248.27,79,59878.96,MXN,call_center
ORD00001679,CUST000528,packed,2025-07-17 17:41:20,35044.72,5607.16,149,40800.88,MXN,call_center
ORD00001680,CUST000744,paid,2025-08-24 16:22:02,62972.91,10075.67,99,73147.58,MXN,marketplace
ORD00001681,CUST001146,shipped,2026-01-20 22:13:28,1412.86,226.06,49,1687.92,MXN,marketplace
ORD00001682,CUST000497,packed,2025-05-15 01:09:33,11940.85,1910.54,149,14000.39,MXN,web
ORD00001683,CUST001128,delivered,2025-05-07 22:27:13,123194.58,19711.13,49,142954.71,MXN,mobile_app
ORD00001684,CUST001170,returned,2026-05-18 05:15:33,133759.46,21401.51,149,155309.97,MXN,web
ORD00001685,CUST000916,delivered,2025-02-06 05:29:28,50317.09,8050.73,0,58367.82,MXN,mobile_app
ORD00001686,CUST000560,paid,2026-01-27 22:33:25,80742.55,12918.81,49,93710.36,MXN,call_center
ORD00001687,CUST000712,cancelled,2025-02-16 00:46:58,139146.71,22263.47,99,161509.18,MXN,marketplace
ORD00001688,CUST000566,delivered,2025-03-11 18:13:18,123488.01,19758.08,0,143246.09,MXN,mobile_app
ORD00001689,CUST000896,packed,2025-05-20 11:04:39,69530.82,11124.93,49,80704.75,MXN,marketplace
ORD00001690,CUST000908,paid,2025-06-22 23:03:59,220170.1,35227.22,99,255496.32,MXN,call_center
ORD00001691,CUST000981,paid,2025-10-13 21:48:23,68812.08,11009.93,99,79921.01,MXN,mobile_app
ORD00001692,CUST000398,shipped,2025-04-16 15:16:47,99694.22,15951.08,99,115744.3,MXN,mobile_app
ORD00001693,CUST001065,shipped,2025-06-29 07:52:28,49107.06,7857.13,0,56964.19,MXN,mobile_app
ORD00001694,CUST000470,delivered,2026-01-02 06:03:04,22266.81,3562.69,49,25878.5,MXN,marketplace
ORD00001695,CUST000070,delivered,2025-06-08 18:33:08,45228.06,7236.49,49,52513.55,MXN,mobile_app
ORD00001696,CUST000254,delivered,2026-05-07 02:06:04,193609.31,30977.49,0,224586.8,MXN,marketplace
ORD00001697,CUST000233,cancelled,2026-01-06 21:35:24,156386.42,25021.83,149,181557.25,MXN,mobile_app
ORD00001698,CUST000950,delivered,2026-04-28 03:08:06,44546.34,7127.41,149,51822.75,MXN,marketplace
ORD00001699,CUST000419,delivered,2025-07-24 08:03:14,20541.82,3286.69,149,23977.51,MXN,call_center
ORD00001700,CUST000960,cancelled,2026-02-07 06:00:46,11798.86,1887.82,149,13835.68,MXN,marketplace
ORD00001701,CUST001192,returned,2025-11-23 16:39:44,93678.19,14988.51,149,108815.7,MXN,call_center
ORD00001702,CUST000076,delivered,2025-11-10 05:32:34,55868.06,8938.89,149,64955.95,MXN,call_center
ORD00001703,CUST000506,delivered,2025-04-21 13:08:49,62467.03,9994.72,49,72510.75,MXN,call_center
ORD00001704,CUST000781,paid,2025-05-12 04:27:20,146703.68,23472.59,149,170325.27,MXN,marketplace
ORD00001705,CUST000690,paid,2026-04-09 07:05:22,44242.36,7078.78,99,51420.14,MXN,marketplace
ORD00001706,CUST000407,shipped,2025-02-27 20:31:38,114766.01,18362.56,49,133177.57,MXN,marketplace
ORD00001707,CUST000800,paid,2025-12-25 05:28:16,52712.74,8434.04,149,61295.78,MXN,mobile_app
ORD00001708,CUST000134,delivered,2025-11-27 22:47:28,22567.65,3610.82,149,26327.47,MXN,web
ORD00001709,CUST000620,shipped,2026-03-03 04:47:55,122796.52,19647.44,99,142542.96,MXN,marketplace
ORD00001710,CUST000744,cancelled,2026-05-05 09:55:57,2177.16,348.35,149,2674.51,MXN,web
ORD00001711,CUST000406,paid,2026-01-20 23:33:50,84714.16,13554.27,99,98367.43,MXN,marketplace
ORD00001712,CUST000523,delivered,2026-01-19 12:18:28,81209.25,12993.48,149,94351.73,MXN,web
ORD00001713,CUST000680,shipped,2025-10-30 03:19:09,20380.37,3260.86,149,23790.23,MXN,marketplace
ORD00001714,CUST000921,paid,2025-12-10 17:35:32,81085.55,12973.69,49,94108.24,MXN,marketplace
ORD00001715,CUST000119,paid,2025-04-27 08:25:05,168431.62,26949.06,0,195380.68,MXN,mobile_app
ORD00001716,CUST000210,packed,2025-10-04 06:09:20,50183.41,8029.35,79,58291.76,MXN,marketplace
ORD00001717,CUST000860,paid,2026-04-29 01:00:53,83589.88,13374.38,149,97113.26,MXN,web
ORD00001718,CUST000168,paid,2025-11-27 21:45:38,26606.41,4257.03,79,30942.44,MXN,marketplace
ORD00001719,CUST001129,delivered,2025-11-14 12:07:27,16333.38,2613.34,79,19025.72,MXN,web
ORD00001720,CUST000643,delivered,2026-02-09 18:38:16,37131.02,5940.96,99,43170.98,MXN,web
ORD00001721,CUST000206,shipped,2025-06-23 12:56:06,82525.18,13204.03,0,95729.21,MXN,web
ORD00001722,CUST000378,delivered,2025-08-17 14:12:41,20918.52,3346.96,99,24364.48,MXN,marketplace
ORD00001723,CUST000075,packed,2025-10-04 16:49:32,105715.77,16914.52,79,122709.29,MXN,mobile_app
ORD00001724,CUST000418,delivered,2025-05-07 13:21:01,155625.44,24900.07,49,180574.51,MXN,web
ORD00001725,CUST001153,created,2025-07-25 23:26:02,32978.1,5276.5,0,38254.6,MXN,call_center
ORD00001726,CUST001016,shipped,2025-10-10 02:49:36,51108.65,8177.38,0,59286.03,MXN,web
ORD00001727,CUST000372,delivered,2025-11-18 23:05:59,78019.44,12483.11,99,90601.55,MXN,marketplace
ORD00001728,CUST001005,paid,2025-03-14 11:16:58,42906.04,6864.97,0,49771.01,MXN,web
ORD00001729,CUST000249,cancelled,2025-04-13 08:10:42,42966.66,6874.67,79,49920.33,MXN,call_center
ORD00001730,CUST001190,paid,2025-04-16 08:50:57,53266.13,8522.58,99,61887.71,MXN,web
ORD00001731,CUST000042,delivered,2026-03-29 13:52:31,34043.08,5446.89,0,39489.97,MXN,marketplace
ORD00001732,CUST000736,packed,2025-01-24 22:55:40,40360.1,6457.62,49,46866.72,MXN,call_center
ORD00001733,CUST000013,paid,2026-02-08 00:22:39,41051.67,6568.27,149,47768.94,MXN,call_center
ORD00001734,CUST000210,created,2025-07-19 08:23:03,159302.35,25488.38,0,184790.73,MXN,call_center
ORD00001735,CUST000270,paid,2025-12-21 18:07:48,103891.64,16622.66,79,120593.3,MXN,web
ORD00001736,CUST000625,delivered,2025-04-22 03:06:52,14742.02,2358.72,99,17199.74,MXN,call_center
ORD00001737,CUST000367,delivered,2025-09-03 14:19:18,223190.75,35710.52,99,259000.27,MXN,web
ORD00001738,CUST000962,delivered,2025-08-16 23:06:29,107798.69,17247.79,0,125046.48,MXN,call_center
ORD00001739,CUST000793,delivered,2025-04-17 11:49:57,274177.94,43868.47,99,318145.41,MXN,marketplace
ORD00001740,CUST000776,delivered,2025-05-03 06:10:23,122375.35,19580.06,79,142034.41,MXN,mobile_app
ORD00001741,CUST000416,paid,2025-09-22 05:50:21,109913.06,17586.09,0,127499.15,MXN,marketplace
ORD00001742,CUST000308,delivered,2025-01-07 09:52:43,40237.05,6437.93,79,46753.98,MXN,marketplace
ORD00001743,CUST000848,packed,2025-01-13 22:31:57,121729.81,19476.77,49,141255.58,MXN,web
ORD00001744,CUST000568,delivered,2026-05-13 15:03:07,149475.36,23916.06,149,173540.42,MXN,mobile_app
ORD00001745,CUST000623,delivered,2025-02-05 01:19:45,56496.2,9039.39,49,65584.59,MXN,mobile_app
ORD00001746,CUST000190,shipped,2025-06-18 13:22:25,227859.51,36457.52,149,264466.03,MXN,call_center
ORD00001747,CUST000445,packed,2025-09-16 06:10:33,214807.38,34369.18,79,249255.56,MXN,marketplace
ORD00001748,CUST000381,delivered,2025-04-10 14:58:04,24755.67,3960.91,0,28716.58,MXN,marketplace
ORD00001749,CUST000095,paid,2025-07-13 19:32:20,118964.78,19034.36,99,138098.14,MXN,call_center
ORD00001750,CUST000778,delivered,2025-10-22 06:31:45,292600.44,46816.07,49,339465.51,MXN,call_center
ORD00001751,CUST001138,delivered,2025-10-07 13:09:59,1367.28,218.76,49,1635.04,MXN,web
ORD00001752,CUST000071,delivered,2026-01-09 10:06:11,5074.41,811.91,0,5886.32,MXN,web
ORD00001753,CUST000032,paid,2025-10-29 03:03:36,133017.83,21282.85,79,154379.68,MXN,mobile_app
ORD00001754,CUST000438,delivered,2025-02-23 16:37:50,136856.86,21897.1,99,158852.96,MXN,web
ORD00001755,CUST000189,delivered,2025-01-20 12:50:24,85662.22,13705.96,149,99517.18,MXN,call_center
ORD00001756,CUST000747,delivered,2026-02-26 13:21:58,131850.73,21096.12,149,153095.85,MXN,marketplace
ORD00001757,CUST000446,shipped,2025-12-21 10:52:42,45869.93,7339.19,49,53258.12,MXN,web
ORD00001758,CUST000329,paid,2025-05-11 00:10:23,203322.04,32531.53,149,236002.57,MXN,call_center
ORD00001759,CUST000635,shipped,2025-12-24 03:53:02,34051.99,5448.32,99,39599.31,MXN,call_center
ORD00001760,CUST000286,cancelled,2025-05-06 20:54:35,124692.87,19950.86,49,144692.73,MXN,call_center
ORD00001761,CUST000536,delivered,2025-06-17 09:05:39,84517.82,13522.85,49,98089.67,MXN,web
ORD00001762,CUST000824,delivered,2025-11-08 09:04:09,106739.21,17078.27,79,123896.48,MXN,marketplace
ORD00001763,CUST001185,paid,2026-03-13 20:17:56,213864.68,34218.35,0,248083.03,MXN,call_center
ORD00001764,CUST000039,delivered,2025-08-27 09:35:04,45297.7,7247.63,99,52644.33,MXN,marketplace
ORD00001765,CUST001187,cancelled,2025-09-29 13:15:17,156310.17,25009.63,99,181418.8,MXN,marketplace
ORD00001766,CUST001181,paid,2026-01-21 16:15:53,180481.98,28877.12,49,209408.1,MXN,marketplace
ORD00001767,CUST000183,paid,2026-01-13 02:51:56,201462.29,32233.97,149,233845.26,MXN,web
ORD00001768,CUST001004,paid,2025-11-12 09:10:38,19254.54,3080.73,0,22335.27,MXN,mobile_app
ORD00001769,CUST000218,packed,2025-09-17 16:01:57,14497.35,2319.58,49,16865.93,MXN,call_center
ORD00001770,CUST000515,delivered,2026-01-23 21:19:46,11362.61,1818.02,0,13180.63,MXN,call_center
ORD00001771,CUST000200,delivered,2025-10-26 15:06:13,56469.41,9035.11,0,65504.52,MXN,call_center
ORD00001772,CUST000931,cancelled,2026-04-22 04:57:14,148238.79,23718.21,99,172056.0,MXN,mobile_app
ORD00001773,CUST000886,paid,2025-08-26 07:54:51,71843.22,11494.92,79,83417.14,MXN,marketplace
ORD00001774,CUST000961,delivered,2025-03-22 10:28:00,72524.1,11603.86,0,84127.96,MXN,marketplace
ORD00001775,CUST000632,paid,2026-04-26 11:06:05,119891.07,19182.57,149,139222.64,MXN,call_center
ORD00001776,CUST000129,cancelled,2025-01-28 03:12:20,343654.66,54984.75,49,398688.41,MXN,call_center
ORD00001777,CUST000412,shipped,2025-04-27 19:17:58,219646.53,35143.44,79,254868.97,MXN,marketplace
ORD00001778,CUST000907,packed,2025-03-02 19:44:38,71028.58,11364.57,49,82442.15,MXN,marketplace
ORD00001779,CUST000049,paid,2025-10-11 03:36:31,87089.85,13934.38,79,101103.23,MXN,marketplace
ORD00001780,CUST001135,delivered,2025-01-26 06:33:17,103876.6,16620.26,149,120645.86,MXN,web
ORD00001781,CUST000508,delivered,2025-11-13 04:33:12,41694.67,6671.15,0,48365.82,MXN,marketplace
ORD00001782,CUST000179,created,2025-10-01 05:03:38,59921.75,9587.48,149,69658.23,MXN,mobile_app
ORD00001783,CUST001092,delivered,2025-12-18 01:03:49,110192.06,17630.73,0,127822.79,MXN,mobile_app
ORD00001784,CUST000448,cancelled,2025-04-17 00:22:07,86901.95,13904.31,49,100855.26,MXN,web
ORD00001785,CUST001179,delivered,2025-08-09 08:07:31,3322.41,531.59,49,3903.0,MXN,call_center
ORD00001786,CUST000894,shipped,2025-02-04 21:22:52,199119.43,31859.11,0,230978.54,MXN,call_center
ORD00001787,CUST000179,paid,2025-07-24 17:35:40,60303.84,9648.61,49,70001.45,MXN,call_center
ORD00001788,CUST000065,delivered,2025-05-25 06:14:54,7838.04,1254.09,99,9191.13,MXN,call_center
ORD00001789,CUST000124,paid,2026-01-09 12:21:10,160868.87,25739.02,79,186686.89,MXN,marketplace
ORD00001790,CUST001067,returned,2025-08-20 03:35:19,19681.0,3148.96,99,22928.96,MXN,call_center
ORD00001791,CUST000019,cancelled,2025-09-17 18:54:00,252295.28,40367.24,99,292761.52,MXN,mobile_app
ORD00001792,CUST001102,packed,2026-05-17 08:45:22,106625.38,17060.06,79,123764.44,MXN,mobile_app
ORD00001793,CUST000982,shipped,2025-05-24 11:06:33,226340.57,36214.49,149,262704.06,MXN,marketplace
ORD00001794,CUST000535,cancelled,2025-07-27 12:03:35,162661.11,26025.78,79,188765.89,MXN,mobile_app
ORD00001795,CUST000867,delivered,2026-04-27 00:50:44,6283.74,1005.4,49,7338.14,MXN,web
ORD00001796,CUST000267,cancelled,2026-04-17 12:15:50,239128.64,38260.58,99,277488.22,MXN,web
ORD00001797,CUST000724,delivered,2025-08-02 17:41:56,94945.84,15191.33,49,110186.17,MXN,web
ORD00001798,CUST000241,cancelled,2025-04-24 09:04:06,120521.92,19283.51,0,139805.43,MXN,call_center
ORD00001799,CUST001060,delivered,2025-04-09 02:41:07,13930.64,2228.9,0,16159.54,MXN,mobile_app
ORD00001800,CUST000115,paid,2025-09-27 04:54:31,131254.43,21000.71,149,152404.14,MXN,mobile_app
ORD00001801,CUST000555,delivered,2025-09-13 22:28:41,17051.57,2728.25,49,19828.82,MXN,call_center
ORD00001802,CUST000563,delivered,2025-04-13 03:24:52,19183.47,3069.36,79,22331.83,MXN,marketplace
ORD00001803,CUST000957,delivered,2025-11-22 07:02:54,82987.05,13277.93,0,96264.98,MXN,marketplace
ORD00001804,CUST000031,shipped,2025-08-17 11:44:54,40343.07,6454.89,79,46876.96,MXN,marketplace
ORD00001805,CUST000834,created,2025-08-14 14:57:18,78173.1,12507.7,79,90759.8,MXN,web
ORD00001806,CUST000127,delivered,2026-01-30 09:53:03,45664.61,7306.34,99,53069.95,MXN,call_center
ORD00001807,CUST001018,paid,2026-01-19 01:10:23,247668.59,39626.97,0,287295.56,MXN,web
ORD00001808,CUST001011,delivered,2025-02-18 06:04:45,172764.75,27642.36,99,200506.11,MXN,mobile_app
ORD00001809,CUST000405,packed,2026-03-14 19:00:30,141346.67,22615.47,99,164061.14,MXN,call_center
ORD00001810,CUST000540,delivered,2026-04-30 17:25:11,27743.61,4438.98,49,32231.59,MXN,mobile_app
ORD00001811,CUST001006,delivered,2025-04-25 14:04:15,186432.46,29829.19,0,216261.65,MXN,web
ORD00001812,CUST000695,returned,2025-08-08 17:58:03,93871.29,15019.41,49,108939.7,MXN,web
ORD00001813,CUST000869,returned,2026-03-10 14:24:52,23931.13,3828.98,149,27909.11,MXN,web
ORD00001814,CUST001148,packed,2026-04-21 22:42:05,16388.99,2622.24,149,19160.23,MXN,call_center
ORD00001815,CUST000105,paid,2025-08-17 03:01:22,250175.71,40028.11,49,290252.82,MXN,mobile_app
ORD00001816,CUST000801,packed,2026-03-08 20:22:03,6028.24,964.52,99,7091.76,MXN,web
ORD00001817,CUST001073,returned,2026-03-24 04:49:38,120612.47,19298.0,79,139989.47,MXN,mobile_app
ORD00001818,CUST000355,paid,2025-02-03 22:49:20,120135.56,19221.69,99,139456.25,MXN,web
ORD00001819,CUST000379,delivered,2025-01-02 21:27:54,21835.04,3493.61,149,25477.65,MXN,mobile_app
ORD00001820,CUST001082,paid,2025-08-19 19:21:20,151432.47,24229.2,149,175810.67,MXN,web
ORD00001821,CUST000381,paid,2025-08-17 07:33:14,149480.7,23916.91,149,173546.61,MXN,mobile_app
ORD00001822,CUST000341,delivered,2026-01-20 09:41:32,103360.88,16537.74,149,120047.62,MXN,mobile_app
ORD00001823,CUST000638,shipped,2025-10-29 12:01:12,62602.47,10016.4,149,72767.87,MXN,mobile_app
ORD00001824,CUST001166,delivered,2026-04-24 22:20:28,100400.18,16064.03,49,116513.21,MXN,mobile_app
ORD00001825,CUST000572,cancelled,2025-01-08 22:49:47,125393.25,20062.92,149,145605.17,MXN,mobile_app
ORD00001826,CUST000285,delivered,2026-03-24 19:27:23,67139.32,10742.29,49,77930.61,MXN,web
ORD00001827,CUST000464,paid,2025-12-30 06:45:13,130105.42,20816.87,149,151071.29,MXN,mobile_app
ORD00001828,CUST000106,delivered,2025-07-26 05:11:31,158430.58,25348.89,149,183928.47,MXN,call_center
ORD00001829,CUST001151,paid,2025-01-02 15:41:12,66187.07,10589.93,79,76856.0,MXN,marketplace
ORD00001830,CUST000440,cancelled,2025-11-18 17:49:37,18132.51,2901.2,99,21132.71,MXN,marketplace
ORD00001831,CUST000396,delivered,2025-07-15 04:45:54,4175.63,668.1,149,4992.73,MXN,call_center
ORD00001832,CUST000908,shipped,2025-07-14 05:27:22,9498.1,1519.7,49,11066.8,MXN,marketplace
ORD00001833,CUST000170,delivered,2026-05-06 13:21:31,178990.47,28638.48,149,207777.95,MXN,web
ORD00001834,CUST000539,cancelled,2025-05-26 15:56:32,47244.9,7559.18,99,54903.08,MXN,web
ORD00001835,CUST000572,paid,2025-04-11 02:03:47,112121.85,17939.5,79,130140.35,MXN,marketplace
ORD00001836,CUST000941,delivered,2025-08-18 11:59:57,207370.2,33179.23,0,240549.43,MXN,marketplace
ORD00001837,CUST000442,cancelled,2025-09-03 20:32:49,170405.98,27264.96,0,197670.94,MXN,call_center
ORD00001838,CUST001126,shipped,2026-04-02 11:02:13,189248.38,30279.74,49,219577.12,MXN,web
ORD00001839,CUST000259,paid,2025-12-11 10:52:28,19394.67,3103.15,99,22596.82,MXN,marketplace
ORD00001840,CUST000816,paid,2025-02-03 13:58:21,60625.69,9700.11,0,70325.8,MXN,call_center
ORD00001841,CUST000299,shipped,2025-07-14 14:31:45,80323.83,12851.81,99,93274.64,MXN,web
ORD00001842,CUST000295,delivered,2025-12-20 04:07:19,7422.27,1187.56,99,8708.83,MXN,call_center
ORD00001843,CUST000086,delivered,2025-11-28 02:10:23,28062.71,4490.03,99,32651.74,MXN,mobile_app
ORD00001844,CUST000370,packed,2025-07-07 03:13:21,18343.87,2935.02,79,21357.89,MXN,marketplace
ORD00001845,CUST001085,delivered,2025-08-07 22:33:04,76002.78,12160.44,49,88212.22,MXN,web
ORD00001846,CUST001082,created,2025-06-26 11:21:17,117663.99,18826.24,79,136569.23,MXN,web
ORD00001847,CUST001175,paid,2025-01-20 01:38:31,5135.48,821.68,0,5957.16,MXN,marketplace
ORD00001848,CUST000625,shipped,2026-02-27 19:50:57,68253.63,10920.58,49,79223.21,MXN,mobile_app
ORD00001849,CUST000854,delivered,2025-06-07 17:44:10,17919.63,2867.14,79,20865.77,MXN,marketplace
ORD00001850,CUST000397,delivered,2025-12-28 12:50:42,35196.21,5631.39,99,40926.6,MXN,marketplace
ORD00001851,CUST000478,cancelled,2025-12-17 04:12:52,48998.42,7839.75,99,56937.17,MXN,web
ORD00001852,CUST000553,paid,2025-12-09 09:46:52,79487.68,12718.03,149,92354.71,MXN,call_center
ORD00001853,CUST000190,delivered,2025-12-15 19:28:22,91830.74,14692.92,49,106572.66,MXN,mobile_app
ORD00001854,CUST000063,returned,2025-02-23 17:47:00,54457.59,8713.21,149,63319.8,MXN,mobile_app
ORD00001855,CUST000770,delivered,2025-08-12 07:48:22,52068.22,8330.92,79,60478.14,MXN,web
ORD00001856,CUST000790,delivered,2025-09-30 03:39:34,39931.28,6389.0,99,46419.28,MXN,call_center
ORD00001857,CUST000756,delivered,2025-01-06 05:01:04,93036.17,14885.79,0,107921.96,MXN,mobile_app
ORD00001858,CUST000785,paid,2025-02-20 08:58:57,114814.27,18370.28,79,133263.55,MXN,web
ORD00001859,CUST001139,delivered,2025-02-22 05:30:10,8150.54,1304.09,99,9553.63,MXN,call_center
ORD00001860,CUST000345,created,2026-02-14 15:06:24,121530.57,19444.89,149,141124.46,MXN,call_center
ORD00001861,CUST000627,created,2025-12-04 02:36:34,67919.92,10867.19,79,78866.11,MXN,web
ORD00001862,CUST000420,shipped,2025-10-14 03:22:44,140465.72,22474.52,149,163089.24,MXN,call_center
ORD00001863,CUST000969,packed,2025-05-27 21:45:50,9991.39,1598.62,0,11590.01,MXN,call_center
ORD00001864,CUST001018,shipped,2025-07-23 14:38:54,71324.3,11411.89,149,82885.19,MXN,marketplace
ORD00001865,CUST000443,paid,2026-02-22 03:16:52,75829.28,12132.68,99,88060.96,MXN,marketplace
ORD00001866,CUST000873,delivered,2026-05-13 10:08:43,46239.8,7398.37,99,53737.17,MXN,mobile_app
ORD00001867,CUST000432,paid,2025-10-15 01:06:53,16822.54,2691.61,149,19663.15,MXN,call_center
ORD00001868,CUST001141,created,2025-06-18 08:30:16,102442.16,16390.75,49,118881.91,MXN,web
ORD00001869,CUST000279,delivered,2026-04-10 15:41:00,118444.66,18951.15,49,137444.81,MXN,mobile_app
ORD00001870,CUST000262,delivered,2025-04-17 18:09:30,41387.26,6621.96,99,48108.22,MXN,marketplace
ORD00001871,CUST000017,delivered,2025-07-09 17:59:25,38268.16,6122.91,99,44490.07,MXN,call_center
ORD00001872,CUST001153,shipped,2025-03-03 06:23:06,66016.77,10562.68,79,76658.45,MXN,mobile_app
ORD00001873,CUST000717,shipped,2025-07-12 08:15:08,54902.03,8784.32,79,63765.35,MXN,web
ORD00001874,CUST000289,paid,2025-12-23 20:20:41,161518.16,25842.91,49,187410.07,MXN,web
ORD00001875,CUST000834,packed,2026-02-21 04:47:52,205817.37,32930.78,0,238748.15,MXN,web
ORD00001876,CUST000139,paid,2025-01-13 03:34:42,136996.56,21919.45,0,158916.01,MXN,call_center
ORD00001877,CUST000233,returned,2025-06-16 07:37:59,138364.76,22138.36,79,160582.12,MXN,call_center
ORD00001878,CUST000757,paid,2025-11-04 06:55:16,7423.89,1187.82,49,8660.71,MXN,call_center
ORD00001879,CUST000384,delivered,2025-08-23 11:35:56,25235.01,4037.6,79,29351.61,MXN,call_center
ORD00001880,CUST000348,delivered,2025-04-22 21:57:29,120741.86,19318.7,99,140159.56,MXN,web
ORD00001881,CUST000104,paid,2025-11-20 23:41:28,12895.25,2063.24,99,15057.49,MXN,mobile_app
ORD00001882,CUST000691,paid,2025-04-14 15:54:20,3604.39,576.7,49,4230.09,MXN,marketplace
ORD00001883,CUST000219,packed,2026-01-14 17:36:24,13237.13,2117.94,79,15434.07,MXN,call_center
ORD00001884,CUST000519,shipped,2025-03-08 17:10:50,78599.33,12575.89,0,91175.22,MXN,mobile_app
ORD00001885,CUST001061,returned,2025-09-22 12:12:07,82995.93,13279.35,79,96354.28,MXN,mobile_app
ORD00001886,CUST000623,paid,2026-04-06 07:46:22,17350.96,2776.15,0,20127.11,MXN,marketplace
ORD00001887,CUST000328,delivered,2026-03-20 01:33:57,79695.81,12751.33,0,92447.14,MXN,marketplace
ORD00001888,CUST000345,packed,2025-11-17 03:44:29,30384.2,4861.47,0,35245.67,MXN,web
ORD00001889,CUST000923,cancelled,2025-08-23 13:08:35,49821.4,7971.42,149,57941.82,MXN,call_center
ORD00001890,CUST000826,delivered,2025-10-10 17:12:41,170399.12,27263.86,79,197741.98,MXN,web
ORD00001891,CUST000642,delivered,2025-05-29 15:44:41,4242.92,678.87,0,4921.79,MXN,mobile_app
ORD00001892,CUST000127,packed,2026-02-06 20:42:23,20948.85,3351.82,79,24379.67,MXN,mobile_app
ORD00001893,CUST001113,cancelled,2025-07-14 17:29:31,19009.04,3041.45,79,22129.49,MXN,call_center
ORD00001894,CUST000357,shipped,2025-11-02 07:16:30,20326.0,3252.16,0,23578.16,MXN,mobile_app
ORD00001895,CUST000642,cancelled,2025-07-11 18:29:38,113937.08,18229.93,0,132167.01,MXN,marketplace
ORD00001896,CUST000276,cancelled,2026-04-26 20:28:41,79900.08,12784.01,79,92763.09,MXN,web
ORD00001897,CUST001105,shipped,2026-01-23 17:53:17,57292.42,9166.79,79,66538.21,MXN,web
ORD00001898,CUST000042,delivered,2025-07-07 06:27:59,2376.38,380.22,149,2905.6,MXN,call_center
ORD00001899,CUST000297,delivered,2025-08-09 07:45:18,112132.47,17941.2,0,130073.67,MXN,call_center
ORD00001900,CUST001090,delivered,2026-04-06 07:03:51,155754.88,24920.78,49,180724.66,MXN,mobile_app
ORD00001901,CUST000941,delivered,2026-03-03 15:20:00,195093.96,31215.03,49,226357.99,MXN,web
ORD00001902,CUST000166,delivered,2025-11-28 04:19:40,174132.55,27861.21,99,202092.76,MXN,marketplace
ORD00001903,CUST000013,delivered,2026-03-10 20:52:07,139908.95,22385.43,149,162443.38,MXN,call_center
ORD00001904,CUST000850,delivered,2025-04-08 06:45:00,16107.45,2577.19,149,18833.64,MXN,marketplace
ORD00001905,CUST001132,delivered,2025-08-06 01:45:57,80733.36,12917.34,0,93650.7,MXN,marketplace
ORD00001906,CUST000138,paid,2025-09-30 15:27:50,66462.73,10634.04,49,77145.77,MXN,call_center
ORD00001907,CUST000470,delivered,2025-11-09 04:00:39,155646.54,24903.45,99,180648.99,MXN,call_center
ORD00001908,CUST000081,cancelled,2025-06-04 08:26:49,29388.46,4702.15,0,34090.61,MXN,mobile_app
ORD00001909,CUST000724,delivered,2025-08-27 14:45:42,34941.39,5590.62,99,40631.01,MXN,mobile_app
ORD00001910,CUST000145,packed,2025-03-10 02:27:53,14770.27,2363.24,49,17182.51,MXN,web
ORD00001911,CUST000885,delivered,2025-09-17 16:20:56,46011.98,7361.92,0,53373.9,MXN,web
ORD00001912,CUST000265,shipped,2025-02-22 14:26:05,63714.74,10194.36,79,73988.1,MXN,call_center
ORD00001913,CUST000129,delivered,2025-11-26 19:20:19,174463.79,27914.21,49,202427.0,MXN,mobile_app
ORD00001914,CUST000043,paid,2025-08-06 13:31:20,154273.12,24683.7,0,178956.82,MXN,call_center
ORD00001915,CUST000740,cancelled,2025-02-21 12:43:47,19601.48,3136.24,0,22737.72,MXN,web
ORD00001916,CUST000599,paid,2025-03-27 20:20:14,115802.46,18528.39,0,134330.85,MXN,call_center
ORD00001917,CUST000301,delivered,2025-04-10 08:17:18,156394.69,25023.15,99,181516.84,MXN,call_center
ORD00001918,CUST000897,cancelled,2025-10-16 05:09:32,87813.72,14050.2,49,101912.92,MXN,web
ORD00001919,CUST001092,paid,2026-03-22 15:40:31,93918.72,15027.0,79,109024.72,MXN,call_center
ORD00001920,CUST001045,delivered,2025-03-07 15:05:18,100982.0,16157.12,0,117139.12,MXN,marketplace
ORD00001921,CUST000993,shipped,2025-09-05 18:33:35,97031.55,15525.05,49,112605.6,MXN,mobile_app
ORD00001922,CUST001196,shipped,2025-05-22 21:46:47,121723.57,19475.77,49,141248.34,MXN,call_center
ORD00001923,CUST001145,paid,2025-08-05 18:53:38,122574.38,19611.9,0,142186.28,MXN,call_center
ORD00001924,CUST001058,delivered,2026-04-06 23:17:47,70660.6,11305.7,0,81966.3,MXN,marketplace
ORD00001925,CUST001013,returned,2025-02-22 20:33:40,82747.43,13239.59,99,96086.02,MXN,web
ORD00001926,CUST000573,cancelled,2025-03-15 14:47:47,81199.01,12991.84,99,94289.85,MXN,web
ORD00001927,CUST001069,paid,2025-11-22 00:15:33,95201.3,15232.21,149,110582.51,MXN,call_center
ORD00001928,CUST000963,paid,2025-03-05 19:39:08,33405.46,5344.87,0,38750.33,MXN,mobile_app
ORD00001929,CUST000497,packed,2025-05-02 23:15:16,16572.54,2651.61,0,19224.15,MXN,call_center
ORD00001930,CUST000501,packed,2025-04-15 13:11:47,129242.92,20678.87,49,149970.79,MXN,web
ORD00001931,CUST000951,delivered,2025-12-10 13:15:54,118376.81,18940.29,0,137317.1,MXN,call_center
ORD00001932,CUST000591,paid,2025-07-10 08:16:06,37525.65,6004.1,99,43628.75,MXN,marketplace
ORD00001933,CUST000199,delivered,2026-02-01 05:02:17,56264.41,9002.31,0,65266.72,MXN,mobile_app
ORD00001934,CUST000556,cancelled,2025-07-07 23:49:15,183907.13,29425.14,99,213431.27,MXN,mobile_app
ORD00001935,CUST000646,cancelled,2025-03-12 23:59:53,75151.38,12024.22,0,87175.6,MXN,web
ORD00001936,CUST000056,paid,2026-05-13 03:54:48,170327.18,27252.35,49,197628.53,MXN,web
ORD00001937,CUST000634,paid,2025-07-25 15:49:35,90786.49,14525.84,99,105411.33,MXN,web
ORD00001938,CUST000641,delivered,2026-04-28 11:31:10,104823.91,16771.83,149,121744.74,MXN,mobile_app
ORD00001939,CUST000756,shipped,2025-02-16 14:58:18,70542.18,11286.75,79,81907.93,MXN,mobile_app
ORD00001940,CUST000713,paid,2026-02-02 01:00:46,63494.35,10159.1,0,73653.45,MXN,call_center
ORD00001941,CUST000648,cancelled,2025-02-05 09:30:27,257816.63,41250.66,79,299146.29,MXN,marketplace
ORD00001942,CUST001159,paid,2025-10-31 07:47:22,154131.59,24661.05,99,178891.64,MXN,marketplace
ORD00001943,CUST000748,shipped,2025-06-11 11:24:02,78685.16,12589.63,79,91353.79,MXN,marketplace
ORD00001944,CUST000726,delivered,2025-06-03 21:08:25,8660.88,1385.74,149,10195.62,MXN,mobile_app
ORD00001945,CUST000290,delivered,2026-05-07 01:40:50,133626.0,21380.16,0,155006.16,MXN,call_center
ORD00001946,CUST000117,paid,2025-06-19 00:28:53,25624.95,4099.99,149,29873.94,MXN,marketplace
ORD00001947,CUST000505,delivered,2026-05-08 22:12:02,194397.28,31103.56,79,225579.84,MXN,marketplace
ORD00001948,CUST000726,delivered,2025-12-21 12:15:45,26195.37,4191.26,49,30435.63,MXN,web
ORD00001949,CUST001010,delivered,2025-08-12 14:47:11,48005.73,7680.92,79,55765.65,MXN,web
ORD00001950,CUST000331,delivered,2025-06-15 15:46:34,32282.19,5165.15,99,37546.34,MXN,marketplace
ORD00001951,CUST000063,returned,2025-08-03 23:25:14,96220.66,15395.31,149,111764.97,MXN,web
ORD00001952,CUST000252,packed,2025-01-13 08:33:02,42572.09,6811.53,79,49462.62,MXN,marketplace
ORD00001953,CUST000348,returned,2026-02-13 11:16:38,36144.76,5783.16,49,41976.92,MXN,mobile_app
ORD00001954,CUST000652,paid,2025-07-25 19:51:38,160554.18,25688.67,49,186291.85,MXN,call_center
ORD00001955,CUST001185,paid,2025-05-26 07:55:31,126501.1,20240.18,0,146741.28,MXN,marketplace
ORD00001956,CUST000397,delivered,2026-05-03 19:21:55,145692.37,23310.78,149,169152.15,MXN,mobile_app
ORD00001957,CUST000135,shipped,2026-03-08 22:42:44,68207.01,10913.12,99,79219.13,MXN,mobile_app
ORD00001958,CUST000478,shipped,2025-12-29 18:51:55,67524.94,10803.99,0,78328.93,MXN,marketplace
ORD00001959,CUST001060,paid,2025-09-21 23:55:30,23613.32,3778.13,49,27440.45,MXN,call_center
ORD00001960,CUST001115,created,2025-01-15 09:33:38,46919.9,7507.18,0,54427.08,MXN,call_center
ORD00001961,CUST000175,cancelled,2025-05-02 15:38:50,52847.94,8455.67,49,61352.61,MXN,mobile_app
ORD00001962,CUST000663,shipped,2026-03-19 21:56:47,24289.74,3886.36,0,28176.1,MXN,marketplace
ORD00001963,CUST001057,cancelled,2025-12-27 20:00:07,65803.82,10528.61,149,76481.43,MXN,web
ORD00001964,CUST000405,paid,2025-05-10 23:37:43,131222.89,20995.66,99,152317.55,MXN,call_center
ORD00001965,CUST001011,shipped,2025-09-29 12:03:28,188450.91,30152.15,0,218603.06,MXN,marketplace
ORD00001966,CUST000897,cancelled,2025-05-17 16:25:16,87118.11,13938.9,49,101106.01,MXN,web
ORD00001967,CUST000632,delivered,2025-06-25 12:17:58,103395.13,16543.22,99,120037.35,MXN,marketplace
ORD00001968,CUST000397,delivered,2025-08-18 19:51:58,97886.81,15661.89,79,113627.7,MXN,web
ORD00001969,CUST000905,cancelled,2026-03-08 18:57:54,164781.02,26364.96,99,191244.98,MXN,call_center
ORD00001970,CUST000310,paid,2025-11-30 01:15:08,23020.16,3683.23,49,26752.39,MXN,call_center
ORD00001971,CUST001102,cancelled,2026-04-20 16:39:52,41421.54,6627.45,149,48197.99,MXN,mobile_app
ORD00001972,CUST000225,delivered,2025-12-01 21:24:24,105634.86,16901.58,0,122536.44,MXN,marketplace
ORD00001973,CUST000081,delivered,2026-01-10 17:56:45,126001.96,20160.31,99,146261.27,MXN,mobile_app
ORD00001974,CUST000885,paid,2026-04-03 20:52:07,38417.89,6146.86,49,44613.75,MXN,marketplace
ORD00001975,CUST001017,paid,2025-04-02 12:08:03,68201.03,10912.16,0,79113.19,MXN,marketplace
ORD00001976,CUST000480,delivered,2025-04-21 04:29:24,82887.89,13262.06,149,96298.95,MXN,web
ORD00001977,CUST000684,delivered,2026-01-17 10:52:03,17773.56,2843.77,79,20696.33,MXN,web
ORD00001978,CUST000504,shipped,2026-05-10 16:09:54,94795.92,15167.35,149,110112.27,MXN,call_center
ORD00001979,CUST000904,delivered,2025-01-22 10:44:45,19321.62,3091.46,99,22512.08,MXN,marketplace
ORD00001980,CUST000773,delivered,2025-03-19 03:19:53,116507.22,18641.16,149,135297.38,MXN,web
ORD00001981,CUST001000,cancelled,2025-08-28 21:47:39,121797.09,19487.53,149,141433.62,MXN,call_center
ORD00001982,CUST000895,cancelled,2025-05-25 19:50:21,70655.65,11304.9,0,81960.55,MXN,mobile_app
ORD00001983,CUST000595,delivered,2026-02-23 19:40:31,110178.85,17628.62,0,127807.47,MXN,call_center
ORD00001984,CUST000355,paid,2025-11-21 21:01:20,82632.89,13221.26,149,96003.15,MXN,mobile_app
ORD00001985,CUST000252,delivered,2025-09-01 22:11:26,7235.54,1157.69,0,8393.23,MXN,mobile_app
ORD00001986,CUST000284,paid,2025-01-06 05:17:15,171172.16,27387.55,79,198638.71,MXN,web
ORD00001987,CUST000952,packed,2025-10-23 01:17:58,39288.78,6286.2,79,45653.98,MXN,marketplace
ORD00001988,CUST000902,shipped,2025-11-08 05:03:37,245927.76,39348.44,0,285276.2,MXN,marketplace
ORD00001989,CUST000287,shipped,2026-04-01 05:59:06,156676.3,25068.21,49,181793.51,MXN,call_center
ORD00001990,CUST000295,packed,2025-12-30 12:31:08,49008.12,7841.3,0,56849.42,MXN,call_center
ORD00001991,CUST000349,delivered,2026-04-08 01:57:34,90647.92,14503.67,79,105230.59,MXN,call_center
ORD00001992,CUST000885,delivered,2025-06-07 00:42:28,27190.56,4350.49,0,31541.05,MXN,mobile_app
ORD00001993,CUST001161,paid,2025-07-05 16:30:06,18327.17,2932.35,149,21408.52,MXN,marketplace
ORD00001994,CUST000044,packed,2025-11-08 01:33:24,224934.28,35989.48,79,261002.76,MXN,web
ORD00001995,CUST000567,shipped,2025-05-30 19:07:16,190200.86,30432.14,149,220782.0,MXN,call_center
ORD00001996,CUST000183,packed,2025-07-07 14:33:19,108781.93,17405.11,79,126266.04,MXN,web
ORD00001997,CUST000951,cancelled,2026-02-19 16:19:51,124458.44,19913.35,99,144470.79,MXN,marketplace
ORD00001998,CUST000964,delivered,2025-11-23 22:14:24,116525.87,18644.14,99,135269.01,MXN,marketplace
ORD00001999,CUST000240,returned,2026-01-12 21:38:53,161558.81,25849.41,0,187408.22,MXN,marketplace
ORD00002000,CUST000261,paid,2025-01-08 00:18:03,78589.66,12574.35,99,91263.01,MXN,mobile_app
ORD00002001,CUST000625,shipped,2025-07-30 05:30:15,53707.38,8593.18,99,62399.56,MXN,mobile_app
ORD00002002,CUST000483,paid,2026-04-13 07:06:49,103707.24,16593.16,149,120449.4,MXN,web
ORD00002003,CUST000567,paid,2025-01-12 06:10:42,122972.14,19675.54,149,142796.68,MXN,marketplace
ORD00002004,CUST000389,created,2025-09-27 03:41:51,58545.81,9367.33,0,67913.14,MXN,call_center
ORD00002005,CUST000051,paid,2025-04-19 12:27:19,32777.98,5244.48,0,38022.46,MXN,web
ORD00002006,CUST000959,paid,2026-01-12 02:26:57,181950.0,29112.0,79,211141.0,MXN,call_center
ORD00002007,CUST000815,shipped,2025-02-20 09:17:38,135269.3,21643.09,99,157011.39,MXN,call_center
ORD00002008,CUST000877,packed,2025-03-24 03:22:28,100148.54,16023.77,99,116271.31,MXN,web
ORD00002009,CUST000285,packed,2025-02-23 13:46:15,31075.26,4972.04,49,36096.3,MXN,web
ORD00002010,CUST000895,shipped,2025-05-03 09:49:49,125277.23,20044.36,99,145420.59,MXN,web
ORD00002011,CUST000225,returned,2025-04-25 23:37:56,48323.4,7731.74,49,56104.14,MXN,web
ORD00002012,CUST000184,cancelled,2025-11-24 07:52:59,50375.56,8060.09,0,58435.65,MXN,web
ORD00002013,CUST000008,delivered,2025-08-03 10:59:28,83785.41,13405.67,79,97270.08,MXN,mobile_app
ORD00002014,CUST000329,delivered,2026-03-14 15:02:35,73404.69,11744.75,99,85248.44,MXN,call_center
ORD00002015,CUST001025,packed,2025-07-05 14:50:41,115459.34,18473.49,149,134081.83,MXN,marketplace
ORD00002016,CUST000447,created,2025-01-31 16:11:22,113919.05,18227.05,79,132225.1,MXN,call_center
ORD00002017,CUST000247,paid,2026-01-08 09:18:04,54398.03,8703.68,49,63150.71,MXN,marketplace
ORD00002018,CUST000776,delivered,2025-10-02 17:34:38,165435.68,26469.71,99,192004.39,MXN,mobile_app
ORD00002019,CUST000643,delivered,2025-02-22 19:19:58,217634.68,34821.55,0,252456.23,MXN,web
ORD00002020,CUST000469,shipped,2025-06-20 01:06:43,46911.63,7505.86,0,54417.49,MXN,mobile_app
ORD00002021,CUST000377,packed,2025-04-10 07:53:37,103036.44,16485.83,49,119571.27,MXN,mobile_app
ORD00002022,CUST000993,shipped,2025-11-04 23:16:26,85685.69,13709.71,99,99494.4,MXN,web
ORD00002023,CUST001117,paid,2025-03-02 04:18:08,101478.86,16236.62,49,117764.48,MXN,mobile_app
ORD00002024,CUST000341,delivered,2026-04-17 17:55:40,10348.29,1655.73,99,12103.02,MXN,mobile_app
ORD00002025,CUST001141,created,2025-07-22 04:20:29,114894.31,18383.09,99,133376.4,MXN,call_center
ORD00002026,CUST000050,returned,2025-02-09 01:36:43,145238.84,23238.21,0,168477.05,MXN,marketplace
ORD00002027,CUST000431,shipped,2026-02-07 08:58:29,91937.25,14709.96,149,106796.21,MXN,mobile_app
ORD00002028,CUST000685,shipped,2026-05-07 19:55:14,148537.67,23766.03,99,172402.7,MXN,mobile_app
ORD00002029,CUST000970,delivered,2025-02-12 14:31:10,107405.09,17184.81,99,124688.9,MXN,call_center
ORD00002030,CUST000216,packed,2025-02-05 16:59:45,124334.57,19893.53,149,144377.1,MXN,call_center
ORD00002031,CUST001065,returned,2026-02-10 06:38:18,214814.09,34370.25,49,249233.34,MXN,marketplace
ORD00002032,CUST000560,cancelled,2025-02-06 13:04:30,34184.98,5469.6,0,39654.58,MXN,mobile_app
ORD00002033,CUST000417,returned,2026-01-19 16:04:26,131286.83,21005.89,0,152292.72,MXN,mobile_app
ORD00002034,CUST000493,paid,2026-03-27 10:52:08,25717.17,4114.75,49,29880.92,MXN,web
ORD00002035,CUST000597,delivered,2025-01-04 18:47:46,62529.08,10004.65,0,72533.73,MXN,call_center
ORD00002036,CUST000992,created,2025-05-26 11:28:59,4544.59,727.13,0,5271.72,MXN,mobile_app
ORD00002037,CUST000201,shipped,2025-12-21 13:46:01,61313.19,9810.11,99,71222.3,MXN,marketplace
ORD00002038,CUST000436,cancelled,2025-05-16 06:38:59,82749.38,13239.9,79,96068.28,MXN,call_center
ORD00002039,CUST000624,delivered,2025-12-05 03:45:28,5179.99,828.8,149,6157.79,MXN,call_center
ORD00002040,CUST000023,shipped,2025-04-14 14:16:40,68932.09,11029.13,49,80010.22,MXN,mobile_app
ORD00002041,CUST000232,delivered,2025-10-23 11:54:25,20533.12,3285.3,49,23867.42,MXN,mobile_app
ORD00002042,CUST000544,shipped,2025-03-01 02:13:51,59990.83,9598.53,79,69668.36,MXN,mobile_app
ORD00002043,CUST000088,paid,2025-05-08 09:39:45,39944.35,6391.1,149,46484.45,MXN,marketplace
ORD00002044,CUST000595,shipped,2025-05-09 15:27:39,98369.99,15739.2,0,114109.19,MXN,call_center
ORD00002045,CUST000914,paid,2026-01-28 15:53:11,165619.73,26499.16,49,192167.89,MXN,call_center
ORD00002046,CUST000907,delivered,2025-07-01 15:30:05,72872.93,11659.67,99,84631.6,MXN,marketplace
ORD00002047,CUST000428,cancelled,2026-05-13 15:49:14,74850.08,11976.01,0,86826.09,MXN,marketplace
ORD00002048,CUST000057,packed,2025-12-14 11:22:15,61338.62,9814.18,99,71251.8,MXN,web
ORD00002049,CUST000477,shipped,2026-01-21 16:47:52,117122.35,18739.58,79,135940.93,MXN,mobile_app
ORD00002050,CUST000660,delivered,2025-09-12 12:16:08,26748.36,4279.74,99,31127.1,MXN,mobile_app
ORD00002051,CUST000931,delivered,2026-05-14 01:35:47,74928.38,11988.54,0,86916.92,MXN,mobile_app
ORD00002052,CUST000130,paid,2025-05-31 02:57:15,132011.92,21121.91,0,153133.83,MXN,call_center
ORD00002053,CUST000645,paid,2025-02-19 21:04:20,114055.31,18248.85,149,132453.16,MXN,call_center
ORD00002054,CUST001045,shipped,2026-03-08 23:23:58,11680.11,1868.82,149,13697.93,MXN,web
ORD00002055,CUST000631,paid,2026-05-09 00:02:14,18918.59,3026.97,0,21945.56,MXN,web
ORD00002056,CUST000205,delivered,2025-08-02 02:42:56,96751.31,15480.21,79,112310.52,MXN,mobile_app
ORD00002057,CUST000549,packed,2026-03-15 10:56:14,90270.6,14443.3,149,104862.9,MXN,mobile_app
ORD00002058,CUST000194,shipped,2025-12-16 09:49:13,131657.83,21065.25,0,152723.08,MXN,marketplace
ORD00002059,CUST000717,packed,2025-06-28 15:33:58,162890.27,26062.44,79,189031.71,MXN,call_center
ORD00002060,CUST000483,delivered,2025-10-08 05:04:14,121510.61,19441.7,79,141031.31,MXN,web
ORD00002061,CUST000498,shipped,2026-03-23 20:51:28,191335.42,30613.67,99,222048.09,MXN,marketplace
ORD00002062,CUST000269,delivered,2025-07-06 05:11:35,137473.12,21995.7,49,159517.82,MXN,web
ORD00002063,CUST000214,shipped,2025-11-16 05:48:28,18606.12,2976.98,79,21662.1,MXN,call_center
ORD00002064,CUST000402,cancelled,2025-07-18 09:29:06,84846.43,13575.43,49,98470.86,MXN,mobile_app
ORD00002065,CUST000747,created,2025-12-23 19:16:44,98892.6,15822.82,0,114715.42,MXN,web
ORD00002066,CUST000216,packed,2025-12-29 21:01:36,155858.48,24937.36,49,180844.84,MXN,web
ORD00002067,CUST000752,paid,2025-02-27 22:32:22,82319.72,13171.16,99,95589.88,MXN,mobile_app
ORD00002068,CUST000516,paid,2025-10-28 21:34:10,199245.0,31879.2,49,231173.2,MXN,web
ORD00002069,CUST000126,packed,2025-12-27 22:57:58,28974.66,4635.95,0,33610.61,MXN,mobile_app
ORD00002070,CUST000570,cancelled,2026-01-08 21:50:35,29208.55,4673.37,79,33960.92,MXN,mobile_app
ORD00002071,CUST000157,delivered,2025-01-20 23:17:20,21824.93,3491.99,79,25395.92,MXN,mobile_app
ORD00002072,CUST000980,delivered,2026-02-20 14:28:38,116776.19,18684.19,149,135609.38,MXN,call_center
ORD00002073,CUST000234,packed,2025-01-21 13:42:55,218726.94,34996.31,79,253802.25,MXN,web
ORD00002074,CUST000870,delivered,2025-03-02 05:12:00,34440.68,5510.51,0,39951.19,MXN,mobile_app
ORD00002075,CUST000392,shipped,2025-03-05 05:20:36,1596.96,255.51,99,1951.47,MXN,mobile_app
ORD00002076,CUST001143,shipped,2026-04-28 07:58:52,37544.47,6007.12,149,43700.59,MXN,call_center
ORD00002077,CUST000780,delivered,2026-04-25 22:14:20,103648.78,16583.8,79,120311.58,MXN,call_center
ORD00002078,CUST000029,shipped,2026-05-14 09:00:36,114317.43,18290.79,149,132757.22,MXN,marketplace
ORD00002079,CUST000936,delivered,2025-09-09 09:37:08,131235.72,20997.72,149,152382.44,MXN,call_center
ORD00002080,CUST001095,packed,2025-06-12 07:35:10,105485.91,16877.75,0,122363.66,MXN,marketplace
ORD00002081,CUST000471,paid,2026-03-19 13:51:06,67411.97,10785.92,79,78276.89,MXN,call_center
ORD00002082,CUST000785,delivered,2025-11-27 12:32:43,127046.51,20327.44,79,147452.95,MXN,mobile_app
ORD00002083,CUST000798,delivered,2025-05-09 07:27:01,98331.81,15733.09,79,114143.9,MXN,mobile_app
ORD00002084,CUST000659,packed,2025-11-11 18:57:38,128904.27,20624.68,99,149627.95,MXN,call_center
ORD00002085,CUST000743,shipped,2025-09-08 16:22:50,54476.8,8716.29,0,63193.09,MXN,mobile_app
ORD00002086,CUST000350,cancelled,2025-09-15 01:30:00,141079.21,22572.67,79,163730.88,MXN,call_center
ORD00002087,CUST000672,paid,2025-05-06 21:55:18,156401.58,25024.25,0,181425.83,MXN,marketplace
ORD00002088,CUST000184,delivered,2025-09-24 00:27:05,65420.31,10467.25,99,75986.56,MXN,marketplace
ORD00002089,CUST000963,paid,2025-09-06 16:16:51,234680.56,37548.89,99,272328.45,MXN,mobile_app
ORD00002090,CUST000045,paid,2025-07-30 14:02:06,29343.12,4694.9,149,34187.02,MXN,call_center
ORD00002091,CUST001077,paid,2026-01-21 06:35:59,57096.72,9135.48,49,66281.2,MXN,mobile_app
ORD00002092,CUST001040,paid,2025-02-01 21:32:29,165583.43,26493.35,79,192155.78,MXN,mobile_app
ORD00002093,CUST000860,paid,2025-11-30 21:38:32,33086.43,5293.83,49,38429.26,MXN,call_center
ORD00002094,CUST001134,created,2026-02-24 15:41:07,105587.56,16894.01,99,122580.57,MXN,call_center
ORD00002095,CUST000938,shipped,2025-12-27 05:26:05,196174.71,31387.95,149,227711.66,MXN,web
ORD00002096,CUST000678,paid,2025-07-14 06:32:33,5382.68,861.23,99,6342.91,MXN,mobile_app
ORD00002097,CUST001176,packed,2025-09-02 18:31:34,43085.13,6893.62,0,49978.75,MXN,mobile_app
ORD00002098,CUST000748,packed,2025-02-24 05:46:55,194065.82,31050.53,99,225215.35,MXN,marketplace
ORD00002099,CUST000218,delivered,2025-09-06 09:59:33,23026.81,3684.29,99,26810.1,MXN,call_center
ORD00002100,CUST000322,cancelled,2025-03-25 09:22:50,24781.79,3965.09,79,28825.88,MXN,web
ORD00002101,CUST000895,packed,2026-03-17 05:38:55,165369.94,26459.19,99,191928.13,MXN,web
ORD00002102,CUST000330,shipped,2025-10-18 16:19:44,132098.88,21135.82,149,153383.7,MXN,marketplace
ORD00002103,CUST000643,delivered,2025-11-02 16:55:57,90337.61,14454.02,79,104870.63,MXN,web
ORD00002104,CUST000759,packed,2025-05-12 22:41:59,52682.42,8429.19,79,61190.61,MXN,call_center
ORD00002105,CUST000020,shipped,2025-02-23 16:36:40,43925.91,7028.15,99,51053.06,MXN,mobile_app
ORD00002106,CUST000704,delivered,2025-02-04 12:48:49,71843.01,11494.88,49,83386.89,MXN,web
ORD00002107,CUST000848,paid,2025-03-17 22:04:57,109797.35,17567.58,79,127443.93,MXN,call_center
ORD00002108,CUST000663,shipped,2025-05-18 20:35:46,59809.46,9569.51,149,69527.97,MXN,marketplace
ORD00002109,CUST000185,delivered,2025-10-03 18:44:23,168293.08,26926.89,99,195318.97,MXN,call_center
ORD00002110,CUST001147,cancelled,2026-03-29 06:14:44,36421.88,5827.5,49,42298.38,MXN,call_center
ORD00002111,CUST000514,delivered,2025-11-13 09:13:19,172256.6,27561.06,149,199966.66,MXN,marketplace
ORD00002112,CUST000851,paid,2025-05-26 22:19:52,144712.96,23154.07,149,168016.03,MXN,mobile_app
ORD00002113,CUST000167,delivered,2025-04-23 21:02:31,206953.06,33112.49,49,240114.55,MXN,web
ORD00002114,CUST001171,cancelled,2025-11-26 23:55:00,39055.34,6248.85,0,45304.19,MXN,marketplace
ORD00002115,CUST000420,delivered,2025-10-29 21:32:31,137397.12,21983.54,49,159429.66,MXN,mobile_app
ORD00002116,CUST000009,paid,2025-04-04 14:18:31,44611.18,7137.79,149,51897.97,MXN,call_center
ORD00002117,CUST000500,returned,2025-12-29 11:44:57,36207.32,5793.17,79,42079.49,MXN,mobile_app
ORD00002118,CUST000796,shipped,2025-01-04 10:35:59,38530.76,6164.92,99,44794.68,MXN,call_center
ORD00002119,CUST000423,delivered,2026-05-14 00:20:07,163611.44,26177.83,0,189789.27,MXN,mobile_app
ORD00002120,CUST000327,paid,2025-12-31 02:34:30,77187.76,12350.04,99,89636.8,MXN,mobile_app
ORD00002121,CUST000666,delivered,2025-04-09 21:30:18,89540.34,14326.45,49,103915.79,MXN,web
ORD00002122,CUST000880,packed,2026-03-29 14:09:34,56427.34,9028.37,49,65504.71,MXN,web
ORD00002123,CUST000956,delivered,2026-01-12 06:22:01,74834.43,11973.51,99,86906.94,MXN,call_center
ORD00002124,CUST000469,delivered,2025-11-01 16:40:59,125820.43,20131.27,99,146050.7,MXN,web
ORD00002125,CUST000355,paid,2026-04-12 23:30:21,17213.6,2754.18,49,20016.78,MXN,marketplace
ORD00002126,CUST000406,delivered,2025-03-25 14:51:00,81096.28,12975.4,99,94170.68,MXN,web
ORD00002127,CUST001193,packed,2026-05-06 09:23:35,75726.22,12116.2,0,87842.42,MXN,call_center
ORD00002128,CUST000138,delivered,2025-04-08 17:06:46,47401.39,7584.22,149,55134.61,MXN,mobile_app
ORD00002129,CUST001040,cancelled,2026-01-26 12:35:26,58656.69,9385.07,79,68120.76,MXN,call_center
ORD00002130,CUST000905,shipped,2026-01-21 18:15:33,141232.5,22597.2,79,163908.7,MXN,marketplace
ORD00002131,CUST001155,cancelled,2025-01-19 09:45:41,55001.88,8800.3,79,63881.18,MXN,marketplace
ORD00002132,CUST000939,delivered,2026-01-09 00:39:25,91874.47,14699.92,79,106653.39,MXN,marketplace
ORD00002133,CUST000820,shipped,2025-12-11 13:18:09,106299.33,17007.89,0,123307.22,MXN,marketplace
ORD00002134,CUST000179,delivered,2025-04-30 19:08:07,47184.6,7549.54,149,54883.14,MXN,marketplace
ORD00002135,CUST000471,created,2025-11-15 06:31:42,108903.34,17424.53,49,126376.87,MXN,web
ORD00002136,CUST001184,shipped,2026-04-25 20:43:42,33160.18,5305.63,49,38514.81,MXN,call_center
ORD00002137,CUST000741,shipped,2025-11-23 15:11:59,74363.23,11898.12,99,86360.35,MXN,call_center
ORD00002138,CUST000980,packed,2025-01-27 09:11:45,77403.6,12384.58,149,89937.18,MXN,call_center
ORD00002139,CUST000494,delivered,2025-02-08 21:31:34,164924.43,26387.91,79,191391.34,MXN,call_center
ORD00002140,CUST001042,delivered,2025-02-07 19:54:07,65573.56,10491.77,0,76065.33,MXN,web
ORD00002141,CUST000072,paid,2025-12-17 02:29:24,183126.0,29300.16,149,212575.16,MXN,marketplace
ORD00002142,CUST000215,paid,2025-06-13 15:08:00,74392.75,11902.84,49,86344.59,MXN,marketplace
ORD00002143,CUST000139,paid,2025-03-22 10:35:03,96173.63,15387.78,99,111660.41,MXN,web
ORD00002144,CUST000468,paid,2025-04-19 08:52:50,202322.61,32371.62,49,234743.23,MXN,call_center
ORD00002145,CUST001127,shipped,2025-06-19 05:20:38,88488.23,14158.12,49,102695.35,MXN,mobile_app
ORD00002146,CUST000917,paid,2025-01-07 14:53:20,61435.39,9829.66,49,71314.05,MXN,web
ORD00002147,CUST000160,shipped,2025-12-31 23:38:41,70843.48,11334.96,99,82277.44,MXN,call_center
ORD00002148,CUST001011,delivered,2025-02-25 12:24:28,94940.81,15190.53,0,110131.34,MXN,mobile_app
ORD00002149,CUST000856,packed,2025-01-11 01:35:02,143055.65,22888.9,79,166023.55,MXN,call_center
ORD00002150,CUST000132,cancelled,2025-05-28 01:36:25,115763.51,18522.16,99,134384.67,MXN,marketplace
ORD00002151,CUST000364,shipped,2025-10-04 01:57:28,52839.28,8454.28,0,61293.56,MXN,marketplace
ORD00002152,CUST000214,delivered,2025-03-22 00:32:17,171016.4,27362.62,79,198458.02,MXN,call_center
ORD00002153,CUST001013,delivered,2025-01-29 19:10:09,2507.22,401.16,0,2908.38,MXN,mobile_app
ORD00002154,CUST001033,returned,2025-06-12 17:42:38,168433.82,26949.41,79,195462.23,MXN,call_center
ORD00002155,CUST000416,cancelled,2025-07-07 05:24:08,115035.49,18405.68,99,133540.17,MXN,mobile_app
ORD00002156,CUST000825,shipped,2025-05-30 10:11:40,48998.42,7839.75,79,56917.17,MXN,mobile_app
ORD00002157,CUST000951,packed,2025-03-10 20:59:19,119886.88,19181.9,49,139117.78,MXN,marketplace
ORD00002158,CUST000572,delivered,2025-12-31 17:40:36,170976.44,27356.23,49,198381.67,MXN,mobile_app
ORD00002159,CUST000286,delivered,2026-02-01 11:04:50,35045.8,5607.33,49,40702.13,MXN,marketplace
ORD00002160,CUST000195,packed,2026-01-25 18:13:56,66136.73,10581.88,79,76797.61,MXN,web
ORD00002161,CUST000105,packed,2025-06-30 09:18:44,55114.23,8818.28,99,64031.51,MXN,mobile_app
ORD00002162,CUST000669,cancelled,2025-08-24 03:56:27,17396.82,2783.49,149,20329.31,MXN,call_center
ORD00002163,CUST000738,paid,2025-12-11 02:39:22,261311.33,41809.81,79,303200.14,MXN,call_center
ORD00002164,CUST000599,paid,2026-05-01 12:50:09,75658.87,12105.42,149,87913.29,MXN,marketplace
ORD00002165,CUST000810,cancelled,2025-12-29 14:21:19,55773.52,8923.76,0,64697.28,MXN,marketplace
ORD00002166,CUST000794,paid,2025-02-02 12:42:23,22986.23,3677.8,99,26763.03,MXN,marketplace
ORD00002167,CUST000101,delivered,2026-02-05 10:51:33,103607.59,16577.21,79,120263.8,MXN,mobile_app
ORD00002168,CUST000071,cancelled,2025-06-27 15:59:09,39944.35,6391.1,49,46384.45,MXN,call_center
ORD00002169,CUST000884,returned,2025-05-19 23:22:46,55279.26,8844.68,79,64202.94,MXN,web
ORD00002170,CUST001093,packed,2026-05-09 17:34:45,117772.51,18843.6,99,136715.11,MXN,web
ORD00002171,CUST000124,cancelled,2025-05-22 20:57:24,18065.23,2890.44,0,20955.67,MXN,web
ORD00002172,CUST000906,delivered,2025-07-23 09:10:33,46807.56,7489.21,99,54395.77,MXN,call_center
ORD00002173,CUST001007,shipped,2026-02-28 20:22:43,87999.68,14079.95,79,102158.63,MXN,mobile_app
ORD00002174,CUST000434,delivered,2026-02-12 15:34:28,99945.51,15991.28,99,116035.79,MXN,mobile_app
ORD00002175,CUST001057,created,2025-10-19 03:56:35,23970.7,3835.31,99,27905.01,MXN,call_center
ORD00002176,CUST000194,shipped,2025-07-16 04:27:37,30002.48,4800.4,99,34901.88,MXN,marketplace
ORD00002177,CUST000731,delivered,2025-07-18 10:15:46,27134.78,4341.56,149,31625.34,MXN,mobile_app
ORD00002178,CUST000321,delivered,2025-01-05 11:52:08,25820.21,4131.23,149,30100.44,MXN,marketplace
ORD00002179,CUST000285,delivered,2025-03-27 22:54:05,142686.89,22829.9,99,165615.79,MXN,mobile_app
ORD00002180,CUST000279,delivered,2025-08-05 08:41:15,170981.52,27357.04,49,198387.56,MXN,mobile_app
ORD00002181,CUST001036,paid,2025-08-07 19:32:19,45429.85,7268.78,149,52847.63,MXN,marketplace
ORD00002182,CUST000317,delivered,2026-03-13 15:05:30,65280.6,10444.9,0,75725.5,MXN,marketplace
ORD00002183,CUST000042,returned,2025-09-16 09:58:34,78534.36,12565.5,149,91248.86,MXN,mobile_app
ORD00002184,CUST000433,shipped,2025-12-29 10:30:36,4775.77,764.12,79,5618.89,MXN,marketplace
ORD00002185,CUST000527,delivered,2026-01-01 11:08:01,84854.79,13576.77,99,98530.56,MXN,marketplace
ORD00002186,CUST000021,paid,2025-01-23 23:05:18,121084.4,19373.5,99,140556.9,MXN,mobile_app
ORD00002187,CUST000981,delivered,2025-08-17 04:17:44,219086.84,35053.89,0,254140.73,MXN,web
ORD00002188,CUST001113,paid,2025-01-02 05:18:22,219578.7,35132.59,99,254810.29,MXN,web
ORD00002189,CUST000281,delivered,2025-11-04 12:33:12,64856.34,10377.01,0,75233.35,MXN,mobile_app
ORD00002190,CUST000203,paid,2025-11-28 22:27:01,54222.01,8675.52,99,62996.53,MXN,marketplace
ORD00002191,CUST000321,delivered,2026-04-19 15:45:34,194325.15,31092.02,49,225466.17,MXN,call_center
ORD00002192,CUST000485,delivered,2025-08-14 11:12:24,2165.22,346.44,149,2660.66,MXN,call_center
ORD00002193,CUST000624,returned,2025-12-20 15:21:16,75292.93,12046.87,149,87488.8,MXN,web
ORD00002194,CUST001180,shipped,2025-11-20 21:38:55,7434.36,1189.5,99,8722.86,MXN,marketplace
ORD00002195,CUST001178,cancelled,2026-01-08 06:19:47,127782.44,20445.19,79,148306.63,MXN,web
ORD00002196,CUST000703,paid,2026-01-01 04:04:54,58241.75,9318.68,0,67560.43,MXN,call_center
ORD00002197,CUST000331,cancelled,2025-03-22 20:05:16,130257.4,20841.18,79,151177.58,MXN,web
ORD00002198,CUST000244,paid,2025-01-25 21:26:50,91765.17,14682.43,49,106496.6,MXN,web
ORD00002199,CUST001134,delivered,2025-04-22 12:21:02,110097.77,17615.64,149,127862.41,MXN,marketplace
ORD00002200,CUST000205,delivered,2025-09-28 01:07:40,85419.69,13667.15,149,99235.84,MXN,call_center
ORD00002201,CUST001012,shipped,2025-01-17 22:21:16,42219.75,6755.16,149,49123.91,MXN,web
ORD00002202,CUST000555,created,2025-08-26 05:32:55,13881.84,2221.09,79,16181.93,MXN,call_center
ORD00002203,CUST000093,paid,2025-04-26 17:30:31,50862.08,8137.93,0,59000.01,MXN,call_center
ORD00002204,CUST000996,delivered,2025-05-04 10:14:22,138993.11,22238.9,149,161381.01,MXN,mobile_app
ORD00002205,CUST000768,delivered,2025-03-31 06:01:45,39049.82,6247.97,79,45376.79,MXN,mobile_app
ORD00002206,CUST000293,delivered,2025-10-03 10:20:21,146335.55,23413.69,49,169798.24,MXN,web
ORD00002207,CUST000527,returned,2025-02-17 14:06:33,65086.75,10413.88,49,75549.63,MXN,web
ORD00002208,CUST000838,delivered,2025-11-05 05:44:30,181980.96,29116.95,99,211196.91,MXN,mobile_app
ORD00002209,CUST000668,shipped,2025-01-08 04:48:59,47770.29,7643.25,149,55562.54,MXN,web
ORD00002210,CUST000998,shipped,2025-11-13 06:48:03,102511.32,16401.81,49,118962.13,MXN,web
ORD00002211,CUST000812,returned,2026-05-13 08:58:54,61417.94,9826.87,79,71323.81,MXN,call_center
ORD00002212,CUST000259,shipped,2025-09-18 13:29:31,95754.54,15320.73,0,111075.27,MXN,call_center
ORD00002213,CUST000221,delivered,2025-09-06 18:18:41,161184.29,25789.49,0,186973.78,MXN,mobile_app
ORD00002214,CUST000317,delivered,2025-02-13 01:09:24,134310.67,21489.71,49,155849.38,MXN,web
ORD00002215,CUST000844,paid,2026-03-16 00:01:52,73525.61,11764.1,149,85438.71,MXN,web
ORD00002216,CUST000492,created,2026-02-08 08:20:21,138133.69,22101.39,79,160314.08,MXN,marketplace
ORD00002217,CUST000763,shipped,2025-04-14 14:26:28,137743.18,22038.91,79,159861.09,MXN,mobile_app
ORD00002218,CUST000765,delivered,2025-01-29 01:17:11,213741.94,34198.71,49,247989.65,MXN,marketplace
ORD00002219,CUST000883,created,2025-01-20 09:12:25,50308.14,8049.3,149,58506.44,MXN,call_center
ORD00002220,CUST000744,cancelled,2025-02-28 16:28:15,66769.29,10683.09,49,77501.38,MXN,call_center
ORD00002221,CUST000406,delivered,2025-07-27 11:26:37,108276.61,17324.26,79,125679.87,MXN,call_center
ORD00002222,CUST000183,paid,2025-11-05 03:13:50,95169.96,15227.19,0,110397.15,MXN,web
ORD00002223,CUST000005,paid,2025-03-25 06:33:35,86225.04,13796.01,149,100170.05,MXN,marketplace
ORD00002224,CUST000090,delivered,2026-03-08 12:19:23,116395.97,18623.36,149,135168.33,MXN,mobile_app
ORD00002225,CUST000017,shipped,2025-01-12 00:48:03,5219.63,835.14,149,6203.77,MXN,web
ORD00002226,CUST001120,paid,2025-04-04 18:43:25,52379.74,8380.76,149,60909.5,MXN,web
ORD00002227,CUST000099,packed,2025-09-21 09:20:25,80540.93,12886.55,49,93476.48,MXN,web
ORD00002228,CUST000484,paid,2025-02-23 04:41:38,171818.36,27490.94,79,199388.3,MXN,mobile_app
ORD00002229,CUST001036,paid,2025-03-31 03:07:46,120217.5,19234.8,79,139531.3,MXN,web
ORD00002230,CUST000353,created,2025-10-29 23:37:25,160927.88,25748.46,79,186755.34,MXN,call_center
ORD00002231,CUST001050,paid,2026-05-06 16:05:05,16572.54,2651.61,79,19303.15,MXN,mobile_app
ORD00002232,CUST001027,delivered,2026-03-19 14:01:16,129156.08,20664.97,49,149870.05,MXN,mobile_app
ORD00002233,CUST000464,shipped,2025-01-18 20:08:04,7522.15,1203.54,99,8824.69,MXN,web
ORD00002234,CUST000446,packed,2026-03-18 13:48:08,61855.76,9896.92,79,71831.68,MXN,mobile_app
ORD00002235,CUST001181,packed,2025-07-10 14:35:26,40837.82,6534.05,79,47450.87,MXN,marketplace
ORD00002236,CUST000289,shipped,2026-05-12 09:03:45,81873.42,13099.75,99,95072.17,MXN,call_center
ORD00002237,CUST000335,paid,2025-04-18 20:28:11,121985.56,19517.69,0,141503.25,MXN,mobile_app
ORD00002238,CUST000275,created,2026-02-04 04:11:53,53744.84,8599.17,99,62443.01,MXN,marketplace
ORD00002239,CUST000548,paid,2025-12-20 06:40:13,25651.1,4104.18,49,29804.28,MXN,mobile_app
ORD00002240,CUST000489,delivered,2025-04-07 01:51:56,128345.16,20535.23,49,148929.39,MXN,web
ORD00002241,CUST000200,delivered,2025-03-03 17:29:06,4516.31,722.61,49,5287.92,MXN,marketplace
ORD00002242,CUST000506,delivered,2025-12-30 17:16:50,50705.06,8112.81,99,58916.87,MXN,marketplace
ORD00002243,CUST000455,cancelled,2025-05-27 07:49:51,74086.03,11853.76,49,85988.79,MXN,marketplace
ORD00002244,CUST001009,shipped,2026-01-06 09:55:58,103604.43,16576.71,79,120260.14,MXN,web
ORD00002245,CUST000338,delivered,2025-03-24 20:06:49,85815.47,13730.48,49,99594.95,MXN,call_center
ORD00002246,CUST001095,shipped,2026-01-15 23:05:36,106444.72,17031.16,149,123624.88,MXN,mobile_app
ORD00002247,CUST000364,packed,2026-02-13 17:32:09,27222.28,4355.56,0,31577.84,MXN,call_center
ORD00002248,CUST000972,returned,2026-04-05 20:39:41,207960.21,33273.63,149,241382.84,MXN,marketplace
ORD00002249,CUST000596,packed,2026-05-10 22:31:24,58268.47,9322.96,79,67670.43,MXN,call_center
ORD00002250,CUST000438,shipped,2026-01-19 22:57:57,110331.42,17653.03,99,128083.45,MXN,mobile_app
ORD00002251,CUST000277,created,2025-01-16 18:53:26,11531.07,1844.97,79,13455.04,MXN,mobile_app
ORD00002252,CUST001034,delivered,2025-11-13 17:56:31,110252.19,17640.35,99,127991.54,MXN,call_center
ORD00002253,CUST000202,delivered,2026-05-07 06:01:49,17115.28,2738.44,79,19932.72,MXN,marketplace
ORD00002254,CUST001055,cancelled,2026-01-11 17:42:22,94943.37,15190.94,79,110213.31,MXN,mobile_app
ORD00002255,CUST000610,paid,2026-02-06 00:03:03,18300.23,2928.04,0,21228.27,MXN,call_center
ORD00002256,CUST000319,paid,2025-09-15 18:49:46,29576.85,4732.3,99,34408.15,MXN,marketplace
ORD00002257,CUST000917,shipped,2026-01-11 23:33:46,72354.57,11576.73,0,83931.3,MXN,mobile_app
ORD00002258,CUST000143,paid,2025-01-08 01:10:18,200583.76,32093.4,79,232756.16,MXN,call_center
ORD00002259,CUST000805,delivered,2025-11-17 05:52:20,157914.04,25266.25,99,183279.29,MXN,mobile_app
ORD00002260,CUST000104,paid,2025-06-19 08:15:31,49870.09,7979.21,149,57998.3,MXN,call_center
ORD00002261,CUST000778,paid,2026-01-16 07:10:58,5054.05,808.65,0,5862.7,MXN,call_center
ORD00002262,CUST000361,delivered,2026-02-10 21:49:09,201048.32,32167.73,99,233315.05,MXN,mobile_app
ORD00002263,CUST000220,packed,2026-03-22 03:33:23,76896.02,12303.36,149,89348.38,MXN,marketplace
ORD00002264,CUST000806,paid,2025-11-08 09:17:15,30504.44,4880.71,99,35484.15,MXN,mobile_app
ORD00002265,CUST000242,packed,2025-02-11 19:13:11,55336.2,8853.79,99,64288.99,MXN,call_center
ORD00002266,CUST000114,delivered,2025-08-22 08:58:46,108537.89,17366.06,79,125982.95,MXN,call_center
ORD00002267,CUST000903,shipped,2025-12-24 22:08:15,27028.11,4324.5,149,31501.61,MXN,web
ORD00002268,CUST000972,returned,2025-03-11 06:16:55,109158.51,17465.36,0,126623.87,MXN,mobile_app
ORD00002269,CUST000264,shipped,2025-10-31 18:32:13,93626.22,14980.2,49,108655.42,MXN,call_center
ORD00002270,CUST001117,paid,2026-02-21 02:59:52,122756.53,19641.04,79,142476.57,MXN,web
ORD00002271,CUST000724,delivered,2025-11-18 07:28:55,186995.61,29919.3,99,217013.91,MXN,web
ORD00002272,CUST000896,created,2025-06-01 10:18:18,89736.67,14357.87,49,104143.54,MXN,call_center
ORD00002273,CUST001080,shipped,2026-04-21 17:11:57,127007.31,20321.17,149,147477.48,MXN,marketplace
ORD00002274,CUST001022,shipped,2025-07-26 16:08:23,32571.23,5211.4,79,37861.63,MXN,web
ORD00002275,CUST001078,created,2026-03-01 08:20:46,118957.69,19033.23,0,137990.92,MXN,call_center
ORD00002276,CUST000997,shipped,2026-04-07 19:02:34,185903.89,29744.62,49,215697.51,MXN,call_center
ORD00002277,CUST000606,delivered,2025-10-29 21:11:06,138753.52,22200.56,149,161103.08,MXN,call_center
ORD00002278,CUST000469,returned,2025-06-04 06:46:56,172662.36,27625.98,149,200437.34,MXN,call_center
ORD00002279,CUST000502,returned,2025-08-12 22:17:24,10439.26,1670.28,149,12258.54,MXN,marketplace
ORD00002280,CUST000018,cancelled,2025-09-06 03:44:42,91688.08,14670.09,99,106457.17,MXN,web
ORD00002281,CUST000980,delivered,2026-05-14 08:12:40,37585.89,6013.74,49,43648.63,MXN,call_center
ORD00002282,CUST000774,delivered,2025-01-13 11:39:16,49438.97,7910.24,49,57398.21,MXN,call_center
ORD00002283,CUST000893,paid,2025-10-11 09:05:10,123084.69,19693.55,49,142827.24,MXN,web
ORD00002284,CUST001097,returned,2025-07-16 15:20:35,89539.47,14326.32,99,103964.79,MXN,marketplace
ORD00002285,CUST000978,shipped,2026-01-06 06:54:18,15237.22,2437.96,79,17754.18,MXN,call_center
ORD00002286,CUST000911,packed,2025-10-14 18:12:43,19466.23,3114.6,149,22729.83,MXN,call_center
ORD00002287,CUST000681,shipped,2025-10-17 23:03:19,61821.71,9891.47,0,71713.18,MXN,call_center
ORD00002288,CUST000472,packed,2025-10-22 23:41:15,97059.47,15529.52,49,112637.99,MXN,marketplace
ORD00002289,CUST000838,cancelled,2025-04-08 14:56:20,164651.2,26344.19,49,191044.39,MXN,marketplace
ORD00002290,CUST000968,cancelled,2025-09-01 17:04:06,89016.17,14242.59,79,103337.76,MXN,call_center
ORD00002291,CUST001033,paid,2026-03-05 18:35:42,153560.73,24569.72,99,178229.45,MXN,call_center
ORD00002292,CUST000056,shipped,2026-03-19 03:00:39,158589.12,25374.26,149,184112.38,MXN,web
ORD00002293,CUST000168,cancelled,2025-01-14 08:57:42,272323.34,43571.73,79,315974.07,MXN,marketplace
ORD00002294,CUST000161,shipped,2025-09-30 19:22:41,53471.47,8555.44,79,62105.91,MXN,mobile_app
ORD00002295,CUST001197,delivered,2026-03-05 02:05:54,177345.78,28375.32,99,205820.1,MXN,marketplace
ORD00002296,CUST000646,delivered,2025-06-05 17:14:49,41534.77,6645.56,99,48279.33,MXN,marketplace
ORD00002297,CUST000978,shipped,2025-04-21 05:51:48,65466.72,10474.68,0,75941.4,MXN,mobile_app
ORD00002298,CUST000094,delivered,2025-11-14 11:34:39,29590.06,4734.41,99,34423.47,MXN,marketplace
ORD00002299,CUST000460,delivered,2025-12-16 08:47:49,179291.09,28686.57,49,208026.66,MXN,web
ORD00002300,CUST001084,shipped,2025-10-16 22:11:26,4784.39,765.5,149,5698.89,MXN,mobile_app
ORD00002301,CUST000871,cancelled,2026-02-05 16:53:45,253352.93,40536.47,79,293968.4,MXN,marketplace
ORD00002302,CUST001156,shipped,2025-10-04 07:13:17,71275.59,11404.09,99,82778.68,MXN,call_center
ORD00002303,CUST000268,returned,2025-10-02 19:09:11,102203.46,16352.55,149,118705.01,MXN,call_center
ORD00002304,CUST000310,packed,2025-06-14 01:37:00,53373.14,8539.7,0,61912.84,MXN,call_center
ORD00002305,CUST000621,paid,2026-03-27 09:15:15,97705.54,15632.89,99,113437.43,MXN,call_center
ORD00002306,CUST000183,delivered,2025-06-29 09:21:59,5032.27,805.16,79,5916.43,MXN,web
ORD00002307,CUST000087,cancelled,2025-02-02 04:20:04,127713.89,20434.22,99,148247.11,MXN,web
ORD00002308,CUST000788,delivered,2025-08-29 21:58:10,73925.64,11828.1,49,85802.74,MXN,call_center
ORD00002309,CUST000433,paid,2026-03-13 20:18:58,52072.82,8331.65,0,60404.47,MXN,mobile_app
ORD00002310,CUST000483,paid,2025-09-29 10:44:47,109539.97,17526.4,0,127066.37,MXN,marketplace
ORD00002311,CUST000732,delivered,2025-06-14 10:43:31,136923.63,21907.78,99,158930.41,MXN,web
ORD00002312,CUST001157,shipped,2026-03-27 03:35:14,30542.01,4886.72,149,35577.73,MXN,marketplace
ORD00002313,CUST000778,paid,2026-04-14 03:51:15,19019.03,3043.04,79,22141.07,MXN,marketplace
ORD00002314,CUST000535,packed,2025-11-14 13:35:15,45858.34,7337.33,49,53244.67,MXN,call_center
ORD00002315,CUST000222,shipped,2025-04-09 19:45:09,185901.55,29744.25,149,215794.8,MXN,web
ORD00002316,CUST001156,shipped,2026-05-18 23:26:21,163728.87,26196.62,49,189974.49,MXN,call_center
ORD00002317,CUST000169,delivered,2025-07-25 20:59:48,23303.1,3728.5,49,27080.6,MXN,call_center
ORD00002318,CUST000536,returned,2025-08-09 12:49:04,114526.0,18324.16,149,132999.16,MXN,call_center
ORD00002319,CUST000878,created,2025-04-15 21:16:18,115475.77,18476.12,49,134000.89,MXN,marketplace
ORD00002320,CUST000356,delivered,2026-01-05 02:47:20,35301.33,5648.21,0,40949.54,MXN,marketplace
ORD00002321,CUST000895,delivered,2025-07-23 03:15:50,98587.31,15773.97,79,114440.28,MXN,marketplace
ORD00002322,CUST000700,paid,2025-10-27 08:08:29,28169.3,4507.09,149,32825.39,MXN,marketplace
ORD00002323,CUST000252,packed,2025-10-07 16:28:33,6822.09,1091.53,49,7962.62,MXN,marketplace
ORD00002324,CUST000290,packed,2026-01-09 19:01:01,120229.41,19236.71,99,139565.12,MXN,web
ORD00002325,CUST000310,paid,2025-10-31 22:12:14,69685.49,11149.68,49,80884.17,MXN,mobile_app
ORD00002326,CUST000833,paid,2025-12-31 22:52:02,50383.06,8061.29,99,58543.35,MXN,call_center
ORD00002327,CUST000597,cancelled,2025-12-04 10:07:32,103099.56,16495.93,99,119694.49,MXN,marketplace
ORD00002328,CUST001196,returned,2025-04-28 07:44:58,166754.04,26680.65,99,193533.69,MXN,call_center
ORD00002329,CUST001034,delivered,2025-07-22 10:34:33,200475.65,32076.1,49,232600.75,MXN,web
ORD00002330,CUST000991,delivered,2025-12-16 16:02:51,51846.91,8295.51,79,60221.42,MXN,web
ORD00002331,CUST001049,paid,2025-01-13 05:07:11,129031.89,20645.1,149,149825.99,MXN,marketplace
ORD00002332,CUST000398,paid,2025-02-25 21:28:55,63474.17,10155.87,0,73630.04,MXN,marketplace
ORD00002333,CUST001188,created,2025-03-07 14:26:39,76325.35,12212.06,49,88586.41,MXN,call_center
ORD00002334,CUST000358,packed,2025-04-22 11:59:40,69207.83,11073.25,79,80360.08,MXN,web
ORD00002335,CUST000852,paid,2025-04-08 09:06:53,123087.93,19694.07,149,142931.0,MXN,call_center
ORD00002336,CUST000725,cancelled,2025-05-23 20:48:21,73810.92,11809.75,49,85669.67,MXN,web
ORD00002337,CUST000596,shipped,2025-02-02 14:25:05,73003.22,11680.52,79,84762.74,MXN,mobile_app
ORD00002338,CUST001185,paid,2025-01-14 21:29:58,4956.24,793.0,0,5749.24,MXN,marketplace
ORD00002339,CUST000802,packed,2025-05-18 13:03:17,9006.86,1441.1,49,10496.96,MXN,marketplace
ORD00002340,CUST001009,shipped,2025-08-10 16:32:51,108738.6,17398.18,49,126185.78,MXN,web
ORD00002341,CUST000677,paid,2025-05-16 05:40:26,15026.68,2404.27,79,17509.95,MXN,web
ORD00002342,CUST000230,delivered,2025-08-19 11:10:08,59455.96,9512.95,0,68968.91,MXN,call_center
ORD00002343,CUST000638,delivered,2025-10-08 09:40:07,127708.36,20433.34,149,148290.7,MXN,mobile_app
ORD00002344,CUST000980,packed,2025-09-30 03:40:29,106880.41,17100.87,0,123981.28,MXN,call_center
ORD00002345,CUST000952,delivered,2025-01-25 08:22:57,18603.75,2976.6,49,21629.35,MXN,web
ORD00002346,CUST000160,delivered,2025-06-26 07:59:00,75336.47,12053.84,0,87390.31,MXN,marketplace
ORD00002347,CUST000831,paid,2025-01-25 01:46:29,125423.45,20067.75,99,145590.2,MXN,marketplace
ORD00002348,CUST000268,packed,2025-10-28 01:41:58,20932.21,3349.15,149,24430.36,MXN,mobile_app
ORD00002349,CUST000390,created,2025-03-23 20:52:08,60573.48,9691.76,149,70414.24,MXN,marketplace
ORD00002350,CUST000060,paid,2026-03-07 08:47:34,70125.53,11220.08,99,81444.61,MXN,mobile_app
ORD00002351,CUST000734,delivered,2025-05-03 04:14:31,167136.46,26741.83,79,193957.29,MXN,mobile_app
ORD00002352,CUST000541,paid,2025-03-26 23:52:26,34309.22,5489.48,99,39897.7,MXN,call_center
ORD00002353,CUST000201,packed,2025-02-12 04:38:39,114000.19,18240.03,99,132339.22,MXN,marketplace
ORD00002354,CUST000167,delivered,2025-08-22 19:18:30,135745.05,21719.21,149,157613.26,MXN,call_center
ORD00002355,CUST000713,packed,2025-05-07 18:32:30,18973.73,3035.8,149,22158.53,MXN,web
ORD00002356,CUST000822,cancelled,2026-03-07 04:17:25,7169.55,1147.13,0,8316.68,MXN,web
ORD00002357,CUST000137,paid,2025-07-20 10:33:16,153652.68,24584.43,49,178286.11,MXN,web
ORD00002358,CUST000418,paid,2025-12-11 14:35:31,160071.24,25611.4,79,185761.64,MXN,call_center
ORD00002359,CUST000011,paid,2025-05-30 04:11:14,14319.82,2291.17,99,16709.99,MXN,web
ORD00002360,CUST000946,packed,2025-01-23 11:14:26,48232.11,7717.14,49,55998.25,MXN,mobile_app
ORD00002361,CUST000186,delivered,2026-02-10 17:15:38,1158.54,185.37,49,1392.91,MXN,marketplace
ORD00002362,CUST000963,packed,2026-04-02 00:55:15,125148.55,20023.77,0,145172.32,MXN,call_center
ORD00002363,CUST001133,cancelled,2025-04-26 09:13:04,82319.72,13171.16,49,95539.88,MXN,marketplace
ORD00002364,CUST000354,returned,2025-08-24 07:31:30,58652.8,9384.45,79,68116.25,MXN,marketplace
ORD00002365,CUST000811,paid,2025-12-06 00:54:50,112571.0,18011.36,149,130731.36,MXN,marketplace
ORD00002366,CUST000201,delivered,2026-05-03 17:09:23,141291.4,22606.62,0,163898.02,MXN,call_center
ORD00002367,CUST000554,delivered,2026-03-27 21:05:00,17014.99,2722.4,79,19816.39,MXN,web
ORD00002368,CUST000197,shipped,2025-06-15 14:14:18,62748.82,10039.81,99,72887.63,MXN,mobile_app
ORD00002369,CUST000216,cancelled,2025-01-10 05:29:32,90229.15,14436.66,79,104744.81,MXN,web
ORD00002370,CUST000661,cancelled,2026-05-08 10:35:18,160801.38,25728.22,49,186578.6,MXN,marketplace
ORD00002371,CUST000961,shipped,2025-07-13 02:24:53,145755.86,23320.94,79,169155.8,MXN,web
ORD00002372,CUST001155,shipped,2025-06-16 10:13:15,20207.15,3233.14,99,23539.29,MXN,call_center
ORD00002373,CUST000551,created,2026-05-16 09:56:44,180364.05,28858.25,0,209222.3,MXN,marketplace
ORD00002374,CUST000916,packed,2025-04-30 02:04:28,137754.91,22040.79,99,159894.7,MXN,mobile_app
ORD00002375,CUST001000,delivered,2026-02-03 07:16:36,116012.96,18562.07,49,134624.03,MXN,mobile_app
ORD00002376,CUST000430,returned,2025-07-07 12:20:06,53798.61,8607.78,0,62406.39,MXN,mobile_app
ORD00002377,CUST001064,cancelled,2025-09-25 05:15:32,51360.88,8217.74,99,59677.62,MXN,mobile_app
ORD00002378,CUST000295,packed,2025-06-06 13:09:59,181705.16,29072.83,0,210777.99,MXN,call_center
ORD00002379,CUST000489,paid,2026-01-09 17:15:15,130522.02,20883.52,79,151484.54,MXN,mobile_app
ORD00002380,CUST000676,returned,2025-06-25 17:08:23,6822.09,1091.53,149,8062.62,MXN,call_center
ORD00002381,CUST001013,delivered,2026-04-18 02:07:26,267225.05,42756.01,0,309981.06,MXN,mobile_app
ORD00002382,CUST001194,paid,2025-04-26 09:52:59,32345.26,5175.24,0,37520.5,MXN,web
ORD00002383,CUST000974,paid,2025-09-12 21:35:34,14546.0,2327.36,149,17022.36,MXN,marketplace
ORD00002384,CUST001076,delivered,2025-08-12 23:10:08,27134.78,4341.56,49,31525.34,MXN,mobile_app
ORD00002385,CUST000468,cancelled,2025-05-13 03:24:09,101678.3,16268.53,79,118025.83,MXN,call_center
ORD00002386,CUST001064,shipped,2025-06-09 07:22:32,23781.02,3804.96,99,27684.98,MXN,web
ORD00002387,CUST001057,delivered,2025-01-06 01:36:39,122372.37,19579.58,0,141951.95,MXN,mobile_app
ORD00002388,CUST000910,paid,2026-05-11 12:14:19,174833.61,27973.38,79,202885.99,MXN,marketplace
ORD00002389,CUST000642,created,2025-08-28 16:28:01,108845.05,17415.21,0,126260.26,MXN,web
ORD00002390,CUST001138,delivered,2025-05-20 04:30:43,121874.56,19499.93,99,141473.49,MXN,mobile_app
ORD00002391,CUST000698,shipped,2026-02-05 08:35:42,151964.17,24314.27,49,176327.44,MXN,web
ORD00002392,CUST000914,packed,2025-01-13 12:48:51,191097.89,30575.66,99,221772.55,MXN,web
ORD00002393,CUST000214,packed,2026-04-04 11:39:57,20428.11,3268.5,79,23775.61,MXN,web
ORD00002394,CUST000472,shipped,2026-01-14 18:45:14,6094.11,975.06,99,7168.17,MXN,mobile_app
ORD00002395,CUST000057,paid,2025-11-18 16:39:48,131817.76,21090.84,99,153007.6,MXN,marketplace
ORD00002396,CUST000261,shipped,2025-08-20 21:27:13,95206.23,15233.0,149,110588.23,MXN,web
ORD00002397,CUST000687,packed,2025-06-19 23:32:06,111877.65,17900.42,79,129857.07,MXN,marketplace
ORD00002398,CUST000023,paid,2026-02-22 04:26:50,145277.72,23244.44,79,168601.16,MXN,web
ORD00002399,CUST000741,returned,2025-03-07 23:02:22,88230.71,14116.91,0,102347.62,MXN,call_center
ORD00002400,CUST001021,delivered,2025-09-03 09:54:13,109404.99,17504.8,99,127008.79,MXN,web
ORD00002401,CUST001170,delivered,2025-02-26 01:10:36,119674.27,19147.88,79,138901.15,MXN,web
ORD00002402,CUST000047,delivered,2025-08-16 11:50:30,122786.46,19645.83,149,142581.29,MXN,call_center
ORD00002403,CUST000719,packed,2025-05-13 08:24:47,42615.24,6818.44,99,49532.68,MXN,call_center
ORD00002404,CUST000276,shipped,2025-09-03 15:26:10,37581.46,6013.03,0,43594.49,MXN,call_center
ORD00002405,CUST000679,paid,2025-03-03 10:54:05,105321.86,16851.5,0,122173.36,MXN,marketplace
ORD00002406,CUST000493,packed,2025-03-26 13:06:04,4162.77,666.04,79,4907.81,MXN,web
ORD00002407,CUST000887,shipped,2025-08-02 05:28:31,78482.15,12557.14,99,91138.29,MXN,call_center
ORD00002408,CUST000967,paid,2025-02-14 23:32:04,102103.79,16336.61,99,118539.4,MXN,marketplace
ORD00002409,CUST000749,shipped,2026-05-15 22:10:52,102814.12,16450.26,149,119413.38,MXN,web
ORD00002410,CUST000181,cancelled,2025-07-08 00:40:35,73190.8,11710.53,99,85000.33,MXN,marketplace
ORD00002411,CUST001177,delivered,2025-03-13 16:54:40,172334.25,27573.48,49,199956.73,MXN,mobile_app
ORD00002412,CUST000593,delivered,2026-03-12 05:40:45,107950.46,17272.07,49,125271.53,MXN,marketplace
ORD00002413,CUST000304,paid,2025-09-30 07:51:46,37204.36,5952.7,99,43256.06,MXN,mobile_app
ORD00002414,CUST001103,shipped,2026-03-21 00:19:29,149794.38,23967.1,49,173810.48,MXN,call_center
ORD00002415,CUST000519,packed,2025-04-09 00:09:28,123688.81,19790.21,79,143558.02,MXN,call_center
ORD00002416,CUST000436,delivered,2026-04-05 05:01:54,72276.73,11564.28,99,83940.01,MXN,call_center
ORD00002417,CUST000114,returned,2025-04-15 16:16:47,20061.27,3209.8,79,23350.07,MXN,marketplace
ORD00002418,CUST000578,delivered,2025-01-28 19:00:28,119724.83,19155.97,79,138959.8,MXN,marketplace
ORD00002419,CUST000970,cancelled,2025-10-31 05:08:27,112073.16,17931.71,99,130103.87,MXN,mobile_app
ORD00002420,CUST000964,paid,2026-01-01 04:12:56,120145.82,19223.33,149,139518.15,MXN,marketplace
ORD00002421,CUST000323,returned,2026-05-17 01:47:48,129292.18,20686.75,149,150127.93,MXN,mobile_app
ORD00002422,CUST000585,delivered,2025-06-02 15:52:57,71674.27,11467.88,99,83241.15,MXN,web
ORD00002423,CUST000886,paid,2025-10-03 15:34:30,111469.38,17835.1,49,129353.48,MXN,call_center
ORD00002424,CUST001192,created,2025-09-17 04:06:48,125181.24,20029.0,149,145359.24,MXN,call_center
ORD00002425,CUST001086,shipped,2025-02-18 03:21:40,59720.47,9555.28,49,69324.75,MXN,call_center
ORD00002426,CUST000614,paid,2025-06-29 23:10:16,74531.87,11925.1,149,86605.97,MXN,web
ORD00002427,CUST000242,delivered,2026-05-16 21:05:15,175627.6,28100.42,79,203807.02,MXN,web
ORD00002428,CUST000169,created,2025-04-23 16:35:03,26449.83,4231.97,99,30780.8,MXN,marketplace
ORD00002429,CUST000316,delivered,2025-06-18 10:14:32,70255.01,11240.8,149,81644.81,MXN,marketplace
ORD00002430,CUST000789,shipped,2025-07-08 05:28:46,132870.04,21259.21,49,154178.25,MXN,web
ORD00002431,CUST000930,paid,2026-03-23 23:15:23,45445.94,7271.35,0,52717.29,MXN,marketplace
ORD00002432,CUST000722,paid,2025-06-03 16:31:22,84148.76,13463.8,149,97761.56,MXN,call_center
ORD00002433,CUST000999,cancelled,2026-04-03 15:10:50,205626.26,32900.2,99,238625.46,MXN,web
ORD00002434,CUST000107,created,2025-08-17 19:04:19,140179.24,22428.68,0,162607.92,MXN,web
ORD00002435,CUST000289,paid,2025-01-15 04:11:48,73867.4,11818.78,49,85735.18,MXN,call_center
ORD00002436,CUST000116,shipped,2025-05-20 20:02:50,205695.1,32911.22,49,238655.32,MXN,web
ORD00002437,CUST000163,cancelled,2025-01-24 13:46:26,145679.32,23308.69,0,168988.01,MXN,web
ORD00002438,CUST000135,paid,2025-12-25 04:53:36,19867.22,3178.76,49,23094.98,MXN,web
ORD00002439,CUST000379,delivered,2025-03-22 12:14:55,128102.69,20496.43,79,148678.12,MXN,mobile_app
ORD00002440,CUST000848,paid,2025-05-02 13:05:12,182310.85,29169.74,0,211480.59,MXN,mobile_app
ORD00002441,CUST000642,returned,2025-03-08 00:40:18,77049.78,12327.96,0,89377.74,MXN,web
ORD00002442,CUST000621,paid,2025-09-21 06:42:21,109835.1,17573.62,49,127457.72,MXN,call_center
ORD00002443,CUST000832,delivered,2026-04-12 08:44:22,168024.75,26883.96,79,194987.71,MXN,call_center
ORD00002444,CUST000307,shipped,2025-09-04 02:01:55,29224.92,4675.99,79,33979.91,MXN,call_center
ORD00002445,CUST000535,packed,2025-02-14 04:37:21,137196.36,21951.42,99,159246.78,MXN,web
ORD00002446,CUST000238,delivered,2025-08-22 02:26:34,10833.41,1733.35,149,12715.76,MXN,web
ORD00002447,CUST000155,shipped,2026-03-17 19:22:57,113466.03,18154.56,0,131620.59,MXN,marketplace
ORD00002448,CUST000555,paid,2025-08-14 00:15:06,73270.11,11723.22,0,84993.33,MXN,web
ORD00002449,CUST000710,paid,2025-02-03 21:16:06,5714.55,914.33,149,6777.88,MXN,call_center
ORD00002450,CUST000363,shipped,2025-11-16 00:08:02,72175.41,11548.07,0,83723.48,MXN,web
ORD00002451,CUST000879,paid,2026-02-20 10:47:17,98176.77,15708.28,99,113984.05,MXN,call_center
ORD00002452,CUST000842,delivered,2025-03-23 09:06:07,162427.25,25988.36,0,188415.61,MXN,web
ORD00002453,CUST000937,delivered,2025-09-28 04:38:28,23306.6,3729.06,99,27134.66,MXN,call_center
ORD00002454,CUST001134,paid,2025-07-14 12:11:30,110165.05,17626.41,99,127890.46,MXN,web
ORD00002455,CUST000888,shipped,2025-11-29 08:04:01,22930.88,3668.94,149,26748.82,MXN,mobile_app
ORD00002456,CUST000614,cancelled,2026-04-01 07:27:37,78363.76,12538.2,49,90950.96,MXN,marketplace
ORD00002457,CUST000994,paid,2026-02-20 08:12:19,143323.99,22931.84,99,166354.83,MXN,call_center
ORD00002458,CUST001093,created,2026-02-24 00:59:58,27469.18,4395.07,149,32013.25,MXN,mobile_app
ORD00002459,CUST000850,delivered,2025-03-16 14:15:03,154582.39,24733.18,49,179364.57,MXN,call_center
ORD00002460,CUST000128,cancelled,2025-06-25 21:59:02,117156.11,18744.98,0,135901.09,MXN,call_center
ORD00002461,CUST000847,returned,2025-04-28 19:23:52,208689.87,33390.38,49,242129.25,MXN,web
ORD00002462,CUST000304,packed,2025-05-19 02:13:32,74476.27,11916.2,99,86491.47,MXN,call_center
ORD00002463,CUST000419,shipped,2026-03-11 01:38:20,39621.22,6339.4,79,46039.62,MXN,web
ORD00002464,CUST000115,delivered,2025-02-09 12:43:35,147398.06,23583.69,0,170981.75,MXN,mobile_app
ORD00002465,CUST000642,created,2025-11-18 15:10:26,187088.78,29934.2,0,217022.98,MXN,marketplace
ORD00002466,CUST001136,paid,2025-07-08 10:02:20,86375.98,13820.16,0,100196.14,MXN,web
ORD00002467,CUST000657,delivered,2026-05-05 18:48:45,1779.88,284.78,79,2143.66,MXN,marketplace
ORD00002468,CUST000988,cancelled,2025-06-12 22:02:27,240546.46,38487.43,79,279112.89,MXN,mobile_app
ORD00002469,CUST000377,packed,2025-01-11 05:05:24,107389.11,17182.26,0,124571.37,MXN,mobile_app
ORD00002470,CUST000675,paid,2025-05-02 22:42:44,7794.79,1247.17,149,9190.96,MXN,call_center
ORD00002471,CUST000708,delivered,2025-01-11 10:53:19,9322.58,1491.61,79,10893.19,MXN,web
ORD00002472,CUST001051,packed,2025-01-20 00:57:10,5172.64,827.62,0,6000.26,MXN,web
ORD00002473,CUST001009,delivered,2025-07-20 14:53:52,45309.21,7249.47,79,52637.68,MXN,call_center
ORD00002474,CUST001189,cancelled,2026-04-14 21:55:12,25593.78,4095.0,149,29837.78,MXN,marketplace
ORD00002475,CUST000918,shipped,2025-06-25 15:17:57,100197.03,16031.52,99,116327.55,MXN,web
ORD00002476,CUST000305,delivered,2025-08-23 07:31:36,34294.64,5487.14,149,39930.78,MXN,marketplace
ORD00002477,CUST000178,delivered,2025-04-17 08:04:00,204974.43,32795.91,79,237849.34,MXN,marketplace
ORD00002478,CUST000574,returned,2025-10-17 14:06:12,95995.93,15359.35,49,111404.28,MXN,mobile_app
ORD00002479,CUST000095,paid,2025-04-10 23:39:33,49226.78,7876.28,49,57152.06,MXN,marketplace
ORD00002480,CUST000056,delivered,2026-04-20 06:04:46,34854.7,5576.75,49,40480.45,MXN,call_center
ORD00002481,CUST000778,shipped,2025-11-30 00:19:06,150452.78,24072.44,49,174574.22,MXN,call_center
ORD00002482,CUST001032,packed,2025-01-23 11:32:48,71233.01,11397.28,149,82779.29,MXN,mobile_app
ORD00002483,CUST000604,shipped,2025-12-27 12:13:28,80644.41,12903.11,49,93596.52,MXN,web
ORD00002484,CUST000868,cancelled,2026-02-27 21:09:08,56168.69,8986.99,149,65304.68,MXN,marketplace
ORD00002485,CUST000773,shipped,2025-09-08 12:18:30,9417.45,1506.79,99,11023.24,MXN,mobile_app
ORD00002486,CUST000322,paid,2026-05-06 08:12:36,107647.0,17223.52,149,125019.52,MXN,marketplace
ORD00002487,CUST000530,cancelled,2025-07-19 22:30:04,73786.11,11805.78,99,85690.89,MXN,mobile_app
ORD00002488,CUST000793,paid,2025-02-16 12:14:15,62618.08,10018.89,0,72636.97,MXN,marketplace
ORD00002489,CUST001184,delivered,2026-01-06 03:15:18,80419.35,12867.1,49,93335.45,MXN,marketplace
ORD00002490,CUST000494,paid,2025-12-07 20:06:27,100553.6,16088.58,99,116741.18,MXN,mobile_app
ORD00002491,CUST000160,delivered,2025-08-09 08:39:01,20433.22,3269.32,49,23751.54,MXN,marketplace
ORD00002492,CUST000985,delivered,2026-04-07 12:41:55,55647.1,8903.54,149,64699.64,MXN,call_center
ORD00002493,CUST000837,paid,2025-12-04 15:24:09,201622.75,32259.64,99,233981.39,MXN,mobile_app
ORD00002494,CUST000240,delivered,2026-04-11 22:55:21,206958.22,33113.32,99,240170.54,MXN,call_center
ORD00002495,CUST000931,delivered,2025-05-16 13:21:19,44440.62,7110.5,79,51630.12,MXN,marketplace
ORD00002496,CUST000214,shipped,2025-06-26 19:58:32,190459.74,30473.56,49,220982.3,MXN,marketplace
ORD00002497,CUST000518,delivered,2025-11-25 17:07:26,114026.93,18244.31,149,132420.24,MXN,web
ORD00002498,CUST001146,paid,2025-08-31 11:00:52,41734.98,6677.6,49,48461.58,MXN,call_center
ORD00002499,CUST000475,packed,2026-05-02 22:11:59,69355.21,11096.83,99,80551.04,MXN,web
ORD00002500,CUST000584,delivered,2026-04-15 19:33:50,191306.14,30608.98,49,221964.12,MXN,web
ORD00002501,CUST000112,shipped,2025-03-16 15:10:26,121036.67,19365.87,149,140551.54,MXN,call_center
ORD00002502,CUST000405,shipped,2025-02-13 21:12:52,63167.05,10106.73,149,73422.78,MXN,web
ORD00002503,CUST000094,paid,2025-12-14 12:46:58,200522.18,32083.55,79,232684.73,MXN,mobile_app
ORD00002504,CUST000303,returned,2025-12-23 00:51:53,105844.18,16935.07,99,122878.25,MXN,marketplace
ORD00002505,CUST000125,returned,2025-09-06 11:00:36,65470.08,10475.21,149,76094.29,MXN,marketplace
ORD00002506,CUST001174,paid,2025-10-01 16:24:27,207532.0,33205.12,149,240886.12,MXN,mobile_app
ORD00002507,CUST000468,delivered,2025-02-08 15:06:22,56277.91,9004.47,49,65331.38,MXN,web
ORD00002508,CUST000505,returned,2026-05-03 03:27:01,31418.8,5027.01,79,36524.81,MXN,mobile_app
ORD00002509,CUST000467,delivered,2025-04-23 23:56:22,128547.77,20567.64,0,149115.41,MXN,marketplace
ORD00002510,CUST000968,paid,2025-12-19 22:58:53,134098.36,21455.74,0,155554.1,MXN,web
ORD00002511,CUST000066,delivered,2026-04-09 06:23:02,142327.84,22772.45,49,165149.29,MXN,call_center
ORD00002512,CUST000729,packed,2026-01-28 23:02:30,157095.32,25135.25,79,182309.57,MXN,marketplace
ORD00002513,CUST000776,returned,2025-09-30 01:39:23,117969.96,18875.19,99,136944.15,MXN,web
ORD00002514,CUST001053,shipped,2025-01-16 14:49:37,49193.43,7870.95,79,57143.38,MXN,call_center
ORD00002515,CUST001106,cancelled,2025-07-29 07:30:47,111814.89,17890.38,49,129754.27,MXN,web
ORD00002516,CUST001047,packed,2025-03-03 03:36:19,82151.3,13144.21,0,95295.51,MXN,call_center
ORD00002517,CUST000052,packed,2026-04-28 21:37:36,65333.52,10453.36,99,75885.88,MXN,mobile_app
ORD00002518,CUST000380,shipped,2025-12-11 16:44:51,100043.36,16006.94,149,116199.3,MXN,web
ORD00002519,CUST000523,created,2026-01-17 10:33:20,130016.37,20802.62,99,150917.99,MXN,web
ORD00002520,CUST001064,packed,2025-08-22 10:30:16,76768.99,12283.04,49,89101.03,MXN,call_center
ORD00002521,CUST000301,created,2026-04-15 16:19:35,48946.2,7831.39,79,56856.59,MXN,marketplace
ORD00002522,CUST000459,returned,2025-05-30 23:02:00,3479.44,556.71,49,4085.15,MXN,web
ORD00002523,CUST000437,paid,2026-05-13 23:49:58,56597.3,9055.57,0,65652.87,MXN,web
ORD00002524,CUST000042,paid,2025-02-03 15:51:12,200470.11,32075.22,49,232594.33,MXN,web
ORD00002525,CUST000864,paid,2025-05-31 03:01:12,21481.82,3437.09,99,25017.91,MXN,mobile_app
ORD00002526,CUST000350,shipped,2026-03-09 01:58:17,202004.78,32320.76,79,234404.54,MXN,mobile_app
ORD00002527,CUST000533,shipped,2025-06-10 07:41:05,44646.48,7143.44,49,51838.92,MXN,web
ORD00002528,CUST000636,paid,2025-08-21 20:25:16,150669.58,24107.13,49,174825.71,MXN,marketplace
ORD00002529,CUST000013,cancelled,2026-03-23 09:10:22,116150.12,18584.02,49,134783.14,MXN,call_center
ORD00002530,CUST001082,created,2025-09-15 09:59:26,48034.3,7685.49,149,55868.79,MXN,call_center
ORD00002531,CUST000928,returned,2025-04-12 10:11:24,40784.4,6525.5,99,47408.9,MXN,call_center
ORD00002532,CUST000020,delivered,2025-03-13 15:33:50,3118.52,498.96,0,3617.48,MXN,web
ORD00002533,CUST000003,packed,2025-05-24 23:31:36,186220.68,29795.31,99,216114.99,MXN,mobile_app
ORD00002534,CUST000286,delivered,2026-04-02 16:10:22,106055.82,16968.93,49,123073.75,MXN,web
ORD00002535,CUST000609,delivered,2025-11-28 01:24:45,35568.3,5690.93,0,41259.23,MXN,call_center
ORD00002536,CUST000685,delivered,2025-06-21 02:42:52,65055.4,10408.86,99,75563.26,MXN,mobile_app
ORD00002537,CUST001186,paid,2025-06-07 04:52:31,113756.15,18200.98,99,132056.13,MXN,call_center
ORD00002538,CUST000119,delivered,2025-09-15 14:36:08,107175.48,17148.08,49,124372.56,MXN,web
ORD00002539,CUST001179,shipped,2025-08-10 10:32:59,56622.38,9059.58,0,65681.96,MXN,call_center
ORD00002540,CUST000556,shipped,2026-04-24 08:58:40,34309.22,5489.48,149,39947.7,MXN,mobile_app
ORD00002541,CUST000038,delivered,2026-02-03 13:09:58,137072.42,21931.59,149,159153.01,MXN,call_center
ORD00002542,CUST001088,shipped,2025-11-01 05:58:34,152659.29,24425.49,79,177163.78,MXN,marketplace
ORD00002543,CUST001000,delivered,2025-09-16 14:37:59,63439.07,10150.25,79,73668.32,MXN,call_center
ORD00002544,CUST000914,returned,2026-02-10 08:35:54,17306.91,2769.11,49,20125.02,MXN,call_center
ORD00002545,CUST000164,delivered,2025-11-23 07:59:03,42466.78,6794.68,49,49310.46,MXN,mobile_app
ORD00002546,CUST000217,cancelled,2025-10-18 06:16:35,66470.39,10635.26,49,77154.65,MXN,call_center
ORD00002547,CUST001189,created,2025-01-19 04:49:31,133586.41,21373.83,0,154960.24,MXN,mobile_app
ORD00002548,CUST000523,shipped,2025-05-01 22:42:55,47925.41,7668.07,0,55593.48,MXN,marketplace
ORD00002549,CUST000632,shipped,2025-03-04 16:44:04,98705.1,15792.82,0,114497.92,MXN,web
ORD00002550,CUST000702,delivered,2026-02-08 00:35:50,40282.4,6445.18,149,46876.58,MXN,marketplace
ORD00002551,CUST000992,paid,2025-05-18 04:47:57,45130.52,7220.88,49,52400.4,MXN,web
ORD00002552,CUST000749,delivered,2025-02-20 02:22:06,139578.76,22332.6,79,161990.36,MXN,marketplace
ORD00002553,CUST001037,paid,2025-06-14 13:30:48,63718.69,10194.99,149,74062.68,MXN,mobile_app
ORD00002554,CUST000297,cancelled,2025-12-11 03:21:41,127032.13,20325.14,79,147436.27,MXN,marketplace
ORD00002555,CUST000541,delivered,2025-06-04 04:26:06,88631.97,14181.12,79,102892.09,MXN,call_center
ORD00002556,CUST000831,paid,2026-04-13 14:28:24,45618.9,7299.02,49,52966.92,MXN,marketplace
ORD00002557,CUST000755,paid,2025-07-12 22:51:21,16496.65,2639.46,99,19235.11,MXN,mobile_app
ORD00002558,CUST000241,packed,2025-12-26 12:03:56,61672.49,9867.6,49,71589.09,MXN,marketplace
ORD00002559,CUST000297,delivered,2025-03-16 13:38:03,168251.27,26920.2,79,195250.47,MXN,marketplace
ORD00002560,CUST000668,created,2026-02-11 09:11:16,68170.31,10907.25,99,79176.56,MXN,mobile_app
ORD00002561,CUST000749,shipped,2025-09-27 18:07:19,17649.51,2823.92,49,20522.43,MXN,marketplace
ORD00002562,CUST001038,delivered,2025-12-26 15:33:51,126490.03,20238.4,99,146827.43,MXN,marketplace
ORD00002563,CUST000042,paid,2025-02-19 08:01:42,93567.31,14970.77,0,108538.08,MXN,marketplace
ORD00002564,CUST000909,cancelled,2026-01-06 08:11:02,67934.35,10869.5,79,78882.85,MXN,mobile_app
ORD00002565,CUST001037,shipped,2025-05-24 03:48:27,180014.64,28802.34,79,208895.98,MXN,marketplace
ORD00002566,CUST000681,paid,2025-03-30 08:52:29,73907.01,11825.12,99,85831.13,MXN,marketplace
ORD00002567,CUST000551,delivered,2025-04-13 03:32:06,115010.15,18401.62,149,133560.77,MXN,marketplace
ORD00002568,CUST000697,created,2025-02-27 15:54:19,134133.38,21461.34,79,155673.72,MXN,mobile_app
ORD00002569,CUST000993,packed,2026-01-29 16:19:44,97572.92,15611.67,99,113283.59,MXN,mobile_app
ORD00002570,CUST000648,created,2026-05-02 15:43:08,158002.75,25280.44,0,183283.19,MXN,call_center
ORD00002571,CUST000204,delivered,2025-08-08 07:16:21,77585.22,12413.64,0,89998.86,MXN,marketplace
ORD00002572,CUST001144,paid,2026-01-28 16:51:24,179782.86,28765.26,99,208647.12,MXN,mobile_app
ORD00002573,CUST001145,delivered,2025-06-23 17:11:06,12798.08,2047.69,149,14994.77,MXN,web
ORD00002574,CUST000624,shipped,2025-06-30 22:13:25,56400.51,9024.08,0,65424.59,MXN,web
ORD00002575,CUST001139,paid,2025-01-26 14:10:46,247951.39,39672.22,99,287722.61,MXN,web
ORD00002576,CUST000445,paid,2025-02-14 11:26:17,21297.17,3407.55,0,24704.72,MXN,marketplace
ORD00002577,CUST000364,cancelled,2025-07-09 21:46:14,88237.23,14117.96,0,102355.19,MXN,call_center
ORD00002578,CUST000705,cancelled,2025-04-12 04:44:55,25336.29,4053.81,149,29539.1,MXN,marketplace
ORD00002579,CUST000462,cancelled,2025-03-17 05:40:23,69349.93,11095.99,49,80494.92,MXN,marketplace
ORD00002580,CUST000132,packed,2025-06-25 03:40:16,31003.39,4960.54,49,36012.93,MXN,call_center
ORD00002581,CUST000066,created,2025-05-18 04:33:57,116258.37,18601.34,99,134958.71,MXN,call_center
ORD00002582,CUST000293,paid,2026-01-17 07:33:01,55471.96,8875.51,49,64396.47,MXN,mobile_app
ORD00002583,CUST000743,paid,2025-01-22 03:27:44,170676.54,27308.25,0,197984.79,MXN,marketplace
ORD00002584,CUST000153,paid,2025-09-20 11:24:19,95773.21,15323.71,49,111145.92,MXN,web
ORD00002585,CUST000307,returned,2025-08-16 21:40:43,109251.48,17480.24,149,126880.72,MXN,web
ORD00002586,CUST000456,paid,2025-10-26 04:15:08,155961.39,24953.82,99,181014.21,MXN,mobile_app
ORD00002587,CUST000773,packed,2026-01-15 03:38:14,87932.48,14069.2,49,102050.68,MXN,web
ORD00002588,CUST000549,packed,2025-10-31 22:53:40,10973.67,1755.79,79,12808.46,MXN,marketplace
ORD00002589,CUST001047,packed,2025-08-14 14:26:59,55648.06,8903.69,49,64600.75,MXN,mobile_app
ORD00002590,CUST000005,packed,2025-03-15 17:28:48,51973.88,8315.82,79,60368.7,MXN,web
ORD00002591,CUST001185,packed,2025-05-06 10:53:07,71931.65,11509.06,149,83589.71,MXN,call_center
ORD00002592,CUST000709,shipped,2025-11-27 02:07:33,208233.23,33317.32,79,241629.55,MXN,call_center
ORD00002593,CUST000772,paid,2025-08-18 09:48:06,71867.4,11498.78,79,83445.18,MXN,marketplace
ORD00002594,CUST001189,packed,2025-10-13 23:47:59,67147.31,10743.57,99,77989.88,MXN,mobile_app
ORD00002595,CUST000521,shipped,2025-06-07 18:35:22,1188.46,190.15,149,1527.61,MXN,mobile_app
ORD00002596,CUST000535,paid,2025-09-09 04:38:34,90252.79,14440.45,0,104693.24,MXN,call_center
ORD00002597,CUST000027,paid,2025-05-11 00:43:16,27724.56,4435.93,79,32239.49,MXN,web
ORD00002598,CUST000922,paid,2025-11-24 04:53:04,71859.14,11497.46,99,83455.6,MXN,marketplace
ORD00002599,CUST000545,paid,2025-01-25 12:41:54,51163.96,8186.23,49,59399.19,MXN,web
ORD00002600,CUST000913,delivered,2025-05-26 23:14:09,95707.75,15313.24,149,111169.99,MXN,mobile_app
ORD00002601,CUST001199,delivered,2025-11-25 18:36:02,45178.75,7228.6,99,52506.35,MXN,call_center
ORD00002602,CUST000771,shipped,2025-07-21 17:24:37,64884.47,10381.52,79,75344.99,MXN,mobile_app
ORD00002603,CUST001175,delivered,2026-03-27 18:29:30,34682.4,5549.18,49,40280.58,MXN,marketplace
ORD00002604,CUST000686,paid,2025-03-25 03:54:00,165421.46,26467.43,0,191888.89,MXN,web
ORD00002605,CUST000715,shipped,2025-05-25 05:15:29,25683.9,4109.42,99,29892.32,MXN,mobile_app
ORD00002606,CUST000031,paid,2026-02-25 09:57:32,5042.25,806.76,0,5849.01,MXN,call_center
ORD00002607,CUST000973,delivered,2025-12-27 08:03:51,73703.24,11792.52,79,85574.76,MXN,call_center
ORD00002608,CUST000601,packed,2025-08-27 02:14:00,128688.44,20590.15,99,149377.59,MXN,mobile_app
ORD00002609,CUST001132,packed,2026-05-15 20:00:52,61566.54,9850.65,79,71496.19,MXN,call_center
ORD00002610,CUST001015,delivered,2025-11-26 19:18:56,120721.39,19315.42,0,140036.81,MXN,mobile_app
ORD00002611,CUST000162,delivered,2026-03-20 11:44:51,52387.83,8382.05,79,60848.88,MXN,web
ORD00002612,CUST000544,delivered,2025-02-18 20:22:44,70066.8,11210.69,149,81426.49,MXN,web
ORD00002613,CUST000884,cancelled,2025-01-26 22:29:48,2573.85,411.82,0,2985.67,MXN,mobile_app
ORD00002614,CUST000549,cancelled,2025-05-25 12:53:08,135013.82,21602.21,79,156695.03,MXN,mobile_app
ORD00002615,CUST000589,paid,2025-02-28 07:25:22,95486.15,15277.78,49,110812.93,MXN,web
ORD00002616,CUST000912,paid,2025-06-09 04:58:06,115594.29,18495.09,0,134089.38,MXN,call_center
ORD00002617,CUST001049,packed,2026-02-19 14:36:13,51149.34,8183.89,149,59482.23,MXN,marketplace
ORD00002618,CUST000458,paid,2026-03-03 06:43:30,24306.08,3888.97,149,28344.05,MXN,web
ORD00002619,CUST000829,cancelled,2025-10-18 02:57:39,17356.07,2776.97,79,20212.04,MXN,web
ORD00002620,CUST001041,created,2026-04-28 04:56:29,87087.66,13934.03,0,101021.69,MXN,call_center
ORD00002621,CUST000421,delivered,2025-07-23 17:40:44,45301.44,7248.23,99,52648.67,MXN,mobile_app
ORD00002622,CUST000161,delivered,2025-07-23 10:18:48,18730.82,2996.93,99,21826.75,MXN,mobile_app
ORD00002623,CUST000311,delivered,2026-04-03 20:33:43,84950.96,13592.15,99,98642.11,MXN,call_center
ORD00002624,CUST000523,paid,2026-03-27 23:44:45,113387.08,18141.93,149,131678.01,MXN,web
ORD00002625,CUST001144,packed,2025-02-28 09:41:38,55946.18,8951.39,49,64946.57,MXN,web
ORD00002626,CUST000410,shipped,2025-11-05 18:24:28,133727.92,21396.47,99,155223.39,MXN,marketplace
ORD00002627,CUST000030,paid,2026-01-02 16:09:05,34932.3,5589.17,99,40620.47,MXN,web
ORD00002628,CUST000356,shipped,2026-02-17 12:09:21,46705.74,7472.92,149,54327.66,MXN,mobile_app
ORD00002629,CUST000119,cancelled,2026-03-08 23:31:37,37722.35,6035.58,149,43906.93,MXN,marketplace
ORD00002630,CUST000502,delivered,2025-11-24 13:52:38,15756.8,2521.09,79,18356.89,MXN,call_center
ORD00002631,CUST000204,packed,2025-03-08 09:46:55,80881.46,12941.03,0,93822.49,MXN,web
ORD00002632,CUST001180,packed,2025-08-06 01:06:33,17052.08,2728.33,0,19780.41,MXN,mobile_app
ORD00002633,CUST001150,paid,2025-01-01 16:19:07,122520.33,19603.25,79,142202.58,MXN,call_center
ORD00002634,CUST000381,delivered,2025-06-16 06:29:40,172733.57,27637.37,79,200449.94,MXN,web
ORD00002635,CUST000492,delivered,2025-11-13 14:56:34,148347.12,23735.54,79,172161.66,MXN,call_center
ORD00002636,CUST000176,paid,2026-01-29 22:55:10,132995.48,21279.28,79,154353.76,MXN,mobile_app
ORD00002637,CUST000567,shipped,2025-09-21 11:07:32,167106.55,26737.05,79,193922.6,MXN,mobile_app
ORD00002638,CUST000551,packed,2025-07-27 08:50:55,46848.49,7495.76,0,54344.25,MXN,call_center
ORD00002639,CUST001059,delivered,2025-05-15 10:02:19,63683.5,10189.36,49,73921.86,MXN,call_center
ORD00002640,CUST000524,delivered,2025-03-11 22:13:33,75620.32,12099.25,149,87868.57,MXN,call_center
ORD00002641,CUST000007,delivered,2026-01-21 06:37:05,174672.23,27947.56,79,202698.79,MXN,web
ORD00002642,CUST000136,packed,2025-11-10 10:25:04,178646.52,28583.44,0,207229.96,MXN,web
ORD00002643,CUST001015,delivered,2025-01-03 11:21:23,129233.63,20677.38,0,149911.01,MXN,call_center
ORD00002644,CUST000778,shipped,2025-04-01 10:31:47,31563.54,5050.17,0,36613.71,MXN,call_center
ORD00002645,CUST000776,created,2025-11-12 06:03:30,31169.18,4987.07,99,36255.25,MXN,web
ORD00002646,CUST001046,paid,2025-03-07 17:27:50,75032.1,12005.14,79,87116.24,MXN,call_center
ORD00002647,CUST000035,delivered,2025-10-26 15:42:08,120523.29,19283.73,79,139886.02,MXN,call_center
ORD00002648,CUST000820,delivered,2025-10-20 22:53:45,154260.19,24681.63,99,179040.82,MXN,marketplace
ORD00002649,CUST000684,paid,2025-03-23 18:53:53,100397.81,16063.65,49,116510.46,MXN,web
ORD00002650,CUST000335,delivered,2025-03-07 20:09:52,73423.06,11747.69,99,85269.75,MXN,call_center
ORD00002651,CUST001141,paid,2026-01-12 19:10:16,102903.93,16464.63,99,119467.56,MXN,mobile_app
ORD00002652,CUST000906,delivered,2025-02-27 05:53:18,77960.76,12473.72,99,90533.48,MXN,call_center
ORD00002653,CUST000740,delivered,2026-03-27 12:10:55,80880.22,12940.84,49,93870.06,MXN,call_center
ORD00002654,CUST000163,shipped,2026-04-03 18:20:32,72832.69,11653.23,79,84564.92,MXN,web
ORD00002655,CUST000335,delivered,2026-02-22 22:46:58,86086.9,13773.9,149,100009.8,MXN,marketplace
ORD00002656,CUST000248,delivered,2025-07-02 22:54:48,165505.9,26480.94,99,192085.84,MXN,mobile_app
ORD00002657,CUST001157,returned,2025-03-03 03:26:43,60197.02,9631.52,0,69828.54,MXN,marketplace
ORD00002658,CUST000597,shipped,2025-07-22 06:25:56,34891.52,5582.64,79,40553.16,MXN,marketplace
ORD00002659,CUST000309,delivered,2026-01-09 03:43:48,22878.33,3660.53,99,26637.86,MXN,mobile_app
ORD00002660,CUST001126,paid,2026-01-05 03:22:12,56829.84,9092.77,149,66071.61,MXN,mobile_app
ORD00002661,CUST000254,packed,2025-07-16 03:53:07,17659.69,2825.55,49,20534.24,MXN,web
ORD00002662,CUST000468,shipped,2025-09-02 00:06:29,173415.74,27746.52,149,201311.26,MXN,mobile_app
ORD00002663,CUST000356,packed,2025-09-08 08:16:33,119014.75,19042.36,99,138156.11,MXN,call_center
ORD00002664,CUST000901,shipped,2026-02-14 17:40:58,118560.76,18969.72,99,137629.48,MXN,mobile_app
ORD00002665,CUST000621,shipped,2026-04-23 15:54:43,122101.42,19536.23,0,141637.65,MXN,marketplace
ORD00002666,CUST000461,paid,2025-11-03 03:26:20,40119.13,6419.06,99,46637.19,MXN,call_center
ORD00002667,CUST000349,cancelled,2025-02-07 14:10:45,7142.33,1142.77,149,8434.1,MXN,mobile_app
ORD00002668,CUST000522,paid,2026-01-30 07:49:27,15209.72,2433.56,79,17722.28,MXN,mobile_app
ORD00002669,CUST000790,created,2025-09-07 14:19:03,132906.74,21265.08,49,154220.82,MXN,web
ORD00002670,CUST000648,delivered,2025-04-14 07:54:44,14612.46,2337.99,99,17049.45,MXN,marketplace
ORD00002671,CUST001053,delivered,2025-07-27 07:12:31,28962.54,4634.01,49,33645.55,MXN,call_center
ORD00002672,CUST000920,delivered,2026-03-20 05:05:55,69761.53,11161.84,79,81002.37,MXN,mobile_app
ORD00002673,CUST000041,delivered,2025-03-14 18:18:19,107052.94,17128.47,79,124260.41,MXN,web
ORD00002674,CUST000849,paid,2025-08-07 12:35:38,67465.12,10794.42,49,78308.54,MXN,call_center
ORD00002675,CUST000755,paid,2025-04-20 04:06:27,74114.38,11858.3,99,86071.68,MXN,call_center
ORD00002676,CUST000356,paid,2025-12-05 08:02:46,21602.38,3456.38,149,25207.76,MXN,web
ORD00002677,CUST000615,delivered,2025-06-13 05:36:14,140860.89,22537.74,149,163547.63,MXN,call_center
ORD00002678,CUST000005,delivered,2026-01-21 15:32:44,120935.66,19349.71,0,140285.37,MXN,marketplace
ORD00002679,CUST000038,delivered,2025-10-18 17:31:54,116995.61,18719.3,99,135813.91,MXN,web
ORD00002680,CUST000197,cancelled,2026-04-30 20:36:11,207700.74,33232.12,49,240981.86,MXN,web
ORD00002681,CUST000647,paid,2026-02-20 15:49:26,69236.92,11077.91,0,80314.83,MXN,web
ORD00002682,CUST001197,delivered,2025-05-09 02:07:44,109987.84,17598.05,0,127585.89,MXN,marketplace
ORD00002683,CUST000387,created,2026-03-28 22:04:50,12508.95,2001.43,49,14559.38,MXN,mobile_app
ORD00002684,CUST000326,paid,2025-10-29 15:41:54,90171.28,14427.4,79,104677.68,MXN,call_center
ORD00002685,CUST000761,delivered,2025-10-26 16:44:52,127983.71,20477.39,79,148540.1,MXN,web
ORD00002686,CUST001105,shipped,2026-01-27 22:07:45,163342.75,26134.84,99,189576.59,MXN,mobile_app
ORD00002687,CUST000025,delivered,2025-02-25 06:59:55,147608.14,23617.3,99,171324.44,MXN,call_center
ORD00002688,CUST000008,cancelled,2025-06-12 11:44:57,121929.56,19508.73,79,141517.29,MXN,mobile_app
ORD00002689,CUST000094,shipped,2025-07-15 19:10:14,238678.63,38188.58,49,276916.21,MXN,marketplace
ORD00002690,CUST000524,created,2025-07-28 20:57:23,55379.93,8860.79,49,64289.72,MXN,call_center
ORD00002691,CUST001001,delivered,2025-05-20 15:46:28,28942.17,4630.75,99,33671.92,MXN,web
ORD00002692,CUST000804,delivered,2025-11-19 10:11:24,43048.69,6887.79,99,50035.48,MXN,marketplace
ORD00002693,CUST000277,shipped,2025-01-20 08:54:15,13892.25,2222.76,0,16115.01,MXN,web
ORD00002694,CUST000792,delivered,2025-03-04 04:18:45,101894.31,16303.09,79,118276.4,MXN,mobile_app
ORD00002695,CUST000078,packed,2026-03-04 01:45:30,148594.18,23775.07,99,172468.25,MXN,marketplace
ORD00002696,CUST000576,paid,2026-01-04 07:38:55,155504.88,24880.78,79,180464.66,MXN,web
ORD00002697,CUST001113,created,2025-04-02 13:24:38,39694.92,6351.19,0,46046.11,MXN,marketplace
ORD00002698,CUST000801,shipped,2025-07-30 19:42:21,157560.84,25209.73,99,182869.57,MXN,marketplace
ORD00002699,CUST000573,cancelled,2026-01-15 23:25:18,22750.56,3640.09,99,26489.65,MXN,marketplace
ORD00002700,CUST001106,packed,2025-11-09 09:50:12,16377.01,2620.32,79,19076.33,MXN,mobile_app
ORD00002701,CUST000051,delivered,2025-07-24 20:26:14,144444.69,23111.15,149,167704.84,MXN,call_center
ORD00002702,CUST000596,cancelled,2025-03-11 09:47:43,46393.78,7423.0,49,53865.78,MXN,mobile_app
ORD00002703,CUST000108,delivered,2025-05-30 11:41:50,48837.6,7814.02,149,56800.62,MXN,web
ORD00002704,CUST000529,cancelled,2026-03-06 19:55:56,79242.44,12678.79,0,91921.23,MXN,web
ORD00002705,CUST000341,shipped,2025-10-13 07:37:28,121535.55,19445.69,0,140981.24,MXN,web
ORD00002706,CUST000274,paid,2025-12-12 19:32:32,101287.45,16205.99,0,117493.44,MXN,marketplace
ORD00002707,CUST000312,shipped,2025-11-21 20:11:37,97427.76,15588.44,99,113115.2,MXN,marketplace
ORD00002708,CUST000207,shipped,2025-08-14 21:22:02,64350.18,10296.03,99,74745.21,MXN,marketplace
ORD00002709,CUST000381,paid,2025-09-24 06:06:32,176369.96,28219.19,99,204688.15,MXN,call_center
ORD00002710,CUST000070,delivered,2025-06-24 09:58:58,81836.5,13093.84,0,94930.34,MXN,marketplace
ORD00002711,CUST000127,delivered,2025-12-08 16:14:42,5293.25,846.92,149,6289.17,MXN,call_center
ORD00002712,CUST000456,paid,2025-04-20 09:19:38,167266.7,26762.67,149,194178.37,MXN,marketplace
ORD00002713,CUST000471,delivered,2025-06-28 17:26:53,102331.45,16373.03,149,118853.48,MXN,web
ORD00002714,CUST000720,delivered,2025-03-07 03:01:28,48688.78,7790.2,49,56527.98,MXN,marketplace
ORD00002715,CUST000892,paid,2026-02-14 16:21:24,138655.57,22184.89,49,160889.46,MXN,web
ORD00002716,CUST001100,delivered,2026-01-17 04:40:10,101208.94,16193.43,149,117551.37,MXN,mobile_app
ORD00002717,CUST000287,shipped,2025-10-31 13:46:24,99660.61,15945.7,49,115655.31,MXN,web
ORD00002718,CUST001140,packed,2025-08-31 11:15:23,135703.05,21712.49,99,157514.54,MXN,mobile_app
ORD00002719,CUST000545,paid,2025-01-06 10:52:07,1154.23,184.68,79,1417.91,MXN,marketplace
ORD00002720,CUST000958,packed,2025-11-27 08:38:35,137717.82,22034.85,79,159831.67,MXN,web
ORD00002721,CUST000845,paid,2026-04-06 09:04:08,99729.07,15956.65,79,115764.72,MXN,call_center
ORD00002722,CUST000060,delivered,2026-05-02 08:50:01,19868.88,3179.02,99,23146.9,MXN,marketplace
ORD00002723,CUST000682,returned,2026-02-13 23:31:36,87242.09,13958.73,49,101249.82,MXN,call_center
ORD00002724,CUST000893,shipped,2025-02-06 02:07:39,48945.35,7831.26,49,56825.61,MXN,marketplace
ORD00002725,CUST000743,paid,2025-04-09 11:40:52,136608.74,21857.4,0,158466.14,MXN,marketplace
ORD00002726,CUST000203,delivered,2025-03-22 03:48:58,131216.56,20994.65,149,152360.21,MXN,marketplace
ORD00002727,CUST000577,returned,2026-03-12 00:09:08,8662.06,1385.93,99,10146.99,MXN,call_center
ORD00002728,CUST000151,cancelled,2025-04-16 05:12:29,145138.35,23222.14,79,168439.49,MXN,call_center
ORD00002729,CUST001168,created,2025-07-16 01:13:27,135852.73,21736.44,149,157738.17,MXN,marketplace
ORD00002730,CUST000068,delivered,2025-05-01 01:04:44,98895.41,15823.27,79,114797.68,MXN,call_center
ORD00002731,CUST000266,created,2026-02-12 12:43:38,36809.42,5889.51,0,42698.93,MXN,web
ORD00002732,CUST001136,packed,2025-01-07 07:55:11,58690.26,9390.44,99,68179.7,MXN,call_center
ORD00002733,CUST000329,paid,2026-05-03 02:08:28,42919.48,6867.12,149,49935.6,MXN,mobile_app
ORD00002734,CUST000341,cancelled,2025-06-09 06:45:13,185608.36,29697.34,0,215305.7,MXN,mobile_app
ORD00002735,CUST000931,delivered,2025-04-15 03:38:14,121036.6,19365.86,79,140481.46,MXN,mobile_app
ORD00002736,CUST000628,paid,2026-03-30 09:55:30,111704.29,17872.69,49,129625.98,MXN,mobile_app
ORD00002737,CUST000492,packed,2025-10-07 04:45:21,114776.99,18364.32,79,133220.31,MXN,call_center
ORD00002738,CUST000749,created,2025-06-11 12:35:13,72646.83,11623.49,149,84419.32,MXN,marketplace
ORD00002739,CUST000133,shipped,2025-11-29 21:36:31,44370.24,7099.24,79,51548.48,MXN,marketplace
ORD00002740,CUST001109,delivered,2025-03-04 19:39:37,162243.96,25959.03,0,188202.99,MXN,mobile_app
ORD00002741,CUST000862,delivered,2025-05-23 19:11:36,134992.14,21598.74,149,156739.88,MXN,call_center
ORD00002742,CUST000585,returned,2025-06-13 08:40:30,110302.58,17648.41,99,128049.99,MXN,web
ORD00002743,CUST001121,shipped,2025-07-28 13:51:25,190357.39,30457.18,0,220814.57,MXN,web
ORD00002744,CUST000278,paid,2025-09-25 22:24:13,41622.28,6659.56,79,48360.84,MXN,marketplace
ORD00002745,CUST000871,delivered,2025-02-09 07:34:32,142471.44,22795.43,49,165315.87,MXN,web
ORD00002746,CUST001089,packed,2025-06-15 03:37:10,19204.91,3072.79,99,22376.7,MXN,mobile_app
ORD00002747,CUST000547,shipped,2026-05-13 20:03:51,6394.49,1023.12,49,7466.61,MXN,web
ORD00002748,CUST000316,paid,2025-05-02 20:37:10,114094.28,18255.08,99,132448.36,MXN,call_center
ORD00002749,CUST000705,packed,2025-12-16 00:00:47,123500.73,19760.12,79,143339.85,MXN,web
ORD00002750,CUST000873,paid,2025-10-26 15:52:58,107072.04,17131.53,79,124282.57,MXN,call_center
ORD00002751,CUST000543,delivered,2025-09-22 12:43:13,72886.37,11661.82,149,84697.19,MXN,marketplace
ORD00002752,CUST001042,paid,2025-08-11 06:20:17,4695.55,751.29,79,5525.84,MXN,marketplace
ORD00002753,CUST000073,delivered,2025-09-13 11:53:58,133229.31,21316.69,99,154645.0,MXN,web
ORD00002754,CUST000406,delivered,2026-02-20 09:42:42,42471.31,6795.41,49,49315.72,MXN,mobile_app
ORD00002755,CUST000311,paid,2025-08-13 07:49:35,185625.34,29700.05,99,215424.39,MXN,web
ORD00002756,CUST000541,delivered,2026-02-28 16:55:48,66229.68,10596.75,49,76875.43,MXN,call_center
ORD00002757,CUST000204,paid,2025-07-20 14:56:39,211908.95,33905.43,149,245963.38,MXN,call_center
ORD00002758,CUST000167,delivered,2025-10-31 16:03:58,24779.15,3964.66,99,28842.81,MXN,marketplace
ORD00002759,CUST000648,delivered,2026-02-11 14:51:14,117709.52,18833.52,49,136592.04,MXN,web
ORD00002760,CUST000275,created,2025-11-23 03:53:43,77547.73,12407.64,99,90054.37,MXN,call_center
ORD00002761,CUST001174,packed,2025-09-07 07:48:43,46548.5,7447.76,149,54145.26,MXN,web
ORD00002762,CUST000466,shipped,2025-01-27 23:39:23,36229.52,5796.72,149,42175.24,MXN,marketplace
ORD00002763,CUST000224,delivered,2025-05-13 20:35:24,52684.93,8429.59,49,61163.52,MXN,marketplace
ORD00002764,CUST000712,delivered,2025-09-05 23:20:23,70089.44,11214.31,99,81402.75,MXN,marketplace
ORD00002765,CUST000426,paid,2025-09-16 14:30:05,48829.25,7812.68,49,56690.93,MXN,web
ORD00002766,CUST000952,delivered,2025-07-19 04:18:04,18306.34,2929.01,99,21334.35,MXN,web
ORD00002767,CUST000993,paid,2025-10-29 06:25:25,144249.66,23079.95,49,167378.61,MXN,marketplace
ORD00002768,CUST000816,paid,2025-08-04 17:18:06,140231.31,22437.01,0,162668.32,MXN,marketplace
ORD00002769,CUST000467,cancelled,2025-09-30 15:11:14,30694.79,4911.17,49,35654.96,MXN,call_center
ORD00002770,CUST001040,created,2025-10-12 04:02:51,88307.18,14129.15,79,102515.33,MXN,call_center
ORD00002771,CUST000315,paid,2025-05-11 20:16:15,49923.81,7987.81,79,57990.62,MXN,marketplace
ORD00002772,CUST001088,paid,2026-04-15 09:15:28,80690.6,12910.5,99,93700.1,MXN,mobile_app
ORD00002773,CUST000449,packed,2025-09-17 18:56:52,72174.65,11547.94,149,83871.59,MXN,call_center
ORD00002774,CUST000609,delivered,2026-02-16 13:35:04,158042.31,25286.77,99,183428.08,MXN,web
ORD00002775,CUST001184,created,2025-08-13 10:14:23,132984.36,21277.5,99,154360.86,MXN,marketplace
ORD00002776,CUST000662,delivered,2026-02-05 15:38:41,226406.21,36224.99,0,262631.2,MXN,marketplace
ORD00002777,CUST000492,paid,2025-01-15 02:12:41,29116.8,4658.69,49,33824.49,MXN,call_center
ORD00002778,CUST000496,delivered,2025-09-21 23:50:42,32777.98,5244.48,49,38071.46,MXN,call_center
ORD00002779,CUST000223,delivered,2025-04-14 18:02:43,101382.58,16221.21,49,117652.79,MXN,marketplace
ORD00002780,CUST000676,paid,2025-08-20 10:07:34,98687.08,15789.93,49,114526.01,MXN,web
ORD00002781,CUST000031,paid,2025-01-22 03:35:31,36044.57,5767.13,49,41860.7,MXN,marketplace
ORD00002782,CUST000126,delivered,2026-05-13 15:23:45,115352.23,18456.36,49,133857.59,MXN,marketplace
ORD00002783,CUST001064,shipped,2025-08-02 10:34:36,77117.71,12338.83,0,89456.54,MXN,mobile_app
ORD00002784,CUST000001,shipped,2026-05-14 14:36:15,167214.76,26754.36,0,193969.12,MXN,call_center
ORD00002785,CUST000406,paid,2025-11-30 11:08:09,71671.17,11467.39,99,83237.56,MXN,call_center
ORD00002786,CUST000401,delivered,2026-02-27 10:52:12,54109.42,8657.51,99,62865.93,MXN,mobile_app
ORD00002787,CUST000328,paid,2025-05-09 17:52:32,31526.42,5044.23,149,36719.65,MXN,marketplace
ORD00002788,CUST000362,paid,2025-05-07 20:51:46,193112.35,30897.98,79,224089.33,MXN,mobile_app
ORD00002789,CUST000380,returned,2026-04-04 11:17:56,57750.3,9240.05,49,67039.35,MXN,marketplace
ORD00002790,CUST000071,shipped,2025-08-06 03:02:20,95694.2,15311.07,0,111005.27,MXN,marketplace
ORD00002791,CUST000403,delivered,2025-09-23 15:27:14,81829.46,13092.71,0,94922.17,MXN,web
ORD00002792,CUST000698,delivered,2025-07-08 04:58:16,176025.76,28164.12,49,204238.88,MXN,mobile_app
ORD00002793,CUST000029,shipped,2025-01-05 09:50:03,180900.28,28944.04,149,209993.32,MXN,web
ORD00002794,CUST000551,paid,2026-03-02 10:05:48,107988.92,17278.23,0,125267.15,MXN,mobile_app
ORD00002795,CUST000682,delivered,2025-04-12 02:52:20,50610.39,8097.66,79,58787.05,MXN,call_center
ORD00002796,CUST000365,returned,2025-08-24 13:34:35,45917.7,7346.83,149,53413.53,MXN,marketplace
ORD00002797,CUST000102,delivered,2025-09-01 04:09:10,129098.74,20655.8,49,149803.54,MXN,mobile_app
ORD00002798,CUST000049,packed,2025-12-01 03:03:07,68251.08,10920.17,79,79250.25,MXN,web
ORD00002799,CUST000426,paid,2026-01-07 15:03:32,51064.11,8170.26,99,59333.37,MXN,mobile_app
ORD00002800,CUST000062,cancelled,2026-04-26 20:47:13,60765.25,9722.44,149,70636.69,MXN,call_center
ORD00002801,CUST000577,shipped,2025-12-07 05:25:21,47849.05,7655.85,99,55603.9,MXN,marketplace
ORD00002802,CUST000578,shipped,2025-05-07 20:36:42,77651.51,12424.24,0,90075.75,MXN,web
ORD00002803,CUST000142,paid,2025-01-29 11:25:48,72575.45,11612.07,149,84336.52,MXN,call_center
ORD00002804,CUST000630,delivered,2026-04-01 11:30:48,12890.93,2062.55,0,14953.48,MXN,web
ORD00002805,CUST000127,paid,2025-12-08 05:32:30,55426.48,8868.24,149,64443.72,MXN,mobile_app
ORD00002806,CUST000034,paid,2025-11-18 18:08:58,39688.74,6350.2,49,46087.94,MXN,web
ORD00002807,CUST000060,packed,2025-09-28 07:29:12,17029.83,2724.77,149,19903.6,MXN,call_center
ORD00002808,CUST001126,created,2025-09-03 19:56:21,53605.69,8576.91,79,62261.6,MXN,call_center
ORD00002809,CUST000044,packed,2026-03-17 06:03:40,116509.93,18641.59,99,135250.52,MXN,web
ORD00002810,CUST000215,paid,2025-09-18 03:59:37,23924.53,3827.92,99,27851.45,MXN,web
ORD00002811,CUST000525,delivered,2025-06-11 09:47:11,109584.43,17533.51,79,127196.94,MXN,mobile_app
ORD00002812,CUST000249,shipped,2025-01-28 23:42:34,74118.08,11858.89,49,86025.97,MXN,marketplace
ORD00002813,CUST000041,shipped,2026-03-03 06:15:15,80792.26,12926.76,149,93868.02,MXN,mobile_app
ORD00002814,CUST000651,delivered,2025-06-28 19:54:34,30865.6,4938.5,149,35953.1,MXN,web
ORD00002815,CUST000338,shipped,2026-04-30 22:24:07,25596.15,4095.38,49,29740.53,MXN,call_center
ORD00002816,CUST000627,packed,2025-03-01 17:02:09,118155.02,18904.8,49,137108.82,MXN,call_center
ORD00002817,CUST000807,cancelled,2025-12-06 16:42:41,97643.44,15622.95,99,113365.39,MXN,call_center
ORD00002818,CUST000965,delivered,2026-01-22 13:33:00,72488.6,11598.18,99,84185.78,MXN,web
ORD00002819,CUST001046,paid,2025-04-15 15:58:01,29668.25,4746.92,79,34494.17,MXN,web
ORD00002820,CUST000449,delivered,2025-05-29 08:24:43,19004.9,3040.78,49,22094.68,MXN,web
ORD00002821,CUST001151,delivered,2025-05-21 00:51:46,129834.89,20773.58,0,150608.47,MXN,mobile_app
ORD00002822,CUST000782,delivered,2026-05-16 12:42:12,104149.05,16663.85,0,120812.9,MXN,mobile_app
ORD00002823,CUST000978,cancelled,2025-10-31 18:15:52,11564.3,1850.29,49,13463.59,MXN,marketplace
ORD00002824,CUST000091,packed,2025-10-31 19:09:39,114051.41,18248.23,149,132448.64,MXN,web
ORD00002825,CUST001124,created,2025-06-19 09:55:27,128144.78,20503.16,49,148696.94,MXN,marketplace
ORD00002826,CUST000433,paid,2025-11-21 11:59:09,611.68,97.87,49,758.55,MXN,web
ORD00002827,CUST000902,paid,2025-11-06 20:33:47,8638.55,1382.17,79,10099.72,MXN,mobile_app
ORD00002828,CUST000846,shipped,2026-01-19 04:04:19,68942.06,11030.73,0,79972.79,MXN,marketplace
ORD00002829,CUST000386,packed,2026-01-19 11:21:34,60296.19,9647.39,149,70092.58,MXN,marketplace
ORD00002830,CUST000108,paid,2026-02-23 04:08:04,145556.91,23289.11,79,168925.02,MXN,mobile_app
ORD00002831,CUST000666,cancelled,2025-02-28 06:18:14,70493.19,11278.91,0,81772.1,MXN,web
ORD00002832,CUST000350,shipped,2025-02-14 01:21:29,4249.35,679.9,149,5078.25,MXN,web
ORD00002833,CUST000005,created,2025-03-31 20:21:43,50817.8,8130.85,0,58948.65,MXN,web
ORD00002834,CUST001182,packed,2025-12-27 10:17:54,160202.24,25632.36,49,185883.6,MXN,marketplace
ORD00002835,CUST000817,shipped,2025-02-28 04:05:32,67944.38,10871.1,0,78815.48,MXN,web
ORD00002836,CUST000698,delivered,2025-07-28 14:27:31,85992.92,13758.87,49,99800.79,MXN,marketplace
ORD00002837,CUST000845,delivered,2025-10-04 06:44:24,169019.95,27043.19,79,196142.14,MXN,mobile_app
ORD00002838,CUST000130,created,2026-02-18 09:42:10,100435.23,16069.64,79,116583.87,MXN,marketplace
ORD00002839,CUST000523,delivered,2025-06-23 21:00:28,81888.03,13102.08,0,94990.11,MXN,marketplace
ORD00002840,CUST000898,paid,2025-09-21 15:49:05,81739.84,13078.37,149,94967.21,MXN,web
ORD00002841,CUST000027,paid,2025-05-04 01:40:57,188688.6,30190.18,99,218977.78,MXN,call_center
ORD00002842,CUST000826,delivered,2025-01-04 12:25:54,146569.47,23451.12,79,170099.59,MXN,call_center
ORD00002843,CUST000739,paid,2026-03-06 00:49:05,191918.18,30706.91,149,222774.09,MXN,mobile_app
ORD00002844,CUST000520,returned,2025-10-20 19:59:22,182676.53,29228.24,49,211953.77,MXN,mobile_app
ORD00002845,CUST001139,cancelled,2025-06-23 03:46:39,45000.96,7200.15,0,52201.11,MXN,marketplace
ORD00002846,CUST001080,shipped,2026-01-21 09:39:26,38121.84,6099.49,149,44370.33,MXN,mobile_app
ORD00002847,CUST000489,delivered,2025-08-04 06:28:59,9186.95,1469.91,79,10735.86,MXN,marketplace
ORD00002848,CUST000560,shipped,2025-03-09 13:05:14,11373.91,1819.83,79,13272.74,MXN,mobile_app
ORD00002849,CUST000717,shipped,2025-01-19 08:35:25,74891.34,11982.61,149,87022.95,MXN,call_center
ORD00002850,CUST000916,cancelled,2025-12-13 18:37:04,147305.51,23568.88,0,170874.39,MXN,mobile_app
ORD00002851,CUST000804,paid,2025-12-18 08:14:55,182110.17,29137.63,149,211396.8,MXN,marketplace
ORD00002852,CUST000895,delivered,2025-11-19 22:00:59,107160.21,17145.63,99,124404.84,MXN,mobile_app
ORD00002853,CUST000921,delivered,2025-10-08 22:17:59,133950.95,21432.15,149,155532.1,MXN,call_center
ORD00002854,CUST000628,cancelled,2025-01-20 22:10:07,15252.22,2440.36,99,17791.58,MXN,mobile_app
ORD00002855,CUST000676,delivered,2026-04-12 10:19:14,137891.74,22062.68,49,160003.42,MXN,marketplace
ORD00002856,CUST000965,paid,2025-04-05 07:12:18,65375.28,10460.04,0,75835.32,MXN,mobile_app
ORD00002857,CUST001089,delivered,2026-05-18 22:07:43,160202.05,25632.33,79,185913.38,MXN,marketplace
ORD00002858,CUST000699,created,2025-07-20 18:00:14,120055.04,19208.81,99,139362.85,MXN,marketplace
ORD00002859,CUST000348,delivered,2025-05-21 17:52:03,121215.91,19394.55,149,140759.46,MXN,call_center
ORD00002860,CUST000789,paid,2026-04-17 05:20:57,182944.17,29271.07,79,212294.24,MXN,mobile_app
ORD00002861,CUST000051,delivered,2025-04-13 02:28:33,99825.87,15972.14,99,115897.01,MXN,call_center
ORD00002862,CUST001143,delivered,2026-05-10 04:56:59,139022.37,22243.58,99,161364.95,MXN,mobile_app
ORD00002863,CUST000984,paid,2026-02-22 02:43:07,246993.36,39518.94,0,286512.3,MXN,marketplace
ORD00002864,CUST000042,returned,2026-05-12 22:53:02,20714.67,3314.35,99,24128.02,MXN,call_center
ORD00002865,CUST000247,paid,2025-11-26 11:37:16,182111.07,29137.77,49,211297.84,MXN,mobile_app
ORD00002866,CUST000528,shipped,2026-01-19 17:29:01,145186.31,23229.81,99,168515.12,MXN,marketplace
ORD00002867,CUST000354,returned,2025-05-30 08:23:05,61456.82,9833.09,0,71289.91,MXN,mobile_app
ORD00002868,CUST000905,paid,2025-07-05 18:34:49,95257.9,15241.26,0,110499.16,MXN,web
ORD00002869,CUST001159,paid,2025-09-16 20:10:43,10892.17,1742.75,0,12634.92,MXN,call_center
ORD00002870,CUST000935,delivered,2026-01-02 17:34:54,164051.26,26248.2,79,190378.46,MXN,web
ORD00002871,CUST000457,paid,2025-10-08 04:45:46,29207.34,4673.17,99,33979.51,MXN,call_center
ORD00002872,CUST000671,paid,2026-04-08 17:50:37,84558.12,13529.3,149,98236.42,MXN,mobile_app
ORD00002873,CUST000383,paid,2025-02-01 22:23:49,79018.66,12642.99,149,91810.65,MXN,mobile_app
ORD00002874,CUST000895,shipped,2026-01-24 18:58:21,67637.24,10821.96,49,78508.2,MXN,call_center
ORD00002875,CUST000919,delivered,2025-05-30 19:39:21,3968.03,634.88,49,4651.91,MXN,marketplace
ORD00002876,CUST000301,delivered,2026-04-24 10:53:32,16616.66,2658.67,79,19354.33,MXN,mobile_app
ORD00002877,CUST000699,shipped,2025-02-08 22:34:16,51686.19,8269.79,49,60004.98,MXN,mobile_app
ORD00002878,CUST001035,delivered,2025-05-30 02:34:25,136545.22,21847.24,99,158491.46,MXN,web
ORD00002879,CUST000487,packed,2025-01-30 14:38:37,18926.79,3028.29,79,22034.08,MXN,call_center
ORD00002880,CUST001067,paid,2025-01-14 03:52:51,124186.69,19869.87,79,144135.56,MXN,call_center
ORD00002881,CUST000537,paid,2025-06-02 06:15:35,53619.18,8579.07,149,62347.25,MXN,marketplace
ORD00002882,CUST000267,paid,2026-03-25 21:18:33,53083.32,8493.33,99,61675.65,MXN,marketplace
ORD00002883,CUST001166,created,2025-04-11 01:36:38,108074.02,17291.84,99,125464.86,MXN,web
ORD00002884,CUST000220,packed,2025-03-05 19:01:25,4731.97,757.12,149,5638.09,MXN,marketplace
ORD00002885,CUST000746,delivered,2026-05-06 15:07:30,51908.35,8305.34,0,60213.69,MXN,web
ORD00002886,CUST001195,created,2025-11-18 14:30:36,1439.24,230.28,49,1718.52,MXN,web
ORD00002887,CUST000735,paid,2025-06-21 05:16:44,120969.96,19355.19,79,140404.15,MXN,call_center
ORD00002888,CUST000566,cancelled,2026-03-05 06:14:27,112801.04,18048.17,79,130928.21,MXN,web
ORD00002889,CUST000682,cancelled,2026-05-12 00:49:05,64082.12,10253.14,0,74335.26,MXN,mobile_app
ORD00002890,CUST001051,delivered,2026-05-16 04:02:09,36660.08,5865.61,99,42624.69,MXN,web
ORD00002891,CUST000738,paid,2025-05-01 12:38:41,133574.72,21371.96,149,155095.68,MXN,marketplace
ORD00002892,CUST000992,delivered,2026-02-04 04:11:45,117914.44,18866.31,79,136859.75,MXN,marketplace
ORD00002893,CUST000421,shipped,2025-02-17 19:22:27,89251.73,14280.28,0,103532.01,MXN,web
ORD00002894,CUST000498,paid,2025-10-28 00:56:59,11732.07,1877.13,149,13758.2,MXN,marketplace
ORD00002895,CUST000624,delivered,2025-03-26 18:48:53,49177.62,7868.42,149,57195.04,MXN,marketplace
ORD00002896,CUST000667,packed,2025-05-09 11:31:53,52701.59,8432.25,0,61133.84,MXN,marketplace
ORD00002897,CUST000551,cancelled,2025-03-20 13:10:05,150668.08,24106.89,99,174873.97,MXN,web
ORD00002898,CUST000227,cancelled,2025-03-16 18:00:08,82950.78,13272.12,99,96321.9,MXN,web
ORD00002899,CUST000270,packed,2025-04-06 21:16:21,71062.99,11370.08,0,82433.07,MXN,web
ORD00002900,CUST000860,delivered,2025-12-20 05:16:37,139514.86,22322.38,149,161986.24,MXN,marketplace
ORD00002901,CUST000204,paid,2025-08-16 21:57:15,44393.48,7102.96,149,51645.44,MXN,web
ORD00002902,CUST000643,shipped,2025-06-05 02:56:17,114537.36,18325.98,49,132912.34,MXN,marketplace
ORD00002903,CUST000913,paid,2026-01-18 00:29:42,73619.28,11779.08,99,85497.36,MXN,marketplace
ORD00002904,CUST000251,delivered,2025-02-09 03:43:29,66818.43,10690.95,149,77658.38,MXN,marketplace
ORD00002905,CUST000732,paid,2025-10-13 20:57:41,167021.35,26723.42,79,193823.77,MXN,call_center
ORD00002906,CUST000352,shipped,2026-03-17 00:47:02,71585.05,11453.61,99,83137.66,MXN,marketplace
ORD00002907,CUST000218,paid,2026-05-19 04:58:33,77092.87,12334.86,0,89427.73,MXN,marketplace
ORD00002908,CUST000744,paid,2025-10-22 23:00:23,52095.11,8335.22,0,60430.33,MXN,web
ORD00002909,CUST000232,paid,2025-06-13 20:05:28,150197.74,24031.64,79,174308.38,MXN,mobile_app
ORD00002910,CUST000273,returned,2026-01-07 14:26:43,1323.25,211.72,0,1534.97,MXN,marketplace
ORD00002911,CUST001154,packed,2025-12-29 05:56:33,100116.1,16018.58,49,116183.68,MXN,marketplace
ORD00002912,CUST000032,delivered,2025-12-14 20:13:46,139291.96,22286.71,149,161727.67,MXN,call_center
ORD00002913,CUST001037,cancelled,2025-01-21 10:03:48,160944.81,25751.17,0,186695.98,MXN,web
ORD00002914,CUST000295,delivered,2026-01-11 14:40:30,42615.24,6818.44,79,49512.68,MXN,mobile_app
ORD00002915,CUST000483,paid,2025-04-18 10:11:11,132588.43,21214.15,149,153951.58,MXN,call_center
ORD00002916,CUST000082,paid,2026-01-14 20:05:43,129392.02,20702.72,79,150173.74,MXN,call_center
ORD00002917,CUST000022,shipped,2025-05-22 04:23:57,123023.35,19683.74,149,142856.09,MXN,marketplace
ORD00002918,CUST000771,cancelled,2026-03-28 02:07:23,112596.14,18015.38,0,130611.52,MXN,web
ORD00002919,CUST001020,paid,2026-02-15 14:08:46,126290.01,20206.4,79,146575.41,MXN,marketplace
ORD00002920,CUST000474,delivered,2025-12-09 23:16:47,81089.79,12974.37,149,94213.16,MXN,call_center
ORD00002921,CUST000940,paid,2025-04-01 15:57:46,224143.87,35863.02,99,260105.89,MXN,call_center
ORD00002922,CUST001061,packed,2025-08-15 13:23:14,15412.47,2466.0,149,18027.47,MXN,web
ORD00002923,CUST000651,shipped,2025-11-19 15:30:49,42693.58,6830.97,99,49623.55,MXN,web
ORD00002924,CUST000943,delivered,2026-04-12 21:50:19,61389.58,9822.33,0,71211.91,MXN,marketplace
ORD00002925,CUST000765,returned,2025-09-20 01:24:45,12713.55,2034.17,49,14796.72,MXN,web
ORD00002926,CUST000537,paid,2025-03-23 00:50:50,41162.86,6586.06,149,47897.92,MXN,marketplace
ORD00002927,CUST000783,delivered,2025-12-14 19:33:21,154384.2,24701.47,79,179164.67,MXN,marketplace
ORD00002928,CUST000883,paid,2025-09-07 02:35:56,65968.87,10555.02,49,76572.89,MXN,mobile_app
ORD00002929,CUST000106,paid,2025-08-02 18:06:55,59889.71,9582.35,79,69551.06,MXN,call_center
ORD00002930,CUST000859,delivered,2025-02-06 13:59:32,138814.5,22210.32,149,161173.82,MXN,mobile_app
ORD00002931,CUST000368,packed,2025-02-15 23:44:06,33238.05,5318.09,99,38655.14,MXN,call_center
ORD00002932,CUST000233,cancelled,2025-09-18 19:53:00,134030.11,21444.82,49,155523.93,MXN,web
ORD00002933,CUST001102,packed,2026-03-19 12:29:03,152660.77,24425.72,0,177086.49,MXN,call_center
ORD00002934,CUST000969,delivered,2026-04-04 10:53:01,136814.07,21890.25,99,158803.32,MXN,web
ORD00002935,CUST000588,paid,2025-06-18 12:57:24,75773.12,12123.7,49,87945.82,MXN,mobile_app
ORD00002936,CUST001150,paid,2025-12-29 13:27:35,296071.01,47371.36,149,343591.37,MXN,call_center
ORD00002937,CUST000438,delivered,2026-01-26 10:18:38,111797.82,17887.65,49,129734.47,MXN,mobile_app
ORD00002938,CUST000431,shipped,2025-12-28 12:45:05,4210.0,673.6,0,4883.6,MXN,call_center
ORD00002939,CUST000496,paid,2026-05-04 16:48:57,140896.88,22543.5,49,163489.38,MXN,call_center
ORD00002940,CUST000215,delivered,2025-11-04 14:17:05,95581.12,15292.98,49,110923.1,MXN,web
ORD00002941,CUST000610,paid,2025-10-23 20:02:13,98005.93,15680.95,79,113765.88,MXN,web
ORD00002942,CUST000092,paid,2025-07-25 23:23:08,141177.77,22588.44,49,163815.21,MXN,mobile_app
ORD00002943,CUST000924,returned,2025-05-26 03:01:42,97828.03,15652.48,0,113480.51,MXN,web
ORD00002944,CUST000829,delivered,2025-09-06 17:26:36,13181.7,2109.07,0,15290.77,MXN,web
ORD00002945,CUST000158,shipped,2026-01-17 16:04:57,64088.44,10254.15,49,74391.59,MXN,call_center
ORD00002946,CUST000366,paid,2026-03-28 20:02:43,155641.2,24902.59,99,180642.79,MXN,call_center
ORD00002947,CUST000767,paid,2026-01-12 08:54:34,104455.39,16712.86,79,121247.25,MXN,web
ORD00002948,CUST001053,delivered,2025-06-06 03:19:55,58464.21,9354.27,149,67967.48,MXN,mobile_app
ORD00002949,CUST000797,shipped,2025-11-19 01:35:58,70769.22,11323.08,0,82092.3,MXN,mobile_app
ORD00002950,CUST000294,returned,2026-01-12 08:26:33,5124.0,819.84,99,6042.84,MXN,web
ORD00002951,CUST000576,cancelled,2026-01-01 07:45:35,166404.58,26624.73,99,193128.31,MXN,mobile_app
ORD00002952,CUST001186,delivered,2025-05-17 06:08:35,161523.33,25843.73,49,187416.06,MXN,call_center
ORD00002953,CUST001176,paid,2026-02-01 17:15:16,114944.88,18391.18,99,133435.06,MXN,web
ORD00002954,CUST001027,delivered,2025-01-20 18:31:17,129288.95,20686.23,99,150074.18,MXN,marketplace
ORD00002955,CUST000531,packed,2025-04-16 16:49:18,97256.52,15561.04,79,112896.56,MXN,marketplace
ORD00002956,CUST000488,packed,2025-04-24 09:44:55,35045.8,5607.33,149,40802.13,MXN,call_center
ORD00002957,CUST000520,paid,2025-10-08 18:41:26,134211.96,21473.91,99,155784.87,MXN,call_center
ORD00002958,CUST000010,delivered,2025-09-22 21:11:22,180962.31,28953.97,0,209916.28,MXN,mobile_app
ORD00002959,CUST000276,shipped,2025-01-03 23:11:14,29121.88,4659.5,79,33860.38,MXN,marketplace
ORD00002960,CUST000112,cancelled,2025-11-16 01:40:37,104306.74,16689.08,99,121094.82,MXN,call_center
ORD00002961,CUST001199,shipped,2025-12-10 22:44:54,58393.51,9342.96,149,67885.47,MXN,marketplace
ORD00002962,CUST000214,paid,2025-08-13 17:15:11,20503.55,3280.57,79,23863.12,MXN,mobile_app
ORD00002963,CUST000608,paid,2026-04-17 13:07:24,166043.61,26566.98,49,192659.59,MXN,web
ORD00002964,CUST000381,paid,2025-08-23 04:42:53,63181.48,10109.04,149,73439.52,MXN,web
ORD00002965,CUST001181,cancelled,2025-01-22 22:43:14,85552.8,13688.45,79,99320.25,MXN,mobile_app
ORD00002966,CUST001146,created,2025-09-11 22:22:43,55073.94,8811.83,79,63964.77,MXN,mobile_app
ORD00002967,CUST000661,returned,2025-03-10 00:33:03,179662.57,28746.01,149,208557.58,MXN,web
ORD00002968,CUST000780,cancelled,2025-06-28 19:51:39,73844.59,11815.13,79,85738.72,MXN,marketplace
ORD00002969,CUST000433,cancelled,2025-07-08 19:51:47,135087.46,21613.99,149,156850.45,MXN,marketplace
ORD00002970,CUST000699,delivered,2026-03-05 00:25:52,63643.77,10183.0,149,73975.77,MXN,call_center
ORD00002971,CUST001174,delivered,2025-03-19 15:44:54,169516.98,27122.72,49,196688.7,MXN,mobile_app
ORD00002972,CUST001060,paid,2025-12-03 19:14:00,60797.47,9727.6,99,70624.07,MXN,web
ORD00002973,CUST000880,packed,2025-01-09 10:13:05,60132.67,9621.23,49,69802.9,MXN,call_center
ORD00002974,CUST000962,paid,2025-03-02 18:16:10,75759.77,12121.56,99,87980.33,MXN,marketplace
ORD00002975,CUST000001,delivered,2025-10-29 06:25:10,130756.46,20921.03,149,151826.49,MXN,web
ORD00002976,CUST000773,delivered,2025-12-11 16:50:33,112056.56,17929.05,49,130034.61,MXN,web
ORD00002977,CUST000928,packed,2025-09-18 02:30:47,45450.44,7272.07,99,52821.51,MXN,web
ORD00002978,CUST000605,shipped,2025-07-01 17:32:54,40422.95,6467.67,79,46969.62,MXN,call_center
ORD00002979,CUST000857,delivered,2026-04-03 10:56:07,158962.14,25433.94,79,184475.08,MXN,marketplace
ORD00002980,CUST000329,delivered,2026-01-29 20:52:09,96466.32,15434.61,149,112049.93,MXN,mobile_app
ORD00002981,CUST000633,cancelled,2025-06-07 10:05:48,202615.19,32418.43,79,235112.62,MXN,marketplace
ORD00002982,CUST000465,delivered,2026-01-14 20:06:06,87766.08,14042.57,0,101808.65,MXN,call_center
ORD00002983,CUST000238,packed,2025-12-06 14:22:14,64685.65,10349.7,149,75184.35,MXN,marketplace
ORD00002984,CUST000757,shipped,2025-02-07 00:23:22,147726.38,23636.22,79,171441.6,MXN,web
ORD00002985,CUST000915,paid,2026-03-27 19:12:11,219080.8,35052.93,99,254232.73,MXN,mobile_app
ORD00002986,CUST000638,delivered,2025-04-21 18:21:25,136550.6,21848.1,99,158497.7,MXN,web
ORD00002987,CUST000412,paid,2025-10-13 23:22:51,90072.16,14411.55,0,104483.71,MXN,call_center
ORD00002988,CUST000725,delivered,2025-03-18 11:23:00,95596.44,15295.43,0,110891.87,MXN,marketplace
ORD00002989,CUST000243,shipped,2025-02-18 13:54:40,163672.53,26187.6,0,189860.13,MXN,web
ORD00002990,CUST000623,paid,2025-12-09 16:39:42,96846.08,15495.37,149,112490.45,MXN,web
ORD00002991,CUST000518,returned,2026-04-22 06:49:24,165138.48,26422.16,49,191609.64,MXN,mobile_app
ORD00002992,CUST000504,delivered,2026-05-08 20:50:56,55190.14,8830.42,149,64169.56,MXN,mobile_app
ORD00002993,CUST000604,paid,2025-03-11 06:43:39,10525.38,1684.06,79,12288.44,MXN,marketplace
ORD00002994,CUST001192,paid,2025-02-01 20:40:25,121929.6,19508.74,99,141537.34,MXN,web
ORD00002995,CUST001121,delivered,2025-04-28 22:52:15,39737.76,6358.04,99,46194.8,MXN,web
ORD00002996,CUST000889,delivered,2025-05-27 07:05:46,65278.23,10444.52,0,75722.75,MXN,web
ORD00002997,CUST001115,paid,2025-02-17 04:23:15,51232.52,8197.2,49,59478.72,MXN,marketplace
ORD00002998,CUST000922,cancelled,2026-04-18 08:42:56,82637.3,13221.97,149,96008.27,MXN,mobile_app
ORD00002999,CUST000715,cancelled,2025-08-15 18:55:08,197572.18,31611.55,79,229262.73,MXN,mobile_app
ORD00003000,CUST000118,paid,2025-06-25 03:13:05,21415.03,3426.4,49,24890.43,MXN,marketplace
ORD00003001,CUST000982,shipped,2025-04-18 12:42:15,122313.75,19570.2,49,141932.95,MXN,mobile_app
ORD00003002,CUST001065,shipped,2025-05-24 03:48:54,130987.07,20957.93,149,152094.0,MXN,mobile_app
ORD00003003,CUST000483,packed,2026-03-09 21:33:54,85581.69,13693.07,79,99353.76,MXN,marketplace
ORD00003004,CUST000632,delivered,2026-03-04 15:20:18,138338.51,22134.16,49,160521.67,MXN,mobile_app
ORD00003005,CUST000349,delivered,2025-03-21 18:04:05,134942.97,21590.88,0,156533.85,MXN,web
ORD00003006,CUST000428,created,2025-05-17 15:52:40,117816.09,18850.57,49,136715.66,MXN,call_center
ORD00003007,CUST000353,packed,2026-04-08 11:47:33,191481.51,30637.04,99,222217.55,MXN,mobile_app
ORD00003008,CUST000426,delivered,2025-01-18 22:32:30,70607.67,11297.23,149,82053.9,MXN,mobile_app
ORD00003009,CUST000242,shipped,2025-05-08 13:30:50,51140.39,8182.46,79,59401.85,MXN,call_center
ORD00003010,CUST000327,delivered,2025-02-19 15:46:26,94810.81,15169.73,0,109980.54,MXN,marketplace
ORD00003011,CUST001021,cancelled,2025-10-11 02:23:30,84665.93,13546.55,99,98311.48,MXN,call_center
ORD00003012,CUST000856,packed,2026-03-30 06:17:26,143704.53,22992.72,0,166697.25,MXN,call_center
ORD00003013,CUST000951,delivered,2026-04-11 07:35:49,121438.59,19430.17,79,140947.76,MXN,mobile_app
ORD00003014,CUST000870,packed,2025-07-23 18:22:55,191488.75,30638.2,79,222205.95,MXN,web
ORD00003015,CUST000606,shipped,2025-03-21 09:20:44,125625.87,20100.14,49,145775.01,MXN,mobile_app
ORD00003016,CUST001150,paid,2025-01-10 17:08:24,158123.83,25299.81,149,183572.64,MXN,call_center
ORD00003017,CUST000540,cancelled,2026-04-04 08:28:26,5270.48,843.28,149,6262.76,MXN,marketplace
ORD00003018,CUST000565,delivered,2025-10-15 03:45:42,118918.43,19026.95,149,138094.38,MXN,marketplace
ORD00003019,CUST000457,cancelled,2025-09-28 10:30:02,152376.77,24380.28,0,176757.05,MXN,call_center
ORD00003020,CUST000619,shipped,2026-03-23 17:51:52,20579.93,3292.79,149,24021.72,MXN,call_center
ORD00003021,CUST000490,shipped,2025-06-13 01:45:25,19169.41,3067.11,79,22315.52,MXN,web
ORD00003022,CUST000578,delivered,2025-09-08 06:44:48,63460.34,10153.65,149,73762.99,MXN,mobile_app
ORD00003023,CUST000537,packed,2025-08-14 21:57:53,99501.11,15920.18,149,115570.29,MXN,mobile_app
ORD00003024,CUST001117,cancelled,2026-05-03 03:32:06,57504.25,9200.68,79,66783.93,MXN,marketplace
ORD00003025,CUST000245,returned,2025-09-17 21:17:39,20192.03,3230.72,49,23471.75,MXN,call_center
ORD00003026,CUST000758,delivered,2025-12-14 18:31:22,3897.35,623.58,0,4520.93,MXN,call_center
ORD00003027,CUST000190,delivered,2025-11-26 03:33:28,50467.62,8074.82,49,58591.44,MXN,marketplace
ORD00003028,CUST001140,packed,2025-06-09 05:05:53,151865.13,24298.42,99,176262.55,MXN,marketplace
ORD00003029,CUST000059,cancelled,2025-12-04 20:16:38,102449.25,16391.88,149,118990.13,MXN,marketplace
ORD00003030,CUST000749,delivered,2026-04-01 10:29:05,55233.28,8837.32,99,64169.6,MXN,mobile_app
ORD00003031,CUST000419,packed,2026-01-06 05:30:22,188077.24,30092.36,49,218218.6,MXN,mobile_app
ORD00003032,CUST000970,packed,2026-04-19 21:10:46,65944.9,10551.18,79,76575.08,MXN,web
ORD00003033,CUST000906,delivered,2025-01-10 16:07:22,6248.66,999.79,99,7347.45,MXN,call_center
ORD00003034,CUST000492,delivered,2025-07-10 19:54:23,56709.51,9073.52,0,65783.03,MXN,marketplace
ORD00003035,CUST000578,paid,2026-02-08 03:57:55,24275.61,3884.1,79,28238.71,MXN,marketplace
ORD00003036,CUST000975,delivered,2025-03-28 12:49:08,8793.49,1406.96,79,10279.45,MXN,web
ORD00003037,CUST000031,paid,2026-05-06 21:17:01,134196.75,21471.48,0,155668.23,MXN,mobile_app
ORD00003038,CUST001013,delivered,2026-01-18 07:10:12,14510.65,2321.7,99,16931.35,MXN,mobile_app
ORD00003039,CUST000681,paid,2026-05-12 10:01:43,65595.06,10495.21,99,76189.27,MXN,mobile_app
ORD00003040,CUST000333,paid,2025-02-06 09:50:57,112518.94,18003.03,0,130521.97,MXN,call_center
ORD00003041,CUST000926,delivered,2025-01-07 18:01:21,106819.96,17091.19,79,123990.15,MXN,marketplace
ORD00003042,CUST000437,paid,2025-10-30 01:07:45,174239.5,27878.32,149,202266.82,MXN,marketplace
ORD00003043,CUST000056,paid,2026-04-04 04:32:41,249339.23,39894.28,49,289282.51,MXN,web
ORD00003044,CUST000592,paid,2026-01-16 04:51:46,138135.1,22101.62,0,160236.72,MXN,marketplace
ORD00003045,CUST000787,paid,2025-09-10 20:55:27,86388.05,13822.09,79,100289.14,MXN,mobile_app
ORD00003046,CUST000650,delivered,2025-04-15 13:41:41,213156.75,34105.08,0,247261.83,MXN,mobile_app
ORD00003047,CUST000201,delivered,2025-06-23 20:06:59,135081.44,21613.03,79,156773.47,MXN,mobile_app
ORD00003048,CUST000335,paid,2025-07-19 22:00:58,86805.03,13888.8,99,100792.83,MXN,mobile_app
ORD00003049,CUST000370,returned,2025-06-28 07:43:01,17051.54,2728.25,0,19779.79,MXN,call_center
ORD00003050,CUST000484,paid,2025-05-06 04:53:30,172744.22,27639.08,79,200462.3,MXN,mobile_app
ORD00003051,CUST000851,paid,2025-06-25 19:46:05,65146.89,10423.5,0,75570.39,MXN,web
ORD00003052,CUST001141,packed,2026-02-11 11:22:14,107521.4,17203.42,49,124773.82,MXN,web
ORD00003053,CUST000844,paid,2025-07-18 05:24:09,199722.65,31955.62,0,231678.27,MXN,marketplace
ORD00003054,CUST000104,delivered,2026-03-15 22:21:01,44138.68,7062.19,0,51200.87,MXN,web
ORD00003055,CUST000166,paid,2025-12-23 22:34:08,176592.45,28254.79,149,204996.24,MXN,mobile_app
ORD00003056,CUST001174,cancelled,2025-01-23 01:28:14,23046.35,3687.42,79,26812.77,MXN,call_center
ORD00003057,CUST001106,shipped,2026-04-02 18:04:23,66789.67,10686.35,0,77476.02,MXN,call_center
ORD00003058,CUST000787,delivered,2026-03-20 03:38:12,26025.91,4164.15,49,30239.06,MXN,web
ORD00003059,CUST000185,shipped,2026-03-16 05:12:44,121727.48,19476.4,49,141252.88,MXN,call_center
ORD00003060,CUST000897,paid,2025-10-30 19:22:32,33124.96,5299.99,79,38503.95,MXN,web
ORD00003061,CUST000051,created,2025-01-27 02:54:39,84561.83,13529.89,0,98091.72,MXN,marketplace
ORD00003062,CUST000750,paid,2026-01-26 15:06:24,17056.57,2729.05,49,19834.62,MXN,marketplace
ORD00003063,CUST000232,paid,2025-03-14 12:33:52,69623.52,11139.76,79,80842.28,MXN,mobile_app
ORD00003064,CUST000718,cancelled,2025-05-05 07:54:14,89778.54,14364.57,79,104222.11,MXN,call_center
ORD00003065,CUST000771,delivered,2025-06-22 20:26:00,42553.63,6808.58,79,49441.21,MXN,mobile_app
ORD00003066,CUST000418,paid,2025-12-09 12:14:35,189539.36,30326.3,0,219865.66,MXN,call_center
ORD00003067,CUST000623,shipped,2026-05-16 05:19:50,25884.63,4141.54,49,30075.17,MXN,mobile_app
ORD00003068,CUST000603,delivered,2025-05-13 14:04:11,181606.17,29056.99,0,210663.16,MXN,call_center
ORD00003069,CUST000557,shipped,2025-06-28 04:32:24,124338.11,19894.1,99,144331.21,MXN,marketplace
ORD00003070,CUST000481,delivered,2026-03-16 17:51:07,75338.07,12054.09,49,87441.16,MXN,marketplace
ORD00003071,CUST000010,packed,2025-03-14 12:52:57,66844.98,10695.2,149,77689.18,MXN,marketplace
ORD00003072,CUST000722,delivered,2026-01-26 10:10:25,92058.58,14729.37,149,106936.95,MXN,call_center
ORD00003073,CUST001177,delivered,2026-03-15 23:14:34,53816.27,8610.6,149,62575.87,MXN,mobile_app
ORD00003074,CUST000978,shipped,2025-09-11 16:34:20,183191.1,29310.58,49,212550.68,MXN,marketplace
ORD00003075,CUST000477,delivered,2025-02-14 01:27:59,6175.66,988.11,99,7262.77,MXN,call_center
ORD00003076,CUST001070,paid,2026-04-08 10:18:47,9150.56,1464.09,49,10663.65,MXN,marketplace
ORD00003077,CUST000846,paid,2026-01-10 15:23:53,72084.66,11533.55,99,83717.21,MXN,mobile_app
ORD00003078,CUST000652,delivered,2025-02-27 06:35:39,175701.31,28112.21,79,203892.52,MXN,marketplace
ORD00003079,CUST000835,delivered,2025-08-01 12:09:02,1357.92,217.27,149,1724.19,MXN,marketplace
ORD00003080,CUST000146,paid,2025-02-14 12:56:48,105792.15,16926.74,0,122718.89,MXN,mobile_app
ORD00003081,CUST000070,cancelled,2025-07-12 22:59:05,175244.41,28039.11,49,203332.52,MXN,call_center
ORD00003082,CUST000443,paid,2026-05-10 18:00:49,158957.49,25433.2,99,184489.69,MXN,call_center
ORD00003083,CUST000964,paid,2025-08-15 20:19:39,63581.2,10172.99,79,73833.19,MXN,mobile_app
ORD00003084,CUST000930,created,2025-02-01 20:34:06,13382.68,2141.23,49,15572.91,MXN,mobile_app
ORD00003085,CUST000272,paid,2025-04-01 15:47:55,20724.27,3315.88,99,24139.15,MXN,mobile_app
ORD00003086,CUST000551,paid,2026-04-02 17:31:35,205851.58,32936.25,0,238787.83,MXN,call_center
ORD00003087,CUST000470,delivered,2025-05-20 09:37:16,39867.34,6378.77,149,46395.11,MXN,marketplace
ORD00003088,CUST001039,packed,2026-05-06 04:58:15,162557.6,26009.22,79,188645.82,MXN,web
ORD00003089,CUST000322,cancelled,2025-08-02 22:06:11,50280.61,8044.9,99,58424.51,MXN,marketplace
ORD00003090,CUST000674,returned,2025-01-02 12:47:33,13420.75,2147.32,49,15617.07,MXN,mobile_app
ORD00003091,CUST000768,paid,2025-05-20 08:57:20,124459.56,19913.53,99,144472.09,MXN,web
ORD00003092,CUST000423,delivered,2026-04-24 03:49:38,58212.21,9313.95,99,67625.16,MXN,call_center
ORD00003093,CUST000574,shipped,2025-08-27 15:02:39,54048.58,8647.77,149,62845.35,MXN,web
ORD00003094,CUST000090,delivered,2025-08-21 11:03:37,139754.27,22360.68,49,162163.95,MXN,call_center
ORD00003095,CUST000065,paid,2026-05-07 11:38:05,100063.35,16010.14,79,116152.49,MXN,marketplace
ORD00003096,CUST000624,packed,2025-11-13 03:41:15,227648.85,36423.82,149,264221.67,MXN,mobile_app
ORD00003097,CUST000358,cancelled,2026-02-09 18:27:56,134086.36,21453.82,99,155639.18,MXN,marketplace
ORD00003098,CUST000594,delivered,2025-11-29 16:56:28,66089.14,10574.26,0,76663.4,MXN,marketplace
ORD00003099,CUST000479,shipped,2025-10-26 20:11:42,178215.35,28514.46,149,206878.81,MXN,mobile_app
ORD00003100,CUST000272,delivered,2026-02-11 21:22:35,178765.6,28602.5,149,207517.1,MXN,web
ORD00003101,CUST000232,paid,2025-06-06 18:28:03,177493.36,28398.94,0,205892.3,MXN,web
ORD00003102,CUST000162,delivered,2025-10-04 14:50:48,136253.75,21800.6,99,158153.35,MXN,marketplace
ORD00003103,CUST000080,delivered,2026-03-25 01:22:01,89623.79,14339.81,149,104112.6,MXN,web
ORD00003104,CUST000128,delivered,2025-01-24 15:12:39,25059.15,4009.46,0,29068.61,MXN,call_center
ORD00003105,CUST000688,delivered,2025-11-05 08:14:30,38187.56,6110.01,149,44446.57,MXN,mobile_app
ORD00003106,CUST000784,cancelled,2025-06-03 12:51:25,167225.81,26756.13,49,194030.94,MXN,call_center
ORD00003107,CUST000161,paid,2025-08-03 15:00:03,103401.29,16544.21,99,120044.5,MXN,marketplace
ORD00003108,CUST000782,paid,2025-03-29 00:09:14,7850.44,1256.07,99,9205.51,MXN,marketplace
ORD00003109,CUST000276,delivered,2026-02-24 14:19:59,82138.98,13142.24,149,95430.22,MXN,marketplace
ORD00003110,CUST001001,paid,2025-09-19 00:24:08,179125.45,28660.07,79,207864.52,MXN,web
ORD00003111,CUST000573,paid,2025-04-28 13:53:47,46349.85,7415.98,149,53914.83,MXN,call_center
ORD00003112,CUST000243,delivered,2025-03-27 01:31:19,103004.02,16480.64,149,119633.66,MXN,call_center
ORD00003113,CUST000788,returned,2025-04-10 11:04:32,53725.14,8596.02,79,62400.16,MXN,marketplace
ORD00003114,CUST000401,packed,2026-04-08 00:44:16,131302.04,21008.33,49,152359.37,MXN,web
ORD00003115,CUST000360,paid,2025-10-06 16:27:39,76090.66,12174.51,79,88344.17,MXN,web
ORD00003116,CUST001005,delivered,2025-07-04 13:29:00,19156.7,3065.07,79,22300.77,MXN,web
ORD00003117,CUST000696,delivered,2025-11-30 00:17:48,128472.49,20555.6,149,149177.09,MXN,mobile_app
ORD00003118,CUST000714,delivered,2026-02-03 20:19:20,59728.56,9556.57,149,69434.13,MXN,mobile_app
ORD00003119,CUST000678,paid,2025-12-03 11:47:01,112800.9,18048.14,99,130948.04,MXN,call_center
ORD00003120,CUST001144,paid,2025-08-16 18:45:01,155447.34,24871.57,79,180397.91,MXN,web
ORD00003121,CUST000787,delivered,2025-10-19 15:50:16,18028.72,2884.6,149,21062.32,MXN,marketplace
ORD00003122,CUST000811,packed,2026-02-07 07:58:53,23355.14,3736.82,79,27170.96,MXN,call_center
ORD00003123,CUST001110,packed,2025-09-04 18:34:12,46129.13,7380.66,49,53558.79,MXN,web
ORD00003124,CUST001061,packed,2025-02-02 01:39:42,48100.64,7696.1,49,55845.74,MXN,mobile_app
ORD00003125,CUST000757,shipped,2025-04-06 01:48:18,22765.51,3642.48,49,26456.99,MXN,web
ORD00003126,CUST000902,delivered,2025-07-06 18:20:26,119137.03,19061.92,79,138277.95,MXN,marketplace
ORD00003127,CUST000924,shipped,2026-01-15 13:07:41,95861.31,15337.81,49,111248.12,MXN,mobile_app
ORD00003128,CUST000359,paid,2025-10-12 23:16:41,59558.44,9529.35,79,69166.79,MXN,call_center
ORD00003129,CUST001036,shipped,2025-10-22 22:58:04,579.27,92.68,79,750.95,MXN,web
ORD00003130,CUST000935,shipped,2025-10-24 13:06:55,707.13,113.14,149,969.27,MXN,marketplace
ORD00003131,CUST000304,paid,2025-11-28 07:13:52,17958.44,2873.35,79,20910.79,MXN,mobile_app
ORD00003132,CUST000279,delivered,2025-10-27 10:05:02,131117.85,20978.86,79,152175.71,MXN,mobile_app
ORD00003133,CUST001165,shipped,2025-12-05 14:43:37,168219.97,26915.2,99,195234.17,MXN,mobile_app
ORD00003134,CUST001088,paid,2026-03-05 06:50:43,25507.23,4081.16,149,29737.39,MXN,mobile_app
ORD00003135,CUST001145,returned,2025-03-24 03:58:13,113078.21,18092.51,0,131170.72,MXN,call_center
ORD00003136,CUST000901,delivered,2025-09-06 02:10:26,24021.18,3843.39,49,27913.57,MXN,mobile_app
ORD00003137,CUST000345,paid,2026-02-01 09:54:26,177191.63,28350.66,149,205691.29,MXN,mobile_app
ORD00003138,CUST000237,packed,2025-07-05 20:40:41,211244.03,33799.04,0,245043.07,MXN,mobile_app
ORD00003139,CUST000657,delivered,2025-12-06 15:44:56,90280.57,14444.89,79,104804.46,MXN,mobile_app
ORD00003140,CUST000847,shipped,2025-05-14 17:12:14,22478.64,3596.58,49,26124.22,MXN,marketplace
ORD00003141,CUST000824,delivered,2025-01-10 14:41:28,125134.86,20021.58,79,145235.44,MXN,call_center
ORD00003142,CUST000646,delivered,2025-08-25 13:32:04,186190.4,29790.46,79,216059.86,MXN,web
ORD00003143,CUST000720,paid,2025-02-15 02:45:57,18643.02,2982.88,79,21704.9,MXN,call_center
ORD00003144,CUST000765,shipped,2025-02-11 20:31:10,155353.85,24856.62,0,180210.47,MXN,mobile_app
ORD00003145,CUST000631,paid,2025-03-09 09:40:18,24851.33,3976.21,79,28906.54,MXN,call_center
ORD00003146,CUST000278,delivered,2026-04-20 11:34:31,172313.49,27570.16,99,199982.65,MXN,call_center
ORD00003147,CUST000998,paid,2025-12-19 17:54:12,67695.78,10831.32,149,78676.1,MXN,call_center
ORD00003148,CUST000250,shipped,2025-03-28 23:18:15,31494.0,5039.04,79,36612.04,MXN,web
ORD00003149,CUST000503,delivered,2025-09-18 11:02:22,178878.29,28620.53,99,207597.82,MXN,marketplace
ORD00003150,CUST000198,cancelled,2026-01-25 13:45:23,212089.94,33934.39,79,246103.33,MXN,call_center
ORD00003151,CUST001190,paid,2026-01-06 13:35:41,33465.63,5354.5,149,38969.13,MXN,mobile_app
ORD00003152,CUST000462,delivered,2026-05-12 00:41:04,139796.3,22367.41,149,162312.71,MXN,call_center
ORD00003153,CUST001111,delivered,2026-04-17 00:54:08,53204.99,8512.8,49,61766.79,MXN,web
ORD00003154,CUST000649,paid,2025-04-19 14:15:14,29224.92,4675.99,99,33999.91,MXN,call_center
ORD00003155,CUST000766,returned,2025-03-15 22:25:55,64214.13,10274.26,79,74567.39,MXN,call_center
ORD00003156,CUST000896,paid,2025-02-11 04:49:07,198302.64,31728.42,149,230180.06,MXN,call_center
ORD00003157,CUST001112,packed,2025-12-12 00:52:14,149477.03,23916.32,0,173393.35,MXN,mobile_app
ORD00003158,CUST000687,delivered,2025-08-22 00:48:09,68524.72,10963.96,0,79488.68,MXN,mobile_app
ORD00003159,CUST000104,shipped,2025-01-25 18:23:54,19682.31,3149.17,99,22930.48,MXN,web
ORD00003160,CUST000441,delivered,2025-11-11 03:33:14,55222.51,8835.6,49,64107.11,MXN,marketplace
ORD00003161,CUST000306,paid,2025-08-30 19:27:03,25252.16,4040.35,0,29292.51,MXN,web
ORD00003162,CUST001014,shipped,2025-04-16 11:14:01,74752.66,11960.43,99,86812.09,MXN,call_center
ORD00003163,CUST000484,paid,2025-03-04 06:36:58,80577.8,12892.45,149,93619.25,MXN,call_center
ORD00003164,CUST000804,shipped,2025-05-14 08:43:08,109116.47,17458.64,99,126674.11,MXN,mobile_app
ORD00003165,CUST000439,shipped,2025-12-10 01:53:27,58185.61,9309.7,99,67594.31,MXN,call_center
ORD00003166,CUST000003,delivered,2026-01-16 04:09:22,37071.51,5931.44,99,43101.95,MXN,call_center
ORD00003167,CUST000330,packed,2025-08-03 21:05:41,26709.0,4273.44,149,31131.44,MXN,call_center
ORD00003168,CUST001026,delivered,2026-05-10 20:54:18,125279.28,20044.68,79,145402.96,MXN,call_center
ORD00003169,CUST000557,delivered,2026-04-13 18:11:08,51204.78,8192.76,99,59496.54,MXN,call_center
ORD00003170,CUST001027,created,2026-01-01 16:30:17,69631.47,11141.04,79,80851.51,MXN,call_center
ORD00003171,CUST000792,paid,2025-09-09 21:20:31,187749.4,30039.9,0,217789.3,MXN,marketplace
ORD00003172,CUST000156,paid,2025-04-18 06:48:43,60199.44,9631.91,0,69831.35,MXN,marketplace
ORD00003173,CUST001168,delivered,2025-04-28 01:06:05,117656.76,18825.08,149,136630.84,MXN,web
ORD00003174,CUST000986,paid,2025-02-24 13:52:42,91174.31,14587.89,0,105762.2,MXN,call_center
ORD00003175,CUST000491,delivered,2026-04-10 08:06:44,108748.82,17399.81,99,126247.63,MXN,call_center
ORD00003176,CUST001135,paid,2026-02-02 23:14:24,190156.23,30425.0,49,220630.23,MXN,mobile_app
ORD00003177,CUST000511,created,2025-09-16 08:30:25,76305.79,12208.93,99,88613.72,MXN,web
ORD00003178,CUST000404,cancelled,2025-06-12 00:48:09,129207.95,20673.27,49,149930.22,MXN,mobile_app
ORD00003179,CUST000837,shipped,2026-05-06 06:00:24,133945.36,21431.26,149,155525.62,MXN,web
ORD00003180,CUST000093,delivered,2025-10-06 18:03:38,192713.5,30834.16,99,223646.66,MXN,mobile_app
ORD00003181,CUST000525,packed,2025-04-19 23:07:06,34040.66,5446.51,79,39566.17,MXN,call_center
ORD00003182,CUST001021,packed,2025-05-26 20:56:57,58632.2,9381.15,0,68013.35,MXN,call_center
ORD00003183,CUST000806,paid,2025-03-04 23:06:17,72584.57,11613.53,49,84247.1,MXN,call_center
ORD00003184,CUST001072,created,2025-09-08 17:27:40,83474.7,13355.95,149,96979.65,MXN,mobile_app
ORD00003185,CUST000549,delivered,2026-05-16 21:18:03,128792.73,20606.84,49,149448.57,MXN,marketplace
ORD00003186,CUST000999,paid,2025-10-19 01:03:04,82601.07,13216.17,149,95966.24,MXN,call_center
ORD00003187,CUST000935,paid,2025-04-21 14:53:46,23025.03,3684.0,49,26758.03,MXN,mobile_app
ORD00003188,CUST000070,paid,2025-01-09 03:19:12,92185.4,14749.66,0,106935.06,MXN,call_center
ORD00003189,CUST000860,shipped,2026-04-20 23:10:51,128818.78,20611.0,149,149578.78,MXN,web
ORD00003190,CUST000240,shipped,2025-12-04 17:58:06,15357.34,2457.17,79,17893.51,MXN,web
ORD00003191,CUST000112,shipped,2025-01-20 15:34:33,156625.62,25060.1,49,181734.72,MXN,mobile_app
ORD00003192,CUST000372,paid,2025-04-09 18:36:14,153472.85,24555.66,0,178028.51,MXN,mobile_app
ORD00003193,CUST001130,packed,2025-03-03 11:12:31,132919.06,21267.05,0,154186.11,MXN,web
ORD00003194,CUST000288,cancelled,2026-02-08 00:55:04,18778.29,3004.53,49,21831.82,MXN,web
ORD00003195,CUST000565,paid,2025-09-01 20:49:26,119078.03,19052.48,49,138179.51,MXN,web
ORD00003196,CUST001030,created,2025-10-06 23:29:01,91219.5,14595.12,149,105963.62,MXN,call_center
ORD00003197,CUST000668,delivered,2025-07-24 14:57:40,107954.28,17272.68,0,125226.96,MXN,marketplace
ORD00003198,CUST000520,shipped,2026-02-01 09:34:37,172989.42,27678.31,99,200766.73,MXN,web
ORD00003199,CUST000739,cancelled,2025-01-09 03:58:52,78731.58,12597.05,79,91407.63,MXN,call_center
ORD00003200,CUST000887,delivered,2025-02-12 22:46:04,94862.74,15178.04,79,110119.78,MXN,call_center
ORD00003201,CUST001102,paid,2026-03-23 05:13:41,146883.88,23501.42,49,170434.3,MXN,marketplace
ORD00003202,CUST000313,delivered,2025-03-06 04:41:25,114124.53,18259.92,49,132433.45,MXN,mobile_app
ORD00003203,CUST000166,paid,2025-03-20 05:23:03,52871.39,8459.42,49,61379.81,MXN,web
ORD00003204,CUST001101,paid,2025-07-09 00:41:04,124003.82,19840.61,49,143893.43,MXN,mobile_app
ORD00003205,CUST001055,paid,2025-12-11 01:39:00,105175.02,16828.0,149,122152.02,MXN,web
ORD00003206,CUST000684,created,2026-03-07 03:32:34,43757.44,7001.19,49,50807.63,MXN,web
ORD00003207,CUST000671,delivered,2025-12-31 09:01:20,6495.66,1039.31,49,7583.97,MXN,marketplace
ORD00003208,CUST000930,paid,2026-02-24 18:49:52,38146.68,6103.47,79,44329.15,MXN,web
ORD00003209,CUST000578,returned,2026-02-17 01:18:24,20555.44,3288.87,79,23923.31,MXN,call_center
ORD00003210,CUST000833,cancelled,2025-03-13 23:14:49,188931.73,30229.08,149,219309.81,MXN,marketplace
ORD00003211,CUST000595,delivered,2025-09-01 15:50:12,115179.72,18428.76,99,133707.48,MXN,marketplace
ORD00003212,CUST000722,delivered,2026-04-26 05:38:39,76845.8,12295.33,149,89290.13,MXN,web
ORD00003213,CUST000877,paid,2025-05-21 14:11:08,135559.73,21689.56,149,157398.29,MXN,mobile_app
ORD00003214,CUST000828,delivered,2025-06-19 06:23:09,108756.12,17400.98,0,126157.1,MXN,web
ORD00003215,CUST000910,paid,2025-01-04 17:50:33,98814.34,15810.29,99,114723.63,MXN,web
ORD00003216,CUST000835,paid,2026-03-10 01:46:06,97337.12,15573.94,49,112960.06,MXN,web
ORD00003217,CUST000442,delivered,2026-05-08 21:36:36,119380.61,19100.9,99,138580.51,MXN,mobile_app
ORD00003218,CUST000977,delivered,2025-04-28 15:49:59,91867.13,14698.74,79,106644.87,MXN,marketplace
ORD00003219,CUST000306,paid,2025-09-13 09:19:42,181419.33,29027.09,79,210525.42,MXN,marketplace
ORD00003220,CUST000013,returned,2025-02-21 18:52:12,9734.96,1557.59,99,11391.55,MXN,marketplace
ORD00003221,CUST000241,packed,2025-08-25 08:18:29,84172.3,13467.57,0,97639.87,MXN,marketplace
ORD00003222,CUST000781,paid,2026-04-22 03:33:54,99867.05,15978.73,79,115924.78,MXN,web
ORD00003223,CUST000182,paid,2025-06-06 14:13:50,29305.16,4688.83,79,34072.99,MXN,marketplace
ORD00003224,CUST000209,delivered,2025-08-31 01:10:29,14323.26,2291.72,149,16763.98,MXN,mobile_app
ORD00003225,CUST001112,cancelled,2026-01-13 17:58:06,39079.42,6252.71,149,45481.13,MXN,web
ORD00003226,CUST000784,packed,2026-02-25 02:43:05,32157.1,5145.14,149,37451.24,MXN,web
ORD00003227,CUST000934,delivered,2025-01-14 13:57:35,46597.64,7455.62,79,54132.26,MXN,web
ORD00003228,CUST000098,paid,2026-02-02 09:24:11,173044.02,27687.04,49,200780.06,MXN,call_center
ORD00003229,CUST000664,paid,2025-02-16 00:30:34,18249.18,2919.87,99,21268.05,MXN,mobile_app
ORD00003230,CUST000731,packed,2025-06-13 18:25:20,134785.39,21565.66,49,156400.05,MXN,web
ORD00003231,CUST000705,returned,2025-06-12 12:06:10,132246.73,21159.48,99,153505.21,MXN,web
ORD00003232,CUST000053,delivered,2026-04-19 20:24:22,142602.59,22816.41,0,165419.0,MXN,web
ORD00003233,CUST000410,packed,2025-12-04 06:15:08,63446.94,10151.51,99,73697.45,MXN,mobile_app
ORD00003234,CUST001106,delivered,2026-05-17 16:58:33,58945.25,9431.24,99,68475.49,MXN,mobile_app
ORD00003235,CUST001102,delivered,2026-05-17 23:28:43,135567.56,21690.81,79,157337.37,MXN,call_center
ORD00003236,CUST000939,packed,2025-10-04 00:32:22,103562.65,16570.02,99,120231.67,MXN,call_center
ORD00003237,CUST000868,delivered,2025-09-27 13:36:06,16739.28,2678.28,0,19417.56,MXN,web
ORD00003238,CUST000344,delivered,2025-04-10 03:00:50,157509.33,25201.49,0,182710.82,MXN,marketplace
ORD00003239,CUST000589,paid,2026-02-02 03:48:28,90250.79,14440.13,49,104739.92,MXN,marketplace
ORD00003240,CUST000309,cancelled,2025-10-16 16:01:28,62728.7,10036.59,0,72765.29,MXN,marketplace
ORD00003241,CUST000130,paid,2026-01-16 17:45:02,76203.27,12192.52,79,88474.79,MXN,call_center
ORD00003242,CUST000658,cancelled,2025-11-19 12:14:07,9626.56,1540.25,0,11166.81,MXN,web
ORD00003243,CUST000437,paid,2025-01-16 17:42:31,13784.17,2205.47,79,16068.64,MXN,marketplace
ORD00003244,CUST000219,paid,2025-05-19 22:18:50,112545.65,18007.3,99,130651.95,MXN,mobile_app
ORD00003245,CUST000273,delivered,2025-11-17 08:48:55,70810.73,11329.72,0,82140.45,MXN,marketplace
ORD00003246,CUST000075,packed,2025-07-27 03:07:34,119789.36,19166.3,49,139004.66,MXN,call_center
ORD00003247,CUST001100,paid,2025-08-20 20:41:22,35856.69,5737.07,149,41742.76,MXN,web
ORD00003248,CUST000426,delivered,2025-05-30 07:52:50,183419.7,29347.15,79,212845.85,MXN,marketplace
ORD00003249,CUST000694,shipped,2025-04-17 21:54:18,60236.41,9637.83,149,70023.24,MXN,call_center
ORD00003250,CUST001043,returned,2026-04-17 11:56:02,135542.89,21686.86,0,157229.75,MXN,marketplace
ORD00003251,CUST001151,paid,2025-12-24 09:18:58,13097.68,2095.63,0,15193.31,MXN,web
ORD00003252,CUST000074,paid,2025-04-21 07:26:35,99419.94,15907.19,49,115376.13,MXN,mobile_app
ORD00003253,CUST000340,created,2026-01-03 18:56:03,179474.74,28715.96,99,208289.7,MXN,marketplace
ORD00003254,CUST000173,delivered,2025-08-25 15:57:24,27922.68,4467.63,0,32390.31,MXN,marketplace
ORD00003255,CUST000725,shipped,2025-12-07 22:34:21,7287.61,1166.02,49,8502.63,MXN,call_center
ORD00003256,CUST000677,shipped,2026-03-22 06:32:10,181524.36,29043.9,79,210647.26,MXN,marketplace
ORD00003257,CUST000683,delivered,2025-05-10 18:22:34,93706.68,14993.07,0,108699.75,MXN,web
ORD00003258,CUST001130,delivered,2025-02-04 13:43:23,11428.89,1828.62,0,13257.51,MXN,marketplace
ORD00003259,CUST000213,created,2025-08-15 15:44:17,9720.42,1555.27,0,11275.69,MXN,mobile_app
ORD00003260,CUST000546,delivered,2026-01-08 04:54:58,74616.53,11938.64,49,86604.17,MXN,mobile_app
ORD00003261,CUST000844,shipped,2025-08-24 12:12:18,76549.35,12247.9,99,88896.25,MXN,web
ORD00003262,CUST000593,paid,2025-04-09 06:00:16,207899.9,33263.98,149,241312.88,MXN,mobile_app
ORD00003263,CUST000040,paid,2026-03-18 11:34:10,143240.24,22918.44,0,166158.68,MXN,call_center
ORD00003264,CUST000032,shipped,2026-04-17 18:39:54,21456.55,3433.05,99,24988.6,MXN,marketplace
ORD00003265,CUST000437,paid,2025-07-03 02:24:01,69139.05,11062.25,49,80250.3,MXN,call_center
ORD00003266,CUST000971,shipped,2025-01-02 07:46:06,9181.65,1469.06,99,10749.71,MXN,marketplace
ORD00003267,CUST001128,paid,2025-12-24 21:10:03,124304.11,19888.66,49,144241.77,MXN,mobile_app
ORD00003268,CUST000051,paid,2025-01-06 17:50:18,104386.17,16701.79,79,121166.96,MXN,web
ORD00003269,CUST000391,paid,2025-07-03 05:19:54,13012.96,2082.07,99,15194.03,MXN,mobile_app
ORD00003270,CUST000596,delivered,2026-02-23 22:51:38,45431.09,7268.97,49,52749.06,MXN,web
ORD00003271,CUST000061,delivered,2025-06-10 06:33:05,131518.3,21042.93,99,152660.23,MXN,call_center
ORD00003272,CUST001017,paid,2025-03-10 07:39:44,134935.04,21589.61,49,156573.65,MXN,mobile_app
ORD00003273,CUST000286,delivered,2025-09-10 12:55:44,108769.75,17403.16,79,126251.91,MXN,call_center
ORD00003274,CUST000728,shipped,2025-12-07 07:15:35,149651.19,23944.19,0,173595.38,MXN,mobile_app
ORD00003275,CUST000402,paid,2026-05-13 14:47:19,91496.34,14639.41,79,106214.75,MXN,web
ORD00003276,CUST000220,paid,2025-11-07 14:17:41,123210.35,19713.66,99,143023.01,MXN,call_center
ORD00003277,CUST000412,cancelled,2025-11-18 02:33:32,64721.13,10355.38,79,75155.51,MXN,marketplace
ORD00003278,CUST000584,packed,2025-06-07 10:35:11,227966.75,36474.68,149,264590.43,MXN,call_center
ORD00003279,CUST000399,cancelled,2025-01-04 16:51:10,42707.6,6833.22,49,49589.82,MXN,call_center
ORD00003280,CUST001149,cancelled,2026-03-04 07:30:25,12800.1,2048.02,99,14947.12,MXN,call_center
ORD00003281,CUST000248,delivered,2026-04-14 09:14:22,13548.92,2167.83,0,15716.75,MXN,marketplace
ORD00003282,CUST000245,delivered,2025-08-28 09:10:28,66612.25,10657.96,49,77319.21,MXN,call_center
ORD00003283,CUST000060,shipped,2025-11-22 05:42:51,113593.06,18174.89,79,131846.95,MXN,web
ORD00003284,CUST000023,cancelled,2026-03-16 07:43:46,178125.11,28500.02,149,206774.13,MXN,marketplace
ORD00003285,CUST000089,delivered,2025-11-25 23:43:56,40363.33,6458.13,49,46870.46,MXN,web
ORD00003286,CUST000282,paid,2025-12-31 02:10:28,106015.13,16962.42,0,122977.55,MXN,mobile_app
ORD00003287,CUST000316,shipped,2025-01-28 08:02:26,25241.96,4038.71,149,29429.67,MXN,mobile_app
ORD00003288,CUST000456,delivered,2025-06-24 05:25:17,101192.34,16190.77,49,117432.11,MXN,call_center
ORD00003289,CUST001130,packed,2025-12-30 08:02:21,107022.83,17123.65,79,124225.48,MXN,web
ORD00003290,CUST000624,delivered,2025-07-18 15:11:32,76486.17,12237.79,149,88872.96,MXN,web
ORD00003291,CUST001036,paid,2025-12-08 00:21:09,26153.79,4184.61,149,30487.4,MXN,marketplace
ORD00003292,CUST000487,paid,2026-05-18 10:42:33,4655.38,744.86,149,5549.24,MXN,web
ORD00003293,CUST000155,shipped,2026-05-07 15:29:06,115943.54,18550.97,79,134573.51,MXN,mobile_app
ORD00003294,CUST000350,paid,2025-12-09 13:09:55,129901.65,20784.26,79,150764.91,MXN,web
ORD00003295,CUST001065,delivered,2026-02-13 17:40:50,7241.68,1158.67,49,8449.35,MXN,mobile_app
ORD00003296,CUST001037,paid,2025-03-22 14:20:55,42465.22,6794.44,79,49338.66,MXN,web
ORD00003297,CUST000078,shipped,2025-07-08 15:57:53,42591.17,6814.59,79,49484.76,MXN,mobile_app
ORD00003298,CUST000738,paid,2026-02-19 19:38:17,121062.71,19370.03,79,140511.74,MXN,marketplace
ORD00003299,CUST000889,delivered,2025-11-15 21:03:35,24662.62,3946.02,0,28608.64,MXN,marketplace
ORD00003300,CUST001068,delivered,2025-09-22 19:35:50,15868.68,2538.99,0,18407.67,MXN,web
ORD00003301,CUST000109,paid,2025-03-14 19:37:59,20646.28,3303.4,79,24028.68,MXN,mobile_app
ORD00003302,CUST000692,delivered,2026-05-08 07:45:50,84411.19,13505.79,49,97965.98,MXN,marketplace
ORD00003303,CUST000879,delivered,2025-06-26 22:36:32,57538.94,9206.23,149,66894.17,MXN,marketplace
ORD00003304,CUST000960,delivered,2026-02-03 03:15:41,128747.09,20599.53,0,149346.62,MXN,marketplace
ORD00003305,CUST000972,returned,2025-06-30 15:52:14,97125.76,15540.12,79,112744.88,MXN,mobile_app
ORD00003306,CUST000043,delivered,2025-08-01 20:17:06,153752.0,24600.32,79,178431.32,MXN,web
ORD00003307,CUST000044,delivered,2025-03-13 00:30:45,89372.07,14299.53,0,103671.6,MXN,mobile_app
ORD00003308,CUST000090,created,2025-06-16 14:08:20,173261.67,27721.87,79,201062.54,MXN,mobile_app
ORD00003309,CUST000064,shipped,2026-04-11 12:01:46,34686.41,5549.83,99,40335.24,MXN,call_center
ORD00003310,CUST000287,delivered,2025-06-25 18:59:26,104014.61,16642.34,49,120705.95,MXN,web
ORD00003311,CUST000456,shipped,2026-03-20 06:44:24,62418.67,9986.99,0,72405.66,MXN,marketplace
ORD00003312,CUST001197,returned,2025-08-17 18:43:44,98848.66,15815.79,99,114763.45,MXN,mobile_app
ORD00003313,CUST000897,paid,2025-04-15 05:11:51,85136.72,13621.88,99,98857.6,MXN,marketplace
ORD00003314,CUST000796,packed,2025-09-27 02:29:23,135051.86,21608.3,99,156759.16,MXN,web
ORD00003315,CUST000171,paid,2025-04-03 08:01:09,141569.01,22651.04,149,164369.05,MXN,mobile_app
ORD00003316,CUST000839,packed,2025-05-22 16:34:14,73877.14,11820.34,79,85776.48,MXN,marketplace
ORD00003317,CUST001097,delivered,2025-02-06 15:19:22,156738.94,25078.23,149,181966.17,MXN,call_center
ORD00003318,CUST001107,paid,2025-10-18 05:16:08,9972.26,1595.56,49,11616.82,MXN,mobile_app
ORD00003319,CUST001194,delivered,2026-02-27 15:22:31,20213.03,3234.08,99,23546.11,MXN,call_center
ORD00003320,CUST000706,packed,2026-03-07 10:00:31,106407.28,17025.16,149,123581.44,MXN,web
ORD00003321,CUST000666,paid,2026-04-20 06:07:36,48137.16,7701.95,49,55888.11,MXN,call_center
ORD00003322,CUST000547,delivered,2026-02-17 03:40:35,78761.44,12601.83,99,91462.27,MXN,mobile_app
ORD00003323,CUST000797,delivered,2025-12-12 16:48:56,175407.59,28065.21,49,203521.8,MXN,call_center
ORD00003324,CUST000204,cancelled,2025-10-05 16:34:20,99439.5,15910.32,0,115349.82,MXN,marketplace
ORD00003325,CUST000079,delivered,2026-02-19 03:58:11,182177.57,29148.41,149,211474.98,MXN,marketplace
ORD00003326,CUST000052,paid,2025-03-20 18:38:57,135508.19,21681.31,149,157338.5,MXN,marketplace
ORD00003327,CUST000434,returned,2026-03-05 20:00:05,55825.46,8932.07,49,64806.53,MXN,marketplace
ORD00003328,CUST000973,shipped,2026-02-18 22:52:46,120498.25,19279.72,49,139826.97,MXN,call_center
ORD00003329,CUST000466,created,2025-06-30 16:00:57,115009.24,18401.48,149,133559.72,MXN,call_center
ORD00003330,CUST001152,paid,2025-11-22 03:07:38,111920.84,17907.33,99,129927.17,MXN,call_center
ORD00003331,CUST000140,created,2025-12-28 11:09:16,109342.01,17494.72,0,126836.73,MXN,web
ORD00003332,CUST000292,created,2026-02-14 01:53:54,119715.45,19154.47,99,138968.92,MXN,mobile_app
ORD00003333,CUST000085,delivered,2025-10-18 18:47:57,46284.81,7405.57,49,53739.38,MXN,web
ORD00003334,CUST000924,shipped,2025-09-06 00:29:34,45612.32,7297.97,99,53009.29,MXN,web
ORD00003335,CUST000241,delivered,2025-06-26 04:22:32,158783.57,25405.37,79,184267.94,MXN,call_center
ORD00003336,CUST001007,delivered,2026-01-05 14:33:16,50141.77,8022.68,149,58313.45,MXN,marketplace
ORD00003337,CUST000320,delivered,2025-11-22 02:43:05,174076.71,27852.27,79,202007.98,MXN,marketplace
ORD00003338,CUST000180,paid,2026-03-28 21:00:12,17069.83,2731.17,149,19950.0,MXN,marketplace
ORD00003339,CUST000187,packed,2025-11-06 12:48:17,14970.63,2395.3,149,17514.93,MXN,call_center
ORD00003340,CUST000985,packed,2026-02-16 21:24:51,97728.42,15636.55,99,113463.97,MXN,call_center
ORD00003341,CUST000404,shipped,2026-03-30 18:06:16,9335.86,1493.74,149,10978.6,MXN,call_center
ORD00003342,CUST000367,shipped,2026-01-22 06:27:01,82440.11,13190.42,149,95779.53,MXN,marketplace
ORD00003343,CUST000827,paid,2025-05-17 06:29:43,22601.7,3616.27,99,26316.97,MXN,marketplace
ORD00003344,CUST000190,delivered,2026-02-17 15:36:49,64619.66,10339.15,49,75007.81,MXN,mobile_app
ORD00003345,CUST001028,delivered,2026-05-14 08:58:30,155522.83,24883.65,79,180485.48,MXN,mobile_app
ORD00003346,CUST000850,created,2025-12-26 17:03:25,93787.68,15006.03,79,108872.71,MXN,marketplace
ORD00003347,CUST000316,packed,2026-04-12 21:14:52,79095.38,12655.26,99,91849.64,MXN,web
ORD00003348,CUST000170,delivered,2025-06-16 11:04:53,103706.48,16593.04,99,120398.52,MXN,call_center
ORD00003349,CUST000506,delivered,2025-08-14 08:05:54,60556.95,9689.11,49,70295.06,MXN,web
ORD00003350,CUST001126,paid,2026-05-08 21:25:42,155709.74,24913.56,149,180772.3,MXN,call_center
ORD00003351,CUST000423,delivered,2025-04-18 08:24:28,63257.68,10121.23,79,73457.91,MXN,call_center
ORD00003352,CUST001076,packed,2025-08-03 20:24:53,140468.34,22474.93,79,163022.27,MXN,call_center
ORD00003353,CUST000680,cancelled,2026-01-25 22:38:19,148893.98,23823.04,79,172796.02,MXN,mobile_app
ORD00003354,CUST001162,delivered,2025-02-04 09:34:15,36654.34,5864.69,0,42519.03,MXN,mobile_app
ORD00003355,CUST000152,delivered,2025-09-23 01:04:06,116417.74,18626.84,79,135123.58,MXN,web
ORD00003356,CUST000665,delivered,2025-08-14 18:12:33,289455.61,46312.9,149,335917.51,MXN,web
ORD00003357,CUST000095,paid,2025-06-09 17:26:44,117167.89,18746.86,149,136063.75,MXN,marketplace
ORD00003358,CUST000865,returned,2025-07-31 09:31:28,19283.7,3085.39,149,22518.09,MXN,marketplace
ORD00003359,CUST000528,shipped,2025-07-08 12:22:14,97589.15,15614.26,149,113352.41,MXN,call_center
ORD00003360,CUST001118,paid,2025-04-26 08:35:47,26416.54,4226.65,79,30722.19,MXN,marketplace
ORD00003361,CUST001027,delivered,2026-01-25 18:36:16,20493.82,3279.01,149,23921.83,MXN,web
ORD00003362,CUST000548,paid,2025-03-28 06:27:15,86003.38,13760.54,49,99812.92,MXN,marketplace
ORD00003363,CUST000520,packed,2025-09-24 20:09:31,98689.64,15790.34,0,114479.98,MXN,mobile_app
ORD00003364,CUST000612,packed,2025-05-03 04:32:09,109007.54,17441.21,149,126597.75,MXN,mobile_app
ORD00003365,CUST000204,delivered,2025-01-10 18:08:45,44128.31,7060.53,79,51267.84,MXN,call_center
ORD00003366,CUST000277,paid,2025-10-21 14:40:43,43848.13,7015.7,0,50863.83,MXN,mobile_app
ORD00003367,CUST000797,paid,2025-08-26 10:34:47,13868.14,2218.9,99,16186.04,MXN,mobile_app
ORD00003368,CUST001058,created,2026-03-02 03:22:27,91949.18,14711.87,99,106760.05,MXN,web
ORD00003369,CUST000776,delivered,2026-05-19 19:51:11,51173.38,8187.74,49,59410.12,MXN,marketplace
ORD00003370,CUST000848,paid,2025-04-22 11:53:32,27985.12,4477.62,0,32462.74,MXN,web
ORD00003371,CUST000083,cancelled,2026-02-22 13:15:39,50741.33,8118.61,49,58908.94,MXN,web
ORD00003372,CUST001110,paid,2026-04-01 11:59:05,61877.26,9900.36,99,71876.62,MXN,web
ORD00003373,CUST000032,paid,2025-03-13 13:58:28,115621.71,18499.47,99,134220.18,MXN,marketplace
ORD00003374,CUST000947,delivered,2025-11-30 16:29:06,21984.15,3517.46,79,25580.61,MXN,web
ORD00003375,CUST000315,cancelled,2025-08-26 04:33:45,98858.46,15817.35,79,114754.81,MXN,web
ORD00003376,CUST000876,delivered,2026-04-18 13:42:45,188809.81,30209.57,79,219098.38,MXN,call_center
ORD00003377,CUST000246,paid,2025-08-04 23:17:00,119424.14,19107.86,0,138532.0,MXN,web
ORD00003378,CUST000973,shipped,2025-07-06 14:36:22,63440.84,10150.53,99,73690.37,MXN,call_center
ORD00003379,CUST000337,delivered,2026-05-14 19:26:48,56897.04,9103.53,79,66079.57,MXN,web
ORD00003380,CUST000965,shipped,2026-01-19 13:18:52,65430.91,10468.95,0,75899.86,MXN,web
ORD00003381,CUST001085,paid,2025-10-24 02:20:18,69461.73,11113.88,0,80575.61,MXN,mobile_app
ORD00003382,CUST000809,delivered,2026-04-03 08:47:55,80934.2,12949.47,99,93982.67,MXN,marketplace
ORD00003383,CUST000944,paid,2025-09-13 03:34:40,12833.01,2053.28,99,14985.29,MXN,web
ORD00003384,CUST001101,paid,2025-08-07 03:49:30,127308.67,20369.39,79,147757.06,MXN,web
ORD00003385,CUST001125,paid,2025-08-28 18:37:23,23980.74,3836.92,0,27817.66,MXN,web
ORD00003386,CUST000963,paid,2025-12-15 14:12:59,168068.02,26890.88,149,195107.9,MXN,call_center
ORD00003387,CUST000170,shipped,2025-05-23 19:04:57,81156.93,12985.11,99,94241.04,MXN,call_center
ORD00003388,CUST000643,delivered,2025-11-21 23:33:06,155987.45,24957.99,0,180945.44,MXN,web
ORD00003389,CUST001139,delivered,2025-05-26 03:31:34,66661.11,10665.78,49,77375.89,MXN,marketplace
ORD00003390,CUST001152,created,2025-07-04 10:25:50,95675.95,15308.15,0,110984.1,MXN,call_center
ORD00003391,CUST000246,packed,2026-01-04 20:08:32,155047.26,24807.56,0,179854.82,MXN,call_center
ORD00003392,CUST001163,delivered,2026-03-22 08:41:00,69854.03,11176.64,149,81179.67,MXN,call_center
ORD00003393,CUST000755,delivered,2025-11-12 03:05:15,24622.67,3939.63,149,28711.3,MXN,marketplace
ORD00003394,CUST000477,returned,2025-08-14 10:51:05,104417.64,16706.82,49,121173.46,MXN,mobile_app
ORD00003395,CUST001028,cancelled,2025-03-03 08:36:16,942.84,150.85,99,1192.69,MXN,call_center
ORD00003396,CUST000193,created,2025-04-03 14:09:29,133334.07,21333.45,79,154746.52,MXN,call_center
ORD00003397,CUST000536,shipped,2025-03-23 22:22:26,136539.63,21846.34,0,158385.97,MXN,marketplace
ORD00003398,CUST001122,created,2026-04-03 07:26:09,15578.09,2492.49,49,18119.58,MXN,mobile_app
ORD00003399,CUST000224,delivered,2025-10-03 21:52:49,131401.04,21024.17,149,152574.21,MXN,marketplace
ORD00003400,CUST000874,delivered,2026-03-12 15:28:33,10374.02,1659.84,99,12132.86,MXN,marketplace
ORD00003401,CUST000908,shipped,2025-08-29 10:47:10,10163.0,1626.08,149,11938.08,MXN,call_center
ORD00003402,CUST000244,paid,2026-04-14 13:31:46,184652.67,29544.43,0,214197.1,MXN,mobile_app
ORD00003403,CUST000773,shipped,2025-11-10 03:34:46,111996.45,17919.43,79,129994.88,MXN,call_center
ORD00003404,CUST000761,shipped,2026-04-09 19:31:31,116295.35,18607.26,99,135001.61,MXN,marketplace
ORD00003405,CUST000070,shipped,2025-11-16 14:28:26,34076.39,5452.22,49,39577.61,MXN,marketplace
ORD00003406,CUST000958,delivered,2025-08-08 10:41:22,124282.98,19885.28,99,144267.26,MXN,web
ORD00003407,CUST000915,delivered,2025-07-10 23:36:54,98726.47,15796.24,79,114601.71,MXN,call_center
ORD00003408,CUST001148,paid,2026-03-30 10:35:28,161871.72,25899.48,149,187920.2,MXN,mobile_app
ORD00003409,CUST001021,shipped,2025-01-25 18:20:06,119513.04,19122.09,99,138734.13,MXN,marketplace
ORD00003410,CUST000931,delivered,2025-01-03 08:54:13,101405.78,16224.92,149,117779.7,MXN,marketplace
ORD00003411,CUST001200,paid,2025-10-20 22:14:32,65437.28,10469.96,99,76006.24,MXN,mobile_app
ORD00003412,CUST000803,paid,2025-12-20 12:41:09,25577.96,4092.47,149,29819.43,MXN,call_center
ORD00003413,CUST000117,cancelled,2025-03-06 18:08:08,71857.28,11497.16,0,83354.44,MXN,web
ORD00003414,CUST000157,shipped,2026-02-01 18:12:21,86445.24,13831.24,49,100325.48,MXN,web
ORD00003415,CUST000497,returned,2025-03-23 06:31:56,131695.55,21071.29,99,152865.84,MXN,marketplace
ORD00003416,CUST000181,shipped,2025-08-05 13:41:11,135207.12,21633.14,149,156989.26,MXN,web
ORD00003417,CUST000850,delivered,2025-08-23 07:59:24,82244.84,13159.17,49,95453.01,MXN,web
ORD00003418,CUST000403,paid,2025-10-24 14:08:24,117421.24,18787.4,0,136208.64,MXN,web
ORD00003419,CUST001161,shipped,2025-03-10 01:34:27,95322.5,15251.6,99,110673.1,MXN,call_center
ORD00003420,CUST000983,shipped,2026-01-13 01:20:58,31075.26,4972.04,79,36126.3,MXN,marketplace
ORD00003421,CUST000307,cancelled,2025-08-01 20:24:51,78934.68,12629.55,0,91564.23,MXN,web
ORD00003422,CUST000544,returned,2025-06-02 11:56:50,49140.9,7862.54,99,57102.44,MXN,mobile_app
ORD00003423,CUST000315,delivered,2026-04-12 20:23:01,51787.73,8286.04,99,60172.77,MXN,marketplace
ORD00003424,CUST000483,paid,2026-02-06 03:16:00,68003.11,10880.5,49,78932.61,MXN,mobile_app
ORD00003425,CUST000801,packed,2025-04-09 16:51:56,87394.0,13983.04,149,101526.04,MXN,mobile_app
ORD00003426,CUST000601,delivered,2026-03-22 18:06:48,50450.5,8072.08,49,58571.58,MXN,web
ORD00003427,CUST001050,cancelled,2025-06-14 13:07:57,155800.61,24928.1,99,180827.71,MXN,web
ORD00003428,CUST000195,paid,2026-01-02 21:12:45,15863.28,2538.12,49,18450.4,MXN,marketplace
ORD00003429,CUST000423,cancelled,2025-03-05 22:31:17,36546.32,5847.41,49,42442.73,MXN,marketplace
ORD00003430,CUST000726,created,2026-05-08 04:39:24,145985.94,23357.75,149,169492.69,MXN,mobile_app
ORD00003431,CUST001090,shipped,2026-04-19 17:12:31,46613.2,7458.11,79,54150.31,MXN,call_center
ORD00003432,CUST001122,delivered,2025-05-06 02:09:41,41932.56,6709.21,49,48690.77,MXN,call_center
ORD00003433,CUST000009,shipped,2025-06-14 14:43:56,88492.44,14158.79,49,102700.23,MXN,call_center
ORD00003434,CUST000410,returned,2025-12-18 20:26:53,175069.39,28011.1,79,203159.49,MXN,web
ORD00003435,CUST000569,shipped,2025-07-20 12:31:48,4585.12,733.62,49,5367.74,MXN,marketplace
ORD00003436,CUST000551,created,2025-03-02 13:16:50,181580.72,29052.92,49,210682.64,MXN,mobile_app
ORD00003437,CUST000550,delivered,2025-08-21 04:00:57,198821.06,31811.37,49,230681.43,MXN,web
ORD00003438,CUST000660,created,2025-12-16 21:21:58,58727.12,9396.34,99,68222.46,MXN,call_center
ORD00003439,CUST000256,delivered,2025-07-21 05:00:39,196846.73,31495.48,79,228421.21,MXN,mobile_app
ORD00003440,CUST001063,created,2025-07-04 14:30:39,47652.74,7624.44,149,55426.18,MXN,mobile_app
ORD00003441,CUST000351,delivered,2025-01-28 23:13:19,37919.41,6067.11,149,44135.52,MXN,marketplace
ORD00003442,CUST000296,delivered,2025-06-01 20:56:44,64019.54,10243.13,149,74411.67,MXN,web
ORD00003443,CUST000344,paid,2025-09-02 18:46:37,30412.6,4866.02,99,35377.62,MXN,mobile_app
ORD00003444,CUST000740,delivered,2025-12-27 02:22:25,195141.6,31222.66,0,226364.26,MXN,call_center
ORD00003445,CUST000970,created,2026-05-14 12:42:32,16524.92,2643.99,99,19267.91,MXN,marketplace
ORD00003446,CUST000304,packed,2025-08-17 02:42:31,143598.65,22975.78,0,166574.43,MXN,web
ORD00003447,CUST001173,delivered,2026-03-30 02:59:52,121306.66,19409.07,99,140814.73,MXN,mobile_app
ORD00003448,CUST000966,delivered,2025-04-08 17:40:36,84991.58,13598.65,99,98689.23,MXN,call_center
ORD00003449,CUST001005,packed,2025-02-27 19:03:56,104109.86,16657.58,0,120767.44,MXN,marketplace
ORD00003450,CUST000900,paid,2026-01-21 18:49:42,127998.51,20479.76,149,148627.27,MXN,mobile_app
ORD00003451,CUST000235,cancelled,2026-05-01 20:27:31,61365.82,9818.53,79,71263.35,MXN,call_center
ORD00003452,CUST000862,delivered,2025-07-12 07:39:24,26829.01,4292.64,49,31170.65,MXN,call_center
ORD00003453,CUST000116,paid,2025-10-19 13:38:44,62682.11,10029.14,49,72760.25,MXN,call_center
ORD00003454,CUST000667,packed,2026-03-28 00:15:12,120742.58,19318.81,99,140160.39,MXN,marketplace
ORD00003455,CUST000048,delivered,2025-01-01 11:25:38,199527.28,31924.36,79,231530.64,MXN,marketplace
ORD00003456,CUST000165,delivered,2026-02-04 02:41:25,243466.79,38954.69,149,282570.48,MXN,web
ORD00003457,CUST000438,packed,2025-07-29 11:54:53,42458.6,6793.38,0,49251.98,MXN,web
ORD00003458,CUST000012,delivered,2025-11-20 10:14:34,80634.95,12901.59,99,93635.54,MXN,marketplace
ORD00003459,CUST000036,delivered,2025-07-04 14:11:31,99596.73,15935.48,99,115631.21,MXN,call_center
ORD00003460,CUST000226,delivered,2025-02-14 13:45:37,102515.43,16402.47,49,118966.9,MXN,call_center
ORD00003461,CUST000593,paid,2026-03-26 21:25:47,140772.7,22523.63,79,163375.33,MXN,marketplace
ORD00003462,CUST001157,paid,2025-07-10 21:24:00,57929.05,9268.65,0,67197.7,MXN,web
ORD00003463,CUST000951,delivered,2025-01-31 22:14:06,52694.64,8431.14,99,61224.78,MXN,mobile_app
ORD00003464,CUST000512,packed,2025-05-15 05:15:54,87637.89,14022.06,149,101808.95,MXN,marketplace
ORD00003465,CUST000638,paid,2025-04-09 11:58:44,72881.7,11661.07,49,84591.77,MXN,marketplace
ORD00003466,CUST000526,cancelled,2025-08-20 15:57:17,230468.51,36874.96,149,267492.47,MXN,web
ORD00003467,CUST000686,cancelled,2025-08-24 18:02:16,133230.62,21316.9,49,154596.52,MXN,call_center
ORD00003468,CUST000445,returned,2026-03-29 02:30:33,28312.05,4529.93,99,32940.98,MXN,call_center
ORD00003469,CUST000731,delivered,2025-04-28 20:41:43,82448.45,13191.75,99,95739.2,MXN,marketplace
ORD00003470,CUST001142,paid,2025-02-21 00:45:12,47290.01,7566.4,49,54905.41,MXN,call_center
ORD00003471,CUST000459,created,2025-09-12 05:15:01,138497.54,22159.61,49,160706.15,MXN,call_center
ORD00003472,CUST000003,shipped,2025-03-07 22:01:32,188345.67,30135.31,79,218559.98,MXN,mobile_app
ORD00003473,CUST000927,paid,2025-01-05 05:26:38,163292.17,26126.75,99,189517.92,MXN,call_center
ORD00003474,CUST000633,delivered,2025-01-14 06:16:17,2072.19,331.55,49,2452.74,MXN,web
ORD00003475,CUST000159,shipped,2025-09-22 04:19:47,117611.49,18817.84,49,136478.33,MXN,web
ORD00003476,CUST000706,delivered,2025-04-27 14:17:33,167196.68,26751.47,49,193997.15,MXN,web
ORD00003477,CUST000889,delivered,2026-03-05 19:32:02,97531.36,15605.02,0,113136.38,MXN,mobile_app
ORD00003478,CUST000400,created,2025-08-14 12:48:59,1495.97,239.36,79,1814.33,MXN,marketplace
ORD00003479,CUST000701,packed,2026-05-04 22:43:22,180066.51,28810.64,0,208877.15,MXN,mobile_app
ORD00003480,CUST000089,packed,2025-06-27 05:06:41,39059.06,6249.45,49,45357.51,MXN,mobile_app
ORD00003481,CUST000012,cancelled,2025-02-06 17:52:53,71911.06,11505.77,99,83515.83,MXN,call_center
ORD00003482,CUST000638,returned,2025-06-27 02:04:29,14167.19,2266.75,49,16482.94,MXN,web
ORD00003483,CUST000136,packed,2025-02-23 08:51:37,118639.11,18982.26,0,137621.37,MXN,call_center
ORD00003484,CUST000503,created,2025-02-28 09:05:04,8921.82,1427.49,79,10428.31,MXN,call_center
ORD00003485,CUST000074,delivered,2025-02-07 07:43:43,59143.25,9462.92,99,68705.17,MXN,call_center
ORD00003486,CUST000710,created,2025-03-11 02:04:36,182044.99,29127.2,79,211251.19,MXN,marketplace
ORD00003487,CUST001083,shipped,2026-02-27 09:06:03,77573.88,12411.82,99,90084.7,MXN,marketplace
ORD00003488,CUST000948,delivered,2026-01-03 11:32:46,70505.36,11280.86,99,81885.22,MXN,mobile_app
ORD00003489,CUST000150,cancelled,2025-05-10 02:01:07,74449.57,11911.93,99,86460.5,MXN,web
ORD00003490,CUST001044,delivered,2025-07-26 02:45:22,58129.13,9300.66,99,67528.79,MXN,marketplace
ORD00003491,CUST001098,shipped,2025-08-24 22:36:56,115822.85,18531.66,49,134403.51,MXN,web
ORD00003492,CUST000526,packed,2025-04-13 22:06:34,2046.4,327.42,49,2422.82,MXN,web
ORD00003493,CUST000553,cancelled,2025-07-01 23:47:50,114446.96,18311.51,49,132807.47,MXN,mobile_app
ORD00003494,CUST000721,paid,2025-09-08 13:08:56,11301.93,1808.31,99,13209.24,MXN,call_center
ORD00003495,CUST000904,cancelled,2026-05-11 23:23:42,22123.37,3539.74,149,25812.11,MXN,mobile_app
ORD00003496,CUST000523,delivered,2025-11-07 22:45:34,66002.37,10560.38,0,76562.75,MXN,mobile_app
ORD00003497,CUST001125,shipped,2025-05-03 21:05:10,174214.83,27874.37,99,202188.2,MXN,web
ORD00003498,CUST000709,delivered,2025-03-14 22:51:36,168725.58,26996.09,0,195721.67,MXN,call_center
ORD00003499,CUST000805,delivered,2025-05-06 20:57:35,50249.98,8040.0,79,58368.98,MXN,call_center
ORD00003500,CUST000719,delivered,2025-03-06 16:30:56,120993.34,19358.93,49,140401.27,MXN,mobile_app
ORD00003501,CUST001115,packed,2025-07-23 04:45:29,82016.44,13122.63,0,95139.07,MXN,mobile_app
ORD00003502,CUST000162,returned,2025-04-10 12:44:55,98912.2,15825.95,49,114787.15,MXN,mobile_app
ORD00003503,CUST000082,delivered,2025-05-09 02:20:52,163382.06,26141.13,49,189572.19,MXN,mobile_app
ORD00003504,CUST001132,packed,2025-05-08 21:00:25,112232.8,17957.25,79,130269.05,MXN,call_center
ORD00003505,CUST000380,delivered,2025-10-11 18:34:02,99793.04,15966.89,79,115838.93,MXN,mobile_app
ORD00003506,CUST000885,packed,2025-07-20 17:54:02,132420.35,21187.26,149,153756.61,MXN,mobile_app
ORD00003507,CUST000376,paid,2025-04-03 20:02:06,84208.21,13473.31,0,97681.52,MXN,call_center
ORD00003508,CUST001130,cancelled,2025-09-09 22:44:28,49483.7,7917.39,49,57450.09,MXN,call_center
ORD00003509,CUST000111,paid,2025-12-26 07:09:02,203362.04,32537.93,79,235978.97,MXN,mobile_app
ORD00003510,CUST001086,paid,2025-09-25 13:38:39,32227.18,5156.35,0,37383.53,MXN,call_center
ORD00003511,CUST000479,created,2025-12-12 18:31:23,20142.64,3222.82,79,23444.46,MXN,web
ORD00003512,CUST000376,paid,2026-04-27 23:38:23,2063.3,330.13,99,2492.43,MXN,call_center
ORD00003513,CUST001149,delivered,2026-02-03 03:32:34,23013.26,3682.12,0,26695.38,MXN,marketplace
ORD00003514,CUST000051,cancelled,2025-10-06 16:08:36,39372.85,6299.66,0,45672.51,MXN,marketplace
ORD00003515,CUST001023,paid,2025-03-23 03:10:06,135009.48,21601.52,49,156660.0,MXN,call_center
ORD00003516,CUST001193,delivered,2025-01-27 07:23:42,91196.39,14591.42,149,105936.81,MXN,marketplace
ORD00003517,CUST000965,delivered,2026-05-13 23:26:55,81633.43,13061.35,99,94793.78,MXN,call_center
ORD00003518,CUST000936,paid,2025-08-05 01:20:30,125981.99,20157.12,49,146188.11,MXN,call_center
ORD00003519,CUST000208,paid,2025-10-21 12:47:06,116722.17,18675.55,99,135496.72,MXN,call_center
ORD00003520,CUST000617,shipped,2026-01-17 03:07:32,24732.48,3957.2,0,28689.68,MXN,web
ORD00003521,CUST000340,shipped,2026-03-09 09:08:46,12060.91,1929.75,0,13990.66,MXN,web
ORD00003522,CUST000174,delivered,2025-03-11 16:57:41,12473.76,1995.8,99,14568.56,MXN,marketplace
ORD00003523,CUST001148,returned,2025-03-14 10:11:28,158215.98,25314.56,79,183609.54,MXN,mobile_app
ORD00003524,CUST000538,delivered,2026-01-07 03:32:05,176736.1,28277.78,79,205092.88,MXN,mobile_app
ORD00003525,CUST000635,paid,2025-12-25 16:47:30,35796.19,5727.39,99,41622.58,MXN,call_center
ORD00003526,CUST000270,shipped,2025-01-02 03:59:32,58471.92,9355.51,0,67827.43,MXN,call_center
ORD00003527,CUST000053,cancelled,2026-01-31 04:13:20,30854.21,4936.67,149,35939.88,MXN,call_center
ORD00003528,CUST000738,shipped,2025-02-06 08:22:38,143768.19,23002.91,149,166920.1,MXN,mobile_app
ORD00003529,CUST000860,delivered,2025-04-13 10:23:31,96513.63,15442.18,99,112054.81,MXN,mobile_app
ORD00003530,CUST000821,created,2026-05-11 13:13:33,111650.14,17864.02,99,129613.16,MXN,web
ORD00003531,CUST000863,shipped,2026-05-11 10:38:54,186490.21,29838.43,149,216477.64,MXN,web
ORD00003532,CUST000420,delivered,2025-09-06 17:51:28,95379.78,15260.76,49,110689.54,MXN,marketplace
ORD00003533,CUST000531,paid,2025-04-18 07:59:01,62123.72,9939.8,49,72112.52,MXN,mobile_app
ORD00003534,CUST000393,paid,2025-04-09 13:39:42,61564.56,9850.33,99,71513.89,MXN,mobile_app
ORD00003535,CUST000301,paid,2025-03-28 03:49:29,62086.81,9933.89,79,72099.7,MXN,marketplace
ORD00003536,CUST000732,paid,2025-08-23 12:12:01,98994.38,15839.1,149,114982.48,MXN,call_center
ORD00003537,CUST000540,paid,2025-07-17 11:32:44,119000.9,19040.14,0,138041.04,MXN,mobile_app
ORD00003538,CUST001007,shipped,2025-07-16 13:29:26,80153.3,12824.53,0,92977.83,MXN,web
ORD00003539,CUST000820,delivered,2025-01-04 10:36:18,217221.84,34755.49,0,251977.33,MXN,marketplace
ORD00003540,CUST000959,paid,2025-07-02 00:59:02,74763.77,11962.2,0,86725.97,MXN,marketplace
ORD00003541,CUST000895,delivered,2026-04-07 11:37:36,107423.07,17187.69,149,124759.76,MXN,call_center
ORD00003542,CUST000317,shipped,2025-08-06 09:02:18,241562.63,38650.02,0,280212.65,MXN,web
ORD00003543,CUST000975,paid,2025-01-18 15:59:28,144653.93,23144.63,99,167897.56,MXN,call_center
ORD00003544,CUST000622,paid,2025-08-19 18:15:25,143307.69,22929.23,149,166385.92,MXN,mobile_app
ORD00003545,CUST000449,returned,2025-01-02 12:06:40,8485.84,1357.73,79,9922.57,MXN,web
ORD00003546,CUST001093,delivered,2026-01-08 16:25:11,31848.91,5095.83,0,36944.74,MXN,mobile_app
ORD00003547,CUST000398,delivered,2025-02-12 13:02:25,24795.58,3967.29,0,28762.87,MXN,mobile_app
ORD00003548,CUST000904,paid,2025-06-20 21:57:28,189721.71,30355.47,149,220226.18,MXN,mobile_app
ORD00003549,CUST000986,created,2026-02-12 22:07:08,145738.16,23318.11,99,169155.27,MXN,call_center
ORD00003550,CUST000403,delivered,2025-02-01 07:26:33,199304.12,31888.66,79,231271.78,MXN,marketplace
ORD00003551,CUST000132,shipped,2025-04-04 04:58:18,973.58,155.77,79,1208.35,MXN,mobile_app
ORD00003552,CUST000902,packed,2025-05-17 03:34:20,107350.73,17176.12,49,124575.85,MXN,web
ORD00003553,CUST000269,delivered,2025-05-06 08:00:35,119335.84,19093.73,0,138429.57,MXN,web
ORD00003554,CUST000546,paid,2025-06-22 03:02:26,137581.76,22013.08,99,159693.84,MXN,call_center
ORD00003555,CUST000225,shipped,2026-03-21 03:43:06,102912.37,16465.98,0,119378.35,MXN,call_center
ORD00003556,CUST001103,paid,2025-06-30 09:46:22,265656.29,42505.01,79,308240.3,MXN,mobile_app
ORD00003557,CUST000005,cancelled,2026-02-27 07:42:00,18525.88,2964.14,99,21589.02,MXN,call_center
ORD00003558,CUST001107,returned,2025-07-03 15:51:15,34712.15,5553.94,99,40365.09,MXN,mobile_app
ORD00003559,CUST000977,paid,2026-05-12 14:41:57,132250.91,21160.15,49,153460.06,MXN,mobile_app
ORD00003560,CUST000973,delivered,2025-07-20 13:06:16,72019.29,11523.09,99,83641.38,MXN,mobile_app
ORD00003561,CUST000595,delivered,2025-08-08 13:43:46,157454.88,25192.78,0,182647.66,MXN,call_center
ORD00003562,CUST000248,shipped,2025-06-19 20:51:21,122534.31,19605.49,99,142238.8,MXN,web
ORD00003563,CUST000144,shipped,2025-05-18 07:33:33,3604.39,576.7,99,4280.09,MXN,mobile_app
ORD00003564,CUST000648,paid,2026-03-08 09:00:51,107629.19,17220.67,79,124928.86,MXN,call_center
ORD00003565,CUST000268,cancelled,2026-01-30 04:12:14,79292.64,12686.82,0,91979.46,MXN,mobile_app
ORD00003566,CUST000727,paid,2025-04-14 00:41:33,47908.91,7665.43,79,55653.34,MXN,call_center
ORD00003567,CUST000814,shipped,2025-11-22 09:00:50,137591.47,22014.64,79,159685.11,MXN,web
ORD00003568,CUST000437,shipped,2026-01-14 03:42:44,111710.61,17873.7,149,129733.31,MXN,mobile_app
ORD00003569,CUST000006,delivered,2026-01-31 03:49:04,128421.96,20547.51,79,149048.47,MXN,call_center
ORD00003570,CUST001106,delivered,2025-08-14 06:33:07,113546.3,18167.41,49,131762.71,MXN,call_center
ORD00003571,CUST000971,paid,2025-05-08 20:12:28,119117.39,19058.78,0,138176.17,MXN,mobile_app
ORD00003572,CUST000379,paid,2026-01-04 20:55:19,58258.28,9321.32,149,67728.6,MXN,marketplace
ORD00003573,CUST001118,packed,2025-04-13 22:12:17,35191.36,5630.62,79,40900.98,MXN,web
ORD00003574,CUST000834,shipped,2025-06-06 13:22:31,82195.73,13151.32,49,95396.05,MXN,mobile_app
ORD00003575,CUST000229,packed,2026-01-23 23:58:47,71816.51,11490.64,79,83386.15,MXN,call_center
ORD00003576,CUST000682,delivered,2025-01-16 00:19:47,68599.58,10975.93,149,79724.51,MXN,mobile_app
ORD00003577,CUST000672,created,2025-11-08 21:20:26,53707.2,8593.15,99,62399.35,MXN,marketplace
ORD00003578,CUST001047,shipped,2026-05-09 00:26:36,134758.26,21561.32,79,156398.58,MXN,mobile_app
ORD00003579,CUST000691,shipped,2025-03-23 11:37:48,136453.4,21832.54,149,158434.94,MXN,call_center
ORD00003580,CUST000213,shipped,2025-05-20 11:00:58,86862.52,13898.0,79,100839.52,MXN,marketplace
ORD00003581,CUST000399,delivered,2026-01-03 04:36:03,127667.3,20426.77,79,148173.07,MXN,call_center
ORD00003582,CUST000398,paid,2025-05-21 08:19:49,114320.47,18291.28,79,132690.75,MXN,marketplace
ORD00003583,CUST001131,delivered,2026-01-30 04:48:50,82214.97,13154.4,0,95369.37,MXN,web
ORD00003584,CUST000659,packed,2025-11-27 17:15:22,42960.03,6873.6,0,49833.63,MXN,marketplace
ORD00003585,CUST000258,returned,2025-12-16 23:40:53,109724.38,17555.9,99,127379.28,MXN,marketplace
ORD00003586,CUST001156,cancelled,2025-06-06 02:22:07,58272.94,9323.67,149,67745.61,MXN,mobile_app
ORD00003587,CUST000461,delivered,2025-06-26 02:39:40,137326.82,21972.29,49,159348.11,MXN,mobile_app
ORD00003588,CUST000017,shipped,2025-11-02 21:10:52,113763.19,18202.11,0,131965.3,MXN,web
ORD00003589,CUST000311,cancelled,2026-02-22 01:09:54,21222.98,3395.68,49,24667.66,MXN,call_center
ORD00003590,CUST000818,delivered,2025-11-14 22:48:49,111567.17,17850.75,99,129516.92,MXN,call_center
ORD00003591,CUST000708,paid,2025-01-03 17:33:54,133878.72,21420.6,49,155348.32,MXN,call_center
ORD00003592,CUST000150,shipped,2026-04-06 02:03:36,126380.47,20220.88,0,146601.35,MXN,call_center
ORD00003593,CUST000092,shipped,2025-03-31 18:29:53,69588.88,11134.22,149,80872.1,MXN,web
ORD00003594,CUST000999,created,2025-09-09 05:20:02,117484.12,18797.46,79,136360.58,MXN,web
ORD00003595,CUST000062,paid,2026-05-11 00:39:15,145877.1,23340.34,149,169366.44,MXN,mobile_app
ORD00003596,CUST000389,delivered,2026-04-19 10:40:45,88698.89,14191.82,49,102939.71,MXN,marketplace
ORD00003597,CUST000847,cancelled,2025-06-17 08:14:09,27322.79,4371.65,149,31843.44,MXN,marketplace
ORD00003598,CUST000265,paid,2025-09-07 18:38:35,55877.61,8940.42,149,64967.03,MXN,call_center
ORD00003599,CUST000119,delivered,2025-09-19 13:13:13,156793.62,25086.98,149,182029.6,MXN,call_center
ORD00003600,CUST000004,shipped,2026-05-06 13:32:05,86794.84,13887.17,49,100731.01,MXN,web
ORD00003601,CUST000013,paid,2025-01-27 07:46:24,137093.91,21935.03,79,159107.94,MXN,call_center
ORD00003602,CUST001060,delivered,2025-10-26 01:56:28,66643.22,10662.92,79,77385.14,MXN,web
ORD00003603,CUST000943,created,2025-03-10 17:55:05,149686.19,23949.79,99,173734.98,MXN,marketplace
ORD00003604,CUST001058,shipped,2026-05-17 20:37:29,21152.14,3384.34,99,24635.48,MXN,marketplace
ORD00003605,CUST000285,packed,2025-02-12 05:46:32,140807.57,22529.21,49,163385.78,MXN,marketplace
ORD00003606,CUST000703,shipped,2025-06-15 15:45:17,82969.31,13275.09,49,96293.4,MXN,marketplace
ORD00003607,CUST001085,shipped,2025-06-13 19:38:44,62483.41,9997.35,99,72579.76,MXN,call_center
ORD00003608,CUST000745,paid,2025-01-24 04:57:26,6319.21,1011.07,79,7409.28,MXN,web
ORD00003609,CUST001109,delivered,2025-09-02 22:53:06,67290.16,10766.43,0,78056.59,MXN,web
ORD00003610,CUST000041,delivered,2025-08-03 13:40:50,22282.27,3565.16,149,25996.43,MXN,mobile_app
ORD00003611,CUST000521,delivered,2025-02-01 20:46:05,164480.36,26316.86,79,190876.22,MXN,marketplace
ORD00003612,CUST000319,packed,2025-05-07 10:02:55,212068.95,33931.03,49,246048.98,MXN,call_center
ORD00003613,CUST001012,created,2025-09-23 01:51:35,227539.01,36406.24,149,264094.25,MXN,marketplace
ORD00003614,CUST000358,shipped,2025-05-29 06:36:17,60412.28,9665.96,79,70157.24,MXN,mobile_app
ORD00003615,CUST000045,delivered,2025-06-22 17:54:27,114318.13,18290.9,99,132708.03,MXN,mobile_app
ORD00003616,CUST000769,delivered,2025-04-24 19:53:19,54948.16,8791.71,79,63818.87,MXN,mobile_app
ORD00003617,CUST000447,paid,2025-12-29 16:45:10,76076.54,12172.25,79,88327.79,MXN,mobile_app
ORD00003618,CUST000930,returned,2025-12-01 20:23:59,99434.16,15909.47,0,115343.63,MXN,mobile_app
ORD00003619,CUST001007,cancelled,2026-02-01 07:38:50,175281.36,28045.02,79,203405.38,MXN,web
ORD00003620,CUST000649,paid,2025-11-04 10:46:28,64765.22,10362.44,149,75276.66,MXN,call_center
ORD00003621,CUST000781,paid,2025-03-23 02:10:18,230511.94,36881.91,149,267542.85,MXN,mobile_app
ORD00003622,CUST000240,delivered,2025-10-04 14:37:03,23008.05,3681.29,79,26768.34,MXN,web
ORD00003623,CUST000198,delivered,2025-11-10 15:00:56,73325.35,11732.06,79,85136.41,MXN,call_center
ORD00003624,CUST000172,delivered,2026-03-29 00:44:03,5488.17,878.11,99,6465.28,MXN,mobile_app
ORD00003625,CUST000259,returned,2025-09-22 03:44:59,91645.18,14663.23,149,106457.41,MXN,web
ORD00003626,CUST000665,delivered,2025-11-15 05:35:46,28051.85,4488.3,79,32619.15,MXN,call_center
ORD00003627,CUST000430,delivered,2025-02-21 18:58:33,148274.3,23723.89,79,172077.19,MXN,marketplace
ORD00003628,CUST000389,shipped,2025-03-26 20:31:56,10725.62,1716.1,149,12590.72,MXN,call_center
ORD00003629,CUST000396,delivered,2025-07-18 18:30:35,28466.31,4554.61,99,33119.92,MXN,marketplace
ORD00003630,CUST000989,delivered,2025-03-27 02:30:50,191398.31,30623.73,0,222022.04,MXN,call_center
ORD00003631,CUST000274,delivered,2025-01-18 12:11:32,181727.9,29076.46,99,210903.36,MXN,call_center
ORD00003632,CUST000776,paid,2025-01-05 11:57:14,106997.52,17119.6,149,124266.12,MXN,web
ORD00003633,CUST000831,shipped,2025-12-08 19:11:11,33688.67,5390.19,49,39127.86,MXN,marketplace
ORD00003634,CUST000605,delivered,2025-06-05 06:25:52,122302.7,19568.43,49,141920.13,MXN,call_center
ORD00003635,CUST000489,paid,2025-09-20 05:32:56,186277.58,29804.41,49,216130.99,MXN,marketplace
ORD00003636,CUST000453,created,2025-09-19 11:33:05,39816.16,6370.59,149,46335.75,MXN,web
ORD00003637,CUST000395,shipped,2025-06-28 16:32:38,133693.46,21390.95,49,155133.41,MXN,web
ORD00003638,CUST000329,created,2025-02-05 01:26:11,63931.07,10228.97,149,74309.04,MXN,call_center
ORD00003639,CUST000432,packed,2026-03-06 13:01:47,31451.3,5032.21,99,36582.51,MXN,mobile_app
ORD00003640,CUST001113,shipped,2025-06-03 23:57:03,138202.46,22112.39,0,160314.85,MXN,call_center
ORD00003641,CUST001111,cancelled,2025-09-07 09:31:14,60659.82,9705.57,79,70444.39,MXN,marketplace
ORD00003642,CUST000508,delivered,2025-05-06 12:38:36,135254.34,21640.69,99,156994.03,MXN,call_center
ORD00003643,CUST000820,paid,2025-06-28 07:40:13,25173.59,4027.77,149,29350.36,MXN,mobile_app
ORD00003644,CUST000605,delivered,2026-04-16 09:02:00,111653.15,17864.5,79,129596.65,MXN,call_center
ORD00003645,CUST000813,paid,2025-10-02 11:13:52,99454.03,15912.64,0,115366.67,MXN,call_center
ORD00003646,CUST000731,packed,2025-06-25 06:19:51,127366.54,20378.65,149,147894.19,MXN,mobile_app
ORD00003647,CUST000453,delivered,2025-08-23 13:16:53,59986.29,9597.81,79,69663.1,MXN,call_center
ORD00003648,CUST000822,packed,2025-01-29 05:31:52,217313.68,34770.19,79,252162.87,MXN,marketplace
ORD00003649,CUST000200,packed,2025-08-31 12:55:52,175231.56,28037.05,49,203317.61,MXN,marketplace
ORD00003650,CUST000327,created,2026-04-22 05:27:37,72271.05,11563.37,79,83913.42,MXN,marketplace
ORD00003651,CUST000918,returned,2026-02-12 03:16:59,102929.64,16468.74,149,119547.38,MXN,call_center
ORD00003652,CUST000169,delivered,2026-01-27 17:43:51,57539.51,9206.32,149,66894.83,MXN,marketplace
ORD00003653,CUST001095,packed,2026-05-07 13:45:41,82319.72,13171.16,49,95539.88,MXN,call_center
ORD00003654,CUST000164,paid,2025-08-30 22:51:32,135485.1,21677.62,99,157261.72,MXN,web
ORD00003655,CUST001147,created,2025-03-31 12:49:09,68455.72,10952.92,149,79557.64,MXN,web
ORD00003656,CUST000076,packed,2025-01-23 23:28:14,120908.93,19345.43,79,140333.36,MXN,web
ORD00003657,CUST001049,created,2025-02-25 09:02:35,126807.41,20289.19,79,147175.6,MXN,marketplace
ORD00003658,CUST000095,paid,2025-10-28 20:50:07,218728.31,34996.53,79,253803.84,MXN,web
ORD00003659,CUST000360,paid,2025-03-04 12:14:09,102288.64,16366.18,99,118753.82,MXN,mobile_app
ORD00003660,CUST000463,paid,2025-09-17 11:40:33,89779.75,14364.76,79,104223.51,MXN,call_center
ORD00003661,CUST000211,paid,2025-12-02 21:30:16,96204.86,15392.78,99,111696.64,MXN,marketplace
ORD00003662,CUST001054,returned,2025-07-10 03:37:26,127916.8,20466.69,49,148432.49,MXN,marketplace
ORD00003663,CUST000923,delivered,2025-09-19 01:09:13,164591.22,26334.6,79,191004.82,MXN,call_center
ORD00003664,CUST000585,cancelled,2025-04-13 21:25:35,31839.69,5094.35,49,36983.04,MXN,call_center
ORD00003665,CUST000163,paid,2025-12-29 23:14:01,107201.14,17152.18,79,124432.32,MXN,call_center
ORD00003666,CUST000651,packed,2025-12-04 04:16:53,127739.49,20438.32,0,148177.81,MXN,marketplace
ORD00003667,CUST000375,paid,2025-03-17 05:12:31,147324.62,23571.94,49,170945.56,MXN,mobile_app
ORD00003668,CUST000687,delivered,2025-12-14 11:20:25,187655.41,30024.87,49,217729.28,MXN,web
ORD00003669,CUST000140,paid,2025-07-02 01:00:46,15743.91,2519.03,79,18341.94,MXN,web
ORD00003670,CUST001132,created,2025-09-07 23:45:58,51200.32,8192.05,79,59471.37,MXN,mobile_app
ORD00003671,CUST001119,delivered,2025-04-25 18:43:57,108080.04,17292.81,49,125421.85,MXN,call_center
ORD00003672,CUST000144,delivered,2025-08-21 09:02:22,28046.77,4487.48,99,32633.25,MXN,web
ORD00003673,CUST000591,cancelled,2025-10-11 08:25:00,87589.69,14014.35,49,101653.04,MXN,mobile_app
ORD00003674,CUST000337,paid,2025-07-03 06:31:07,117263.67,18762.19,99,136124.86,MXN,mobile_app
ORD00003675,CUST000471,delivered,2025-04-25 21:24:30,68708.48,10993.36,0,79701.84,MXN,marketplace
ORD00003676,CUST000548,created,2025-04-07 00:30:09,191206.6,30593.06,149,221948.66,MXN,marketplace
ORD00003677,CUST001125,shipped,2025-07-24 05:15:59,41325.88,6612.14,99,48037.02,MXN,web
ORD00003678,CUST000192,paid,2025-01-09 05:37:07,97460.98,15593.76,0,113054.74,MXN,web
ORD00003679,CUST000313,paid,2025-08-22 15:33:19,71621.84,11459.49,0,83081.33,MXN,web
ORD00003680,CUST000772,shipped,2025-05-03 11:09:00,163980.26,26236.84,49,190266.1,MXN,call_center
ORD00003681,CUST000257,packed,2025-01-16 09:54:00,140391.12,22462.58,49,162902.7,MXN,mobile_app
ORD00003682,CUST000097,packed,2025-10-28 12:24:30,7367.04,1178.73,49,8594.77,MXN,marketplace
ORD00003683,CUST000244,cancelled,2025-09-06 12:55:56,209039.81,33446.37,149,242635.18,MXN,marketplace
ORD00003684,CUST000179,delivered,2026-01-04 17:31:19,20143.98,3223.04,79,23446.02,MXN,call_center
ORD00003685,CUST000432,cancelled,2025-01-17 23:26:46,119733.6,19157.38,0,138890.98,MXN,mobile_app
ORD00003686,CUST000473,packed,2025-05-30 03:27:34,4577.37,732.38,49,5358.75,MXN,call_center
ORD00003687,CUST000977,created,2025-01-12 17:00:59,41504.23,6640.68,0,48144.91,MXN,call_center
ORD00003688,CUST000357,packed,2025-12-30 20:29:14,9505.52,1520.88,149,11175.4,MXN,mobile_app
ORD00003689,CUST000343,returned,2026-01-30 04:41:23,13980.14,2236.82,0,16216.96,MXN,marketplace
ORD00003690,CUST000461,delivered,2025-09-23 09:36:32,7068.5,1130.96,79,8278.46,MXN,marketplace
ORD00003691,CUST000927,delivered,2025-08-11 09:59:07,116911.52,18705.84,79,135696.36,MXN,web
ORD00003692,CUST001026,packed,2025-04-02 21:07:54,132593.91,21215.03,0,153808.94,MXN,marketplace
ORD00003693,CUST000492,cancelled,2025-12-11 06:18:56,34953.18,5592.51,149,40694.69,MXN,call_center
ORD00003694,CUST000723,shipped,2025-09-19 04:23:37,128319.75,20531.16,149,148999.91,MXN,marketplace
ORD00003695,CUST000134,cancelled,2025-06-14 22:31:52,50571.66,8091.47,99,58762.13,MXN,web
ORD00003696,CUST000343,paid,2025-02-04 15:07:46,86762.12,13881.94,99,100743.06,MXN,web
ORD00003697,CUST000863,paid,2026-05-06 07:01:09,12243.46,1958.95,99,14301.41,MXN,mobile_app
ORD00003698,CUST000633,delivered,2026-04-17 08:55:17,98127.9,15700.46,0,113828.36,MXN,call_center
ORD00003699,CUST000671,delivered,2025-04-12 23:06:00,94763.01,15162.08,79,110004.09,MXN,web
ORD00003700,CUST001092,packed,2025-06-27 01:38:35,24973.52,3995.76,99,29068.28,MXN,marketplace
ORD00003701,CUST000027,delivered,2026-02-17 01:35:58,173877.12,27820.34,149,201846.46,MXN,web
ORD00003702,CUST000328,packed,2025-12-03 22:58:06,37503.84,6000.61,49,43553.45,MXN,marketplace
ORD00003703,CUST000149,delivered,2025-10-29 02:25:31,109017.06,17442.73,49,126508.79,MXN,mobile_app
ORD00003704,CUST000012,packed,2025-09-26 16:48:18,98021.16,15683.39,79,113783.55,MXN,marketplace
ORD00003705,CUST000387,created,2025-06-29 10:53:21,100684.81,16109.57,149,116943.38,MXN,mobile_app
ORD00003706,CUST000797,shipped,2026-02-06 04:14:12,89917.55,14386.81,149,104453.36,MXN,web
ORD00003707,CUST000466,paid,2025-01-16 14:55:45,13360.09,2137.61,0,15497.7,MXN,web
ORD00003708,CUST000238,paid,2026-05-15 08:22:54,242046.25,38727.4,79,280852.65,MXN,mobile_app
ORD00003709,CUST000122,paid,2025-09-17 02:28:12,141848.1,22695.7,49,164592.8,MXN,web
ORD00003710,CUST000808,paid,2025-03-04 06:43:37,90212.22,14433.96,49,104695.18,MXN,marketplace
ORD00003711,CUST000703,paid,2025-08-17 12:37:20,88304.4,14128.7,49,102482.1,MXN,mobile_app
ORD00003712,CUST000318,shipped,2025-04-09 11:58:33,99213.64,15874.18,99,115186.82,MXN,marketplace
ORD00003713,CUST000703,packed,2026-03-03 22:03:00,31163.8,4986.21,49,36199.01,MXN,web
ORD00003714,CUST000060,paid,2026-01-30 08:44:09,43455.53,6952.88,49,50457.41,MXN,mobile_app
ORD00003715,CUST000971,shipped,2025-06-25 02:20:32,72095.25,11535.24,149,83779.49,MXN,web
ORD00003716,CUST000414,paid,2025-04-23 00:57:02,3752.46,600.39,79,4431.85,MXN,call_center
ORD00003717,CUST000195,paid,2025-06-30 11:32:44,156026.49,24964.24,79,181069.73,MXN,call_center
ORD00003718,CUST000392,delivered,2025-08-14 20:44:28,12508.55,2001.37,79,14588.92,MXN,call_center
ORD00003719,CUST000931,returned,2025-03-28 00:33:30,4683.04,749.29,49,5481.33,MXN,mobile_app
ORD00003720,CUST000387,delivered,2026-04-26 19:29:59,166886.4,26701.82,49,193637.22,MXN,call_center
ORD00003721,CUST000570,delivered,2025-09-04 07:16:03,77073.09,12331.69,49,89453.78,MXN,mobile_app
ORD00003722,CUST000973,shipped,2025-06-29 01:50:25,46208.14,7393.3,79,53680.44,MXN,call_center
ORD00003723,CUST000500,shipped,2025-02-11 04:40:45,24536.33,3925.81,49,28511.14,MXN,web
ORD00003724,CUST000527,delivered,2025-05-14 08:58:39,122610.26,19617.64,79,142306.9,MXN,mobile_app
ORD00003725,CUST000811,shipped,2025-11-02 14:39:12,61322.17,9811.55,149,71282.72,MXN,call_center
ORD00003726,CUST000573,delivered,2025-01-03 22:27:45,163402.75,26144.44,79,189626.19,MXN,marketplace
ORD00003727,CUST000307,paid,2025-11-20 16:49:02,66796.64,10687.46,149,77633.1,MXN,web
ORD00003728,CUST000845,shipped,2025-10-28 22:09:57,59143.26,9462.92,99,68705.18,MXN,marketplace
ORD00003729,CUST000568,paid,2025-02-22 01:00:18,149493.58,23918.97,0,173412.55,MXN,call_center
ORD00003730,CUST000282,packed,2025-12-24 10:36:57,58441.1,9350.58,149,67940.68,MXN,mobile_app
ORD00003731,CUST000426,delivered,2025-06-17 21:12:10,190232.12,30437.14,0,220669.26,MXN,call_center
ORD00003732,CUST000291,delivered,2025-10-25 13:19:46,185821.83,29731.49,149,215702.32,MXN,marketplace
ORD00003733,CUST000005,delivered,2025-01-29 14:42:51,162061.72,25929.88,49,188040.6,MXN,web
ORD00003734,CUST001116,delivered,2025-12-12 13:25:10,103501.17,16560.19,99,120160.36,MXN,call_center
ORD00003735,CUST000928,paid,2025-11-29 04:27:07,128058.31,20489.33,0,148547.64,MXN,marketplace
ORD00003736,CUST000019,paid,2026-03-11 02:28:21,57574.81,9211.97,0,66786.78,MXN,call_center
ORD00003737,CUST000650,delivered,2025-04-26 21:09:04,158977.96,25436.47,149,184563.43,MXN,call_center
ORD00003738,CUST000254,paid,2026-02-06 04:03:37,96564.34,15450.29,49,112063.63,MXN,mobile_app
ORD00003739,CUST000617,delivered,2025-08-17 11:58:09,191540.39,30646.46,79,222265.85,MXN,call_center
ORD00003740,CUST000108,cancelled,2025-08-21 00:18:03,87946.66,14071.47,99,102117.13,MXN,marketplace
ORD00003741,CUST001180,packed,2026-03-10 06:25:45,160710.59,25713.69,79,186503.28,MXN,marketplace
ORD00003742,CUST000960,created,2025-04-30 21:18:24,216719.37,34675.1,99,251493.47,MXN,call_center
ORD00003743,CUST001108,shipped,2025-02-03 19:20:44,13853.73,2216.6,99,16169.33,MXN,call_center
ORD00003744,CUST000963,packed,2025-11-09 00:39:48,25431.04,4068.97,0,29500.01,MXN,web
ORD00003745,CUST000512,packed,2025-12-01 01:28:48,95708.94,15313.43,49,111071.37,MXN,mobile_app
ORD00003746,CUST000061,packed,2026-04-13 21:57:10,67603.71,10816.59,0,78420.3,MXN,mobile_app
ORD00003747,CUST000048,packed,2025-05-12 13:00:04,9687.21,1549.95,0,11237.16,MXN,mobile_app
ORD00003748,CUST001166,packed,2025-11-09 19:19:06,128569.52,20571.12,149,149289.64,MXN,mobile_app
ORD00003749,CUST000864,delivered,2025-08-24 11:50:11,142088.83,22734.21,0,164823.04,MXN,mobile_app
ORD00003750,CUST000204,delivered,2025-08-11 17:31:24,11300.85,1808.14,49,13157.99,MXN,mobile_app
ORD00003751,CUST001045,cancelled,2026-01-24 16:10:49,103512.51,16562.0,79,120153.51,MXN,marketplace
ORD00003752,CUST001185,shipped,2025-02-15 16:51:41,98429.52,15748.72,99,114277.24,MXN,web
ORD00003753,CUST000789,cancelled,2026-02-18 15:01:45,168787.64,27006.02,0,195793.66,MXN,marketplace
ORD00003754,CUST000392,delivered,2026-02-25 11:59:59,85327.61,13652.42,149,99129.03,MXN,call_center
ORD00003755,CUST001011,paid,2025-06-07 17:23:42,125138.97,20022.24,79,145240.21,MXN,mobile_app
ORD00003756,CUST000421,cancelled,2025-04-20 13:29:58,70737.32,11317.97,149,82204.29,MXN,call_center
ORD00003757,CUST000357,cancelled,2025-05-28 13:22:18,71737.37,11477.98,79,83294.35,MXN,call_center
ORD00003758,CUST000579,shipped,2025-11-05 04:30:07,108335.64,17333.7,99,125768.34,MXN,mobile_app
ORD00003759,CUST000177,paid,2025-05-18 21:19:31,54620.7,8739.31,99,63459.01,MXN,web
ORD00003760,CUST000948,created,2025-08-01 17:26:39,69057.8,11049.25,99,80206.05,MXN,mobile_app
ORD00003761,CUST001003,paid,2025-06-13 08:38:27,116539.24,18646.28,0,135185.52,MXN,mobile_app
ORD00003762,CUST000270,shipped,2026-04-22 09:19:40,31590.74,5054.52,0,36645.26,MXN,mobile_app
ORD00003763,CUST000424,created,2025-12-27 21:39:42,74158.67,11865.39,79,86103.06,MXN,mobile_app
ORD00003764,CUST000072,paid,2025-11-15 13:59:48,66720.98,10675.36,79,77475.34,MXN,marketplace
ORD00003765,CUST001112,shipped,2025-10-25 23:33:10,100322.82,16051.65,149,116523.47,MXN,call_center
ORD00003766,CUST000402,shipped,2025-08-18 20:35:19,134280.27,21484.84,49,155814.11,MXN,web
ORD00003767,CUST000216,delivered,2025-01-28 15:49:53,134800.58,21568.09,79,156447.67,MXN,web
ORD00003768,CUST000233,delivered,2025-04-12 07:17:16,188651.42,30184.23,79,218914.65,MXN,marketplace
ORD00003769,CUST000728,delivered,2025-02-03 10:59:18,84350.62,13496.1,149,97995.72,MXN,web
ORD00003770,CUST000627,delivered,2025-07-06 15:39:45,282503.68,45200.59,79,327783.27,MXN,web
ORD00003771,CUST000708,paid,2026-05-16 00:36:32,165600.42,26496.07,149,192245.49,MXN,mobile_app
ORD00003772,CUST000424,returned,2025-06-07 13:12:30,140351.71,22456.27,49,162856.98,MXN,call_center
ORD00003773,CUST000213,paid,2025-06-24 06:17:38,86621.84,13859.49,0,100481.33,MXN,marketplace
ORD00003774,CUST000162,paid,2025-11-25 02:47:28,48611.48,7777.84,79,56468.32,MXN,marketplace
ORD00003775,CUST001054,created,2025-09-30 06:13:52,19975.82,3196.13,99,23270.95,MXN,web
ORD00003776,CUST000506,shipped,2026-01-10 09:36:56,144568.84,23131.01,0,167699.85,MXN,mobile_app
ORD00003777,CUST000365,created,2025-08-20 17:44:36,143993.6,23038.98,49,167081.58,MXN,marketplace
ORD00003778,CUST000410,paid,2025-11-07 15:18:18,43385.75,6941.72,149,50476.47,MXN,call_center
ORD00003779,CUST001099,shipped,2025-11-26 23:39:50,228819.34,36611.09,0,265430.43,MXN,call_center
ORD00003780,CUST001040,paid,2025-10-03 11:29:10,198143.29,31702.93,49,229895.22,MXN,mobile_app
ORD00003781,CUST000546,shipped,2025-10-30 20:51:41,90648.39,14503.74,79,105231.13,MXN,web
ORD00003782,CUST001041,delivered,2026-02-06 18:22:21,36354.14,5816.66,99,42269.8,MXN,marketplace
ORD00003783,CUST000918,paid,2026-01-17 01:56:31,85073.57,13611.77,49,98734.34,MXN,web
ORD00003784,CUST000506,paid,2025-06-29 01:03:22,9365.01,1498.4,99,10962.41,MXN,marketplace
ORD00003785,CUST000828,packed,2025-01-16 14:32:40,181368.7,29018.99,149,210536.69,MXN,web
ORD00003786,CUST000409,returned,2025-08-03 18:47:23,228031.89,36485.1,79,264595.99,MXN,marketplace
ORD00003787,CUST000120,paid,2025-08-19 22:26:06,26548.56,4247.77,99,30895.33,MXN,marketplace
ORD00003788,CUST000769,shipped,2025-05-01 08:54:22,166214.99,26594.4,99,192908.39,MXN,web
ORD00003789,CUST000732,paid,2025-06-19 05:58:35,89623.91,14339.83,99,104062.74,MXN,call_center
ORD00003790,CUST000778,delivered,2026-04-14 13:40:08,236533.15,37845.3,149,274527.45,MXN,call_center
ORD00003791,CUST000845,paid,2025-03-24 07:37:24,107199.49,17151.92,79,124430.41,MXN,web
ORD00003792,CUST000834,paid,2026-03-05 07:21:15,164266.67,26282.67,149,190698.34,MXN,call_center
ORD00003793,CUST001031,shipped,2025-07-26 16:55:14,7936.06,1269.77,99,9304.83,MXN,web
ORD00003794,CUST000793,cancelled,2025-09-27 20:16:21,174921.41,27987.43,99,203007.84,MXN,marketplace
ORD00003795,CUST000952,created,2026-01-11 12:23:22,157765.31,25242.45,99,183106.76,MXN,marketplace
ORD00003796,CUST000500,paid,2026-03-11 19:32:45,90851.12,14536.18,149,105536.3,MXN,web
ORD00003797,CUST000638,shipped,2025-10-07 03:33:36,143263.45,22922.15,0,166185.6,MXN,web
ORD00003798,CUST000818,packed,2026-05-15 03:30:28,92637.82,14822.05,149,107608.87,MXN,web
ORD00003799,CUST000690,delivered,2026-02-13 23:19:14,30225.64,4836.1,0,35061.74,MXN,web
ORD00003800,CUST000844,delivered,2026-02-26 16:19:39,57173.44,9147.75,99,66420.19,MXN,web
ORD00003801,CUST000988,paid,2026-03-05 16:42:47,71876.46,11500.23,99,83475.69,MXN,call_center
ORD00003802,CUST000626,delivered,2025-08-10 07:02:57,75055.73,12008.92,99,87163.65,MXN,marketplace
ORD00003803,CUST000699,shipped,2025-11-04 08:55:43,16148.04,2583.69,99,18830.73,MXN,web
ORD00003804,CUST000838,delivered,2025-01-03 14:28:06,71030.97,11364.96,49,82444.93,MXN,call_center
ORD00003805,CUST000197,delivered,2025-08-09 19:06:13,137401.61,21984.26,0,159385.87,MXN,web
ORD00003806,CUST000876,delivered,2026-05-01 09:52:29,207099.72,33135.96,149,240384.68,MXN,call_center
ORD00003807,CUST001152,delivered,2025-08-18 18:49:00,55322.82,8851.65,79,64253.47,MXN,marketplace
ORD00003808,CUST000955,packed,2026-03-24 00:28:59,87767.17,14042.75,149,101958.92,MXN,call_center
ORD00003809,CUST000269,paid,2026-02-16 05:00:53,64964.7,10394.35,0,75359.05,MXN,call_center
ORD00003810,CUST000582,shipped,2026-04-13 17:23:41,108733.61,17397.38,49,126179.99,MXN,marketplace
ORD00003811,CUST000080,shipped,2026-03-28 05:37:30,221493.87,35439.02,49,256981.89,MXN,web
ORD00003812,CUST000072,paid,2026-04-02 23:11:39,82907.4,13265.18,49,96221.58,MXN,call_center
ORD00003813,CUST000426,paid,2026-01-18 05:57:45,132351.82,21176.29,99,153627.11,MXN,call_center
ORD00003814,CUST000247,returned,2025-10-15 17:54:54,130647.02,20903.52,99,151649.54,MXN,marketplace
ORD00003815,CUST000792,shipped,2025-01-22 04:04:49,5881.39,941.02,99,6921.41,MXN,call_center
ORD00003816,CUST000712,shipped,2025-05-09 19:46:36,43366.14,6938.58,149,50453.72,MXN,call_center
ORD00003817,CUST001094,delivered,2025-09-18 15:41:01,18483.84,2957.41,79,21520.25,MXN,call_center
ORD00003818,CUST000926,delivered,2025-08-26 12:21:36,53280.93,8524.95,79,61884.88,MXN,mobile_app
ORD00003819,CUST000003,returned,2025-10-22 00:58:59,86730.81,13876.93,149,100756.74,MXN,call_center
ORD00003820,CUST000291,paid,2025-04-07 14:34:16,84580.8,13532.93,149,98262.73,MXN,web
ORD00003821,CUST000197,delivered,2025-11-12 15:18:51,61334.95,9813.59,0,71148.54,MXN,call_center
ORD00003822,CUST000129,paid,2025-01-22 10:02:03,77973.68,12475.79,149,90598.47,MXN,marketplace
ORD00003823,CUST000994,paid,2026-03-04 16:43:52,126780.66,20284.91,99,147164.57,MXN,marketplace
ORD00003824,CUST000032,delivered,2025-12-30 19:55:07,81467.31,13034.77,99,94601.08,MXN,call_center
ORD00003825,CUST000183,packed,2026-04-12 08:20:35,14109.74,2257.56,149,16516.3,MXN,mobile_app
ORD00003826,CUST000765,paid,2025-01-08 16:21:38,174288.49,27886.16,99,202273.65,MXN,web
ORD00003827,CUST000680,delivered,2025-02-28 19:02:58,166938.53,26710.16,49,193697.69,MXN,web
ORD00003828,CUST000556,delivered,2025-04-11 06:28:53,10348.29,1655.73,0,12004.02,MXN,marketplace
ORD00003829,CUST000328,paid,2026-01-07 08:58:13,60278.41,9644.55,79,70001.96,MXN,call_center
ORD00003830,CUST001007,paid,2025-05-25 05:24:32,56192.24,8990.76,0,65183.0,MXN,mobile_app
ORD00003831,CUST001058,paid,2025-08-31 12:40:07,32258.79,5161.41,149,37569.2,MXN,mobile_app
ORD00003832,CUST000327,paid,2025-05-21 19:48:31,86310.71,13809.71,0,100120.42,MXN,marketplace
ORD00003833,CUST001175,paid,2026-05-04 23:38:40,88903.56,14224.57,79,103207.13,MXN,call_center
ORD00003834,CUST000135,paid,2026-03-05 13:12:00,189072.07,30251.53,0,219323.6,MXN,marketplace
ORD00003835,CUST000158,paid,2026-02-02 11:38:12,82694.97,13231.2,79,96005.17,MXN,call_center
ORD00003836,CUST000402,returned,2025-04-27 03:54:38,23878.87,3820.62,79,27778.49,MXN,marketplace
ORD00003837,CUST001189,packed,2025-05-26 02:10:45,44669.21,7147.07,149,51965.28,MXN,mobile_app
ORD00003838,CUST000004,delivered,2025-07-23 07:58:28,78198.11,12511.7,99,90808.81,MXN,web
ORD00003839,CUST000792,paid,2026-01-04 23:27:17,109576.01,17532.16,49,127157.17,MXN,web
ORD00003840,CUST001126,delivered,2025-06-10 09:26:21,1594.03,255.04,49,1898.07,MXN,web
ORD00003841,CUST001183,shipped,2025-07-04 16:27:30,99732.83,15957.25,0,115690.08,MXN,call_center
ORD00003842,CUST000474,paid,2025-03-03 21:13:07,201142.16,32182.75,49,233373.91,MXN,call_center
ORD00003843,CUST000818,cancelled,2026-01-27 17:20:25,225970.97,36155.36,79,262205.33,MXN,mobile_app
ORD00003844,CUST000765,delivered,2025-07-10 23:09:22,180061.97,28809.92,0,208871.89,MXN,marketplace
ORD00003845,CUST000518,cancelled,2025-08-07 09:52:41,50483.44,8077.35,149,58709.79,MXN,marketplace
ORD00003846,CUST000679,created,2025-02-19 08:55:58,279650.17,44744.03,149,324543.2,MXN,call_center
ORD00003847,CUST000589,delivered,2025-11-05 06:39:37,160865.0,25738.4,49,186652.4,MXN,marketplace
ORD00003848,CUST000389,paid,2025-04-11 11:48:26,133194.88,21311.18,49,154555.06,MXN,web
ORD00003849,CUST000859,delivered,2026-03-11 19:22:31,43020.05,6883.21,0,49903.26,MXN,marketplace
ORD00003850,CUST000570,paid,2025-09-23 00:17:44,67928.15,10868.5,79,78875.65,MXN,marketplace
ORD00003851,CUST000336,paid,2025-09-06 15:04:24,43001.08,6880.17,99,49980.25,MXN,marketplace
ORD00003852,CUST000395,shipped,2025-09-22 05:27:01,138136.85,22101.9,149,160387.75,MXN,marketplace
ORD00003853,CUST000550,paid,2025-06-02 12:40:32,65988.11,10558.1,0,76546.21,MXN,call_center
ORD00003854,CUST001017,shipped,2026-03-05 11:07:57,89119.12,14259.06,79,103457.18,MXN,mobile_app
ORD00003855,CUST001153,cancelled,2026-01-22 13:57:14,130493.29,20878.93,49,151421.22,MXN,marketplace
ORD00003856,CUST000038,cancelled,2025-06-07 19:30:07,229268.84,36683.01,79,266030.85,MXN,mobile_app
ORD00003857,CUST000331,paid,2026-02-05 04:04:12,96673.55,15467.77,0,112141.32,MXN,mobile_app
ORD00003858,CUST000074,delivered,2025-01-23 15:51:58,93046.94,14887.51,99,108033.45,MXN,web
ORD00003859,CUST001192,cancelled,2025-03-25 21:52:49,82259.29,13161.49,0,95420.78,MXN,marketplace
ORD00003860,CUST000155,delivered,2026-02-02 17:34:55,19068.86,3051.02,49,22168.88,MXN,marketplace
ORD00003861,CUST000074,delivered,2025-07-02 23:04:03,218540.12,34966.42,99,253605.54,MXN,call_center
ORD00003862,CUST000011,paid,2025-05-23 17:39:47,47803.27,7648.52,0,55451.79,MXN,mobile_app
ORD00003863,CUST001095,paid,2026-03-22 18:47:21,5219.63,835.14,49,6103.77,MXN,call_center
ORD00003864,CUST000176,created,2026-04-20 03:17:22,131570.53,21051.28,149,152770.81,MXN,call_center
ORD00003865,CUST000828,shipped,2026-02-05 04:57:00,25294.37,4047.1,79,29420.47,MXN,marketplace
ORD00003866,CUST000826,returned,2025-06-09 20:34:05,86528.66,13844.59,99,100472.25,MXN,mobile_app
ORD00003867,CUST000483,returned,2025-08-09 22:04:04,56832.98,9093.28,49,65975.26,MXN,web
ORD00003868,CUST000591,delivered,2025-01-10 06:41:08,36097.43,5775.59,79,41952.02,MXN,mobile_app
ORD00003869,CUST000106,delivered,2026-01-15 02:53:01,157461.23,25193.8,99,182754.03,MXN,web
ORD00003870,CUST000534,delivered,2025-07-03 01:46:17,152356.08,24376.97,79,176812.05,MXN,call_center
ORD00003871,CUST000339,paid,2025-04-08 21:12:18,236062.59,37770.01,0,273832.6,MXN,mobile_app
ORD00003872,CUST000765,paid,2026-03-07 23:46:12,7675.6,1228.1,79,8982.7,MXN,marketplace
ORD00003873,CUST000117,packed,2025-02-14 19:33:49,181094.61,28975.14,149,210218.75,MXN,call_center
ORD00003874,CUST000947,packed,2025-10-08 01:16:11,6102.14,976.34,0,7078.48,MXN,web
ORD00003875,CUST000168,paid,2025-09-12 15:41:14,97450.31,15592.05,0,113042.36,MXN,call_center
ORD00003876,CUST000280,created,2025-05-25 01:09:00,55863.2,8938.11,149,64950.31,MXN,marketplace
ORD00003877,CUST000949,delivered,2025-12-20 20:17:06,163676.02,26188.16,99,189963.18,MXN,web
ORD00003878,CUST000435,delivered,2025-10-31 01:45:13,290296.19,46447.39,79,336822.58,MXN,marketplace
ORD00003879,CUST001169,paid,2025-09-22 12:42:46,76467.19,12234.75,79,88780.94,MXN,mobile_app
ORD00003880,CUST000005,shipped,2026-02-24 20:56:02,107143.25,17142.92,79,124365.17,MXN,call_center
ORD00003881,CUST001176,paid,2025-02-07 20:55:36,104606.99,16737.12,79,121423.11,MXN,web
ORD00003882,CUST000657,paid,2026-05-17 05:44:04,122373.96,19579.83,149,142102.79,MXN,mobile_app
ORD00003883,CUST000641,packed,2025-02-12 02:26:50,153647.75,24583.64,49,178280.39,MXN,marketplace
ORD00003884,CUST000043,delivered,2025-07-06 15:18:48,8876.12,1420.18,79,10375.3,MXN,marketplace
ORD00003885,CUST001169,created,2026-02-08 13:09:38,100130.17,16020.83,149,116300.0,MXN,call_center
ORD00003886,CUST000842,cancelled,2025-12-06 10:40:54,32452.28,5192.36,79,37723.64,MXN,call_center
ORD00003887,CUST000921,delivered,2025-05-28 17:09:41,186032.86,29765.26,49,215847.12,MXN,web
ORD00003888,CUST000096,paid,2026-03-08 07:48:34,64713.35,10354.14,49,75116.49,MXN,web
ORD00003889,CUST000069,delivered,2025-12-13 12:39:07,100574.7,16091.95,79,116745.65,MXN,web
ORD00003890,CUST001112,paid,2025-06-16 01:35:56,118747.76,18999.64,99,137846.4,MXN,marketplace
ORD00003891,CUST000980,shipped,2025-07-10 11:15:22,94613.06,15138.09,79,109830.15,MXN,mobile_app
ORD00003892,CUST000756,paid,2026-02-09 19:58:39,62473.44,9995.75,149,72618.19,MXN,call_center
ORD00003893,CUST000124,shipped,2025-03-27 19:43:23,140249.27,22439.88,79,162768.15,MXN,mobile_app
ORD00003894,CUST000791,paid,2025-11-22 16:21:27,23719.4,3795.1,0,27514.5,MXN,web
ORD00003895,CUST000110,cancelled,2026-05-06 15:21:44,136914.35,21906.3,49,158869.65,MXN,call_center
ORD00003896,CUST000694,paid,2025-06-16 20:06:15,126064.78,20170.36,49,146284.14,MXN,call_center
ORD00003897,CUST000406,paid,2025-07-19 21:14:50,30429.67,4868.75,49,35347.42,MXN,web
ORD00003898,CUST000148,shipped,2025-04-13 22:49:48,136428.86,21828.62,79,158336.48,MXN,web
ORD00003899,CUST000199,delivered,2025-04-11 10:54:21,80885.69,12941.71,49,93876.4,MXN,web
ORD00003900,CUST000525,delivered,2025-02-12 16:39:43,98357.01,15737.12,99,114193.13,MXN,marketplace
ORD00003901,CUST001032,delivered,2026-05-04 04:16:48,172312.22,27569.96,79,199961.18,MXN,web
ORD00003902,CUST000954,cancelled,2025-07-05 19:57:41,78705.95,12592.95,49,91347.9,MXN,mobile_app
ORD00003903,CUST000562,cancelled,2025-05-12 23:51:26,177576.94,28412.31,79,206068.25,MXN,call_center
ORD00003904,CUST000528,shipped,2026-03-19 04:01:06,80189.71,12830.35,49,93069.06,MXN,web
ORD00003905,CUST001088,packed,2025-03-14 10:54:01,161884.18,25901.47,0,187785.65,MXN,web
ORD00003906,CUST000505,packed,2026-03-31 21:33:00,63794.35,10207.1,99,74100.45,MXN,web
ORD00003907,CUST000429,shipped,2025-03-04 02:42:12,94644.27,15143.08,0,109787.35,MXN,marketplace
ORD00003908,CUST000370,shipped,2025-06-23 01:57:37,145817.01,23330.72,0,169147.73,MXN,call_center
ORD00003909,CUST000694,delivered,2025-07-23 16:15:56,119819.74,19171.16,0,138990.9,MXN,call_center
ORD00003910,CUST000298,packed,2026-03-10 04:38:17,10695.41,1711.27,0,12406.68,MXN,marketplace
ORD00003911,CUST000991,cancelled,2025-05-05 09:16:55,40338.86,6454.22,0,46793.08,MXN,call_center
ORD00003912,CUST000650,packed,2025-03-05 04:19:36,74640.8,11942.53,49,86632.33,MXN,web
ORD00003913,CUST000560,created,2025-05-04 21:22:07,103594.49,16575.12,149,120318.61,MXN,web
ORD00003914,CUST000464,paid,2025-03-20 05:14:30,76766.5,12282.64,79,89128.14,MXN,call_center
ORD00003915,CUST000967,delivered,2025-02-08 03:44:29,171077.07,27372.33,149,198598.4,MXN,marketplace
ORD00003916,CUST000124,cancelled,2025-02-21 06:05:47,65553.98,10488.64,0,76042.62,MXN,web
ORD00003917,CUST000165,delivered,2025-10-23 13:24:47,125339.33,20054.29,99,145492.62,MXN,marketplace
ORD00003918,CUST000939,delivered,2025-03-19 18:33:11,72819.68,11651.15,99,84569.83,MXN,mobile_app
ORD00003919,CUST000784,delivered,2026-04-02 13:35:29,116270.95,18603.35,0,134874.3,MXN,mobile_app
ORD00003920,CUST000345,cancelled,2025-07-30 10:03:07,8239.27,1318.28,99,9656.55,MXN,mobile_app
ORD00003921,CUST000091,shipped,2025-06-07 16:15:37,54369.76,8699.16,99,63167.92,MXN,mobile_app
ORD00003922,CUST001154,paid,2025-05-05 15:22:28,243640.95,38982.55,99,282722.5,MXN,call_center
ORD00003923,CUST000949,returned,2025-10-14 07:14:06,57539.07,9206.25,0,66745.32,MXN,mobile_app
ORD00003924,CUST000009,delivered,2025-11-08 04:59:05,111751.31,17880.21,79,129710.52,MXN,call_center
ORD00003925,CUST001000,delivered,2025-04-26 16:54:15,82757.8,13241.25,99,96098.05,MXN,web
ORD00003926,CUST000074,delivered,2025-07-29 05:59:25,27789.52,4446.32,99,32334.84,MXN,call_center
ORD00003927,CUST000080,packed,2025-02-23 15:58:05,58657.88,9385.26,0,68043.14,MXN,mobile_app
ORD00003928,CUST001175,delivered,2025-06-18 15:35:37,21909.03,3505.44,99,25513.47,MXN,marketplace
ORD00003929,CUST000073,delivered,2025-01-28 14:27:09,37140.06,5942.41,149,43231.47,MXN,web
ORD00003930,CUST001117,paid,2025-02-17 02:25:44,97449.36,15591.9,79,113120.26,MXN,marketplace
ORD00003931,CUST000708,delivered,2025-01-20 08:21:43,198764.52,31802.32,99,230665.84,MXN,marketplace
ORD00003932,CUST001120,paid,2025-05-02 08:40:21,97752.4,15640.38,79,113471.78,MXN,call_center
ORD00003933,CUST000571,paid,2025-12-25 15:43:52,92834.22,14853.48,0,107687.7,MXN,web
ORD00003934,CUST000144,delivered,2025-12-03 06:58:57,35822.55,5731.61,0,41554.16,MXN,web
ORD00003935,CUST000208,paid,2025-11-15 00:32:15,129779.55,20764.73,149,150693.28,MXN,marketplace
ORD00003936,CUST000961,delivered,2025-05-21 06:42:14,107371.53,17179.44,0,124550.97,MXN,mobile_app
ORD00003937,CUST000576,paid,2025-07-19 12:18:28,220913.76,35346.2,79,256338.96,MXN,call_center
ORD00003938,CUST000282,delivered,2026-01-18 04:59:43,56795.8,9087.33,99,65982.13,MXN,web
ORD00003939,CUST000633,packed,2025-07-27 13:18:10,78773.08,12603.69,79,91455.77,MXN,marketplace
ORD00003940,CUST000974,delivered,2025-02-26 22:24:56,1006.71,161.07,99,1266.78,MXN,mobile_app
ORD00003941,CUST000577,cancelled,2025-04-26 01:59:53,3193.92,511.03,0,3704.95,MXN,marketplace
ORD00003942,CUST000051,delivered,2025-12-27 01:14:21,57912.1,9265.94,99,67277.04,MXN,marketplace
ORD00003943,CUST000271,created,2026-04-06 14:14:16,29418.88,4707.02,79,34204.9,MXN,mobile_app
ORD00003944,CUST000947,cancelled,2025-03-30 22:58:20,46423.43,7427.75,79,53930.18,MXN,mobile_app
ORD00003945,CUST000263,packed,2025-04-10 06:39:09,104749.34,16759.89,49,121558.23,MXN,marketplace
ORD00003946,CUST000745,packed,2025-11-30 03:44:27,114515.96,18322.55,99,132937.51,MXN,marketplace
ORD00003947,CUST001185,delivered,2026-04-21 16:36:46,206595.74,33055.32,79,239730.06,MXN,web
ORD00003948,CUST000451,delivered,2025-08-24 03:02:24,31216.71,4994.67,49,36260.38,MXN,mobile_app
ORD00003949,CUST000618,paid,2025-04-21 03:35:58,162470.55,25995.29,0,188465.84,MXN,web
ORD00003950,CUST000582,shipped,2026-03-21 10:28:18,41368.87,6619.02,79,48066.89,MXN,web
ORD00003951,CUST000600,delivered,2025-11-07 22:33:25,37548.52,6007.76,99,43655.28,MXN,web
ORD00003952,CUST000075,shipped,2025-09-07 04:16:43,127936.38,20469.82,79,148485.2,MXN,web
ORD00003953,CUST000430,returned,2025-11-30 20:11:26,33545.37,5367.26,49,38961.63,MXN,web
ORD00003954,CUST001149,delivered,2025-09-16 08:17:16,24035.74,3845.72,0,27881.46,MXN,marketplace
ORD00003955,CUST000690,packed,2026-03-22 08:07:12,181395.6,29023.3,0,210418.9,MXN,web
ORD00003956,CUST000964,paid,2025-01-01 05:22:15,123436.0,19749.76,149,143334.76,MXN,mobile_app
ORD00003957,CUST000145,packed,2025-11-21 23:54:48,84189.66,13470.35,99,97759.01,MXN,web
ORD00003958,CUST000243,paid,2026-01-19 09:48:44,7704.52,1232.72,49,8986.24,MXN,marketplace
ORD00003959,CUST000717,cancelled,2025-02-02 07:05:35,76544.83,12247.17,0,88792.0,MXN,mobile_app
ORD00003960,CUST000153,packed,2025-05-24 10:14:52,25909.79,4145.57,99,30154.36,MXN,mobile_app
ORD00003961,CUST000161,paid,2025-09-17 21:39:41,35581.51,5693.04,49,41323.55,MXN,web
ORD00003962,CUST000703,paid,2026-03-06 16:34:42,254534.54,40725.53,49,295309.07,MXN,marketplace
ORD00003963,CUST000483,returned,2025-06-13 23:26:44,18557.76,2969.24,149,21676.0,MXN,web
ORD00003964,CUST000007,delivered,2025-12-15 06:00:34,73628.59,11780.57,49,85458.16,MXN,marketplace
ORD00003965,CUST001068,delivered,2026-01-13 20:43:14,154953.96,24792.63,149,179895.59,MXN,marketplace
ORD00003966,CUST000792,packed,2025-07-12 21:05:57,89980.74,14396.92,79,104456.66,MXN,call_center
ORD00003967,CUST000048,delivered,2025-04-02 14:29:16,99120.89,15859.34,49,115029.23,MXN,marketplace
ORD00003968,CUST000331,returned,2025-12-12 14:12:31,67390.38,10782.46,79,78251.84,MXN,call_center
ORD00003969,CUST000952,packed,2025-01-15 11:33:20,179088.95,28654.23,149,207892.18,MXN,marketplace
ORD00003970,CUST000441,paid,2026-04-05 18:27:12,34477.87,5516.46,49,40043.33,MXN,mobile_app
ORD00003971,CUST000472,paid,2026-04-27 17:06:25,127984.38,20477.5,79,148540.88,MXN,marketplace
ORD00003972,CUST000738,delivered,2025-11-22 22:26:26,13892.25,2222.76,149,16264.01,MXN,call_center
ORD00003973,CUST001033,packed,2025-10-27 10:56:11,76998.65,12319.78,99,89417.43,MXN,marketplace
ORD00003974,CUST000660,shipped,2025-08-10 01:38:20,144113.65,23058.18,0,167171.83,MXN,web
ORD00003975,CUST000540,delivered,2025-03-27 22:44:45,128742.87,20598.86,49,149390.73,MXN,web
ORD00003976,CUST000245,shipped,2026-02-26 06:42:25,88631.93,14181.11,0,102813.04,MXN,call_center
ORD00003977,CUST000226,delivered,2026-01-02 10:37:52,84782.05,13565.13,0,98347.18,MXN,web
ORD00003978,CUST000542,packed,2025-10-08 11:09:51,13732.11,2197.14,49,15978.25,MXN,web
ORD00003979,CUST000978,delivered,2025-08-26 12:33:59,162152.29,25944.37,0,188096.66,MXN,marketplace
ORD00003980,CUST000940,delivered,2025-02-02 19:07:01,19002.08,3040.33,99,22141.41,MXN,mobile_app
ORD00003981,CUST000228,created,2025-04-17 15:28:04,15599.88,2495.98,79,18174.86,MXN,web
ORD00003982,CUST000886,paid,2026-05-08 10:25:53,79987.36,12797.98,49,92834.34,MXN,marketplace
ORD00003983,CUST000130,returned,2026-03-18 09:56:04,206353.46,33016.55,149,239519.01,MXN,marketplace
ORD00003984,CUST000644,paid,2025-08-10 06:37:59,45658.92,7305.43,149,53113.35,MXN,call_center
ORD00003985,CUST000365,paid,2026-03-25 19:27:02,175426.76,28068.28,0,203495.04,MXN,web
ORD00003986,CUST000153,paid,2025-12-09 02:17:42,95120.47,15219.28,99,110438.75,MXN,mobile_app
ORD00003987,CUST000145,delivered,2025-09-28 05:57:09,71473.72,11435.8,99,83008.52,MXN,mobile_app
ORD00003988,CUST001058,delivered,2025-11-29 00:29:57,74143.02,11862.88,149,86154.9,MXN,call_center
ORD00003989,CUST000239,packed,2025-12-21 11:31:36,156466.99,25034.72,0,181501.71,MXN,call_center
ORD00003990,CUST000322,paid,2025-12-25 22:55:42,23068.76,3691.0,79,26838.76,MXN,web
ORD00003991,CUST000977,delivered,2025-03-09 02:52:19,69270.07,11083.21,99,80452.28,MXN,marketplace
ORD00003992,CUST000529,delivered,2025-02-09 02:43:28,162226.71,25956.27,79,188261.98,MXN,mobile_app
ORD00003993,CUST000533,created,2026-05-04 22:08:40,51135.87,8181.74,0,59317.61,MXN,web
ORD00003994,CUST000470,cancelled,2025-01-24 08:41:31,53178.13,8508.5,149,61835.63,MXN,marketplace
ORD00003995,CUST000253,delivered,2025-10-01 16:34:08,128174.36,20507.9,99,148781.26,MXN,web
ORD00003996,CUST000445,cancelled,2026-01-15 05:24:44,132704.17,21232.67,99,154035.84,MXN,marketplace
ORD00003997,CUST000058,paid,2025-10-03 13:59:33,124626.28,19940.2,49,144615.48,MXN,mobile_app
ORD00003998,CUST000658,paid,2025-06-24 20:33:58,18672.69,2987.63,79,21739.32,MXN,mobile_app
ORD00003999,CUST000318,delivered,2025-08-14 11:41:23,28142.88,4502.86,0,32645.74,MXN,marketplace
ORD00004000,CUST001131,paid,2025-03-22 18:24:07,130170.13,20827.22,149,151146.35,MXN,marketplace
ORD00004001,CUST000836,delivered,2025-01-21 21:25:26,190568.83,30491.01,149,221208.84,MXN,call_center
ORD00004002,CUST000677,paid,2026-03-16 00:00:19,55185.06,8829.61,49,64063.67,MXN,web
ORD00004003,CUST000949,packed,2026-03-06 12:35:32,119006.53,19041.04,79,138126.57,MXN,call_center
ORD00004004,CUST000676,delivered,2025-01-25 13:23:44,40964.07,6554.25,49,47567.32,MXN,call_center
ORD00004005,CUST000837,returned,2026-04-24 13:31:02,18677.03,2988.32,149,21814.35,MXN,web
ORD00004006,CUST000449,shipped,2026-01-03 05:09:49,634.37,101.5,99,834.87,MXN,web
ORD00004007,CUST001042,paid,2026-05-15 17:58:54,80406.88,12865.1,0,93271.98,MXN,web
ORD00004008,CUST001153,paid,2025-09-15 17:31:17,22266.81,3562.69,49,25878.5,MXN,call_center
ORD00004009,CUST000725,delivered,2026-02-13 01:00:35,85158.04,13625.29,99,98882.33,MXN,mobile_app
ORD00004010,CUST000023,created,2025-01-01 02:56:28,159357.03,25497.12,79,184933.15,MXN,marketplace
ORD00004011,CUST000880,returned,2026-03-27 01:52:20,100582.27,16093.16,149,116824.43,MXN,web
ORD00004012,CUST000092,paid,2026-01-18 08:13:08,65378.89,10460.62,0,75839.51,MXN,mobile_app
ORD00004013,CUST000654,delivered,2025-05-31 01:28:43,89977.7,14396.43,79,104453.13,MXN,marketplace
ORD00004014,CUST000081,shipped,2025-01-16 12:53:25,112109.38,17937.5,0,130046.88,MXN,call_center
ORD00004015,CUST000774,packed,2025-01-25 22:45:29,246917.94,39506.87,49,286473.81,MXN,mobile_app
ORD00004016,CUST000765,delivered,2025-07-30 15:55:27,135019.36,21603.1,99,156721.46,MXN,web
ORD00004017,CUST000320,shipped,2025-03-31 23:56:41,159314.01,25490.24,79,184883.25,MXN,mobile_app
ORD00004018,CUST000814,packed,2026-02-26 02:43:43,74883.6,11981.38,149,87013.98,MXN,mobile_app
ORD00004019,CUST000299,delivered,2025-02-24 14:47:21,36639.8,5862.37,99,42601.17,MXN,marketplace
ORD00004020,CUST000431,returned,2025-08-21 17:52:35,228868.28,36618.92,99,265586.2,MXN,mobile_app
ORD00004021,CUST000188,delivered,2025-11-26 22:42:15,63206.29,10113.01,99,73418.3,MXN,marketplace
ORD00004022,CUST000257,paid,2025-04-01 16:40:14,39183.72,6269.4,79,45532.12,MXN,web
ORD00004023,CUST001097,shipped,2025-09-11 04:26:22,10323.14,1651.7,99,12073.84,MXN,web
ORD00004024,CUST001026,shipped,2026-01-29 17:22:14,154925.55,24788.09,49,179762.64,MXN,call_center
ORD00004025,CUST000868,cancelled,2025-11-01 02:33:58,46772.3,7483.57,79,54334.87,MXN,web
ORD00004026,CUST000092,packed,2026-02-16 01:21:52,211323.67,33811.79,99,245234.46,MXN,web
ORD00004027,CUST000656,shipped,2025-04-21 02:37:57,196240.03,31398.4,79,227717.43,MXN,marketplace
ORD00004028,CUST000532,paid,2025-12-26 07:33:26,141303.29,22608.53,79,163990.82,MXN,web
ORD00004029,CUST000468,delivered,2025-01-15 01:57:28,72371.54,11579.45,79,84029.99,MXN,mobile_app
ORD00004030,CUST000491,packed,2025-01-06 22:31:48,31623.71,5059.79,99,36782.5,MXN,mobile_app
ORD00004031,CUST000578,paid,2025-01-03 13:43:13,66751.8,10680.29,0,77432.09,MXN,mobile_app
ORD00004032,CUST000305,delivered,2026-03-22 18:47:16,30697.77,4911.64,99,35708.41,MXN,marketplace
ORD00004033,CUST000117,delivered,2025-06-26 11:22:05,140006.18,22400.99,99,162506.17,MXN,web
ORD00004034,CUST001077,delivered,2026-04-14 08:40:08,45302.62,7248.42,0,52551.04,MXN,mobile_app
ORD00004035,CUST000435,shipped,2026-03-01 08:03:41,55414.92,8866.39,49,64330.31,MXN,mobile_app
ORD00004036,CUST001036,shipped,2026-04-03 18:54:50,59114.58,9458.33,0,68572.91,MXN,web
ORD00004037,CUST001127,cancelled,2026-04-04 11:55:49,53610.9,8577.74,99,62287.64,MXN,call_center
ORD00004038,CUST000537,paid,2026-03-30 22:01:56,32687.64,5230.02,149,38066.66,MXN,marketplace
ORD00004039,CUST000655,paid,2025-10-08 09:52:51,16579.47,2652.72,49,19281.19,MXN,marketplace
ORD00004040,CUST000146,paid,2025-07-21 08:52:34,50925.55,8148.09,99,59172.64,MXN,web
ORD00004041,CUST000482,delivered,2025-06-13 22:50:02,46441.55,7430.65,0,53872.2,MXN,web
ORD00004042,CUST000500,paid,2026-01-18 15:36:30,34730.9,5556.94,49,40336.84,MXN,web
ORD00004043,CUST000433,delivered,2025-10-15 17:21:00,7338.28,1174.12,149,8661.4,MXN,web
ORD00004044,CUST001173,paid,2026-03-03 15:12:53,10664.75,1706.36,149,12520.11,MXN,mobile_app
ORD00004045,CUST000449,created,2025-06-10 11:30:04,16645.47,2663.28,149,19457.75,MXN,call_center
ORD00004046,CUST000044,created,2025-05-06 14:43:31,205580.57,32892.89,149,238622.46,MXN,mobile_app
ORD00004047,CUST000757,delivered,2026-01-28 14:59:45,31105.58,4976.89,149,36231.47,MXN,call_center
ORD00004048,CUST001025,shipped,2025-01-29 02:49:51,145065.35,23210.46,149,168424.81,MXN,marketplace
ORD00004049,CUST000058,paid,2026-03-30 10:14:53,192901.94,30864.31,149,223915.25,MXN,web
ORD00004050,CUST000186,shipped,2025-08-22 22:16:49,110609.06,17697.45,0,128306.51,MXN,mobile_app
ORD00004051,CUST000556,cancelled,2026-02-23 11:30:03,57810.35,9249.66,49,67109.01,MXN,mobile_app
ORD00004052,CUST000534,delivered,2025-09-25 15:29:39,2962.43,473.99,99,3535.42,MXN,marketplace
ORD00004053,CUST000774,delivered,2025-11-13 21:20:39,111802.21,17888.35,0,129690.56,MXN,web
ORD00004054,CUST000990,packed,2025-02-03 14:18:51,1691.47,270.64,49,2011.11,MXN,mobile_app
ORD00004055,CUST000696,shipped,2026-04-03 17:24:43,46180.64,7388.9,49,53618.54,MXN,call_center
ORD00004056,CUST000039,shipped,2025-07-30 17:59:02,51065.92,8170.55,79,59315.47,MXN,call_center
ORD00004057,CUST000825,returned,2026-02-11 10:18:22,18408.36,2945.34,99,21452.7,MXN,marketplace
ORD00004058,CUST000072,shipped,2025-12-28 07:07:03,178376.92,28540.31,0,206917.23,MXN,web
ORD00004059,CUST000409,paid,2025-06-10 11:17:40,113775.77,18204.12,49,132028.89,MXN,web
ORD00004060,CUST001027,packed,2026-01-29 11:09:53,61440.33,9830.45,99,71369.78,MXN,mobile_app
ORD00004061,CUST000347,cancelled,2025-06-11 13:59:16,70048.47,11207.76,99,81355.23,MXN,marketplace
ORD00004062,CUST000858,returned,2025-04-20 13:04:54,74279.14,11884.66,49,86212.8,MXN,call_center
ORD00004063,CUST000338,paid,2025-11-07 03:16:27,88969.71,14235.15,99,103303.86,MXN,marketplace
ORD00004064,CUST000222,cancelled,2026-03-03 23:37:10,165730.62,26516.9,99,192346.52,MXN,mobile_app
ORD00004065,CUST000554,delivered,2025-06-13 01:17:05,115763.64,18522.18,149,134434.82,MXN,mobile_app
ORD00004066,CUST000650,shipped,2025-08-06 13:03:54,41371.39,6619.42,99,48089.81,MXN,mobile_app
ORD00004067,CUST000919,cancelled,2025-07-25 03:39:27,167300.6,26768.1,149,194217.7,MXN,web
ORD00004068,CUST000297,packed,2025-03-25 11:16:20,108286.36,17325.82,0,125612.18,MXN,marketplace
ORD00004069,CUST000689,shipped,2026-02-24 19:54:08,131021.31,20963.41,49,152033.72,MXN,call_center
ORD00004070,CUST000926,delivered,2025-09-07 01:28:51,73559.48,11769.52,149,85478.0,MXN,call_center
ORD00004071,CUST001065,packed,2026-02-07 09:22:30,70334.69,11253.55,149,81737.24,MXN,mobile_app
ORD00004072,CUST001011,delivered,2026-02-22 11:25:06,31178.19,4988.51,149,36315.7,MXN,call_center
ORD00004073,CUST001093,delivered,2026-04-11 10:06:04,27017.66,4322.83,49,31389.49,MXN,web
ORD00004074,CUST000027,cancelled,2025-03-25 23:36:49,53129.92,8500.79,149,61779.71,MXN,marketplace
ORD00004075,CUST000307,paid,2025-10-21 23:35:13,174843.04,27974.89,79,202896.93,MXN,marketplace
ORD00004076,CUST000783,delivered,2025-12-29 00:01:25,32510.97,5201.76,149,37861.73,MXN,mobile_app
ORD00004077,CUST000460,delivered,2025-08-24 22:51:09,11316.6,1810.66,79,13206.26,MXN,mobile_app
ORD00004078,CUST001031,paid,2026-02-04 00:56:22,48100.64,7696.1,79,55875.74,MXN,mobile_app
ORD00004079,CUST001097,cancelled,2026-03-05 21:10:07,34043.08,5446.89,99,39588.97,MXN,marketplace
ORD00004080,CUST001007,shipped,2025-06-23 02:53:45,170284.08,27245.45,0,197529.53,MXN,marketplace
ORD00004081,CUST001169,delivered,2026-02-27 03:00:43,23171.72,3707.48,49,26928.2,MXN,mobile_app
ORD00004082,CUST000308,shipped,2025-07-28 23:55:06,28956.05,4632.97,0,33589.02,MXN,mobile_app
ORD00004083,CUST000391,shipped,2025-12-27 08:45:11,18097.67,2895.63,79,21072.3,MXN,web
ORD00004084,CUST000838,returned,2025-08-04 17:48:02,60954.41,9752.71,0,70707.12,MXN,call_center
ORD00004085,CUST000387,delivered,2025-05-17 03:07:42,2244.87,359.18,49,2653.05,MXN,marketplace
ORD00004086,CUST000548,paid,2026-04-06 04:30:05,57228.04,9156.49,0,66384.53,MXN,marketplace
ORD00004087,CUST000651,paid,2026-01-13 09:32:59,3028.66,484.59,79,3592.25,MXN,web
ORD00004088,CUST000783,returned,2025-08-01 22:15:59,66553.91,10648.63,49,77251.54,MXN,marketplace
ORD00004089,CUST000127,created,2025-03-02 12:24:00,22724.62,3635.94,149,26509.56,MXN,mobile_app
ORD00004090,CUST001107,cancelled,2025-09-02 10:20:10,163330.8,26132.93,0,189463.73,MXN,web
ORD00004091,CUST001190,paid,2025-09-21 16:01:05,87709.97,14033.6,79,101822.57,MXN,mobile_app
ORD00004092,CUST001107,delivered,2025-03-10 23:23:17,70814.6,11330.34,0,82144.94,MXN,call_center
ORD00004093,CUST001101,shipped,2025-03-09 08:02:33,12188.38,1950.14,79,14217.52,MXN,marketplace
ORD00004094,CUST000429,delivered,2025-03-30 12:33:13,50260.15,8041.62,79,58380.77,MXN,call_center
ORD00004095,CUST000299,delivered,2026-05-19 01:05:13,5124.0,819.84,49,5992.84,MXN,call_center
ORD00004096,CUST000391,delivered,2025-12-03 15:12:49,39626.28,6340.2,49,46015.48,MXN,web
ORD00004097,CUST000646,packed,2025-10-22 04:07:58,93423.04,14947.69,0,108370.73,MXN,marketplace
ORD00004098,CUST001181,paid,2025-12-16 22:40:43,81751.52,13080.24,99,94930.76,MXN,mobile_app
ORD00004099,CUST000034,delivered,2025-11-04 14:42:13,122798.28,19647.72,0,142446.0,MXN,marketplace
ORD00004100,CUST000029,shipped,2025-04-20 22:12:36,18142.7,2902.83,79,21124.53,MXN,marketplace
ORD00004101,CUST000125,packed,2025-03-19 21:18:49,160736.71,25717.87,149,186603.58,MXN,mobile_app
ORD00004102,CUST000899,paid,2026-03-03 15:29:07,47749.56,7639.93,99,55488.49,MXN,web
ORD00004103,CUST000643,paid,2025-07-09 09:15:06,41754.48,6680.72,149,48584.2,MXN,call_center
ORD00004104,CUST001035,delivered,2026-02-01 00:53:57,10716.22,1714.6,79,12509.82,MXN,mobile_app
ORD00004105,CUST000089,packed,2026-05-15 04:07:54,97021.93,15523.51,79,112624.44,MXN,marketplace
ORD00004106,CUST000162,delivered,2026-03-30 13:13:48,111129.78,17780.76,149,129059.54,MXN,mobile_app
ORD00004107,CUST000036,packed,2026-04-06 13:30:39,92756.41,14841.03,99,107696.44,MXN,marketplace
ORD00004108,CUST001196,cancelled,2025-08-17 07:04:05,29340.89,4694.54,149,34184.43,MXN,call_center
ORD00004109,CUST000607,shipped,2025-05-01 14:42:43,72831.5,11653.04,79,84563.54,MXN,web
ORD00004110,CUST000890,shipped,2025-06-03 04:45:25,42277.51,6764.4,0,49041.91,MXN,mobile_app
ORD00004111,CUST000215,cancelled,2025-04-04 09:10:15,277426.56,44388.25,0,321814.81,MXN,web
ORD00004112,CUST000605,paid,2025-05-31 04:26:06,128429.5,20548.72,99,149077.22,MXN,mobile_app
ORD00004113,CUST000697,returned,2026-04-26 19:31:15,76695.43,12271.27,79,89045.7,MXN,call_center
ORD00004114,CUST000937,delivered,2025-07-23 12:57:18,239186.48,38269.84,49,277505.32,MXN,call_center
ORD00004115,CUST000733,shipped,2025-09-22 07:49:22,8334.56,1333.53,0,9668.09,MXN,call_center
ORD00004116,CUST001169,shipped,2025-11-14 12:21:19,133184.58,21309.53,49,154543.11,MXN,call_center
ORD00004117,CUST000353,cancelled,2026-01-26 21:08:35,77053.6,12328.58,149,89531.18,MXN,mobile_app
ORD00004118,CUST001018,delivered,2026-04-10 20:41:05,148168.92,23707.03,99,171974.95,MXN,call_center
ORD00004119,CUST000979,delivered,2025-10-25 13:31:12,9498.1,1519.7,79,11096.8,MXN,web
ORD00004120,CUST000420,cancelled,2025-09-12 22:37:51,15118.92,2419.03,149,17686.95,MXN,web
ORD00004121,CUST000805,shipped,2025-03-26 17:43:50,173496.19,27759.39,99,201354.58,MXN,marketplace
ORD00004122,CUST000879,paid,2025-01-20 22:05:37,132079.74,21132.76,99,153311.5,MXN,mobile_app
ORD00004123,CUST000840,delivered,2025-10-28 19:26:49,91476.53,14636.24,49,106161.77,MXN,call_center
ORD00004124,CUST001014,cancelled,2025-05-07 16:13:24,54823.83,8771.81,79,63674.64,MXN,call_center
ORD00004125,CUST000886,packed,2025-11-16 10:06:00,92423.22,14787.72,79,107289.94,MXN,marketplace
ORD00004126,CUST000695,paid,2025-12-15 10:12:30,118086.09,18893.77,79,137058.86,MXN,web
ORD00004127,CUST000053,delivered,2026-03-26 04:02:13,109373.92,17499.83,0,126873.75,MXN,mobile_app
ORD00004128,CUST000490,packed,2025-03-31 23:58:09,51163.7,8186.19,149,59498.89,MXN,mobile_app
ORD00004129,CUST001113,paid,2025-10-27 09:44:48,142549.6,22807.94,149,165506.54,MXN,call_center
ORD00004130,CUST000437,delivered,2026-03-08 07:36:06,10071.99,1611.52,79,11762.51,MXN,web
ORD00004131,CUST000797,packed,2025-02-27 18:28:18,15102.62,2416.42,49,17568.04,MXN,marketplace
ORD00004132,CUST000582,packed,2026-02-13 16:33:33,215259.65,34441.54,149,249850.19,MXN,marketplace
ORD00004133,CUST000110,packed,2025-05-12 11:16:17,163253.56,26120.57,149,189523.13,MXN,web
ORD00004134,CUST000701,cancelled,2025-12-06 22:26:28,49291.38,7886.62,99,57277.0,MXN,web
ORD00004135,CUST000568,delivered,2025-10-01 20:17:20,110952.75,17752.44,49,128754.19,MXN,web
ORD00004136,CUST000843,delivered,2025-06-01 18:33:11,238325.34,38132.05,149,276606.39,MXN,marketplace
ORD00004137,CUST000917,delivered,2025-01-31 19:07:13,40018.14,6402.9,0,46421.04,MXN,mobile_app
ORD00004138,CUST000554,paid,2025-06-08 15:34:25,125167.64,20026.82,99,145293.46,MXN,web
ORD00004139,CUST000355,cancelled,2025-01-13 21:09:00,139018.11,22242.9,99,161360.01,MXN,mobile_app
ORD00004140,CUST001087,shipped,2026-04-20 20:15:27,11973.53,1915.76,99,13988.29,MXN,marketplace
ORD00004141,CUST000671,cancelled,2025-07-01 04:26:27,5651.45,904.23,149,6704.68,MXN,web
ORD00004142,CUST000979,created,2025-01-24 01:45:30,200397.72,32063.64,99,232560.36,MXN,web
ORD00004143,CUST000833,cancelled,2025-03-29 18:26:23,110270.87,17643.34,0,127914.21,MXN,mobile_app
ORD00004144,CUST000336,paid,2025-06-15 11:34:48,31211.41,4993.83,149,36354.24,MXN,marketplace
ORD00004145,CUST000904,returned,2025-06-27 16:38:04,19158.12,3065.3,149,22372.42,MXN,web
ORD00004146,CUST000405,created,2025-09-24 03:20:22,31663.4,5066.14,49,36778.54,MXN,marketplace
ORD00004147,CUST001136,delivered,2025-09-14 09:23:36,12160.96,1945.75,99,14205.71,MXN,mobile_app
ORD00004148,CUST001198,paid,2025-05-05 06:35:01,36325.87,5812.14,99,42237.01,MXN,call_center
ORD00004149,CUST001128,shipped,2025-09-26 21:02:18,57733.89,9237.42,99,67070.31,MXN,mobile_app
ORD00004150,CUST000426,returned,2025-02-12 07:09:29,131863.94,21098.23,149,153111.17,MXN,mobile_app
ORD00004151,CUST000762,created,2025-12-17 06:28:26,153401.14,24544.18,79,178024.32,MXN,mobile_app
ORD00004152,CUST000200,delivered,2025-02-06 11:56:58,77398.16,12383.71,79,89860.87,MXN,mobile_app
ORD00004153,CUST000014,shipped,2025-04-04 04:09:32,121668.69,19466.99,99,141234.68,MXN,call_center
ORD00004154,CUST000019,cancelled,2025-01-23 09:33:28,132111.5,21137.84,149,153398.34,MXN,marketplace
ORD00004155,CUST000404,delivered,2025-06-17 22:28:02,164052.88,26248.46,0,190301.34,MXN,marketplace
ORD00004156,CUST000910,paid,2026-03-07 09:04:39,130013.96,20802.23,149,150965.19,MXN,web
ORD00004157,CUST000588,created,2026-03-01 09:10:43,96970.12,15515.22,99,112584.34,MXN,call_center
ORD00004158,CUST001067,delivered,2025-11-07 12:48:55,34194.05,5471.05,79,39744.1,MXN,web
ORD00004159,CUST001022,delivered,2026-03-05 11:39:58,83258.49,13321.36,49,96628.85,MXN,marketplace
ORD00004160,CUST000867,cancelled,2025-06-19 09:57:07,60527.97,9684.48,99,70311.45,MXN,call_center
ORD00004161,CUST000691,packed,2025-06-30 18:04:49,185801.91,29728.31,79,215609.22,MXN,call_center
ORD00004162,CUST000169,cancelled,2025-10-06 00:33:37,205179.42,32828.71,99,238107.13,MXN,mobile_app
ORD00004163,CUST001092,delivered,2026-04-03 03:41:00,171868.0,27498.88,99,199465.88,MXN,mobile_app
ORD00004164,CUST000312,delivered,2026-01-17 03:58:47,113712.08,18193.93,0,131906.01,MXN,web
ORD00004165,CUST000873,packed,2025-04-15 01:29:46,138548.97,22167.84,0,160716.81,MXN,call_center
ORD00004166,CUST000415,delivered,2025-04-01 08:00:44,146559.19,23449.47,79,170087.66,MXN,marketplace
ORD00004167,CUST000076,shipped,2025-04-12 10:37:16,39158.4,6265.34,149,45572.74,MXN,call_center
ORD00004168,CUST000578,delivered,2026-05-08 13:45:21,103566.64,16570.66,79,120216.3,MXN,marketplace
ORD00004169,CUST000515,paid,2026-04-25 00:51:56,173405.9,27744.94,149,201299.84,MXN,web
ORD00004170,CUST000639,returned,2025-09-24 01:03:11,31684.58,5069.53,49,36803.11,MXN,call_center
ORD00004171,CUST000418,delivered,2025-05-27 02:25:14,93500.92,14960.15,0,108461.07,MXN,marketplace
ORD00004172,CUST000288,paid,2025-12-30 04:06:19,132172.15,21147.54,0,153319.69,MXN,marketplace
ORD00004173,CUST000304,shipped,2026-02-01 12:54:50,16979.41,2716.71,49,19745.12,MXN,marketplace
ORD00004174,CUST000874,paid,2025-10-17 10:05:24,28614.02,4578.24,79,33271.26,MXN,call_center
ORD00004175,CUST000315,paid,2025-07-16 01:32:55,170312.09,27249.93,99,197661.02,MXN,call_center
ORD00004176,CUST000111,shipped,2025-05-28 07:12:35,11496.46,1839.43,0,13335.89,MXN,marketplace
ORD00004177,CUST000748,delivered,2026-01-11 14:34:21,140062.89,22410.06,0,162472.95,MXN,call_center
ORD00004178,CUST000147,packed,2026-03-09 02:29:06,65004.6,10400.74,149,75554.34,MXN,web
ORD00004179,CUST001083,cancelled,2026-05-05 18:35:03,93595.36,14975.26,149,108719.62,MXN,call_center
ORD00004180,CUST000139,packed,2026-03-23 16:03:43,77053.6,12328.58,0,89382.18,MXN,web
ORD00004181,CUST000101,paid,2025-01-15 11:00:07,149794.09,23967.05,99,173860.14,MXN,web
ORD00004182,CUST001110,returned,2025-11-20 20:42:32,65555.96,10488.95,149,76193.91,MXN,web
ORD00004183,CUST000111,delivered,2025-04-21 02:01:50,206784.43,33085.51,0,239869.94,MXN,marketplace
ORD00004184,CUST000967,returned,2025-01-04 04:56:59,16924.42,2707.91,49,19681.33,MXN,mobile_app
ORD00004185,CUST000826,delivered,2025-10-29 03:19:43,29507.5,4721.2,49,34277.7,MXN,web
ORD00004186,CUST000516,delivered,2026-01-31 16:39:18,143478.27,22956.52,0,166434.79,MXN,call_center
ORD00004187,CUST001067,packed,2026-02-26 22:52:14,62164.44,9946.31,79,72189.75,MXN,call_center
ORD00004188,CUST001076,cancelled,2026-02-11 10:23:43,141398.26,22623.72,49,164070.98,MXN,mobile_app
ORD00004189,CUST000267,shipped,2026-03-07 00:28:07,50125.0,8020.0,0,58145.0,MXN,mobile_app
ORD00004190,CUST001086,created,2026-01-02 19:48:50,57908.13,9265.3,49,67222.43,MXN,marketplace
ORD00004191,CUST000231,shipped,2025-06-06 11:23:59,147917.96,23666.87,149,171733.83,MXN,call_center
ORD00004192,CUST001054,shipped,2026-03-15 19:42:46,121324.08,19411.85,149,140884.93,MXN,marketplace
ORD00004193,CUST000287,cancelled,2026-01-21 10:32:23,31259.81,5001.57,149,36410.38,MXN,marketplace
ORD00004194,CUST000412,paid,2025-12-17 07:34:30,99000.65,15840.1,79,114919.75,MXN,mobile_app
ORD00004195,CUST000853,paid,2026-04-10 01:31:26,5027.13,804.34,79,5910.47,MXN,marketplace
ORD00004196,CUST000483,delivered,2025-08-31 07:41:22,69508.16,11121.31,149,80778.47,MXN,marketplace
ORD00004197,CUST000484,returned,2026-01-30 06:06:59,133159.64,21305.54,49,154514.18,MXN,call_center
ORD00004198,CUST000779,paid,2026-04-18 17:05:20,50345.91,8055.35,149,58550.26,MXN,marketplace
ORD00004199,CUST000053,created,2025-09-12 10:48:45,76444.43,12231.11,99,88774.54,MXN,mobile_app
ORD00004200,CUST000945,cancelled,2025-01-09 06:48:58,14003.79,2240.61,0,16244.4,MXN,web
ORD00004201,CUST000995,returned,2025-03-23 11:25:24,199379.97,31900.8,149,231429.77,MXN,call_center
ORD00004202,CUST000745,paid,2025-06-14 19:55:01,24557.04,3929.13,0,28486.17,MXN,call_center
ORD00004203,CUST000613,delivered,2025-06-16 15:41:05,211708.04,33873.29,49,245630.33,MXN,call_center
ORD00004204,CUST000723,cancelled,2026-01-16 05:43:18,169891.46,27182.63,79,197153.09,MXN,marketplace
ORD00004205,CUST000206,delivered,2025-06-02 15:43:35,43258.3,6921.33,49,50228.63,MXN,web
ORD00004206,CUST000836,shipped,2025-08-16 00:57:15,17060.52,2729.68,49,19839.2,MXN,mobile_app
ORD00004207,CUST000854,delivered,2025-03-07 22:38:52,55623.2,8899.71,149,64671.91,MXN,web
ORD00004208,CUST000362,packed,2025-12-05 07:52:32,75950.74,12152.12,149,88251.86,MXN,web
ORD00004209,CUST000905,paid,2025-12-26 10:06:14,127947.12,20471.54,99,148517.66,MXN,web
ORD00004210,CUST000262,created,2025-06-22 20:20:08,66977.97,10716.48,0,77694.45,MXN,web
ORD00004211,CUST001105,paid,2026-05-12 01:58:58,28246.44,4519.43,49,32814.87,MXN,mobile_app
ORD00004212,CUST000179,paid,2025-04-16 19:03:52,92544.09,14807.05,0,107351.14,MXN,web
ORD00004213,CUST000908,paid,2026-05-12 02:48:09,43051.17,6888.19,149,50088.36,MXN,web
ORD00004214,CUST000137,delivered,2026-04-18 01:37:45,103642.25,16582.76,79,120304.01,MXN,web
ORD00004215,CUST000340,delivered,2025-05-06 12:27:14,100803.72,16128.6,99,117031.32,MXN,web
ORD00004216,CUST000400,paid,2026-03-16 17:08:42,50150.77,8024.12,79,58253.89,MXN,marketplace
ORD00004217,CUST000227,paid,2025-08-24 08:10:13,32912.61,5266.02,49,38227.63,MXN,marketplace
ORD00004218,CUST000134,shipped,2025-05-04 15:34:20,14890.04,2382.41,49,17321.45,MXN,mobile_app
ORD00004219,CUST000396,shipped,2025-08-28 03:03:26,3067.62,490.82,149,3707.44,MXN,mobile_app
ORD00004220,CUST000730,paid,2025-11-24 13:18:37,51049.41,8167.91,99,59316.32,MXN,call_center
ORD00004221,CUST000174,returned,2026-01-01 18:09:58,139201.41,22272.23,79,161552.64,MXN,mobile_app
ORD00004222,CUST000068,created,2025-07-14 02:14:11,72159.8,11545.57,0,83705.37,MXN,marketplace
ORD00004223,CUST000957,created,2026-02-21 14:31:08,107252.06,17160.33,79,124491.39,MXN,web
ORD00004224,CUST000899,returned,2025-08-20 02:46:43,30215.97,4834.56,49,35099.53,MXN,marketplace
ORD00004225,CUST000575,delivered,2025-11-16 00:18:46,109512.15,17521.94,79,127113.09,MXN,web
ORD00004226,CUST001199,paid,2026-02-10 16:28:26,19255.66,3080.91,79,22415.57,MXN,marketplace
ORD00004227,CUST000370,delivered,2026-03-22 16:56:55,332559.27,53209.48,0,385768.75,MXN,mobile_app
ORD00004228,CUST000214,paid,2025-04-01 12:46:06,232046.98,37127.52,49,269223.5,MXN,web
ORD00004229,CUST001177,cancelled,2025-02-14 16:07:53,114129.44,18260.71,149,132539.15,MXN,marketplace
ORD00004230,CUST000837,delivered,2025-10-26 09:40:59,8558.9,1369.42,149,10077.32,MXN,web
ORD00004231,CUST000374,delivered,2025-10-10 05:46:56,94845.14,15175.22,99,110119.36,MXN,web
ORD00004232,CUST000539,delivered,2025-03-31 08:32:49,27091.25,4334.6,99,31524.85,MXN,mobile_app
ORD00004233,CUST000391,delivered,2026-01-23 02:34:51,58503.15,9360.5,0,67863.65,MXN,call_center
ORD00004234,CUST000578,created,2025-12-15 01:14:59,164067.09,26250.73,79,190396.82,MXN,web
ORD00004235,CUST000447,paid,2026-01-03 17:13:48,35674.68,5707.95,149,41531.63,MXN,mobile_app
ORD00004236,CUST001046,shipped,2025-04-26 16:52:22,58270.46,9323.27,0,67593.73,MXN,marketplace
ORD00004237,CUST000294,cancelled,2025-11-11 04:56:31,98094.01,15695.04,99,113888.05,MXN,marketplace
ORD00004238,CUST001009,delivered,2025-09-01 03:25:17,23020.16,3683.23,99,26802.39,MXN,mobile_app
ORD00004239,CUST000753,delivered,2025-01-13 04:55:46,167542.53,26806.8,79,194428.33,MXN,web
ORD00004240,CUST000226,cancelled,2025-01-07 04:54:56,167072.95,26731.67,0,193804.62,MXN,call_center
ORD00004241,CUST000839,shipped,2025-10-08 00:11:05,188833.55,30213.37,149,219195.92,MXN,marketplace
ORD00004242,CUST001175,delivered,2025-06-02 00:31:26,145829.34,23332.69,79,169241.03,MXN,web
ORD00004243,CUST000375,shipped,2026-02-06 22:20:26,124918.78,19987.0,99,145004.78,MXN,call_center
ORD00004244,CUST000506,shipped,2025-09-01 11:04:50,13470.12,2155.22,99,15724.34,MXN,mobile_app
ORD00004245,CUST000331,created,2025-02-17 09:05:14,52734.06,8437.45,0,61171.51,MXN,web
ORD00004246,CUST000251,returned,2025-04-13 16:12:33,196860.5,31497.68,149,228507.18,MXN,call_center
ORD00004247,CUST000972,delivered,2026-05-15 21:36:26,45135.3,7221.65,0,52356.95,MXN,call_center
ORD00004248,CUST000270,packed,2025-07-22 18:40:40,5969.55,955.13,0,6924.68,MXN,mobile_app
ORD00004249,CUST000800,paid,2025-09-18 16:07:14,83324.23,13331.88,79,96735.11,MXN,web
ORD00004250,CUST000581,delivered,2025-05-23 14:55:42,118620.68,18979.31,0,137599.99,MXN,mobile_app
ORD00004251,CUST000614,delivered,2026-04-18 09:06:56,177443.63,28390.98,149,205983.61,MXN,web
ORD00004252,CUST000507,returned,2026-03-29 13:27:34,122143.19,19542.91,0,141686.1,MXN,mobile_app
ORD00004253,CUST000750,delivered,2025-01-22 12:36:03,129546.08,20727.37,79,150352.45,MXN,mobile_app
ORD00004254,CUST001013,paid,2026-03-12 09:06:53,136707.69,21873.23,79,158659.92,MXN,call_center
ORD00004255,CUST001107,shipped,2025-07-16 13:05:28,68163.26,10906.12,99,79168.38,MXN,marketplace
ORD00004256,CUST000557,paid,2025-08-29 18:19:08,192418.28,30786.92,49,223254.2,MXN,web
ORD00004257,CUST000075,paid,2025-12-09 12:41:06,13237.13,2117.94,0,15355.07,MXN,call_center
ORD00004258,CUST001149,paid,2025-05-21 19:06:06,70445.07,11271.21,99,81815.28,MXN,marketplace
ORD00004259,CUST000406,cancelled,2025-04-09 18:30:22,185590.51,29694.48,49,215333.99,MXN,marketplace
ORD00004260,CUST000855,delivered,2025-08-18 13:19:51,14071.44,2251.43,79,16401.87,MXN,call_center
ORD00004261,CUST000926,delivered,2025-02-05 11:09:38,58629.03,9380.64,0,68009.67,MXN,call_center
ORD00004262,CUST000345,delivered,2025-02-24 18:07:31,12243.46,1958.95,99,14301.41,MXN,web
ORD00004263,CUST000819,packed,2025-07-12 18:08:44,122032.94,19525.27,79,141637.21,MXN,mobile_app
ORD00004264,CUST000634,delivered,2025-02-17 13:23:47,70699.2,11311.87,79,82090.07,MXN,web
ORD00004265,CUST000600,delivered,2026-04-05 20:52:30,19692.04,3150.73,79,22921.77,MXN,mobile_app
ORD00004266,CUST000397,shipped,2026-02-09 13:35:52,22751.84,3640.29,49,26441.13,MXN,web
ORD00004267,CUST000165,returned,2026-03-06 18:59:55,63891.68,10222.67,149,74263.35,MXN,marketplace
ORD00004268,CUST000435,returned,2025-05-10 20:24:39,105252.56,16840.41,49,122141.97,MXN,marketplace
ORD00004269,CUST000986,cancelled,2025-05-14 18:42:53,63979.31,10236.69,49,74265.0,MXN,mobile_app
ORD00004270,CUST000625,paid,2025-07-03 08:24:50,146208.29,23393.33,79,169680.62,MXN,mobile_app
ORD00004271,CUST000626,delivered,2025-07-31 08:19:18,37886.56,6061.85,149,44097.41,MXN,web
ORD00004272,CUST001056,delivered,2025-03-06 18:49:33,92892.31,14862.77,49,107804.08,MXN,mobile_app
ORD00004273,CUST001051,paid,2026-01-30 19:03:14,38932.47,6229.2,99,45260.67,MXN,marketplace
ORD00004274,CUST001121,delivered,2025-01-29 00:40:47,133229.62,21316.74,79,154625.36,MXN,marketplace
ORD00004275,CUST000289,cancelled,2026-04-12 09:20:24,106037.64,16966.02,99,123102.66,MXN,marketplace
ORD00004276,CUST000762,delivered,2025-12-14 11:58:58,104596.27,16735.4,0,121331.67,MXN,call_center
ORD00004277,CUST000676,paid,2025-06-17 10:46:18,132095.82,21135.33,99,153330.15,MXN,web
ORD00004278,CUST000741,delivered,2026-04-29 04:23:26,205069.68,32811.15,0,237880.83,MXN,mobile_app
ORD00004279,CUST000534,paid,2025-03-06 14:17:32,26053.17,4168.51,49,30270.68,MXN,mobile_app
ORD00004280,CUST000066,returned,2025-03-06 11:38:17,131500.69,21040.11,49,152589.8,MXN,web
ORD00004281,CUST000985,delivered,2025-01-13 19:27:21,165677.74,26508.44,0,192186.18,MXN,web
ORD00004282,CUST000037,delivered,2025-04-10 23:17:29,237198.67,37951.79,79,275229.46,MXN,call_center
ORD00004283,CUST000392,paid,2025-04-08 11:57:01,3946.13,631.38,79,4656.51,MXN,mobile_app
ORD00004284,CUST000413,paid,2025-05-14 08:05:14,47782.08,7645.13,99,55526.21,MXN,marketplace
ORD00004285,CUST000517,delivered,2025-11-17 15:59:16,143879.13,23020.66,79,166978.79,MXN,call_center
ORD00004286,CUST000007,paid,2025-06-04 15:39:51,149898.49,23983.76,0,173882.25,MXN,web
ORD00004287,CUST000748,delivered,2025-06-15 04:23:45,66917.37,10706.78,0,77624.15,MXN,web
ORD00004288,CUST000043,cancelled,2026-04-28 17:32:49,40885.9,6541.74,49,47476.64,MXN,web
ORD00004289,CUST000081,returned,2025-03-17 15:07:29,98421.8,15747.49,149,114318.29,MXN,call_center
ORD00004290,CUST001055,delivered,2025-08-23 22:39:38,36222.95,5795.67,0,42018.62,MXN,call_center
ORD00004291,CUST000938,delivered,2025-11-11 20:42:39,107377.52,17180.4,49,124606.92,MXN,mobile_app
ORD00004292,CUST000786,delivered,2025-09-12 00:17:55,114975.49,18396.08,49,133420.57,MXN,marketplace
ORD00004293,CUST000027,cancelled,2026-01-10 06:21:07,51651.06,8264.17,149,60064.23,MXN,marketplace
ORD00004294,CUST000633,shipped,2025-07-21 13:08:46,26135.59,4181.69,149,30466.28,MXN,mobile_app
ORD00004295,CUST000851,delivered,2025-01-08 01:19:58,16607.13,2657.14,149,19413.27,MXN,call_center
ORD00004296,CUST000786,delivered,2025-06-23 14:12:56,198345.5,31735.28,149,230229.78,MXN,web
ORD00004297,CUST000910,paid,2025-01-26 08:39:38,30144.66,4823.15,149,35116.81,MXN,mobile_app
ORD00004298,CUST000355,cancelled,2025-06-12 01:58:36,42338.07,6774.09,79,49191.16,MXN,mobile_app
ORD00004299,CUST000269,delivered,2025-06-26 20:31:44,34422.32,5507.57,79,40008.89,MXN,marketplace
ORD00004300,CUST000290,cancelled,2025-05-30 08:47:13,134088.23,21454.12,49,155591.35,MXN,marketplace
ORD00004301,CUST000255,paid,2026-01-13 11:07:58,73327.84,11732.45,149,85209.29,MXN,web
ORD00004302,CUST000510,shipped,2025-03-19 21:17:39,144729.1,23156.66,0,167885.76,MXN,call_center
ORD00004303,CUST000869,paid,2025-11-28 16:20:33,165820.29,26531.25,99,192450.54,MXN,marketplace
ORD00004304,CUST000877,paid,2026-03-14 18:14:15,74419.79,11907.17,149,86475.96,MXN,mobile_app
ORD00004305,CUST000681,delivered,2025-08-14 23:42:45,55047.26,8807.56,99,63953.82,MXN,call_center
ORD00004306,CUST001048,packed,2025-07-11 23:24:52,32196.28,5151.4,79,37426.68,MXN,mobile_app
ORD00004307,CUST000095,shipped,2025-08-12 11:47:22,74619.56,11939.13,49,86607.69,MXN,call_center
ORD00004308,CUST001014,delivered,2025-12-20 01:27:38,13986.59,2237.85,79,16303.44,MXN,mobile_app
ORD00004309,CUST000412,cancelled,2025-02-07 20:54:21,138156.32,22105.01,149,160410.33,MXN,marketplace
ORD00004310,CUST000128,delivered,2026-03-19 17:59:29,28434.1,4549.46,99,33082.56,MXN,mobile_app
ORD00004311,CUST000146,shipped,2026-04-08 18:43:04,91745.64,14679.3,99,106523.94,MXN,mobile_app
ORD00004312,CUST000068,packed,2025-11-24 15:42:36,128079.76,20492.76,0,148572.52,MXN,marketplace
ORD00004313,CUST000245,paid,2025-10-10 04:47:44,104215.41,16674.47,99,120988.88,MXN,call_center
ORD00004314,CUST000492,shipped,2025-06-10 17:55:26,15300.18,2448.03,79,17827.21,MXN,mobile_app
ORD00004315,CUST000439,created,2025-12-01 02:53:34,140864.55,22538.33,49,163451.88,MXN,call_center
ORD00004316,CUST000487,shipped,2025-11-04 06:37:27,199505.56,31920.89,0,231426.45,MXN,marketplace
ORD00004317,CUST000687,delivered,2026-04-05 14:38:15,7315.16,1170.43,49,8534.59,MXN,marketplace
ORD00004318,CUST000550,delivered,2026-04-22 07:24:09,45715.56,7314.49,79,53109.05,MXN,web
ORD00004319,CUST000383,shipped,2026-03-11 12:22:58,118653.47,18984.56,0,137638.03,MXN,web
ORD00004320,CUST000889,created,2025-10-26 03:12:30,113970.74,18235.32,49,132255.06,MXN,mobile_app
ORD00004321,CUST000509,paid,2025-10-21 08:41:43,73591.3,11774.61,79,85444.91,MXN,marketplace
ORD00004322,CUST000767,paid,2026-02-01 16:04:38,175884.81,28141.57,0,204026.38,MXN,marketplace
ORD00004323,CUST000224,shipped,2025-10-08 21:30:57,26218.32,4194.93,149,30562.25,MXN,web
ORD00004324,CUST000868,delivered,2025-01-13 18:00:48,132639.22,21222.28,79,153940.5,MXN,call_center
ORD00004325,CUST000106,shipped,2025-11-15 06:07:35,208711.31,33393.81,79,242184.12,MXN,call_center
ORD00004326,CUST000059,shipped,2025-03-05 17:46:10,177690.32,28430.45,79,206199.77,MXN,web
ORD00004327,CUST000865,shipped,2025-04-16 05:35:08,18309.48,2929.52,79,21318.0,MXN,mobile_app
ORD00004328,CUST000312,cancelled,2026-02-13 10:54:26,118761.33,19001.81,99,137862.14,MXN,web
ORD00004329,CUST000562,created,2026-02-24 03:17:06,141147.08,22583.53,49,163779.61,MXN,web
ORD00004330,CUST000915,paid,2025-03-21 01:38:49,17377.04,2780.33,149,20306.37,MXN,web
ORD00004331,CUST000710,shipped,2026-02-10 11:35:19,94009.5,15041.52,79,109130.02,MXN,call_center
ORD00004332,CUST000057,shipped,2025-12-29 01:31:13,235065.29,37610.45,49,272724.74,MXN,web
ORD00004333,CUST000163,cancelled,2025-10-09 13:12:05,76123.4,12179.74,49,88352.14,MXN,web
ORD00004334,CUST000776,packed,2025-01-28 16:14:00,29773.25,4763.72,79,34615.97,MXN,marketplace
ORD00004335,CUST000157,delivered,2025-04-12 01:00:00,207983.6,33277.38,79,241339.98,MXN,mobile_app
ORD00004336,CUST000905,created,2025-06-18 11:17:01,40825.78,6532.12,0,47357.9,MXN,call_center
ORD00004337,CUST000125,delivered,2025-11-21 20:59:23,98416.1,15746.58,149,114311.68,MXN,web
ORD00004338,CUST000951,returned,2025-07-07 21:26:55,191202.09,30592.33,0,221794.42,MXN,marketplace
ORD00004339,CUST000872,cancelled,2025-10-08 21:59:11,69580.73,11132.92,99,80812.65,MXN,web
ORD00004340,CUST000844,shipped,2025-02-23 08:08:33,173688.73,27790.2,0,201478.93,MXN,call_center
ORD00004341,CUST001060,cancelled,2025-03-28 04:17:16,5992.22,958.76,49,6999.98,MXN,web
ORD00004342,CUST000052,delivered,2025-08-18 04:20:41,122191.24,19550.6,0,141741.84,MXN,call_center
ORD00004343,CUST000842,paid,2025-04-07 19:47:13,58302.74,9328.44,99,67730.18,MXN,mobile_app
ORD00004344,CUST000908,cancelled,2026-03-05 09:56:39,174728.02,27956.48,0,202684.5,MXN,mobile_app
ORD00004345,CUST000544,delivered,2025-02-23 17:48:12,190264.61,30442.34,0,220706.95,MXN,call_center
ORD00004346,CUST000392,delivered,2025-09-25 09:50:40,50331.93,8053.11,0,58385.04,MXN,web
ORD00004347,CUST000222,delivered,2025-05-16 15:56:46,148666.69,23786.67,99,172552.36,MXN,web
ORD00004348,CUST000117,paid,2026-04-04 05:29:53,58451.15,9352.18,149,67952.33,MXN,mobile_app
ORD00004349,CUST001048,delivered,2026-01-05 12:26:57,187637.43,30021.99,49,217708.42,MXN,mobile_app
ORD00004350,CUST000097,paid,2025-01-08 00:43:40,110937.62,17750.02,99,128786.64,MXN,call_center
ORD00004351,CUST001108,paid,2025-06-25 19:24:59,74445.6,11911.3,79,86435.9,MXN,mobile_app
ORD00004352,CUST000137,cancelled,2025-02-17 20:25:31,46830.91,7492.95,49,54372.86,MXN,call_center
ORD00004353,CUST000654,cancelled,2025-12-12 05:38:39,38159.62,6105.54,99,44364.16,MXN,marketplace
ORD00004354,CUST000416,delivered,2026-04-19 00:12:37,95668.32,15306.93,49,111024.25,MXN,call_center
ORD00004355,CUST000328,paid,2025-10-08 03:53:47,69005.91,11040.95,49,80095.86,MXN,mobile_app
ORD00004356,CUST000067,delivered,2026-02-10 00:30:28,39178.8,6268.61,149,45596.41,MXN,marketplace
ORD00004357,CUST000399,shipped,2026-04-23 21:36:45,43377.38,6940.38,49,50366.76,MXN,web
ORD00004358,CUST000127,packed,2026-03-18 13:05:15,3897.35,623.58,79,4599.93,MXN,web
ORD00004359,CUST001162,cancelled,2025-05-16 20:58:14,23052.63,3688.42,0,26741.05,MXN,call_center
ORD00004360,CUST000925,delivered,2025-01-24 23:01:39,28610.42,4577.67,99,33287.09,MXN,call_center
ORD00004361,CUST000949,paid,2025-11-18 17:31:24,142064.35,22730.3,149,164943.65,MXN,mobile_app
ORD00004362,CUST000991,delivered,2026-04-14 21:54:48,32207.42,5153.19,79,37439.61,MXN,mobile_app
ORD00004363,CUST001092,cancelled,2026-01-24 01:09:07,204194.72,32671.16,0,236865.88,MXN,web
ORD00004364,CUST000441,paid,2025-10-12 03:07:50,229239.25,36678.28,0,265917.53,MXN,marketplace
ORD00004365,CUST000791,paid,2025-03-02 09:41:35,185038.5,29606.16,0,214644.66,MXN,call_center
ORD00004366,CUST000273,delivered,2025-08-12 12:36:37,140099.3,22415.89,0,162515.19,MXN,web
ORD00004367,CUST000736,shipped,2025-05-06 22:12:46,11578.81,1852.61,0,13431.42,MXN,mobile_app
ORD00004368,CUST000384,packed,2025-01-28 13:56:09,184444.76,29511.16,149,214104.92,MXN,web
ORD00004369,CUST000214,paid,2025-03-05 17:42:06,236921.62,37907.46,0,274829.08,MXN,call_center
ORD00004370,CUST000355,packed,2025-11-08 14:21:25,1481.3,237.01,149,1867.31,MXN,mobile_app
ORD00004371,CUST000834,delivered,2025-10-10 09:39:48,13289.64,2126.34,49,15464.98,MXN,web
ORD00004372,CUST000283,paid,2025-12-18 02:34:07,93600.38,14976.06,0,108576.44,MXN,call_center
ORD00004373,CUST000315,paid,2025-12-23 06:45:44,109420.88,17507.34,0,126928.22,MXN,call_center
ORD00004374,CUST001025,created,2025-08-06 06:49:19,89653.47,14344.56,99,104097.03,MXN,call_center
ORD00004375,CUST000510,created,2025-12-31 23:42:25,149155.02,23864.8,149,173168.82,MXN,web
ORD00004376,CUST000298,delivered,2025-10-05 15:13:40,51376.53,8220.24,149,59745.77,MXN,call_center
ORD00004377,CUST000545,paid,2025-05-04 07:45:59,5301.35,848.22,99,6248.57,MXN,web
ORD00004378,CUST000015,delivered,2026-04-02 11:43:23,61541.67,9846.67,79,71467.34,MXN,mobile_app
ORD00004379,CUST001161,delivered,2026-03-12 07:33:14,131549.81,21047.97,49,152646.78,MXN,web
ORD00004380,CUST000179,cancelled,2025-07-23 14:09:07,61407.92,9825.27,79,71312.19,MXN,web
ORD00004381,CUST000938,delivered,2025-02-26 05:41:56,151167.71,24186.83,79,175433.54,MXN,call_center
ORD00004382,CUST000514,paid,2025-04-02 10:13:42,86347.29,13815.57,0,100162.86,MXN,mobile_app
ORD00004383,CUST001016,delivered,2025-04-22 11:40:21,45868.13,7338.9,79,53286.03,MXN,web
ORD00004384,CUST000824,paid,2026-03-07 17:15:35,154098.95,24655.83,49,178803.78,MXN,mobile_app
ORD00004385,CUST000973,created,2025-09-08 09:30:03,86387.23,13821.96,49,100258.19,MXN,marketplace
ORD00004386,CUST000114,cancelled,2025-10-19 16:30:32,150659.64,24105.54,0,174765.18,MXN,web
ORD00004387,CUST000673,packed,2025-10-20 18:50:18,46243.44,7398.95,0,53642.39,MXN,marketplace
ORD00004388,CUST001075,shipped,2025-10-27 00:02:21,84230.7,13476.91,79,97786.61,MXN,web
ORD00004389,CUST000930,shipped,2025-09-15 20:41:21,52167.41,8346.79,99,60613.2,MXN,marketplace
ORD00004390,CUST000341,delivered,2025-08-02 23:09:32,40484.48,6477.52,79,47041.0,MXN,marketplace
ORD00004391,CUST000663,delivered,2025-03-03 13:07:45,19321.62,3091.46,49,22462.08,MXN,mobile_app
ORD00004392,CUST000311,delivered,2025-11-28 16:09:51,89422.23,14307.56,49,103778.79,MXN,marketplace
ORD00004393,CUST000200,delivered,2025-12-27 01:26:18,14750.09,2360.01,149,17259.1,MXN,call_center
ORD00004394,CUST000739,packed,2026-03-10 18:22:15,35322.84,5651.65,99,41073.49,MXN,marketplace
ORD00004395,CUST000981,returned,2025-08-02 19:17:00,41044.29,6567.09,79,47690.38,MXN,marketplace
ORD00004396,CUST000632,delivered,2026-01-04 08:48:13,106024.12,16963.86,149,123136.98,MXN,mobile_app
ORD00004397,CUST000651,delivered,2025-09-12 10:31:39,40484.48,6477.52,0,46962.0,MXN,mobile_app
ORD00004398,CUST000172,paid,2026-04-08 14:32:39,23347.74,3735.64,79,27162.38,MXN,mobile_app
ORD00004399,CUST000276,paid,2025-08-12 20:09:52,72807.28,11649.16,0,84456.44,MXN,mobile_app
ORD00004400,CUST001055,packed,2026-03-02 16:16:04,107634.65,17221.54,49,124905.19,MXN,call_center
ORD00004401,CUST000185,packed,2025-09-18 10:05:14,32806.19,5248.99,79,38134.18,MXN,marketplace
ORD00004402,CUST000280,shipped,2026-02-10 00:25:16,91852.02,14696.32,0,106548.34,MXN,marketplace
ORD00004403,CUST000224,returned,2026-01-25 20:21:21,111956.64,17913.06,49,129918.7,MXN,mobile_app
ORD00004404,CUST000428,packed,2025-03-02 08:12:29,101536.49,16245.84,149,117931.33,MXN,call_center
ORD00004405,CUST000675,cancelled,2025-05-24 01:58:49,142704.45,22832.71,49,165586.16,MXN,mobile_app
ORD00004406,CUST000067,paid,2026-02-25 08:35:14,16423.38,2627.74,149,19200.12,MXN,call_center
ORD00004407,CUST000365,delivered,2026-04-23 14:18:30,156943.25,25110.92,49,182103.17,MXN,web
ORD00004408,CUST000859,cancelled,2026-04-23 14:14:39,96807.24,15489.16,99,112395.4,MXN,mobile_app
ORD00004409,CUST000386,delivered,2026-03-23 18:48:26,132065.14,21130.42,0,153195.56,MXN,marketplace
ORD00004410,CUST000246,delivered,2026-04-13 20:22:05,40652.71,6504.43,149,47306.14,MXN,web
ORD00004411,CUST000734,created,2025-10-20 03:00:35,127177.18,20348.35,0,147525.53,MXN,web
ORD00004412,CUST000477,packed,2025-03-17 08:12:53,40230.38,6436.86,49,46716.24,MXN,marketplace
ORD00004413,CUST000841,cancelled,2026-01-11 23:20:03,237177.16,37948.35,0,275125.51,MXN,web
ORD00004414,CUST000016,delivered,2025-12-31 22:35:36,130565.89,20890.54,79,151535.43,MXN,mobile_app
ORD00004415,CUST000580,paid,2026-03-22 09:02:22,17115.28,2738.44,49,19902.72,MXN,marketplace
ORD00004416,CUST001009,created,2026-05-02 04:52:32,171050.37,27368.06,149,198567.43,MXN,marketplace
ORD00004417,CUST000428,delivered,2026-03-14 23:03:19,40937.44,6549.99,49,47536.43,MXN,marketplace
ORD00004418,CUST000164,delivered,2025-02-19 13:43:16,148776.6,23804.26,0,172580.86,MXN,call_center
ORD00004419,CUST000608,delivered,2025-06-14 06:24:27,57790.2,9246.43,99,67135.63,MXN,call_center
ORD00004420,CUST000758,paid,2025-03-19 14:26:47,10697.56,1711.61,49,12458.17,MXN,mobile_app
ORD00004421,CUST000076,delivered,2025-02-18 12:08:36,53943.28,8630.92,99,62673.2,MXN,web
ORD00004422,CUST000753,delivered,2025-10-01 09:03:37,75232.66,12037.23,149,87418.89,MXN,mobile_app
ORD00004423,CUST000888,cancelled,2026-04-13 05:36:32,143039.09,22886.25,0,165925.34,MXN,mobile_app
ORD00004424,CUST001165,shipped,2026-02-23 07:17:54,118906.58,19025.05,79,138010.63,MXN,mobile_app
ORD00004425,CUST000954,created,2026-01-16 04:10:22,210937.77,33750.04,0,244687.81,MXN,mobile_app
ORD00004426,CUST000131,returned,2026-04-26 21:34:08,75279.58,12044.73,49,87373.31,MXN,mobile_app
ORD00004427,CUST000977,paid,2025-07-31 03:16:37,136146.41,21783.43,99,158028.84,MXN,web
ORD00004428,CUST000376,created,2026-05-05 08:30:07,100002.92,16000.47,149,116152.39,MXN,call_center
ORD00004429,CUST001041,returned,2025-05-27 21:58:10,107535.56,17205.69,0,124741.25,MXN,mobile_app
ORD00004430,CUST000867,delivered,2026-02-25 23:39:02,80720.2,12915.23,0,93635.43,MXN,marketplace
ORD00004431,CUST000178,cancelled,2026-02-19 02:36:25,157709.04,25233.45,49,182991.49,MXN,call_center
ORD00004432,CUST000613,returned,2026-03-29 21:56:21,86410.03,13825.6,79,100314.63,MXN,web
ORD00004433,CUST000455,delivered,2026-01-27 04:56:13,53816.61,8610.66,149,62576.27,MXN,marketplace
ORD00004434,CUST000376,paid,2025-05-26 16:36:26,182364.27,29178.28,0,211542.55,MXN,call_center
ORD00004435,CUST000590,paid,2026-03-02 22:55:16,102281.91,16365.11,79,118726.02,MXN,mobile_app
ORD00004436,CUST001031,cancelled,2025-10-10 03:36:27,74933.01,11989.28,79,87001.29,MXN,call_center
ORD00004437,CUST000941,paid,2025-07-15 18:32:05,105322.63,16851.62,0,122174.25,MXN,mobile_app
ORD00004438,CUST000215,paid,2025-11-28 11:48:12,177777.75,28444.44,149,206371.19,MXN,mobile_app
ORD00004439,CUST000448,paid,2025-03-15 04:23:36,178284.19,28525.47,0,206809.66,MXN,marketplace
ORD00004440,CUST000524,paid,2026-02-11 03:15:50,96518.22,15442.92,0,111961.14,MXN,marketplace
ORD00004441,CUST000428,paid,2026-04-29 05:28:46,142558.29,22809.33,79,165446.62,MXN,call_center
ORD00004442,CUST000737,cancelled,2026-03-14 08:42:43,59232.24,9477.16,99,68808.4,MXN,mobile_app
ORD00004443,CUST000308,shipped,2025-10-14 00:03:02,31724.79,5075.97,149,36949.76,MXN,web
ORD00004444,CUST000985,paid,2026-01-06 05:10:18,138877.54,22220.41,0,161097.95,MXN,web
ORD00004445,CUST000278,created,2025-01-29 22:25:44,144032.8,23045.25,99,167177.05,MXN,marketplace
ORD00004446,CUST001035,shipped,2026-01-01 14:45:29,99370.05,15899.21,0,115269.26,MXN,mobile_app
ORD00004447,CUST000985,delivered,2026-05-04 22:38:27,156885.49,25101.68,99,182086.17,MXN,marketplace
ORD00004448,CUST000068,paid,2025-03-10 12:22:19,46933.14,7509.3,49,54491.44,MXN,marketplace
ORD00004449,CUST000100,paid,2025-12-04 15:41:39,69724.41,11155.91,79,80959.32,MXN,web
ORD00004450,CUST000556,cancelled,2026-02-23 11:52:18,149203.73,23872.6,149,173225.33,MXN,web
ORD00004451,CUST000396,created,2025-05-10 02:05:33,133945.38,21431.26,79,155455.64,MXN,mobile_app
ORD00004452,CUST000658,cancelled,2025-01-22 21:22:06,123085.12,19693.62,49,142827.74,MXN,call_center
ORD00004453,CUST001062,paid,2026-01-04 03:21:26,85638.67,13702.19,49,99389.86,MXN,call_center
ORD00004454,CUST000427,paid,2025-01-31 20:23:47,182347.02,29175.52,149,211671.54,MXN,web
ORD00004455,CUST000899,created,2025-09-03 22:24:02,40278.19,6444.51,99,46821.7,MXN,web
ORD00004456,CUST001095,shipped,2026-02-01 22:41:06,199420.87,31907.34,49,231377.21,MXN,web
ORD00004457,CUST000915,packed,2025-07-16 10:14:34,112907.02,18065.12,79,131051.14,MXN,web
ORD00004458,CUST000965,packed,2025-11-26 18:21:26,49323.46,7891.75,79,57294.21,MXN,web
ORD00004459,CUST000584,paid,2026-05-13 20:00:49,28467.41,4554.79,99,33121.2,MXN,call_center
ORD00004460,CUST000368,created,2026-03-28 04:02:19,41089.97,6574.4,149,47813.37,MXN,marketplace
ORD00004461,CUST000244,returned,2026-04-20 22:07:23,13917.23,2226.76,79,16222.99,MXN,marketplace
ORD00004462,CUST000752,cancelled,2025-04-25 07:10:37,13890.31,2222.45,79,16191.76,MXN,mobile_app
ORD00004463,CUST000042,cancelled,2025-10-12 17:42:05,19307.72,3089.24,49,22445.96,MXN,mobile_app
ORD00004464,CUST000852,delivered,2025-07-08 01:25:44,15369.82,2459.17,149,17977.99,MXN,mobile_app
ORD00004465,CUST001018,delivered,2025-02-21 11:30:11,104402.35,16704.38,99,121205.73,MXN,web
ORD00004466,CUST000340,paid,2025-05-27 15:47:04,4489.61,718.34,0,5207.95,MXN,mobile_app
ORD00004467,CUST000762,paid,2025-11-09 18:34:12,11498.1,1839.7,49,13386.8,MXN,web
ORD00004468,CUST000717,returned,2025-06-12 23:50:39,125813.35,20130.14,49,145992.49,MXN,mobile_app
ORD00004469,CUST000565,paid,2025-10-17 18:31:53,39562.33,6329.97,0,45892.3,MXN,call_center
ORD00004470,CUST000364,delivered,2025-03-28 19:45:11,79844.12,12775.06,99,92718.18,MXN,web
ORD00004471,CUST000979,paid,2025-11-26 10:10:16,92541.87,14806.7,49,107397.57,MXN,web
ORD00004472,CUST000047,delivered,2025-10-21 00:28:29,8523.43,1363.75,99,9986.18,MXN,marketplace
ORD00004473,CUST000659,cancelled,2025-09-20 01:41:54,66971.21,10715.39,49,77735.6,MXN,marketplace
ORD00004474,CUST000520,paid,2025-10-07 02:37:04,51865.78,8298.52,79,60243.3,MXN,mobile_app
ORD00004475,CUST000952,delivered,2025-01-02 21:32:13,115545.92,18487.35,49,134082.27,MXN,mobile_app
ORD00004476,CUST000500,returned,2025-10-23 13:59:56,155577.56,24892.41,79,180548.97,MXN,web
ORD00004477,CUST000322,packed,2025-04-04 19:00:40,78954.11,12632.66,49,91635.77,MXN,web
ORD00004478,CUST000210,paid,2025-11-10 23:45:34,131263.13,21002.1,0,152265.23,MXN,web
ORD00004479,CUST000281,delivered,2026-03-20 21:56:44,170706.82,27313.09,99,198118.91,MXN,mobile_app
ORD00004480,CUST000441,shipped,2025-08-25 01:42:21,110220.96,17635.35,99,127955.31,MXN,web
ORD00004481,CUST001006,paid,2025-12-10 17:01:29,93523.21,14963.71,79,108565.92,MXN,call_center
ORD00004482,CUST000792,paid,2025-06-30 18:10:29,193608.82,30977.41,0,224586.23,MXN,mobile_app
ORD00004483,CUST000883,created,2025-05-03 07:31:57,44377.01,7100.32,49,51526.33,MXN,web
ORD00004484,CUST000104,delivered,2025-02-22 09:20:10,114665.26,18346.44,49,133060.7,MXN,web
ORD00004485,CUST000389,delivered,2025-03-22 02:48:32,98214.27,15714.28,0,113928.55,MXN,marketplace
ORD00004486,CUST000918,paid,2025-06-14 19:21:39,159870.76,25579.32,49,185499.08,MXN,call_center
ORD00004487,CUST000082,returned,2026-04-27 21:40:49,55128.38,8820.54,49,63997.92,MXN,call_center
ORD00004488,CUST001125,delivered,2026-02-12 14:38:10,232365.14,37178.42,0,269543.56,MXN,mobile_app
ORD00004489,CUST001171,cancelled,2025-07-28 19:54:51,19467.9,3114.86,99,22681.76,MXN,web
ORD00004490,CUST000911,cancelled,2025-05-31 04:30:06,67745.96,10839.35,149,78734.31,MXN,call_center
ORD00004491,CUST000964,packed,2025-07-21 22:14:35,244176.06,39068.17,99,283343.23,MXN,marketplace
ORD00004492,CUST000910,cancelled,2025-11-13 17:11:02,120712.69,19314.03,99,140125.72,MXN,marketplace
ORD00004493,CUST000408,cancelled,2026-05-03 02:57:20,30606.68,4897.07,99,35602.75,MXN,marketplace
ORD00004494,CUST000440,packed,2025-06-26 11:52:21,20768.78,3323.0,149,24240.78,MXN,mobile_app
ORD00004495,CUST000506,shipped,2025-04-27 19:36:31,90270.6,14443.3,0,104713.9,MXN,call_center
ORD00004496,CUST000413,shipped,2026-01-14 02:22:21,74087.75,11854.04,149,86090.79,MXN,mobile_app
ORD00004497,CUST001114,delivered,2025-06-13 20:24:19,70642.53,11302.8,79,82024.33,MXN,web
ORD00004498,CUST000447,paid,2026-01-30 00:01:00,18996.2,3039.39,79,22114.59,MXN,web
ORD00004499,CUST001163,delivered,2025-06-04 04:33:59,149790.72,23966.52,49,173806.24,MXN,mobile_app
ORD00004500,CUST000625,created,2025-08-01 07:41:19,63839.26,10214.28,149,74202.54,MXN,call_center
