payment_id,order_id,payment_method,payment_status,amount,payment_ts,processor
PAY-ORD00000001,ORD00000001,cash,approved,88700.07,2025-08-11 19:35:21,stripe
PAY-ORD00000002,ORD00000002,wallet,approved,76756.62,2026-03-23 22:04:50,mercadopago
PAY-ORD00000003,ORD00000003,wallet,approved,61931.58,2025-11-27 04:36:51,stripe
PAY-ORD00000004,ORD00000004,wallet,approved,48886.77,2026-02-04 01:09:22,mercadopago
PAY-ORD00000006,ORD00000006,bank_transfer,approved,100090.27,2026-05-06 07:26:54,bank
PAY-ORD00000007,ORD00000007,cash,approved,72831.92,2025-09-13 05:56:58,paypal
PAY-ORD00000008,ORD00000008,cash,approved,109051.01,2025-01-07 23:12:55,bank
PAY-ORD00000009,ORD00000009,bank_transfer,approved,101487.8,2025-08-21 12:06:33,stripe
PAY-ORD00000010,ORD00000010,wallet,approved,48346.18,2025-01-05 13:30:37,mercadopago
PAY-ORD00000011,ORD00000011,cash,approved,224050.74,2025-05-05 16:00:29,stripe
PAY-ORD00000012,ORD00000012,wallet,declined,139865.19,2025-04-09 00:16:50,stripe
PAY-ORD00000013,ORD00000013,cash,approved,16907.2,2025-05-26 05:54:38,mercadopago
PAY-ORD00000014,ORD00000014,bank_transfer,approved,143964.52,2025-03-22 03:10:07,bank
PAY-ORD00000015,ORD00000015,wallet,approved,253989.39,2025-02-09 15:58:36,paypal
PAY-ORD00000017,ORD00000017,card,refunded,137710.78,2026-04-17 04:34:10,bank
PAY-ORD00000018,ORD00000018,card,approved,174165.39,2025-04-12 08:28:07,stripe
PAY-ORD00000019,ORD00000019,bank_transfer,approved,120155.66,2025-02-01 21:52:16,stripe
PAY-ORD00000021,ORD00000021,paypal,approved,198354.62,2026-01-11 04:20:43,stripe
PAY-ORD00000022,ORD00000022,bank_transfer,approved,141073.1,2025-10-31 05:52:46,bank
PAY-ORD00000023,ORD00000023,paypal,approved,36808.52,2025-06-21 03:28:00,bank
PAY-ORD00000025,ORD00000025,card,approved,176165.39,2026-05-19 20:33:42,stripe
PAY-ORD00000026,ORD00000026,cash,approved,213129.36,2025-07-18 23:04:50,stripe
PAY-ORD00000027,ORD00000027,bank_transfer,approved,223530.08,2025-10-14 08:55:52,paypal
PAY-ORD00000028,ORD00000028,paypal,approved,87376.03,2025-11-03 08:15:15,mercadopago
PAY-ORD00000029,ORD00000029,wallet,approved,2829.88,2025-04-17 15:36:42,paypal
PAY-ORD00000030,ORD00000030,cash,approved,28255.1,2025-01-11 13:10:43,paypal
PAY-ORD00000031,ORD00000031,wallet,approved,59652.33,2025-01-08 10:41:26,stripe
PAY-ORD00000032,ORD00000032,bank_transfer,approved,85912.51,2026-01-09 06:09:44,stripe
PAY-ORD00000033,ORD00000033,bank_transfer,approved,27879.03,2025-08-19 15:22:23,mercadopago
PAY-ORD00000034,ORD00000034,wallet,approved,74865.31,2025-05-12 17:09:35,bank
PAY-ORD00000035,ORD00000035,paypal,approved,152151.42,2026-04-15 13:29:56,bank
PAY-ORD00000036,ORD00000036,paypal,approved,23184.64,2025-07-26 05:48:57,mercadopago
PAY-ORD00000037,ORD00000037,cash,approved,171933.97,2025-10-31 10:48:13,stripe
PAY-ORD00000038,ORD00000038,card,pending,114422.92,2026-01-09 22:33:07,mercadopago
PAY-ORD00000039,ORD00000039,paypal,approved,86950.9,2025-03-06 23:36:50,paypal
PAY-ORD00000040,ORD00000040,bank_transfer,approved,50057.34,2025-10-08 08:09:26,paypal
PAY-ORD00000041,ORD00000041,cash,approved,38002.32,2025-04-18 04:38:09,stripe
PAY-ORD00000043,ORD00000043,card,approved,94553.34,2025-01-10 19:53:04,paypal
PAY-ORD00000045,ORD00000045,paypal,approved,35799.71,2026-01-25 20:44:49,stripe
PAY-ORD00000046,ORD00000046,cash,approved,160285.25,2025-06-20 04:25:40,stripe
PAY-ORD00000047,ORD00000047,bank_transfer,pending,76559.28,2025-03-02 14:02:25,paypal
PAY-ORD00000048,ORD00000048,bank_transfer,approved,111925.2,2025-07-06 17:50:19,mercadopago
PAY-ORD00000049,ORD00000049,cash,approved,158589.26,2025-03-17 18:54:30,bank
PAY-ORD00000050,ORD00000050,paypal,approved,103189.49,2025-04-20 10:26:10,stripe
PAY-ORD00000051,ORD00000051,wallet,approved,133840.42,2025-10-29 03:54:35,paypal
PAY-ORD00000052,ORD00000052,card,approved,53305.56,2025-02-23 00:41:43,paypal
PAY-ORD00000054,ORD00000054,cash,approved,21375.34,2025-12-16 16:15:41,paypal
PAY-ORD00000055,ORD00000055,cash,refunded,209644.16,2025-03-23 22:01:49,paypal
PAY-ORD00000056,ORD00000056,wallet,pending,202254.98,2025-12-31 01:06:44,stripe
PAY-ORD00000057,ORD00000057,bank_transfer,approved,35738.96,2026-01-06 01:22:27,stripe
PAY-ORD00000058,ORD00000058,wallet,approved,38605.14,2025-02-12 00:54:40,mercadopago
PAY-ORD00000059,ORD00000059,card,approved,37742.41,2025-02-23 21:19:56,stripe
PAY-ORD00000060,ORD00000060,paypal,approved,17586.95,2025-05-23 23:36:04,mercadopago
PAY-ORD00000061,ORD00000061,cash,approved,152093.18,2025-11-22 12:40:37,paypal
PAY-ORD00000063,ORD00000063,paypal,approved,175250.74,2025-04-08 17:06:18,stripe
PAY-ORD00000065,ORD00000065,cash,declined,42195.47,2025-09-19 00:15:42,mercadopago
PAY-ORD00000066,ORD00000066,wallet,approved,61267.42,2025-12-06 21:30:23,stripe
PAY-ORD00000067,ORD00000067,paypal,approved,175365.34,2025-06-23 04:06:21,stripe
PAY-ORD00000069,ORD00000069,bank_transfer,approved,15081.88,2026-04-24 17:28:59,bank
PAY-ORD00000070,ORD00000070,wallet,approved,66965.46,2025-09-05 04:51:43,stripe
PAY-ORD00000071,ORD00000071,paypal,approved,99515.82,2025-01-21 01:44:06,bank
PAY-ORD00000072,ORD00000072,wallet,approved,56036.45,2025-05-31 16:15:58,stripe
PAY-ORD00000073,ORD00000073,bank_transfer,approved,224041.38,2025-03-22 10:46:27,mercadopago
PAY-ORD00000074,ORD00000074,card,approved,53555.72,2026-05-02 01:02:19,paypal
PAY-ORD00000075,ORD00000075,cash,approved,83340.92,2026-04-22 21:55:57,stripe
PAY-ORD00000076,ORD00000076,bank_transfer,approved,60151.35,2025-01-18 21:34:45,bank
PAY-ORD00000077,ORD00000077,paypal,approved,138959.22,2025-04-09 11:00:36,paypal
PAY-ORD00000078,ORD00000078,card,approved,188247.87,2025-11-02 03:29:21,stripe
PAY-ORD00000079,ORD00000079,paypal,approved,191276.41,2026-05-07 13:06:15,mercadopago
PAY-ORD00000080,ORD00000080,card,approved,68246.77,2025-10-05 22:50:28,mercadopago
PAY-ORD00000081,ORD00000081,paypal,approved,163082.35,2025-09-13 12:43:11,stripe
PAY-ORD00000082,ORD00000082,bank_transfer,approved,109165.91,2025-09-06 16:21:44,mercadopago
PAY-ORD00000083,ORD00000083,card,approved,91665.04,2025-04-07 10:42:18,paypal
PAY-ORD00000084,ORD00000084,card,approved,186726.27,2025-03-15 21:46:42,mercadopago
PAY-ORD00000085,ORD00000085,wallet,approved,6065.93,2026-05-14 02:45:00,bank
PAY-ORD00000086,ORD00000086,cash,approved,98693.93,2025-04-18 19:34:49,paypal
PAY-ORD00000089,ORD00000089,bank_transfer,approved,16084.63,2025-07-08 06:54:15,mercadopago
PAY-ORD00000090,ORD00000090,bank_transfer,approved,42330.34,2025-05-27 01:52:05,stripe
PAY-ORD00000091,ORD00000091,cash,approved,57061.69,2026-04-27 22:38:57,paypal
PAY-ORD00000092,ORD00000092,wallet,approved,83857.73,2025-12-24 22:55:26,mercadopago
PAY-ORD00000093,ORD00000093,wallet,approved,75042.66,2025-03-07 11:03:05,mercadopago
PAY-ORD00000095,ORD00000095,card,approved,23455.13,2026-05-18 02:51:29,bank
PAY-ORD00000096,ORD00000096,wallet,approved,87051.47,2025-02-21 07:17:03,paypal
PAY-ORD00000097,ORD00000097,wallet,approved,155249.82,2026-05-10 16:43:42,paypal
PAY-ORD00000098,ORD00000098,wallet,approved,34329.76,2025-11-29 11:01:16,paypal
PAY-ORD00000099,ORD00000099,wallet,approved,81699.51,2025-01-01 19:50:43,mercadopago
PAY-ORD00000100,ORD00000100,card,approved,92745.09,2025-03-15 00:50:40,paypal
PAY-ORD00000101,ORD00000101,wallet,approved,142927.02,2025-08-22 23:15:42,stripe
PAY-ORD00000102,ORD00000102,paypal,approved,196633.4,2025-03-11 10:06:15,bank
PAY-ORD00000103,ORD00000103,paypal,approved,289510.17,2025-08-29 08:15:15,mercadopago
PAY-ORD00000104,ORD00000104,cash,approved,95714.37,2025-05-07 07:21:39,bank
PAY-ORD00000105,ORD00000105,wallet,approved,14260.94,2025-12-01 09:34:56,bank
PAY-ORD00000106,ORD00000106,bank_transfer,approved,3123.86,2026-03-12 13:56:16,stripe
PAY-ORD00000107,ORD00000107,wallet,approved,20790.87,2025-03-04 19:33:29,stripe
PAY-ORD00000109,ORD00000109,cash,approved,102445.35,2025-11-20 09:07:25,paypal
PAY-ORD00000110,ORD00000110,card,pending,239356.52,2025-12-10 08:03:16,stripe
PAY-ORD00000111,ORD00000111,wallet,approved,130520.36,2026-02-02 23:13:36,stripe
PAY-ORD00000112,ORD00000112,paypal,approved,45647.26,2025-08-14 19:36:47,mercadopago
PAY-ORD00000114,ORD00000114,paypal,approved,109163.73,2026-02-08 20:51:41,mercadopago
PAY-ORD00000115,ORD00000115,card,approved,144031.11,2025-11-11 09:19:43,mercadopago
PAY-ORD00000116,ORD00000116,card,approved,54180.59,2025-04-24 18:00:47,bank
PAY-ORD00000117,ORD00000117,card,refunded,107731.07,2025-03-19 17:12:07,paypal
PAY-ORD00000118,ORD00000118,paypal,declined,200241.63,2026-03-27 22:07:50,stripe
PAY-ORD00000119,ORD00000119,paypal,approved,50995.49,2025-02-18 20:16:19,bank
PAY-ORD00000120,ORD00000120,paypal,approved,149307.63,2026-05-17 02:15:10,stripe
PAY-ORD00000121,ORD00000121,wallet,approved,73791.31,2025-06-30 02:44:53,mercadopago
PAY-ORD00000122,ORD00000122,cash,approved,43807.01,2025-05-16 04:30:25,mercadopago
PAY-ORD00000123,ORD00000123,bank_transfer,approved,261001.13,2025-10-21 10:46:49,mercadopago
PAY-ORD00000125,ORD00000125,cash,pending,128888.09,2025-06-11 07:25:36,bank
PAY-ORD00000126,ORD00000126,wallet,approved,225575.17,2025-08-20 17:09:14,mercadopago
PAY-ORD00000127,ORD00000127,cash,approved,175309.05,2026-02-20 02:55:54,mercadopago
PAY-ORD00000128,ORD00000128,paypal,approved,71962.7,2025-04-19 07:48:41,paypal
PAY-ORD00000129,ORD00000129,cash,approved,4111.58,2026-03-05 10:19:42,mercadopago
PAY-ORD00000130,ORD00000130,bank_transfer,approved,73302.41,2026-01-07 00:22:16,paypal
PAY-ORD00000131,ORD00000131,wallet,approved,81271.42,2025-10-28 19:53:44,stripe
PAY-ORD00000132,ORD00000132,paypal,approved,2983.51,2025-05-31 11:40:58,mercadopago
PAY-ORD00000133,ORD00000133,cash,approved,190794.99,2025-11-17 20:24:55,stripe
PAY-ORD00000134,ORD00000134,bank_transfer,approved,20814.46,2026-04-16 22:48:02,mercadopago
PAY-ORD00000136,ORD00000136,paypal,approved,81219.66,2026-02-25 16:31:05,bank
PAY-ORD00000137,ORD00000137,cash,approved,62966.8,2025-03-03 00:46:27,stripe
PAY-ORD00000138,ORD00000138,cash,refunded,139718.98,2025-07-02 15:28:45,stripe
PAY-ORD00000140,ORD00000140,cash,approved,109461.39,2026-04-18 23:01:22,bank
PAY-ORD00000141,ORD00000141,card,approved,204896.42,2025-12-27 04:07:48,paypal
PAY-ORD00000142,ORD00000142,cash,approved,58529.11,2026-04-24 05:20:56,bank
PAY-ORD00000143,ORD00000143,card,approved,128808.18,2025-01-14 13:16:27,bank
PAY-ORD00000144,ORD00000144,card,approved,73013.92,2025-08-03 11:50:13,paypal
PAY-ORD00000146,ORD00000146,bank_transfer,approved,100533.18,2025-03-26 19:13:17,stripe
PAY-ORD00000147,ORD00000147,wallet,approved,17445.15,2026-04-17 10:48:48,stripe
PAY-ORD00000148,ORD00000148,bank_transfer,approved,151305.63,2026-04-19 04:45:38,bank
PAY-ORD00000149,ORD00000149,bank_transfer,approved,209381.35,2026-03-16 05:53:51,paypal
PAY-ORD00000150,ORD00000150,wallet,approved,96543.57,2025-12-21 02:10:21,bank
PAY-ORD00000151,ORD00000151,cash,refunded,34232.4,2025-10-01 11:29:07,mercadopago
PAY-ORD00000152,ORD00000152,card,approved,38664.98,2025-06-28 11:43:54,mercadopago
PAY-ORD00000153,ORD00000153,bank_transfer,approved,116904.52,2025-09-01 21:31:57,paypal
PAY-ORD00000155,ORD00000155,card,approved,181625.84,2025-09-19 13:38:00,mercadopago
PAY-ORD00000156,ORD00000156,cash,approved,182791.91,2025-01-07 04:06:58,stripe
PAY-ORD00000158,ORD00000158,paypal,pending,83389.52,2025-04-03 03:50:08,paypal
PAY-ORD00000160,ORD00000160,cash,approved,27424.12,2025-12-02 21:10:16,stripe
PAY-ORD00000161,ORD00000161,wallet,approved,55266.48,2025-06-22 21:51:54,stripe
PAY-ORD00000162,ORD00000162,card,approved,28055.74,2026-03-10 15:31:53,stripe
PAY-ORD00000163,ORD00000163,bank_transfer,approved,44386.74,2025-06-02 03:35:28,mercadopago
PAY-ORD00000165,ORD00000165,cash,approved,232368.96,2025-07-24 11:03:04,mercadopago
PAY-ORD00000166,ORD00000166,cash,approved,192217.94,2025-06-20 03:53:39,stripe
PAY-ORD00000167,ORD00000167,card,approved,143485.45,2025-04-10 14:58:17,stripe
PAY-ORD00000168,ORD00000168,card,approved,116693.91,2025-12-10 10:29:26,paypal
PAY-ORD00000169,ORD00000169,bank_transfer,approved,51844.89,2025-05-10 09:23:24,bank
PAY-ORD00000170,ORD00000170,card,approved,72104.7,2025-10-22 13:48:44,paypal
PAY-ORD00000171,ORD00000171,bank_transfer,approved,77909.82,2025-08-14 11:35:12,paypal
PAY-ORD00000172,ORD00000172,wallet,approved,47740.77,2025-02-02 22:37:09,stripe
PAY-ORD00000173,ORD00000173,cash,pending,185979.54,2025-03-08 01:49:38,bank
PAY-ORD00000174,ORD00000174,paypal,approved,200764.78,2025-03-19 12:57:19,paypal
PAY-ORD00000175,ORD00000175,paypal,approved,153280.32,2025-03-26 04:47:18,bank
PAY-ORD00000176,ORD00000176,wallet,approved,15117.52,2026-01-16 13:00:50,paypal
PAY-ORD00000177,ORD00000177,cash,approved,153969.01,2026-01-19 08:30:24,stripe
PAY-ORD00000178,ORD00000178,card,refunded,73611.44,2025-07-03 02:49:59,mercadopago
PAY-ORD00000180,ORD00000180,paypal,approved,13278.54,2026-03-14 23:42:14,bank
PAY-ORD00000181,ORD00000181,paypal,approved,95674.38,2025-04-16 06:07:23,bank
PAY-ORD00000182,ORD00000182,card,declined,120979.08,2025-03-15 17:19:27,stripe
PAY-ORD00000183,ORD00000183,bank_transfer,approved,111537.62,2026-05-01 04:30:28,mercadopago
PAY-ORD00000184,ORD00000184,paypal,approved,84520.58,2026-02-10 18:46:34,stripe
PAY-ORD00000186,ORD00000186,bank_transfer,approved,189850.35,2026-03-12 05:15:43,paypal
PAY-ORD00000187,ORD00000187,wallet,approved,217431.85,2025-12-10 01:30:36,paypal
PAY-ORD00000188,ORD00000188,bank_transfer,approved,57436.01,2026-04-25 09:01:57,paypal
PAY-ORD00000189,ORD00000189,card,approved,14874.02,2026-04-01 08:11:38,bank
PAY-ORD00000190,ORD00000190,cash,refunded,195498.19,2026-05-18 18:44:12,stripe
PAY-ORD00000192,ORD00000192,bank_transfer,approved,78523.15,2025-11-23 00:23:59,bank
PAY-ORD00000193,ORD00000193,wallet,approved,47129.33,2026-02-27 17:57:04,mercadopago
PAY-ORD00000195,ORD00000195,wallet,approved,67004.07,2025-11-15 00:25:04,paypal
PAY-ORD00000196,ORD00000196,card,refunded,88946.06,2025-12-29 06:35:20,bank
PAY-ORD00000197,ORD00000197,paypal,approved,147844.67,2025-03-09 03:33:30,mercadopago
PAY-ORD00000198,ORD00000198,bank_transfer,approved,42519.73,2025-10-22 18:49:33,mercadopago
PAY-ORD00000199,ORD00000199,wallet,approved,168445.64,2025-05-18 16:30:30,paypal
PAY-ORD00000201,ORD00000201,paypal,approved,16544.03,2025-06-19 13:08:59,mercadopago
PAY-ORD00000202,ORD00000202,card,approved,312458.38,2025-10-17 06:21:12,paypal
PAY-ORD00000203,ORD00000203,paypal,approved,18447.65,2026-03-01 20:05:57,paypal
PAY-ORD00000204,ORD00000204,cash,declined,137818.6,2026-01-03 21:46:23,mercadopago
PAY-ORD00000205,ORD00000205,paypal,approved,115673.71,2025-07-29 06:21:09,stripe
PAY-ORD00000206,ORD00000206,card,refunded,184305.01,2025-08-29 06:21:35,mercadopago
PAY-ORD00000207,ORD00000207,paypal,approved,92405.27,2025-08-23 01:37:35,bank
PAY-ORD00000208,ORD00000208,card,approved,92575.04,2026-01-06 18:23:19,bank
PAY-ORD00000209,ORD00000209,cash,approved,30603.68,2025-12-27 02:04:03,bank
PAY-ORD00000210,ORD00000210,bank_transfer,approved,178303.85,2025-08-09 00:29:47,stripe
PAY-ORD00000211,ORD00000211,bank_transfer,approved,198563.63,2026-01-25 15:11:57,mercadopago
PAY-ORD00000212,ORD00000212,bank_transfer,approved,167096.64,2025-08-10 11:05:58,stripe
PAY-ORD00000213,ORD00000213,card,approved,84298.77,2025-05-06 01:04:27,stripe
PAY-ORD00000214,ORD00000214,paypal,approved,149061.88,2025-09-18 07:47:11,stripe
PAY-ORD00000215,ORD00000215,bank_transfer,approved,137496.8,2026-02-04 23:06:44,paypal
PAY-ORD00000216,ORD00000216,cash,approved,88728.9,2025-01-19 07:13:14,bank
PAY-ORD00000217,ORD00000217,paypal,approved,120086.98,2025-10-05 14:26:11,stripe
PAY-ORD00000218,ORD00000218,card,refunded,24957.41,2025-03-01 11:23:13,bank
PAY-ORD00000219,ORD00000219,bank_transfer,approved,79586.21,2026-05-10 15:14:49,bank
PAY-ORD00000220,ORD00000220,bank_transfer,approved,93402.47,2025-10-18 19:30:18,stripe
PAY-ORD00000221,ORD00000221,cash,approved,195709.38,2025-08-10 10:06:14,mercadopago
PAY-ORD00000222,ORD00000222,paypal,approved,262115.45,2025-09-10 06:06:50,bank
PAY-ORD00000223,ORD00000223,bank_transfer,approved,72638.3,2025-06-13 18:07:56,paypal
PAY-ORD00000224,ORD00000224,wallet,approved,36126.3,2026-03-13 01:34:12,paypal
PAY-ORD00000226,ORD00000226,wallet,refunded,32957.31,2025-11-04 11:13:32,bank
PAY-ORD00000227,ORD00000227,cash,pending,66618.36,2025-11-14 07:48:37,stripe
PAY-ORD00000228,ORD00000228,paypal,pending,84712.93,2025-11-10 22:03:17,bank
PAY-ORD00000229,ORD00000229,bank_transfer,approved,138362.32,2025-11-21 20:04:49,mercadopago
PAY-ORD00000230,ORD00000230,paypal,approved,2492.11,2026-03-19 04:53:08,stripe
PAY-ORD00000232,ORD00000232,wallet,approved,71364.98,2025-08-16 15:16:43,stripe
PAY-ORD00000233,ORD00000233,wallet,refunded,133628.24,2025-05-18 12:26:34,stripe
PAY-ORD00000234,ORD00000234,paypal,approved,133427.24,2025-04-04 23:39:02,bank
PAY-ORD00000235,ORD00000235,cash,approved,82941.83,2025-10-12 16:51:36,paypal
PAY-ORD00000236,ORD00000236,wallet,approved,138741.94,2025-09-24 01:32:54,paypal
PAY-ORD00000237,ORD00000237,cash,approved,164746.54,2025-10-09 19:24:11,stripe
PAY-ORD00000238,ORD00000238,paypal,approved,33186.39,2026-05-10 17:24:36,bank
PAY-ORD00000241,ORD00000241,wallet,approved,198963.39,2025-06-24 09:22:28,paypal
PAY-ORD00000242,ORD00000242,cash,approved,30526.64,2025-09-14 00:59:22,stripe
PAY-ORD00000244,ORD00000244,bank_transfer,approved,141012.07,2026-05-08 09:30:31,paypal
PAY-ORD00000245,ORD00000245,bank_transfer,approved,115891.89,2025-12-10 22:19:29,stripe
PAY-ORD00000246,ORD00000246,card,approved,134182.2,2025-09-13 07:24:56,stripe
PAY-ORD00000247,ORD00000247,wallet,approved,90453.96,2025-05-07 17:48:47,mercadopago
PAY-ORD00000248,ORD00000248,paypal,approved,115905.48,2026-02-16 23:42:49,paypal
PAY-ORD00000249,ORD00000249,card,approved,160816.86,2025-09-10 23:13:19,stripe
PAY-ORD00000250,ORD00000250,bank_transfer,refunded,145692.48,2025-08-28 07:30:03,paypal
PAY-ORD00000251,ORD00000251,bank_transfer,approved,79006.27,2025-08-18 03:08:44,paypal
PAY-ORD00000252,ORD00000252,cash,approved,21116.62,2026-04-25 18:58:30,mercadopago
PAY-ORD00000253,ORD00000253,bank_transfer,approved,140108.89,2025-08-06 18:12:12,stripe
PAY-ORD00000254,ORD00000254,paypal,approved,44557.94,2026-04-04 04:15:26,mercadopago
PAY-ORD00000255,ORD00000255,bank_transfer,approved,7629.66,2026-02-17 13:34:10,mercadopago
PAY-ORD00000256,ORD00000256,card,approved,79726.78,2025-06-16 20:27:04,stripe
PAY-ORD00000257,ORD00000257,card,approved,200723.06,2026-01-13 21:54:41,paypal
PAY-ORD00000258,ORD00000258,cash,approved,145733.44,2025-03-29 06:28:29,bank
PAY-ORD00000259,ORD00000259,bank_transfer,approved,96674.76,2026-02-14 23:07:04,bank
PAY-ORD00000260,ORD00000260,card,approved,126171.73,2026-03-31 00:34:01,bank
PAY-ORD00000261,ORD00000261,bank_transfer,approved,163636.84,2025-05-22 04:16:18,paypal
PAY-ORD00000263,ORD00000263,wallet,approved,117598.74,2025-05-17 01:05:26,paypal
PAY-ORD00000264,ORD00000264,card,approved,136079.02,2026-01-31 04:23:45,bank
PAY-ORD00000265,ORD00000265,paypal,approved,80279.02,2026-05-16 00:45:13,stripe
PAY-ORD00000266,ORD00000266,card,approved,35966.48,2025-12-31 22:46:36,bank
PAY-ORD00000267,ORD00000267,cash,approved,85689.84,2025-05-03 09:39:24,paypal
PAY-ORD00000268,ORD00000268,wallet,approved,79796.03,2026-01-22 12:07:17,stripe
PAY-ORD00000269,ORD00000269,paypal,approved,176498.82,2026-02-24 01:42:29,bank
PAY-ORD00000270,ORD00000270,paypal,approved,138307.77,2025-08-31 00:52:32,stripe
PAY-ORD00000271,ORD00000271,bank_transfer,approved,11740.2,2025-06-20 09:00:20,stripe
PAY-ORD00000272,ORD00000272,wallet,approved,141832.49,2025-06-25 19:44:35,paypal
PAY-ORD00000274,ORD00000274,cash,refunded,132353.74,2025-01-10 03:45:13,stripe
PAY-ORD00000275,ORD00000275,card,pending,163352.48,2025-05-25 17:54:43,bank
PAY-ORD00000276,ORD00000276,paypal,approved,55281.34,2025-12-22 10:43:38,bank
PAY-ORD00000277,ORD00000277,card,approved,14242.45,2025-12-05 20:49:17,bank
PAY-ORD00000278,ORD00000278,wallet,approved,18363.09,2025-06-22 09:13:57,stripe
PAY-ORD00000279,ORD00000279,wallet,approved,45436.21,2025-05-10 13:04:35,bank
PAY-ORD00000281,ORD00000281,cash,approved,23374.88,2026-04-22 05:29:03,stripe
PAY-ORD00000282,ORD00000282,cash,approved,103611.2,2025-07-08 09:31:20,stripe
PAY-ORD00000283,ORD00000283,card,approved,75609.78,2025-08-03 13:14:27,paypal
PAY-ORD00000284,ORD00000284,card,approved,169701.78,2025-06-30 08:24:14,mercadopago
PAY-ORD00000285,ORD00000285,cash,declined,119614.86,2026-03-31 12:00:27,bank
PAY-ORD00000286,ORD00000286,card,approved,63813.71,2026-05-11 16:40:55,mercadopago
PAY-ORD00000287,ORD00000287,card,approved,174733.01,2026-01-13 05:02:05,bank
PAY-ORD00000288,ORD00000288,wallet,pending,138516.88,2026-03-24 03:16:15,mercadopago
PAY-ORD00000290,ORD00000290,wallet,pending,53161.28,2025-07-16 22:12:51,paypal
PAY-ORD00000291,ORD00000291,wallet,approved,38349.33,2025-09-28 20:57:25,stripe
PAY-ORD00000292,ORD00000292,wallet,approved,196054.19,2026-05-12 19:42:39,bank
PAY-ORD00000294,ORD00000294,bank_transfer,approved,60992.35,2025-10-27 06:36:49,mercadopago
PAY-ORD00000295,ORD00000295,wallet,approved,28745.75,2025-06-24 10:30:52,paypal
PAY-ORD00000297,ORD00000297,card,approved,94914.68,2025-12-02 03:07:19,paypal
PAY-ORD00000298,ORD00000298,paypal,approved,140318.2,2026-01-30 06:04:30,mercadopago
PAY-ORD00000300,ORD00000300,wallet,approved,35648.32,2025-04-14 14:48:02,paypal
PAY-ORD00000301,ORD00000301,bank_transfer,approved,77126.43,2026-02-24 04:30:29,mercadopago
PAY-ORD00000302,ORD00000302,wallet,approved,140708.96,2025-01-23 22:10:16,bank
PAY-ORD00000303,ORD00000303,wallet,approved,204400.68,2025-10-04 00:28:19,stripe
PAY-ORD00000305,ORD00000305,wallet,refunded,66497.5,2025-05-22 07:04:59,bank
PAY-ORD00000306,ORD00000306,bank_transfer,approved,86587.67,2025-04-04 12:27:20,mercadopago
PAY-ORD00000309,ORD00000309,wallet,approved,156173.55,2025-06-03 21:31:41,bank
PAY-ORD00000310,ORD00000310,bank_transfer,approved,25190.13,2025-08-12 05:27:58,bank
PAY-ORD00000311,ORD00000311,wallet,approved,50940.62,2026-02-26 17:14:01,mercadopago
PAY-ORD00000312,ORD00000312,wallet,approved,10737.79,2025-10-16 02:18:32,stripe
PAY-ORD00000313,ORD00000313,wallet,approved,151372.77,2025-02-26 19:16:16,bank
PAY-ORD00000315,ORD00000315,paypal,approved,52076.43,2025-07-31 19:46:38,bank
PAY-ORD00000316,ORD00000316,cash,pending,174276.48,2025-07-16 23:50:36,mercadopago
PAY-ORD00000317,ORD00000317,bank_transfer,approved,205351.54,2025-07-19 07:44:27,bank
PAY-ORD00000318,ORD00000318,paypal,pending,30445.33,2026-01-08 01:02:52,stripe
PAY-ORD00000319,ORD00000319,card,approved,39786.45,2025-04-21 21:44:54,stripe
PAY-ORD00000321,ORD00000321,card,approved,55288.37,2025-02-19 13:17:37,paypal
PAY-ORD00000322,ORD00000322,bank_transfer,refunded,93893.55,2025-05-06 05:55:03,stripe
PAY-ORD00000323,ORD00000323,card,approved,23531.89,2025-01-30 23:33:15,stripe
PAY-ORD00000324,ORD00000324,wallet,approved,28172.94,2026-03-17 10:22:11,mercadopago
PAY-ORD00000325,ORD00000325,bank_transfer,approved,130488.74,2026-04-24 14:42:14,stripe
PAY-ORD00000326,ORD00000326,wallet,approved,97012.1,2025-12-19 22:19:02,paypal
PAY-ORD00000328,ORD00000328,cash,approved,202097.58,2025-09-20 10:41:23,bank
PAY-ORD00000329,ORD00000329,wallet,approved,142626.31,2025-04-20 19:39:35,bank
PAY-ORD00000330,ORD00000330,card,approved,81632.06,2025-10-27 22:32:53,bank
PAY-ORD00000333,ORD00000333,bank_transfer,approved,25736.55,2025-06-15 10:59:43,stripe
PAY-ORD00000334,ORD00000334,wallet,approved,14251.41,2025-05-17 06:17:00,bank
PAY-ORD00000336,ORD00000336,wallet,approved,49925.99,2026-01-06 12:48:18,bank
PAY-ORD00000337,ORD00000337,card,approved,200794.44,2025-01-16 10:35:18,stripe
PAY-ORD00000338,ORD00000338,paypal,refunded,238763.82,2025-10-03 14:54:29,stripe
PAY-ORD00000339,ORD00000339,bank_transfer,approved,143273.76,2025-08-27 07:28:41,paypal
PAY-ORD00000340,ORD00000340,cash,approved,187183.96,2025-10-23 19:19:26,paypal
PAY-ORD00000341,ORD00000341,bank_transfer,approved,115644.68,2025-07-23 06:12:09,paypal
PAY-ORD00000342,ORD00000342,paypal,approved,62468.99,2025-02-20 12:38:36,stripe
PAY-ORD00000343,ORD00000343,wallet,pending,29699.54,2026-05-02 08:11:29,bank
PAY-ORD00000344,ORD00000344,card,approved,39106.22,2025-07-01 01:45:48,paypal
PAY-ORD00000345,ORD00000345,cash,declined,66984.78,2025-06-03 06:02:02,paypal
PAY-ORD00000346,ORD00000346,card,approved,87539.61,2025-02-28 21:24:13,stripe
PAY-ORD00000347,ORD00000347,paypal,approved,78047.64,2025-07-07 02:23:27,stripe
PAY-ORD00000348,ORD00000348,wallet,declined,37093.74,2025-01-10 10:19:35,paypal
PAY-ORD00000349,ORD00000349,bank_transfer,approved,109855.62,2025-07-23 23:01:09,mercadopago
PAY-ORD00000350,ORD00000350,card,approved,191438.62,2026-04-02 06:37:39,mercadopago
PAY-ORD00000353,ORD00000353,bank_transfer,approved,10851.38,2025-12-03 07:19:30,mercadopago
PAY-ORD00000354,ORD00000354,wallet,approved,265938.26,2025-07-02 17:25:31,paypal
PAY-ORD00000355,ORD00000355,bank_transfer,approved,96191.61,2025-08-08 00:35:35,paypal
PAY-ORD00000357,ORD00000357,wallet,pending,120012.82,2025-07-13 14:01:35,bank
PAY-ORD00000358,ORD00000358,bank_transfer,approved,26808.67,2025-12-16 06:49:22,stripe
PAY-ORD00000359,ORD00000359,bank_transfer,approved,117480.96,2025-10-04 19:11:01,bank
PAY-ORD00000360,ORD00000360,cash,approved,53953.77,2026-01-27 15:28:01,stripe
PAY-ORD00000361,ORD00000361,cash,approved,204312.17,2025-12-13 23:33:49,stripe
PAY-ORD00000362,ORD00000362,cash,approved,66331.68,2025-09-11 15:09:36,bank
PAY-ORD00000363,ORD00000363,bank_transfer,approved,95362.53,2026-05-15 22:12:52,paypal
PAY-ORD00000364,ORD00000364,paypal,approved,98178.22,2025-03-05 01:13:29,paypal
PAY-ORD00000365,ORD00000365,cash,approved,48063.07,2025-05-01 12:03:40,paypal
PAY-ORD00000366,ORD00000366,wallet,approved,91392.71,2025-07-05 21:13:47,stripe
PAY-ORD00000367,ORD00000367,wallet,approved,168776.61,2025-08-14 01:37:11,mercadopago
PAY-ORD00000368,ORD00000368,wallet,refunded,49937.39,2025-06-15 09:19:32,mercadopago
PAY-ORD00000369,ORD00000369,card,approved,82704.63,2025-10-29 20:10:10,mercadopago
PAY-ORD00000371,ORD00000371,cash,approved,82027.28,2025-02-12 06:10:04,mercadopago
PAY-ORD00000372,ORD00000372,wallet,approved,93738.86,2025-09-17 11:20:38,mercadopago
PAY-ORD00000373,ORD00000373,bank_transfer,approved,17618.56,2026-04-27 00:15:18,stripe
PAY-ORD00000374,ORD00000374,cash,approved,31575.91,2025-05-04 22:01:24,paypal
PAY-ORD00000375,ORD00000375,card,approved,25005.86,2025-04-21 05:59:12,paypal
PAY-ORD00000376,ORD00000376,cash,approved,74745.89,2026-03-27 08:16:36,bank
PAY-ORD00000377,ORD00000377,paypal,refunded,155449.89,2025-01-29 22:04:03,stripe
PAY-ORD00000378,ORD00000378,card,approved,199126.41,2025-05-27 04:52:31,paypal
PAY-ORD00000379,ORD00000379,wallet,declined,249274.42,2025-10-16 09:58:00,paypal
PAY-ORD00000380,ORD00000380,cash,approved,137843.0,2025-12-02 11:15:57,bank
PAY-ORD00000381,ORD00000381,card,approved,57543.59,2026-02-24 15:48:49,stripe
PAY-ORD00000382,ORD00000382,cash,pending,59054.94,2025-03-22 15:46:27,stripe
PAY-ORD00000383,ORD00000383,paypal,approved,136297.31,2025-11-02 04:29:03,paypal
PAY-ORD00000384,ORD00000384,bank_transfer,approved,145209.02,2025-02-26 04:44:47,stripe
PAY-ORD00000385,ORD00000385,card,approved,46520.18,2025-05-25 07:01:43,bank
PAY-ORD00000387,ORD00000387,wallet,approved,84759.51,2025-07-18 18:07:31,paypal
PAY-ORD00000388,ORD00000388,bank_transfer,approved,2363.64,2025-03-13 13:07:53,stripe
PAY-ORD00000389,ORD00000389,card,approved,188816.05,2025-01-27 17:49:02,bank
PAY-ORD00000390,ORD00000390,cash,approved,87010.0,2025-02-07 20:23:40,bank
PAY-ORD00000391,ORD00000391,paypal,approved,86970.07,2025-02-01 01:49:59,bank
PAY-ORD00000393,ORD00000393,cash,approved,86132.23,2025-05-08 19:20:30,stripe
PAY-ORD00000394,ORD00000394,wallet,approved,117951.38,2025-12-05 22:55:21,bank
PAY-ORD00000395,ORD00000395,cash,approved,186277.62,2025-12-13 14:04:46,mercadopago
PAY-ORD00000396,ORD00000396,cash,approved,57077.52,2025-02-16 18:18:08,bank
PAY-ORD00000397,ORD00000397,wallet,approved,80290.8,2025-04-17 13:22:01,stripe
PAY-ORD00000398,ORD00000398,cash,approved,173042.46,2025-05-15 00:00:14,mercadopago
PAY-ORD00000400,ORD00000400,cash,approved,133908.85,2025-11-12 21:04:09,stripe
PAY-ORD00000401,ORD00000401,wallet,approved,52435.85,2026-03-13 09:42:54,paypal
PAY-ORD00000402,ORD00000402,bank_transfer,refunded,43904.35,2026-02-20 19:00:47,paypal
PAY-ORD00000403,ORD00000403,cash,approved,66596.62,2026-02-06 17:19:00,mercadopago
PAY-ORD00000405,ORD00000405,paypal,approved,140891.62,2025-10-08 19:39:17,stripe
PAY-ORD00000408,ORD00000408,bank_transfer,approved,93968.82,2025-04-19 14:07:24,stripe
PAY-ORD00000410,ORD00000410,cash,refunded,94836.44,2025-05-14 13:19:23,paypal
PAY-ORD00000411,ORD00000411,bank_transfer,approved,16366.48,2025-06-21 05:09:55,bank
PAY-ORD00000412,ORD00000412,cash,approved,82309.51,2025-06-15 19:21:13,stripe
PAY-ORD00000413,ORD00000413,cash,approved,176763.4,2025-01-18 22:50:48,stripe
PAY-ORD00000414,ORD00000414,cash,approved,23036.4,2026-04-17 06:24:05,stripe
PAY-ORD00000415,ORD00000415,card,declined,94264.56,2025-08-02 01:51:22,bank
PAY-ORD00000416,ORD00000416,card,approved,208551.36,2025-10-30 03:45:35,mercadopago
PAY-ORD00000418,ORD00000418,card,refunded,311424.75,2025-03-13 18:29:40,stripe
PAY-ORD00000419,ORD00000419,wallet,approved,223304.31,2025-03-13 19:54:20,mercadopago
PAY-ORD00000420,ORD00000420,card,approved,67121.57,2026-03-06 20:51:39,bank
PAY-ORD00000422,ORD00000422,bank_transfer,approved,178393.15,2025-07-12 19:47:33,bank
PAY-ORD00000424,ORD00000424,bank_transfer,approved,118570.63,2025-03-31 18:22:02,bank
PAY-ORD00000425,ORD00000425,cash,approved,135552.68,2025-08-23 14:40:07,mercadopago
PAY-ORD00000426,ORD00000426,cash,refunded,88070.19,2025-06-09 02:11:35,mercadopago
PAY-ORD00000427,ORD00000427,paypal,approved,133197.75,2025-10-03 17:03:25,bank
PAY-ORD00000429,ORD00000429,cash,approved,96409.77,2025-01-29 05:07:42,bank
PAY-ORD00000430,ORD00000430,cash,approved,132046.31,2025-02-04 05:35:10,bank
PAY-ORD00000431,ORD00000431,cash,approved,4636.44,2025-01-01 11:47:09,stripe
PAY-ORD00000432,ORD00000432,wallet,approved,234199.23,2025-03-30 20:11:56,bank
PAY-ORD00000433,ORD00000433,paypal,approved,143610.34,2025-12-04 03:13:08,mercadopago
PAY-ORD00000434,ORD00000434,wallet,approved,126993.94,2025-07-13 05:11:45,bank
PAY-ORD00000435,ORD00000435,paypal,approved,98038.41,2025-07-08 11:20:09,stripe
PAY-ORD00000436,ORD00000436,bank_transfer,approved,145436.21,2025-07-03 04:48:12,paypal
PAY-ORD00000437,ORD00000437,wallet,approved,84019.47,2025-03-05 19:09:33,mercadopago
PAY-ORD00000438,ORD00000438,wallet,pending,60551.1,2025-01-02 17:46:33,bank
PAY-ORD00000440,ORD00000440,wallet,approved,112768.68,2025-07-27 17:46:52,bank
PAY-ORD00000441,ORD00000441,bank_transfer,approved,295549.67,2025-09-21 01:35:07,mercadopago
PAY-ORD00000443,ORD00000443,wallet,approved,61663.97,2025-04-27 00:14:13,stripe
PAY-ORD00000444,ORD00000444,wallet,approved,151233.05,2026-01-03 16:30:52,paypal
PAY-ORD00000445,ORD00000445,paypal,approved,54897.51,2025-11-05 18:09:37,stripe
PAY-ORD00000447,ORD00000447,cash,approved,90805.49,2025-09-24 12:07:36,stripe
PAY-ORD00000451,ORD00000451,cash,approved,116556.49,2025-06-15 18:23:08,stripe
PAY-ORD00000452,ORD00000452,cash,approved,43753.16,2025-07-20 14:19:13,stripe
PAY-ORD00000453,ORD00000453,bank_transfer,approved,18801.12,2026-03-03 06:27:56,mercadopago
PAY-ORD00000454,ORD00000454,paypal,approved,163763.46,2025-05-20 01:16:05,stripe
PAY-ORD00000455,ORD00000455,wallet,pending,38964.22,2025-05-18 02:49:25,mercadopago
PAY-ORD00000456,ORD00000456,card,approved,264627.88,2025-05-05 15:44:03,stripe
PAY-ORD00000457,ORD00000457,card,approved,93385.87,2026-01-20 01:28:16,paypal
PAY-ORD00000458,ORD00000458,bank_transfer,refunded,172875.88,2025-01-06 19:11:02,stripe
PAY-ORD00000459,ORD00000459,cash,approved,129122.37,2025-07-11 04:20:22,bank
PAY-ORD00000460,ORD00000460,wallet,approved,121836.76,2025-10-10 16:03:54,paypal
PAY-ORD00000461,ORD00000461,cash,declined,69991.71,2025-03-30 02:08:52,paypal
PAY-ORD00000463,ORD00000463,wallet,refunded,46851.82,2025-02-01 19:20:02,mercadopago
PAY-ORD00000464,ORD00000464,paypal,approved,144615.39,2025-03-25 01:53:29,stripe
PAY-ORD00000465,ORD00000465,wallet,approved,81075.83,2025-01-05 04:30:50,mercadopago
PAY-ORD00000466,ORD00000466,wallet,approved,136709.12,2025-08-16 09:44:27,bank
PAY-ORD00000467,ORD00000467,card,approved,61590.12,2025-03-31 03:59:55,stripe
PAY-ORD00000468,ORD00000468,card,approved,82060.07,2025-06-29 09:20:40,mercadopago
PAY-ORD00000470,ORD00000470,paypal,approved,102457.42,2026-05-19 09:39:43,stripe
PAY-ORD00000471,ORD00000471,cash,approved,110222.61,2025-10-02 09:17:07,stripe
PAY-ORD00000472,ORD00000472,paypal,declined,26026.88,2025-05-04 05:42:48,paypal
PAY-ORD00000473,ORD00000473,cash,approved,28652.68,2025-04-20 07:06:53,stripe
PAY-ORD00000474,ORD00000474,bank_transfer,approved,10009.79,2026-05-16 12:41:26,stripe
PAY-ORD00000475,ORD00000475,wallet,approved,111472.53,2025-01-14 08:55:13,mercadopago
PAY-ORD00000476,ORD00000476,card,approved,85147.15,2025-01-16 20:05:40,stripe
PAY-ORD00000478,ORD00000478,bank_transfer,approved,136967.06,2025-05-31 09:32:38,stripe
PAY-ORD00000479,ORD00000479,bank_transfer,approved,129769.2,2025-07-10 06:58:11,mercadopago
PAY-ORD00000481,ORD00000481,bank_transfer,declined,48681.17,2025-12-09 18:23:38,mercadopago
PAY-ORD00000482,ORD00000482,card,approved,125206.17,2025-08-06 22:25:16,bank
PAY-ORD00000483,ORD00000483,card,pending,38980.02,2025-06-18 02:26:56,stripe
PAY-ORD00000484,ORD00000484,wallet,approved,22330.7,2026-03-09 03:23:19,mercadopago
PAY-ORD00000485,ORD00000485,paypal,approved,11889.96,2025-05-02 23:06:15,paypal
PAY-ORD00000486,ORD00000486,cash,pending,108419.92,2025-12-25 01:06:43,paypal
PAY-ORD00000488,ORD00000488,paypal,approved,105822.91,2025-12-04 16:32:31,stripe
PAY-ORD00000489,ORD00000489,bank_transfer,refunded,188897.81,2025-08-05 20:41:23,bank
PAY-ORD00000490,ORD00000490,paypal,approved,141621.97,2026-01-08 10:39:13,bank
PAY-ORD00000491,ORD00000491,paypal,approved,55665.51,2025-07-22 20:42:21,paypal
PAY-ORD00000492,ORD00000492,cash,approved,11003.24,2025-04-25 23:00:21,mercadopago
PAY-ORD00000493,ORD00000493,paypal,approved,51113.72,2025-08-03 16:55:55,mercadopago
PAY-ORD00000494,ORD00000494,card,approved,15397.87,2025-05-29 00:23:25,paypal
PAY-ORD00000495,ORD00000495,bank_transfer,approved,22331.83,2025-10-02 11:33:32,paypal
PAY-ORD00000496,ORD00000496,paypal,approved,175987.55,2026-02-28 22:57:15,paypal
PAY-ORD00000498,ORD00000498,cash,approved,115692.09,2025-03-11 00:36:28,stripe
PAY-ORD00000499,ORD00000499,bank_transfer,approved,152722.14,2025-10-19 14:43:29,mercadopago
PAY-ORD00000501,ORD00000501,bank_transfer,approved,76851.8,2025-05-26 20:20:00,bank
PAY-ORD00000502,ORD00000502,wallet,approved,81071.46,2025-11-07 20:28:51,paypal
PAY-ORD00000503,ORD00000503,wallet,approved,127250.76,2025-12-01 19:34:14,paypal
PAY-ORD00000504,ORD00000504,bank_transfer,approved,31795.46,2025-02-02 22:13:13,stripe
PAY-ORD00000505,ORD00000505,cash,approved,53528.04,2026-01-01 00:19:15,bank
PAY-ORD00000506,ORD00000506,card,approved,52996.92,2026-04-19 22:31:58,mercadopago
PAY-ORD00000507,ORD00000507,paypal,approved,56549.54,2025-07-05 15:03:24,bank
PAY-ORD00000508,ORD00000508,bank_transfer,pending,23414.97,2025-06-22 10:15:15,stripe
PAY-ORD00000509,ORD00000509,bank_transfer,approved,770.13,2025-12-29 08:11:30,bank
PAY-ORD00000510,ORD00000510,wallet,approved,185725.75,2026-05-06 00:58:10,mercadopago
PAY-ORD00000511,ORD00000511,paypal,approved,96504.31,2025-10-30 13:50:10,paypal
PAY-ORD00000512,ORD00000512,bank_transfer,approved,71142.86,2026-05-10 18:48:08,mercadopago
PAY-ORD00000513,ORD00000513,bank_transfer,approved,257858.53,2025-02-15 01:33:26,bank
PAY-ORD00000514,ORD00000514,card,approved,49738.88,2025-06-01 06:55:53,mercadopago
PAY-ORD00000515,ORD00000515,wallet,declined,10380.98,2025-03-01 16:53:24,paypal
PAY-ORD00000516,ORD00000516,cash,approved,41381.24,2025-10-13 01:23:04,paypal
PAY-ORD00000518,ORD00000518,wallet,approved,152696.1,2025-01-22 06:58:26,bank
PAY-ORD00000519,ORD00000519,card,approved,120011.71,2026-03-21 07:45:35,mercadopago
PAY-ORD00000520,ORD00000520,card,approved,130935.43,2025-08-20 21:26:46,bank
PAY-ORD00000521,ORD00000521,card,approved,326102.42,2025-10-14 02:39:37,mercadopago
PAY-ORD00000522,ORD00000522,wallet,approved,236974.8,2026-03-06 08:27:53,bank
PAY-ORD00000523,ORD00000523,paypal,approved,42856.6,2026-04-26 15:18:45,bank
PAY-ORD00000524,ORD00000524,paypal,approved,2057.79,2026-03-15 02:05:24,mercadopago
PAY-ORD00000525,ORD00000525,cash,refunded,145179.37,2026-05-13 07:22:43,mercadopago
PAY-ORD00000526,ORD00000526,card,approved,147586.01,2025-01-14 17:43:36,paypal
PAY-ORD00000527,ORD00000527,cash,pending,119906.57,2026-04-04 17:29:38,paypal
PAY-ORD00000528,ORD00000528,cash,approved,98131.69,2025-03-18 11:09:52,bank
PAY-ORD00000529,ORD00000529,wallet,approved,216760.69,2026-02-25 15:25:48,paypal
PAY-ORD00000530,ORD00000530,card,approved,40960.37,2026-01-27 12:20:51,bank
PAY-ORD00000531,ORD00000531,card,approved,31126.93,2025-02-21 11:15:32,mercadopago
PAY-ORD00000532,ORD00000532,cash,approved,25790.27,2025-02-12 06:06:50,bank
PAY-ORD00000533,ORD00000533,bank_transfer,approved,78798.96,2025-06-21 07:01:07,bank
PAY-ORD00000534,ORD00000534,paypal,approved,163282.45,2025-11-16 21:06:22,paypal
PAY-ORD00000535,ORD00000535,wallet,approved,36479.5,2026-02-19 12:33:56,paypal
PAY-ORD00000536,ORD00000536,bank_transfer,approved,142765.74,2025-06-07 09:48:02,stripe
PAY-ORD00000537,ORD00000537,card,approved,182509.68,2025-03-29 13:36:22,mercadopago
PAY-ORD00000538,ORD00000538,bank_transfer,approved,56410.57,2025-08-19 15:04:49,bank
PAY-ORD00000539,ORD00000539,wallet,approved,114676.01,2025-07-14 10:39:07,paypal
PAY-ORD00000540,ORD00000540,card,approved,112634.52,2025-05-22 19:28:00,bank
PAY-ORD00000542,ORD00000542,cash,approved,112978.09,2025-09-21 00:21:42,mercadopago
PAY-ORD00000543,ORD00000543,bank_transfer,approved,28909.85,2026-02-07 16:32:25,paypal
PAY-ORD00000544,ORD00000544,bank_transfer,declined,51808.88,2026-05-04 20:36:14,stripe
PAY-ORD00000545,ORD00000545,wallet,approved,67449.04,2025-07-25 21:33:15,paypal
PAY-ORD00000546,ORD00000546,wallet,declined,171837.7,2026-04-07 15:22:11,bank
PAY-ORD00000547,ORD00000547,cash,approved,48656.92,2026-01-30 02:15:55,paypal
PAY-ORD00000548,ORD00000548,bank_transfer,approved,138071.48,2025-12-18 03:17:56,stripe
PAY-ORD00000549,ORD00000549,wallet,approved,213979.03,2026-04-24 06:25:47,bank
PAY-ORD00000550,ORD00000550,cash,approved,64452.33,2026-01-22 08:50:57,mercadopago
PAY-ORD00000551,ORD00000551,bank_transfer,approved,85356.66,2025-01-01 12:24:11,mercadopago
PAY-ORD00000552,ORD00000552,wallet,approved,139288.7,2026-04-27 07:20:49,stripe
PAY-ORD00000553,ORD00000553,bank_transfer,declined,154742.2,2025-11-02 13:02:57,paypal
PAY-ORD00000555,ORD00000555,card,approved,183898.67,2025-10-30 08:53:44,paypal
PAY-ORD00000556,ORD00000556,wallet,approved,164463.78,2025-07-24 07:27:01,bank
PAY-ORD00000557,ORD00000557,cash,approved,41800.18,2026-01-09 20:37:29,bank
PAY-ORD00000558,ORD00000558,bank_transfer,approved,25405.55,2025-06-13 09:22:54,paypal
PAY-ORD00000559,ORD00000559,bank_transfer,approved,75053.34,2025-06-07 05:59:34,mercadopago
PAY-ORD00000561,ORD00000561,bank_transfer,approved,48276.37,2025-02-16 17:57:03,bank
PAY-ORD00000564,ORD00000564,paypal,approved,153846.23,2025-09-04 12:05:33,mercadopago
PAY-ORD00000565,ORD00000565,card,approved,92644.69,2025-10-17 10:07:13,bank
PAY-ORD00000566,ORD00000566,card,approved,28855.69,2026-03-08 13:31:44,stripe
PAY-ORD00000567,ORD00000567,wallet,approved,125695.44,2026-04-01 15:26:46,paypal
PAY-ORD00000568,ORD00000568,bank_transfer,declined,61367.87,2026-02-05 06:36:58,bank
PAY-ORD00000569,ORD00000569,paypal,approved,66557.73,2025-05-28 21:58:19,mercadopago
PAY-ORD00000571,ORD00000571,wallet,declined,189970.74,2025-09-30 00:27:28,bank
PAY-ORD00000572,ORD00000572,cash,approved,245574.99,2025-04-21 16:49:53,stripe
PAY-ORD00000573,ORD00000573,cash,approved,6672.6,2025-12-22 04:16:20,mercadopago
PAY-ORD00000574,ORD00000574,bank_transfer,approved,126093.24,2025-05-01 14:27:55,paypal
PAY-ORD00000575,ORD00000575,cash,approved,58614.52,2025-05-10 09:35:29,stripe
PAY-ORD00000576,ORD00000576,bank_transfer,approved,59309.36,2025-05-06 14:27:41,stripe
PAY-ORD00000577,ORD00000577,cash,approved,169008.94,2026-04-14 22:24:28,stripe
PAY-ORD00000578,ORD00000578,paypal,approved,64789.02,2026-01-16 22:47:01,paypal
PAY-ORD00000579,ORD00000579,wallet,approved,61552.76,2025-05-27 09:53:05,bank
PAY-ORD00000580,ORD00000580,wallet,approved,56015.72,2025-06-13 15:08:09,paypal
PAY-ORD00000581,ORD00000581,bank_transfer,approved,158024.7,2025-10-29 06:59:07,paypal
PAY-ORD00000582,ORD00000582,wallet,approved,79687.73,2025-03-13 21:23:36,mercadopago
PAY-ORD00000583,ORD00000583,paypal,approved,26025.17,2026-04-18 20:24:17,bank
PAY-ORD00000584,ORD00000584,wallet,approved,21107.91,2025-12-24 15:31:53,paypal
PAY-ORD00000585,ORD00000585,cash,approved,90436.48,2025-03-23 07:20:27,stripe
PAY-ORD00000587,ORD00000587,card,approved,59347.82,2025-01-11 13:40:47,bank
PAY-ORD00000588,ORD00000588,bank_transfer,approved,92785.4,2025-01-07 22:16:56,bank
PAY-ORD00000589,ORD00000589,wallet,approved,33903.05,2025-02-21 08:00:24,paypal
PAY-ORD00000590,ORD00000590,cash,approved,295356.39,2025-03-17 15:08:38,bank
PAY-ORD00000592,ORD00000592,wallet,approved,63957.65,2025-06-29 07:37:01,paypal
PAY-ORD00000593,ORD00000593,wallet,approved,53519.76,2025-06-27 09:50:46,bank
PAY-ORD00000594,ORD00000594,bank_transfer,refunded,243123.86,2025-02-15 13:19:26,bank
PAY-ORD00000595,ORD00000595,bank_transfer,approved,30749.48,2025-07-11 05:43:26,stripe
PAY-ORD00000596,ORD00000596,paypal,pending,18519.33,2025-02-04 08:48:24,mercadopago
PAY-ORD00000597,ORD00000597,card,approved,154123.69,2026-03-07 08:16:18,bank
PAY-ORD00000598,ORD00000598,cash,approved,27506.15,2025-04-26 01:32:59,stripe
PAY-ORD00000599,ORD00000599,card,approved,23213.77,2025-02-03 02:13:13,mercadopago
PAY-ORD00000600,ORD00000600,bank_transfer,approved,107752.59,2025-02-07 06:44:35,bank
PAY-ORD00000601,ORD00000601,cash,approved,242755.63,2026-03-16 01:39:33,stripe
PAY-ORD00000602,ORD00000602,paypal,approved,142207.43,2025-01-05 06:17:22,bank
PAY-ORD00000603,ORD00000603,cash,approved,33040.56,2025-03-03 07:44:31,stripe
PAY-ORD00000604,ORD00000604,cash,approved,135335.6,2025-02-14 20:31:07,bank
PAY-ORD00000606,ORD00000606,bank_transfer,approved,112658.7,2026-05-06 06:58:57,mercadopago
PAY-ORD00000607,ORD00000607,card,approved,163262.82,2026-05-19 11:12:50,mercadopago
PAY-ORD00000608,ORD00000608,wallet,pending,161145.81,2025-08-11 19:07:13,bank
PAY-ORD00000609,ORD00000609,paypal,approved,104473.53,2025-01-12 13:13:28,stripe
PAY-ORD00000610,ORD00000610,paypal,approved,3259.34,2025-03-11 05:47:20,stripe
PAY-ORD00000611,ORD00000611,cash,approved,171138.79,2025-10-15 01:17:09,paypal
PAY-ORD00000612,ORD00000612,paypal,approved,95480.77,2025-04-04 09:53:23,paypal
PAY-ORD00000613,ORD00000613,wallet,approved,109718.44,2025-02-06 09:15:53,bank
PAY-ORD00000614,ORD00000614,cash,approved,154301.85,2025-05-03 14:28:57,paypal
PAY-ORD00000615,ORD00000615,card,approved,10614.16,2026-04-03 09:04:16,mercadopago
PAY-ORD00000617,ORD00000617,cash,approved,247055.71,2026-05-12 23:11:53,bank
PAY-ORD00000618,ORD00000618,cash,approved,35443.61,2025-10-27 21:42:13,stripe
PAY-ORD00000619,ORD00000619,paypal,approved,77316.0,2026-02-20 07:49:40,bank
PAY-ORD00000620,ORD00000620,cash,approved,49250.69,2025-03-29 21:14:11,stripe
PAY-ORD00000621,ORD00000621,paypal,approved,28523.29,2025-01-01 09:41:42,mercadopago
PAY-ORD00000624,ORD00000624,cash,approved,136136.14,2025-07-30 22:54:02,mercadopago
PAY-ORD00000625,ORD00000625,paypal,approved,152047.38,2026-04-25 16:51:39,stripe
PAY-ORD00000626,ORD00000626,paypal,approved,43257.6,2025-08-31 17:46:54,stripe
PAY-ORD00000627,ORD00000627,paypal,approved,56882.17,2025-03-28 00:18:26,stripe
PAY-ORD00000628,ORD00000628,paypal,approved,13001.05,2025-03-30 04:55:54,stripe
PAY-ORD00000629,ORD00000629,wallet,approved,74504.97,2025-11-24 08:11:50,mercadopago
PAY-ORD00000630,ORD00000630,cash,approved,155335.09,2025-08-21 03:21:15,bank
PAY-ORD00000632,ORD00000632,wallet,approved,205637.91,2025-06-21 11:32:19,paypal
PAY-ORD00000633,ORD00000633,cash,approved,43516.86,2026-04-14 23:20:36,mercadopago
PAY-ORD00000634,ORD00000634,bank_transfer,approved,165367.34,2025-04-29 07:35:24,mercadopago
PAY-ORD00000635,ORD00000635,bank_transfer,approved,6860.46,2025-05-18 10:24:09,bank
PAY-ORD00000636,ORD00000636,cash,approved,156520.89,2025-01-05 18:53:18,paypal
PAY-ORD00000637,ORD00000637,bank_transfer,approved,59578.56,2025-04-15 19:01:17,bank
PAY-ORD00000638,ORD00000638,paypal,approved,165393.74,2025-12-01 03:15:29,stripe
PAY-ORD00000640,ORD00000640,wallet,approved,42218.27,2025-06-02 21:13:30,mercadopago
PAY-ORD00000641,ORD00000641,bank_transfer,refunded,75529.67,2026-02-22 09:21:51,mercadopago
PAY-ORD00000642,ORD00000642,paypal,approved,112361.37,2026-03-08 04:25:21,stripe
PAY-ORD00000643,ORD00000643,card,approved,145723.75,2025-02-02 11:17:30,stripe
PAY-ORD00000645,ORD00000645,paypal,approved,72066.87,2025-02-22 02:35:27,bank
PAY-ORD00000646,ORD00000646,cash,declined,68469.62,2025-10-08 22:50:16,mercadopago
PAY-ORD00000647,ORD00000647,cash,approved,162442.11,2026-02-03 03:10:58,mercadopago
PAY-ORD00000648,ORD00000648,bank_transfer,approved,79172.49,2025-07-17 06:17:47,stripe
PAY-ORD00000650,ORD00000650,wallet,approved,84998.26,2025-06-13 05:10:58,stripe
PAY-ORD00000651,ORD00000651,paypal,approved,107369.53,2025-10-27 21:53:22,paypal
PAY-ORD00000652,ORD00000652,card,approved,67053.2,2025-03-14 06:29:09,mercadopago
PAY-ORD00000653,ORD00000653,paypal,approved,85586.5,2025-08-03 18:51:26,paypal
PAY-ORD00000654,ORD00000654,card,approved,130922.8,2025-10-15 12:01:10,stripe
PAY-ORD00000655,ORD00000655,card,approved,166090.49,2025-03-13 15:16:03,mercadopago
PAY-ORD00000656,ORD00000656,bank_transfer,approved,10565.9,2025-02-02 14:23:51,bank
PAY-ORD00000657,ORD00000657,cash,approved,294370.68,2026-03-07 08:01:59,stripe
PAY-ORD00000658,ORD00000658,wallet,approved,136190.63,2025-10-16 05:48:43,bank
PAY-ORD00000659,ORD00000659,bank_transfer,approved,260407.44,2026-05-06 05:55:22,stripe
PAY-ORD00000660,ORD00000660,wallet,pending,29276.32,2025-08-14 22:51:07,stripe
PAY-ORD00000661,ORD00000661,card,approved,99546.56,2025-03-13 12:11:42,bank
PAY-ORD00000662,ORD00000662,paypal,approved,128776.2,2025-03-23 19:53:14,bank
PAY-ORD00000663,ORD00000663,cash,refunded,2242.2,2025-10-13 08:17:25,bank
PAY-ORD00000665,ORD00000665,wallet,declined,100208.33,2026-04-20 14:42:37,stripe
PAY-ORD00000666,ORD00000666,paypal,approved,114643.32,2025-02-26 08:17:26,bank
PAY-ORD00000667,ORD00000667,bank_transfer,approved,18041.24,2025-05-25 11:32:56,paypal
PAY-ORD00000670,ORD00000670,bank_transfer,approved,207045.66,2026-05-17 18:02:52,stripe
PAY-ORD00000671,ORD00000671,wallet,approved,111238.44,2025-06-07 03:48:37,mercadopago
PAY-ORD00000672,ORD00000672,card,approved,51068.88,2025-12-07 05:00:22,bank
PAY-ORD00000673,ORD00000673,cash,approved,149612.93,2025-11-30 11:44:55,paypal
PAY-ORD00000675,ORD00000675,card,approved,45337.06,2025-10-10 23:46:29,bank
PAY-ORD00000676,ORD00000676,wallet,approved,83871.61,2025-02-03 00:36:13,stripe
PAY-ORD00000677,ORD00000677,bank_transfer,approved,194505.15,2025-09-13 06:42:00,bank
PAY-ORD00000678,ORD00000678,bank_transfer,declined,785.93,2025-05-18 14:15:36,mercadopago
PAY-ORD00000680,ORD00000680,wallet,approved,152075.5,2025-03-28 05:23:27,bank
PAY-ORD00000681,ORD00000681,paypal,declined,162389.86,2026-01-18 09:36:25,stripe
PAY-ORD00000682,ORD00000682,wallet,approved,145140.88,2025-11-02 00:33:25,paypal
PAY-ORD00000683,ORD00000683,cash,approved,178556.98,2025-02-26 00:10:18,paypal
PAY-ORD00000684,ORD00000684,card,declined,93522.17,2025-11-13 15:37:52,paypal
PAY-ORD00000685,ORD00000685,bank_transfer,approved,84549.1,2026-01-25 05:03:23,stripe
PAY-ORD00000686,ORD00000686,card,approved,126636.97,2025-01-03 07:09:21,mercadopago
PAY-ORD00000688,ORD00000688,cash,approved,60025.48,2026-03-21 21:39:09,stripe
PAY-ORD00000689,ORD00000689,bank_transfer,approved,148448.32,2025-02-01 00:58:22,paypal
PAY-ORD00000690,ORD00000690,bank_transfer,approved,81216.96,2025-10-26 09:03:54,mercadopago
PAY-ORD00000692,ORD00000692,wallet,approved,55745.1,2025-06-29 09:25:47,paypal
PAY-ORD00000693,ORD00000693,bank_transfer,pending,109295.1,2025-07-18 19:00:03,stripe
PAY-ORD00000694,ORD00000694,wallet,declined,174704.38,2025-03-18 22:04:16,paypal
PAY-ORD00000695,ORD00000695,paypal,approved,140271.97,2026-02-21 01:04:46,stripe
PAY-ORD00000696,ORD00000696,cash,refunded,203483.75,2026-01-07 21:50:02,paypal
PAY-ORD00000697,ORD00000697,bank_transfer,approved,7604.96,2026-01-06 10:18:31,stripe
PAY-ORD00000698,ORD00000698,cash,approved,46098.28,2025-04-16 03:05:14,paypal
PAY-ORD00000699,ORD00000699,bank_transfer,approved,14210.46,2026-02-12 17:46:24,stripe
PAY-ORD00000700,ORD00000700,card,approved,21550.47,2025-04-09 10:36:45,bank
PAY-ORD00000701,ORD00000701,card,approved,120665.82,2025-04-27 02:29:05,stripe
PAY-ORD00000703,ORD00000703,wallet,approved,42555.53,2025-01-03 08:30:45,paypal
PAY-ORD00000705,ORD00000705,bank_transfer,approved,5644.2,2026-04-10 19:17:06,paypal
PAY-ORD00000706,ORD00000706,cash,approved,214966.06,2026-03-29 05:11:03,stripe
PAY-ORD00000707,ORD00000707,bank_transfer,approved,178108.56,2025-11-23 02:38:51,paypal
PAY-ORD00000708,ORD00000708,paypal,approved,163453.08,2025-10-08 23:56:36,bank
PAY-ORD00000709,ORD00000709,bank_transfer,approved,116155.76,2025-05-11 00:59:43,paypal
PAY-ORD00000710,ORD00000710,paypal,approved,122289.15,2025-06-18 05:12:26,stripe
PAY-ORD00000712,ORD00000712,cash,approved,127442.49,2025-09-21 06:48:03,mercadopago
PAY-ORD00000713,ORD00000713,wallet,refunded,106712.17,2025-07-10 19:54:21,bank
PAY-ORD00000714,ORD00000714,paypal,approved,120339.76,2025-01-22 19:38:38,bank
PAY-ORD00000715,ORD00000715,cash,approved,151184.84,2025-06-04 23:04:42,bank
PAY-ORD00000716,ORD00000716,card,approved,111949.84,2025-12-01 19:34:27,paypal
PAY-ORD00000717,ORD00000717,bank_transfer,approved,54452.96,2025-03-10 00:55:59,mercadopago
PAY-ORD00000719,ORD00000719,wallet,approved,104477.0,2025-05-22 03:11:56,paypal
PAY-ORD00000720,ORD00000720,bank_transfer,approved,59491.46,2025-06-15 20:48:36,stripe
PAY-ORD00000722,ORD00000722,cash,approved,108152.83,2025-10-14 05:18:03,bank
PAY-ORD00000724,ORD00000724,wallet,approved,30516.84,2026-03-25 09:52:23,stripe
PAY-ORD00000727,ORD00000727,paypal,approved,71116.57,2025-06-26 03:56:54,stripe
PAY-ORD00000728,ORD00000728,card,approved,58870.2,2025-01-28 07:58:55,bank
PAY-ORD00000730,ORD00000730,card,approved,85487.73,2025-05-12 07:38:24,paypal
PAY-ORD00000731,ORD00000731,cash,approved,148256.2,2025-11-28 13:45:44,stripe
PAY-ORD00000732,ORD00000732,wallet,declined,113492.51,2025-04-04 21:34:52,mercadopago
PAY-ORD00000733,ORD00000733,wallet,approved,177999.38,2025-03-19 13:00:19,mercadopago
PAY-ORD00000734,ORD00000734,cash,approved,39949.83,2025-04-23 19:02:58,bank
PAY-ORD00000735,ORD00000735,paypal,approved,102960.75,2025-04-30 14:46:02,bank
PAY-ORD00000737,ORD00000737,cash,approved,48324.94,2025-03-23 06:16:33,bank
PAY-ORD00000738,ORD00000738,wallet,approved,12303.57,2026-03-13 09:15:36,paypal
PAY-ORD00000739,ORD00000739,card,approved,230494.52,2025-02-14 15:34:40,paypal
PAY-ORD00000740,ORD00000740,wallet,approved,63536.78,2025-02-05 03:18:28,bank
PAY-ORD00000741,ORD00000741,cash,approved,62568.84,2026-03-16 21:50:32,bank
PAY-ORD00000742,ORD00000742,bank_transfer,pending,34129.44,2026-01-21 20:31:54,mercadopago
PAY-ORD00000743,ORD00000743,bank_transfer,approved,69663.97,2025-01-12 13:58:21,stripe
PAY-ORD00000744,ORD00000744,card,approved,236613.46,2026-02-18 08:28:53,mercadopago
PAY-ORD00000745,ORD00000745,bank_transfer,approved,68446.44,2025-12-07 04:20:56,stripe
PAY-ORD00000746,ORD00000746,card,approved,13203.26,2025-11-23 13:29:53,mercadopago
PAY-ORD00000748,ORD00000748,wallet,approved,26614.27,2026-03-14 09:24:58,stripe
PAY-ORD00000749,ORD00000749,card,approved,127586.73,2025-12-05 04:41:19,stripe
PAY-ORD00000751,ORD00000751,bank_transfer,approved,206251.1,2026-01-01 07:48:39,bank
PAY-ORD00000752,ORD00000752,cash,approved,17761.43,2025-10-16 05:16:40,paypal
PAY-ORD00000753,ORD00000753,card,approved,124718.94,2025-05-06 05:01:50,mercadopago
PAY-ORD00000757,ORD00000757,cash,approved,133013.84,2025-01-07 07:49:06,stripe
PAY-ORD00000760,ORD00000760,bank_transfer,pending,221629.59,2025-03-31 07:52:13,paypal
PAY-ORD00000761,ORD00000761,wallet,approved,35666.7,2026-03-22 15:59:25,paypal
PAY-ORD00000762,ORD00000762,wallet,approved,77985.24,2025-09-12 06:18:43,stripe
PAY-ORD00000763,ORD00000763,wallet,approved,53420.72,2025-05-28 23:07:35,bank
PAY-ORD00000764,ORD00000764,wallet,approved,16343.4,2025-07-26 01:05:12,stripe
PAY-ORD00000765,ORD00000765,card,approved,54463.72,2025-11-04 21:00:35,paypal
PAY-ORD00000766,ORD00000766,card,approved,19132.51,2025-02-20 03:34:48,stripe
PAY-ORD00000767,ORD00000767,paypal,approved,256052.13,2025-05-07 23:16:43,stripe
PAY-ORD00000768,ORD00000768,paypal,approved,161292.88,2025-01-13 14:54:03,paypal
PAY-ORD00000769,ORD00000769,paypal,approved,137074.28,2025-11-29 06:46:40,bank
PAY-ORD00000770,ORD00000770,card,approved,79455.04,2025-08-05 01:59:02,paypal
PAY-ORD00000771,ORD00000771,wallet,approved,52359.66,2025-06-18 10:34:43,stripe
PAY-ORD00000772,ORD00000772,card,declined,45964.77,2025-12-19 21:20:13,stripe
PAY-ORD00000773,ORD00000773,paypal,refunded,83857.73,2026-03-01 11:04:14,mercadopago
PAY-ORD00000774,ORD00000774,card,approved,75338.52,2026-04-29 08:33:11,bank
PAY-ORD00000775,ORD00000775,wallet,approved,67584.02,2025-05-01 21:57:47,stripe
PAY-ORD00000776,ORD00000776,paypal,refunded,129217.51,2026-01-30 00:26:55,mercadopago
PAY-ORD00000777,ORD00000777,cash,approved,13039.36,2025-03-19 11:42:45,mercadopago
PAY-ORD00000778,ORD00000778,paypal,declined,157688.39,2025-09-27 08:57:44,paypal
PAY-ORD00000779,ORD00000779,cash,approved,27320.73,2025-05-19 12:42:27,paypal
PAY-ORD00000780,ORD00000780,cash,approved,101056.61,2025-10-29 08:14:37,stripe
PAY-ORD00000781,ORD00000781,cash,approved,154849.6,2025-03-29 22:10:40,paypal
PAY-ORD00000783,ORD00000783,card,approved,101862.04,2025-07-30 14:30:00,paypal
PAY-ORD00000784,ORD00000784,card,approved,124178.38,2025-05-28 04:58:40,stripe
PAY-ORD00000786,ORD00000786,cash,approved,71591.47,2025-10-14 13:33:22,bank
PAY-ORD00000787,ORD00000787,bank_transfer,approved,169830.86,2026-04-05 12:32:33,stripe
PAY-ORD00000788,ORD00000788,paypal,approved,52854.49,2025-07-21 11:49:17,bank
PAY-ORD00000789,ORD00000789,paypal,approved,18427.5,2025-06-23 08:28:45,paypal
PAY-ORD00000790,ORD00000790,wallet,approved,8411.18,2025-02-19 21:26:39,stripe
PAY-ORD00000791,ORD00000791,card,approved,1735.04,2025-08-18 23:42:30,bank
PAY-ORD00000792,ORD00000792,wallet,approved,23774.99,2026-01-24 03:18:14,bank
PAY-ORD00000794,ORD00000794,bank_transfer,approved,75204.1,2026-04-08 20:11:34,mercadopago
PAY-ORD00000795,ORD00000795,cash,pending,56626.98,2025-05-20 03:06:12,paypal
PAY-ORD00000796,ORD00000796,cash,approved,89129.62,2025-06-18 13:38:35,mercadopago
PAY-ORD00000802,ORD00000802,bank_transfer,approved,76017.3,2025-11-05 23:37:19,paypal
PAY-ORD00000803,ORD00000803,card,approved,54708.03,2025-06-25 07:36:12,stripe
PAY-ORD00000804,ORD00000804,card,approved,49913.15,2026-01-06 11:40:52,bank
PAY-ORD00000805,ORD00000805,card,approved,111070.22,2025-11-25 07:32:13,paypal
PAY-ORD00000806,ORD00000806,paypal,approved,130774.86,2026-04-17 07:45:07,stripe
PAY-ORD00000807,ORD00000807,card,approved,80964.06,2025-04-28 02:08:27,mercadopago
PAY-ORD00000808,ORD00000808,card,approved,42862.2,2025-09-11 08:17:55,bank
PAY-ORD00000809,ORD00000809,paypal,pending,127081.61,2025-07-28 08:26:52,mercadopago
PAY-ORD00000810,ORD00000810,bank_transfer,approved,256030.71,2025-01-17 21:27:07,paypal
PAY-ORD00000811,ORD00000811,cash,approved,52519.69,2025-11-16 06:29:41,paypal
PAY-ORD00000812,ORD00000812,cash,approved,133918.98,2026-04-15 20:44:31,paypal
PAY-ORD00000813,ORD00000813,bank_transfer,approved,176069.44,2026-02-27 23:08:03,stripe
PAY-ORD00000814,ORD00000814,bank_transfer,approved,78922.73,2025-03-24 08:27:40,paypal
PAY-ORD00000817,ORD00000817,cash,approved,40139.81,2026-05-15 09:28:27,paypal
PAY-ORD00000818,ORD00000818,bank_transfer,approved,33521.6,2025-06-29 12:31:34,bank
PAY-ORD00000819,ORD00000819,cash,approved,105635.33,2025-11-08 08:51:41,mercadopago
PAY-ORD00000820,ORD00000820,card,approved,51030.04,2025-04-17 11:41:16,bank
PAY-ORD00000821,ORD00000821,card,approved,172005.31,2025-08-27 17:57:47,stripe
PAY-ORD00000822,ORD00000822,cash,approved,32342.67,2025-01-05 17:51:09,mercadopago
PAY-ORD00000823,ORD00000823,wallet,approved,253093.74,2025-05-10 02:41:33,bank
PAY-ORD00000824,ORD00000824,bank_transfer,approved,199020.38,2025-11-27 15:15:04,mercadopago
PAY-ORD00000825,ORD00000825,bank_transfer,approved,117116.17,2025-03-20 20:59:30,mercadopago
PAY-ORD00000826,ORD00000826,wallet,approved,125452.5,2025-07-29 05:41:26,bank
PAY-ORD00000827,ORD00000827,cash,declined,120437.59,2026-03-27 23:05:48,stripe
PAY-ORD00000828,ORD00000828,cash,declined,42020.59,2025-02-23 08:38:07,paypal
PAY-ORD00000829,ORD00000829,wallet,approved,49654.95,2025-02-23 04:52:41,paypal
PAY-ORD00000830,ORD00000830,cash,approved,81335.23,2025-02-18 17:56:11,mercadopago
PAY-ORD00000831,ORD00000831,cash,approved,83117.64,2025-06-26 00:02:24,stripe
PAY-ORD00000832,ORD00000832,cash,declined,186659.15,2025-05-07 10:06:33,paypal
PAY-ORD00000833,ORD00000833,card,declined,19125.17,2026-04-01 04:03:51,stripe
PAY-ORD00000834,ORD00000834,cash,approved,251320.16,2025-06-27 01:08:54,bank
PAY-ORD00000835,ORD00000835,cash,approved,38430.89,2026-03-29 16:55:18,paypal
PAY-ORD00000836,ORD00000836,cash,approved,105309.5,2025-05-20 06:09:00,mercadopago
PAY-ORD00000837,ORD00000837,wallet,approved,177986.08,2026-03-28 02:52:32,paypal
PAY-ORD00000838,ORD00000838,cash,approved,98976.53,2025-06-19 01:10:45,bank
PAY-ORD00000839,ORD00000839,cash,approved,144287.66,2026-02-23 12:56:42,paypal
PAY-ORD00000840,ORD00000840,paypal,approved,90097.89,2025-04-25 20:43:17,paypal
PAY-ORD00000841,ORD00000841,wallet,pending,76785.15,2025-06-01 14:23:30,stripe
PAY-ORD00000843,ORD00000843,cash,approved,56973.84,2025-08-09 04:57:26,stripe
PAY-ORD00000844,ORD00000844,cash,approved,174116.96,2026-01-21 10:47:23,mercadopago
PAY-ORD00000845,ORD00000845,cash,approved,152382.35,2026-05-02 18:33:16,paypal
PAY-ORD00000846,ORD00000846,paypal,approved,100894.14,2025-07-05 22:56:11,mercadopago
PAY-ORD00000848,ORD00000848,bank_transfer,approved,108810.36,2025-03-23 13:03:01,bank
PAY-ORD00000849,ORD00000849,cash,approved,32532.94,2026-01-16 23:45:50,bank
PAY-ORD00000851,ORD00000851,cash,refunded,235312.1,2025-11-09 09:54:57,paypal
PAY-ORD00000852,ORD00000852,cash,approved,79032.78,2025-12-19 10:30:20,paypal
PAY-ORD00000853,ORD00000853,bank_transfer,refunded,226261.71,2025-06-11 20:55:59,bank
PAY-ORD00000854,ORD00000854,paypal,approved,11969.92,2025-03-15 09:03:02,stripe
PAY-ORD00000855,ORD00000855,wallet,approved,274484.22,2026-02-03 05:30:31,paypal
PAY-ORD00000857,ORD00000857,card,approved,22125.81,2026-03-16 00:35:03,bank
PAY-ORD00000859,ORD00000859,bank_transfer,approved,25581.09,2025-11-13 02:13:41,mercadopago
PAY-ORD00000860,ORD00000860,paypal,approved,22399.22,2026-05-17 12:44:45,mercadopago
PAY-ORD00000861,ORD00000861,card,approved,165066.02,2026-02-13 10:30:36,bank
PAY-ORD00000862,ORD00000862,wallet,approved,93249.71,2026-04-07 22:19:32,mercadopago
PAY-ORD00000863,ORD00000863,cash,approved,60421.13,2026-02-27 08:21:40,bank
PAY-ORD00000864,ORD00000864,wallet,refunded,92645.7,2025-02-16 13:40:21,mercadopago
PAY-ORD00000865,ORD00000865,cash,approved,8449.35,2025-05-28 08:27:29,mercadopago
PAY-ORD00000866,ORD00000866,wallet,approved,117197.28,2025-06-08 14:30:57,mercadopago
PAY-ORD00000867,ORD00000867,cash,approved,10749.22,2025-08-06 00:48:47,paypal
PAY-ORD00000868,ORD00000868,wallet,approved,71271.52,2025-01-06 00:02:45,paypal
PAY-ORD00000869,ORD00000869,cash,approved,110353.52,2026-05-19 06:53:06,stripe
PAY-ORD00000870,ORD00000870,paypal,approved,72598.26,2025-07-31 02:28:18,bank
PAY-ORD00000871,ORD00000871,wallet,declined,141634.06,2026-01-01 08:38:20,mercadopago
PAY-ORD00000872,ORD00000872,card,declined,14587.13,2025-03-24 06:42:17,mercadopago
PAY-ORD00000873,ORD00000873,wallet,declined,78205.3,2026-04-17 06:17:52,mercadopago
PAY-ORD00000874,ORD00000874,bank_transfer,approved,157340.6,2025-12-21 10:14:58,paypal
PAY-ORD00000876,ORD00000876,cash,refunded,14884.22,2025-12-06 14:50:58,bank
PAY-ORD00000877,ORD00000877,cash,approved,72282.51,2025-08-02 01:46:54,stripe
PAY-ORD00000879,ORD00000879,wallet,approved,13450.62,2026-03-03 04:41:47,mercadopago
PAY-ORD00000880,ORD00000880,cash,approved,155136.76,2026-02-09 18:34:50,mercadopago
PAY-ORD00000882,ORD00000882,paypal,approved,72121.71,2025-08-04 12:27:22,stripe
PAY-ORD00000883,ORD00000883,wallet,approved,111410.35,2025-03-13 21:28:29,stripe
PAY-ORD00000884,ORD00000884,bank_transfer,approved,277735.19,2025-07-05 22:23:02,paypal
PAY-ORD00000885,ORD00000885,bank_transfer,approved,7699.66,2026-03-04 16:12:35,bank
PAY-ORD00000886,ORD00000886,cash,approved,186922.75,2025-06-22 23:14:19,mercadopago
PAY-ORD00000887,ORD00000887,cash,pending,133943.02,2025-11-16 18:21:57,mercadopago
PAY-ORD00000888,ORD00000888,bank_transfer,approved,31380.97,2025-04-19 09:50:03,bank
PAY-ORD00000889,ORD00000889,bank_transfer,approved,31895.64,2025-11-05 22:17:46,paypal
PAY-ORD00000890,ORD00000890,paypal,declined,4003.0,2025-07-25 12:07:40,bank
PAY-ORD00000891,ORD00000891,bank_transfer,approved,46574.58,2025-04-22 08:19:28,mercadopago
PAY-ORD00000892,ORD00000892,wallet,approved,5749.23,2025-09-30 14:13:16,bank
PAY-ORD00000893,ORD00000893,paypal,approved,102499.61,2025-11-30 12:28:00,mercadopago
PAY-ORD00000894,ORD00000894,paypal,approved,2546.26,2026-05-08 14:48:38,bank
PAY-ORD00000895,ORD00000895,paypal,approved,136851.22,2026-01-23 19:06:46,stripe
PAY-ORD00000896,ORD00000896,wallet,approved,225709.7,2026-01-17 13:51:15,mercadopago
PAY-ORD00000898,ORD00000898,card,approved,21643.92,2026-03-26 04:12:36,bank
PAY-ORD00000899,ORD00000899,card,approved,113939.54,2025-04-24 03:01:14,stripe
PAY-ORD00000900,ORD00000900,cash,approved,170157.8,2025-03-09 14:30:21,paypal
PAY-ORD00000901,ORD00000901,wallet,approved,116280.14,2026-04-21 19:46:55,stripe
PAY-ORD00000902,ORD00000902,bank_transfer,approved,175686.47,2025-08-27 05:49:52,stripe
PAY-ORD00000903,ORD00000903,bank_transfer,refunded,68393.63,2025-05-06 01:20:03,stripe
PAY-ORD00000904,ORD00000904,cash,approved,106237.11,2025-08-30 16:26:40,paypal
PAY-ORD00000905,ORD00000905,wallet,approved,3617.39,2026-04-06 01:26:19,stripe
PAY-ORD00000907,ORD00000907,wallet,approved,94810.47,2025-07-20 16:38:31,stripe
PAY-ORD00000908,ORD00000908,wallet,approved,109715.06,2025-06-23 14:45:17,mercadopago
PAY-ORD00000909,ORD00000909,paypal,approved,7897.68,2025-12-30 13:29:00,stripe
PAY-ORD00000910,ORD00000910,paypal,pending,224098.29,2025-01-22 09:14:27,paypal
PAY-ORD00000913,ORD00000913,wallet,approved,215501.85,2025-10-01 18:02:40,stripe
PAY-ORD00000914,ORD00000914,wallet,approved,44908.8,2026-03-26 01:42:50,paypal
PAY-ORD00000915,ORD00000915,card,approved,128230.95,2025-01-08 15:10:04,paypal
PAY-ORD00000916,ORD00000916,wallet,approved,17811.78,2025-08-16 14:00:19,paypal
PAY-ORD00000918,ORD00000918,card,approved,144570.9,2025-10-29 14:18:22,bank
PAY-ORD00000919,ORD00000919,wallet,declined,158085.64,2025-11-23 18:39:34,paypal
PAY-ORD00000920,ORD00000920,wallet,approved,38672.36,2025-03-28 11:43:17,mercadopago
PAY-ORD00000921,ORD00000921,bank_transfer,approved,114797.87,2026-04-06 02:39:44,mercadopago
PAY-ORD00000922,ORD00000922,paypal,approved,78695.78,2025-12-05 01:56:32,bank
PAY-ORD00000923,ORD00000923,bank_transfer,approved,160900.56,2025-06-08 03:51:53,mercadopago
PAY-ORD00000924,ORD00000924,wallet,approved,116890.22,2025-01-13 10:41:00,stripe
PAY-ORD00000925,ORD00000925,card,approved,211328.24,2025-11-03 12:28:23,bank
PAY-ORD00000926,ORD00000926,cash,approved,56451.08,2025-04-22 19:54:24,stripe
PAY-ORD00000927,ORD00000927,bank_transfer,approved,138949.65,2025-11-21 10:18:58,bank
PAY-ORD00000928,ORD00000928,cash,approved,159681.45,2025-07-24 12:06:56,bank
PAY-ORD00000929,ORD00000929,bank_transfer,approved,56401.26,2025-09-12 07:46:15,bank
PAY-ORD00000930,ORD00000930,bank_transfer,approved,69443.23,2025-09-21 10:43:07,paypal
PAY-ORD00000931,ORD00000931,bank_transfer,approved,221299.26,2026-01-06 12:49:23,stripe
PAY-ORD00000932,ORD00000932,bank_transfer,approved,66548.24,2025-10-16 04:47:13,paypal
PAY-ORD00000933,ORD00000933,paypal,approved,139884.93,2025-11-10 23:35:14,bank
PAY-ORD00000934,ORD00000934,card,approved,58104.46,2025-05-20 04:34:35,paypal
PAY-ORD00000935,ORD00000935,wallet,approved,59508.2,2025-03-02 06:19:24,stripe
PAY-ORD00000936,ORD00000936,paypal,approved,89399.29,2025-05-24 14:02:59,mercadopago
PAY-ORD00000937,ORD00000937,wallet,approved,60834.54,2025-06-22 18:51:50,mercadopago
PAY-ORD00000938,ORD00000938,cash,refunded,99874.36,2026-04-24 07:23:45,paypal
PAY-ORD00000939,ORD00000939,paypal,approved,39621.01,2025-06-22 15:28:11,stripe
PAY-ORD00000940,ORD00000940,cash,approved,175499.39,2025-12-18 15:28:35,stripe
PAY-ORD00000941,ORD00000941,card,approved,170623.87,2025-12-18 15:07:15,stripe
PAY-ORD00000942,ORD00000942,paypal,approved,2653.28,2025-05-10 00:08:25,mercadopago
PAY-ORD00000943,ORD00000943,paypal,pending,47406.9,2025-07-21 08:38:21,mercadopago
PAY-ORD00000944,ORD00000944,card,approved,50010.52,2025-07-12 04:31:33,mercadopago
PAY-ORD00000946,ORD00000946,wallet,refunded,285852.55,2026-03-28 05:36:21,mercadopago
PAY-ORD00000947,ORD00000947,card,approved,220132.2,2026-03-15 08:09:08,bank
PAY-ORD00000948,ORD00000948,wallet,declined,156740.9,2025-04-02 16:46:50,paypal
PAY-ORD00000949,ORD00000949,paypal,approved,50589.91,2026-05-13 19:43:47,paypal
PAY-ORD00000950,ORD00000950,card,approved,140440.14,2025-06-27 23:26:39,mercadopago
PAY-ORD00000951,ORD00000951,wallet,approved,29713.54,2025-10-25 16:37:39,paypal
PAY-ORD00000952,ORD00000952,wallet,approved,26893.0,2025-07-28 17:45:18,mercadopago
PAY-ORD00000954,ORD00000954,wallet,approved,5194.98,2026-05-13 00:16:02,paypal
PAY-ORD00000955,ORD00000955,card,approved,28338.62,2025-12-29 03:20:15,bank
PAY-ORD00000956,ORD00000956,card,approved,133803.98,2026-05-04 02:06:08,bank
PAY-ORD00000957,ORD00000957,paypal,approved,152296.75,2026-05-08 13:11:57,bank
PAY-ORD00000958,ORD00000958,card,approved,168673.46,2025-09-17 04:19:07,stripe
PAY-ORD00000959,ORD00000959,cash,approved,207587.48,2026-01-30 13:14:44,paypal
PAY-ORD00000961,ORD00000961,paypal,approved,153294.78,2025-12-14 09:48:29,bank
PAY-ORD00000962,ORD00000962,bank_transfer,approved,165431.29,2025-01-11 13:25:40,paypal
PAY-ORD00000963,ORD00000963,card,pending,49952.07,2025-05-31 23:30:57,stripe
PAY-ORD00000964,ORD00000964,card,approved,147236.65,2025-05-05 14:35:14,paypal
PAY-ORD00000965,ORD00000965,paypal,declined,18613.96,2025-11-07 17:17:37,bank
PAY-ORD00000966,ORD00000966,wallet,approved,218340.78,2025-08-07 13:22:25,paypal
PAY-ORD00000967,ORD00000967,bank_transfer,declined,60783.15,2025-06-09 19:37:02,bank
PAY-ORD00000969,ORD00000969,card,approved,188480.4,2025-12-24 03:24:20,mercadopago
PAY-ORD00000971,ORD00000971,card,approved,260316.95,2025-03-09 09:09:19,stripe
PAY-ORD00000972,ORD00000972,wallet,approved,157228.31,2026-01-21 12:46:46,stripe
PAY-ORD00000973,ORD00000973,cash,approved,74919.34,2025-08-16 23:16:50,bank
PAY-ORD00000974,ORD00000974,bank_transfer,pending,61136.56,2025-02-19 03:01:33,bank
PAY-ORD00000975,ORD00000975,cash,approved,43533.34,2026-01-10 06:47:09,bank
PAY-ORD00000976,ORD00000976,card,approved,88767.4,2026-02-19 14:33:38,paypal
PAY-ORD00000977,ORD00000977,wallet,approved,79615.44,2025-11-04 19:08:02,bank
PAY-ORD00000978,ORD00000978,bank_transfer,approved,78708.8,2025-11-18 16:26:07,mercadopago
PAY-ORD00000979,ORD00000979,card,approved,269029.85,2025-10-17 15:38:50,mercadopago
PAY-ORD00000980,ORD00000980,wallet,approved,133946.18,2025-08-14 08:39:04,bank
PAY-ORD00000981,ORD00000981,cash,approved,146301.26,2025-01-22 04:13:39,paypal
PAY-ORD00000983,ORD00000983,bank_transfer,approved,86070.75,2025-01-19 18:21:16,paypal
PAY-ORD00000986,ORD00000986,card,approved,163699.81,2025-01-05 19:39:40,bank
PAY-ORD00000987,ORD00000987,card,approved,199899.33,2025-07-04 09:53:21,paypal
PAY-ORD00000988,ORD00000988,bank_transfer,approved,103465.38,2025-02-19 11:49:03,mercadopago
PAY-ORD00000989,ORD00000989,card,approved,164099.82,2026-02-23 12:21:05,stripe
PAY-ORD00000990,ORD00000990,cash,approved,113406.74,2025-10-22 20:54:42,bank
PAY-ORD00000993,ORD00000993,card,approved,144682.63,2026-03-04 12:55:06,mercadopago
PAY-ORD00000994,ORD00000994,paypal,approved,237221.56,2025-03-11 01:02:29,paypal
PAY-ORD00000995,ORD00000995,wallet,approved,30663.24,2026-05-01 12:49:18,stripe
PAY-ORD00000996,ORD00000996,wallet,approved,218639.23,2025-07-29 05:45:14,stripe
PAY-ORD00000997,ORD00000997,cash,approved,217656.73,2025-11-13 18:26:01,paypal
PAY-ORD00000999,ORD00000999,bank_transfer,approved,120097.03,2025-03-03 12:36:03,stripe
PAY-ORD00001000,ORD00001000,card,pending,53981.93,2025-11-07 19:29:57,mercadopago
PAY-ORD00001001,ORD00001001,card,approved,106875.35,2026-03-31 17:58:59,bank
PAY-ORD00001002,ORD00001002,bank_transfer,approved,274123.57,2025-05-09 20:11:00,bank
PAY-ORD00001003,ORD00001003,paypal,approved,225350.3,2025-07-12 15:11:31,paypal
PAY-ORD00001006,ORD00001006,card,approved,51039.61,2025-04-25 03:41:25,mercadopago
PAY-ORD00001007,ORD00001007,bank_transfer,approved,104390.44,2025-08-22 12:08:48,stripe
PAY-ORD00001008,ORD00001008,card,approved,56149.65,2025-10-26 02:45:53,paypal
PAY-ORD00001009,ORD00001009,card,approved,96215.09,2025-09-19 16:43:01,mercadopago
PAY-ORD00001011,ORD00001011,wallet,approved,243174.58,2025-11-14 17:43:39,mercadopago
PAY-ORD00001012,ORD00001012,paypal,approved,98834.39,2026-04-26 14:59:49,mercadopago
PAY-ORD00001013,ORD00001013,bank_transfer,approved,34532.32,2026-03-24 02:24:17,mercadopago
PAY-ORD00001014,ORD00001014,card,approved,100616.34,2025-06-13 03:19:20,paypal
PAY-ORD00001015,ORD00001015,wallet,approved,153573.12,2026-01-19 06:39:45,paypal
PAY-ORD00001017,ORD00001017,paypal,approved,12048.92,2025-05-30 17:22:25,bank
PAY-ORD00001018,ORD00001018,bank_transfer,approved,5314.49,2025-09-27 00:47:42,stripe
PAY-ORD00001019,ORD00001019,bank_transfer,approved,17335.45,2025-10-12 05:37:19,bank
PAY-ORD00001020,ORD00001020,wallet,approved,167609.6,2025-02-09 08:54:00,stripe
PAY-ORD00001021,ORD00001021,cash,approved,15512.93,2025-05-05 13:46:21,stripe
PAY-ORD00001022,ORD00001022,card,approved,44085.45,2026-05-04 05:02:39,paypal
PAY-ORD00001023,ORD00001023,card,approved,135846.72,2025-11-01 07:04:10,mercadopago
PAY-ORD00001024,ORD00001024,bank_transfer,approved,19331.0,2025-08-22 00:11:07,stripe
PAY-ORD00001025,ORD00001025,card,approved,42220.57,2026-04-16 01:20:16,bank
PAY-ORD00001027,ORD00001027,bank_transfer,approved,118898.18,2025-09-21 00:19:35,bank
PAY-ORD00001029,ORD00001029,card,approved,33250.52,2025-08-19 05:20:46,paypal
PAY-ORD00001030,ORD00001030,cash,approved,48374.67,2025-02-19 11:49:45,stripe
PAY-ORD00001031,ORD00001031,wallet,approved,188853.02,2026-01-13 10:24:36,stripe
PAY-ORD00001032,ORD00001032,card,approved,31428.05,2026-02-20 08:42:59,paypal
PAY-ORD00001034,ORD00001034,bank_transfer,approved,130393.49,2025-12-04 02:20:15,stripe
PAY-ORD00001035,ORD00001035,wallet,approved,141160.44,2025-06-18 03:36:38,mercadopago
PAY-ORD00001037,ORD00001037,wallet,approved,29972.79,2026-05-05 13:06:03,paypal
PAY-ORD00001038,ORD00001038,bank_transfer,refunded,232320.58,2026-02-04 04:41:39,mercadopago
PAY-ORD00001039,ORD00001039,bank_transfer,approved,203656.35,2025-04-27 05:02:05,bank
PAY-ORD00001042,ORD00001042,card,approved,120753.44,2025-11-25 20:36:28,bank
PAY-ORD00001043,ORD00001043,cash,declined,122626.71,2025-06-16 01:34:43,paypal
PAY-ORD00001044,ORD00001044,cash,approved,111409.14,2025-06-17 00:14:46,paypal
PAY-ORD00001045,ORD00001045,cash,approved,69317.51,2025-07-08 18:06:56,mercadopago
PAY-ORD00001046,ORD00001046,bank_transfer,approved,66366.09,2026-01-15 18:05:37,bank
PAY-ORD00001048,ORD00001048,bank_transfer,approved,39168.76,2025-02-06 07:46:12,mercadopago
PAY-ORD00001049,ORD00001049,cash,approved,65190.07,2025-05-17 04:20:32,mercadopago
PAY-ORD00001051,ORD00001051,card,refunded,20864.3,2026-03-05 01:38:43,bank
PAY-ORD00001052,ORD00001052,card,approved,145756.26,2025-06-15 19:32:10,bank
PAY-ORD00001053,ORD00001053,bank_transfer,approved,157393.06,2025-02-28 15:42:31,bank
PAY-ORD00001054,ORD00001054,bank_transfer,approved,95401.39,2026-04-30 17:32:51,bank
PAY-ORD00001056,ORD00001056,cash,declined,209307.42,2026-01-30 20:59:17,mercadopago
PAY-ORD00001057,ORD00001057,wallet,approved,66505.33,2025-03-23 07:16:56,bank
PAY-ORD00001059,ORD00001059,card,refunded,172266.03,2025-05-02 22:17:53,bank
PAY-ORD00001061,ORD00001061,bank_transfer,approved,82823.38,2026-05-15 12:39:36,mercadopago
PAY-ORD00001062,ORD00001062,wallet,approved,184516.18,2025-08-26 17:06:18,bank
PAY-ORD00001063,ORD00001063,bank_transfer,approved,4303.58,2025-06-06 10:35:28,paypal
PAY-ORD00001064,ORD00001064,bank_transfer,declined,48853.15,2025-10-26 11:33:27,stripe
PAY-ORD00001065,ORD00001065,card,approved,171986.29,2026-01-29 12:57:04,bank
PAY-ORD00001066,ORD00001066,paypal,approved,98089.15,2025-07-18 01:05:36,paypal
PAY-ORD00001067,ORD00001067,card,approved,130017.31,2025-10-05 16:55:01,mercadopago
PAY-ORD00001068,ORD00001068,card,approved,137040.08,2025-06-06 16:41:37,stripe
PAY-ORD00001069,ORD00001069,paypal,declined,72435.88,2025-06-14 19:20:47,stripe
PAY-ORD00001071,ORD00001071,card,approved,40666.36,2025-10-09 16:28:14,mercadopago
PAY-ORD00001072,ORD00001072,wallet,approved,179996.7,2025-01-12 02:56:30,paypal
PAY-ORD00001073,ORD00001073,wallet,approved,24919.41,2025-04-25 08:10:02,mercadopago
PAY-ORD00001074,ORD00001074,cash,approved,35362.14,2026-02-09 11:45:55,bank
PAY-ORD00001075,ORD00001075,paypal,refunded,215410.98,2025-03-16 20:44:56,stripe
PAY-ORD00001076,ORD00001076,bank_transfer,refunded,73905.22,2026-02-11 02:37:36,mercadopago
PAY-ORD00001077,ORD00001077,bank_transfer,approved,7290.38,2026-03-20 04:47:05,stripe
PAY-ORD00001078,ORD00001078,wallet,approved,107886.68,2025-05-09 21:03:09,paypal
PAY-ORD00001080,ORD00001080,paypal,approved,129600.51,2025-09-22 00:43:45,stripe
PAY-ORD00001081,ORD00001081,bank_transfer,approved,157607.58,2025-05-14 03:34:12,paypal
PAY-ORD00001082,ORD00001082,paypal,approved,117177.42,2025-11-23 21:32:32,bank
PAY-ORD00001083,ORD00001083,wallet,approved,200923.89,2025-02-20 11:14:46,bank
PAY-ORD00001084,ORD00001084,paypal,approved,127057.76,2025-03-03 13:59:58,paypal
PAY-ORD00001085,ORD00001085,wallet,refunded,89768.4,2026-05-20 00:57:09,stripe
PAY-ORD00001086,ORD00001086,card,approved,111065.6,2025-02-06 14:39:51,paypal
PAY-ORD00001088,ORD00001088,wallet,approved,33020.47,2025-10-03 08:48:38,stripe
PAY-ORD00001089,ORD00001089,wallet,approved,85301.01,2025-03-19 21:56:55,paypal
PAY-ORD00001090,ORD00001090,cash,approved,34792.48,2026-02-06 08:47:02,mercadopago
PAY-ORD00001091,ORD00001091,paypal,approved,34995.14,2025-03-21 16:43:30,mercadopago
PAY-ORD00001092,ORD00001092,cash,approved,156744.38,2026-05-03 18:17:52,paypal
PAY-ORD00001093,ORD00001093,wallet,approved,248793.58,2026-02-03 00:46:13,stripe
PAY-ORD00001094,ORD00001094,cash,approved,101762.68,2025-06-19 20:14:16,mercadopago
PAY-ORD00001095,ORD00001095,wallet,approved,34866.08,2025-06-11 21:03:04,paypal
PAY-ORD00001096,ORD00001096,wallet,approved,32331.59,2025-06-26 04:35:35,stripe
PAY-ORD00001097,ORD00001097,cash,approved,121792.07,2026-02-22 14:24:58,mercadopago
PAY-ORD00001098,ORD00001098,card,approved,66533.53,2025-10-05 02:38:06,stripe
PAY-ORD00001099,ORD00001099,bank_transfer,approved,66332.77,2025-02-19 13:23:23,stripe
PAY-ORD00001100,ORD00001100,cash,approved,102943.37,2025-08-21 21:58:39,mercadopago
PAY-ORD00001101,ORD00001101,bank_transfer,approved,47417.45,2025-11-11 18:38:59,mercadopago
PAY-ORD00001102,ORD00001102,card,approved,76201.4,2025-04-01 14:20:59,paypal
PAY-ORD00001103,ORD00001103,paypal,approved,22750.98,2025-12-05 07:05:45,stripe
PAY-ORD00001104,ORD00001104,paypal,approved,40363.73,2025-05-16 02:26:28,mercadopago
PAY-ORD00001105,ORD00001105,paypal,refunded,49475.52,2025-01-31 22:17:47,paypal
PAY-ORD00001108,ORD00001108,cash,approved,176713.39,2025-06-19 13:49:06,mercadopago
PAY-ORD00001109,ORD00001109,bank_transfer,approved,231294.73,2025-01-21 11:28:55,mercadopago
PAY-ORD00001110,ORD00001110,card,approved,81500.64,2025-01-01 16:18:39,bank
PAY-ORD00001111,ORD00001111,paypal,approved,112901.21,2025-08-16 03:36:50,stripe
PAY-ORD00001112,ORD00001112,cash,approved,65240.63,2026-02-06 15:49:16,mercadopago
PAY-ORD00001113,ORD00001113,wallet,approved,229083.32,2025-12-05 06:14:55,mercadopago
PAY-ORD00001115,ORD00001115,wallet,approved,107602.17,2025-12-21 08:12:43,bank
PAY-ORD00001116,ORD00001116,card,approved,46351.08,2025-02-26 00:46:43,paypal
PAY-ORD00001117,ORD00001117,bank_transfer,approved,81722.18,2026-05-18 15:24:57,paypal
PAY-ORD00001118,ORD00001118,cash,approved,6192.76,2025-11-14 15:41:33,stripe
PAY-ORD00001119,ORD00001119,paypal,declined,125146.75,2025-03-16 03:42:18,paypal
PAY-ORD00001121,ORD00001121,bank_transfer,pending,180488.58,2025-06-27 00:58:51,bank
PAY-ORD00001122,ORD00001122,wallet,approved,122991.77,2025-04-09 02:30:31,stripe
PAY-ORD00001123,ORD00001123,wallet,approved,170676.01,2026-03-30 08:33:17,bank
PAY-ORD00001124,ORD00001124,wallet,declined,103769.04,2026-03-04 09:45:24,mercadopago
PAY-ORD00001125,ORD00001125,wallet,approved,59471.05,2026-03-14 02:31:16,mercadopago
PAY-ORD00001126,ORD00001126,card,approved,184266.95,2025-03-23 18:48:43,stripe
PAY-ORD00001127,ORD00001127,cash,approved,335598.88,2025-07-01 09:07:51,mercadopago
PAY-ORD00001128,ORD00001128,wallet,approved,142725.95,2025-03-05 16:45:31,paypal
PAY-ORD00001130,ORD00001130,bank_transfer,approved,144549.74,2026-04-24 10:47:55,stripe
PAY-ORD00001131,ORD00001131,card,approved,122654.07,2025-06-11 18:24:17,stripe
PAY-ORD00001132,ORD00001132,bank_transfer,approved,116568.22,2026-03-22 18:10:06,paypal
PAY-ORD00001133,ORD00001133,paypal,approved,20152.15,2026-05-15 04:00:45,mercadopago
PAY-ORD00001134,ORD00001134,cash,approved,130741.21,2025-12-24 09:55:54,mercadopago
PAY-ORD00001135,ORD00001135,card,approved,6833.29,2026-04-28 00:50:07,stripe
PAY-ORD00001136,ORD00001136,paypal,pending,78382.1,2025-01-26 14:21:56,bank
PAY-ORD00001137,ORD00001137,paypal,approved,167753.98,2025-06-01 07:34:11,bank
PAY-ORD00001138,ORD00001138,card,approved,164698.06,2025-02-05 13:52:04,paypal
PAY-ORD00001139,ORD00001139,bank_transfer,approved,8870.64,2026-04-04 13:07:00,bank
PAY-ORD00001140,ORD00001140,wallet,refunded,32722.7,2026-02-16 10:39:46,stripe
PAY-ORD00001141,ORD00001141,cash,approved,57486.17,2025-09-13 15:27:53,stripe
PAY-ORD00001142,ORD00001142,paypal,approved,108106.43,2026-04-05 17:09:58,mercadopago
PAY-ORD00001143,ORD00001143,card,approved,108661.12,2025-01-04 10:36:32,paypal
PAY-ORD00001144,ORD00001144,cash,declined,124416.26,2026-02-01 05:15:48,stripe
PAY-ORD00001145,ORD00001145,bank_transfer,refunded,56382.27,2025-04-05 23:45:27,stripe
PAY-ORD00001146,ORD00001146,cash,approved,188334.93,2025-06-19 05:30:34,stripe
PAY-ORD00001148,ORD00001148,wallet,approved,266755.17,2025-10-31 06:25:54,bank
PAY-ORD00001149,ORD00001149,wallet,refunded,41849.99,2025-05-24 04:23:20,bank
PAY-ORD00001150,ORD00001150,paypal,approved,42416.75,2025-11-11 17:54:32,mercadopago
PAY-ORD00001151,ORD00001151,card,approved,187251.85,2026-01-31 14:59:47,bank
PAY-ORD00001152,ORD00001152,cash,approved,89360.28,2025-03-19 22:20:08,stripe
PAY-ORD00001153,ORD00001153,bank_transfer,approved,77130.62,2026-03-08 22:09:44,mercadopago
PAY-ORD00001154,ORD00001154,card,approved,154323.11,2025-05-30 17:01:47,mercadopago
PAY-ORD00001155,ORD00001155,wallet,approved,69138.23,2025-01-24 05:06:17,stripe
PAY-ORD00001156,ORD00001156,cash,approved,81596.2,2026-05-12 20:45:56,paypal
PAY-ORD00001157,ORD00001157,card,approved,66043.94,2026-04-29 05:46:58,mercadopago
PAY-ORD00001158,ORD00001158,card,approved,59109.75,2026-03-08 16:31:34,stripe
PAY-ORD00001159,ORD00001159,bank_transfer,approved,735.93,2025-12-27 23:40:27,mercadopago
PAY-ORD00001160,ORD00001160,wallet,approved,162061.66,2025-07-06 03:40:01,mercadopago
PAY-ORD00001162,ORD00001162,bank_transfer,approved,173102.52,2025-04-30 00:53:35,paypal
PAY-ORD00001163,ORD00001163,card,approved,82062.96,2025-09-05 06:44:32,mercadopago
PAY-ORD00001164,ORD00001164,wallet,declined,185320.17,2026-01-08 02:04:28,paypal
PAY-ORD00001165,ORD00001165,card,approved,72655.54,2025-07-14 18:10:34,bank
PAY-ORD00001166,ORD00001166,card,approved,131694.57,2025-11-06 12:36:41,paypal
PAY-ORD00001167,ORD00001167,paypal,approved,50182.69,2025-05-07 01:38:25,mercadopago
PAY-ORD00001170,ORD00001170,card,approved,131814.34,2025-08-18 13:49:50,bank
PAY-ORD00001171,ORD00001171,cash,approved,49143.69,2025-01-04 20:43:14,paypal
PAY-ORD00001172,ORD00001172,card,approved,84473.11,2026-02-17 23:34:57,mercadopago
PAY-ORD00001173,ORD00001173,bank_transfer,approved,96290.21,2025-06-14 11:58:31,paypal
PAY-ORD00001174,ORD00001174,paypal,approved,154607.03,2026-03-28 21:27:38,paypal
PAY-ORD00001175,ORD00001175,bank_transfer,approved,147429.9,2025-01-03 00:29:30,paypal
PAY-ORD00001176,ORD00001176,cash,refunded,85181.83,2025-09-15 13:58:51,stripe
PAY-ORD00001177,ORD00001177,wallet,approved,85683.6,2025-11-23 22:27:32,bank
PAY-ORD00001178,ORD00001178,paypal,approved,25549.95,2025-03-09 06:44:57,mercadopago
PAY-ORD00001179,ORD00001179,wallet,approved,215397.64,2025-03-30 14:44:28,paypal
PAY-ORD00001180,ORD00001180,wallet,approved,60294.35,2025-05-01 15:28:56,paypal
PAY-ORD00001181,ORD00001181,bank_transfer,approved,91500.89,2025-03-06 16:44:19,bank
PAY-ORD00001182,ORD00001182,bank_transfer,approved,217848.82,2025-07-10 19:39:58,stripe
PAY-ORD00001183,ORD00001183,wallet,approved,106955.37,2026-01-17 10:25:46,paypal
PAY-ORD00001184,ORD00001184,card,approved,40618.76,2025-03-15 08:16:08,bank
PAY-ORD00001187,ORD00001187,wallet,approved,9235.4,2025-01-17 23:26:55,paypal
PAY-ORD00001189,ORD00001189,paypal,approved,39790.1,2026-01-18 07:09:12,mercadopago
PAY-ORD00001190,ORD00001190,cash,approved,107923.45,2025-04-12 19:17:17,paypal
PAY-ORD00001191,ORD00001191,wallet,approved,114453.46,2025-09-25 22:16:43,mercadopago
PAY-ORD00001192,ORD00001192,bank_transfer,refunded,117753.76,2025-04-23 00:12:42,paypal
PAY-ORD00001193,ORD00001193,cash,approved,153783.85,2025-11-07 23:53:17,bank
PAY-ORD00001195,ORD00001195,card,approved,75148.45,2026-04-16 03:04:55,paypal
PAY-ORD00001197,ORD00001197,card,approved,4681.83,2025-02-08 19:01:53,paypal
PAY-ORD00001198,ORD00001198,paypal,approved,84063.86,2026-01-05 02:16:52,stripe
PAY-ORD00001199,ORD00001199,cash,approved,221078.44,2025-11-12 05:03:43,mercadopago
PAY-ORD00001200,ORD00001200,cash,approved,73252.38,2025-02-02 16:23:25,bank
PAY-ORD00001201,ORD00001201,cash,approved,139724.26,2025-12-14 15:15:35,paypal
PAY-ORD00001202,ORD00001202,bank_transfer,approved,121004.74,2025-03-25 00:26:23,bank
PAY-ORD00001203,ORD00001203,bank_transfer,approved,20919.33,2025-02-21 03:29:52,stripe
PAY-ORD00001204,ORD00001204,paypal,approved,227654.29,2025-05-28 07:10:17,paypal
PAY-ORD00001205,ORD00001205,paypal,approved,204589.91,2025-04-21 07:52:41,paypal
PAY-ORD00001206,ORD00001206,paypal,approved,134167.24,2025-01-06 02:30:28,stripe
PAY-ORD00001207,ORD00001207,wallet,refunded,109993.27,2025-09-06 13:44:27,mercadopago
PAY-ORD00001208,ORD00001208,bank_transfer,approved,62277.25,2026-01-05 04:03:02,mercadopago
PAY-ORD00001210,ORD00001210,wallet,approved,83680.55,2025-08-05 11:03:46,mercadopago
PAY-ORD00001211,ORD00001211,paypal,approved,317926.43,2026-04-26 21:11:30,stripe
PAY-ORD00001212,ORD00001212,paypal,approved,152341.72,2026-04-17 17:55:57,bank
PAY-ORD00001213,ORD00001213,cash,approved,67136.6,2025-12-23 12:38:10,mercadopago
PAY-ORD00001214,ORD00001214,wallet,approved,47879.72,2025-01-17 12:24:03,bank
PAY-ORD00001215,ORD00001215,bank_transfer,approved,27006.04,2025-02-04 04:57:21,stripe
PAY-ORD00001216,ORD00001216,wallet,declined,130888.11,2026-03-21 07:12:30,bank
PAY-ORD00001219,ORD00001219,card,approved,223567.56,2025-04-21 10:33:47,bank
PAY-ORD00001220,ORD00001220,wallet,approved,135306.81,2025-03-09 03:01:48,stripe
PAY-ORD00001221,ORD00001221,bank_transfer,approved,60408.38,2026-05-16 23:04:46,stripe
PAY-ORD00001223,ORD00001223,card,refunded,36744.84,2026-03-06 14:09:38,stripe
PAY-ORD00001224,ORD00001224,paypal,approved,50164.18,2026-05-16 00:59:07,bank
PAY-ORD00001225,ORD00001225,paypal,approved,101762.04,2025-07-23 23:33:49,bank
PAY-ORD00001226,ORD00001226,paypal,approved,124136.04,2026-03-21 09:10:03,paypal
PAY-ORD00001228,ORD00001228,paypal,approved,77972.67,2026-01-13 11:03:26,mercadopago
PAY-ORD00001229,ORD00001229,paypal,refunded,43534.0,2026-02-26 15:51:38,stripe
PAY-ORD00001231,ORD00001231,bank_transfer,pending,92136.1,2025-06-01 07:42:25,mercadopago
PAY-ORD00001232,ORD00001232,wallet,pending,117087.18,2025-09-09 07:39:35,stripe
PAY-ORD00001234,ORD00001234,paypal,approved,11443.17,2025-11-05 02:22:16,paypal
PAY-ORD00001236,ORD00001236,wallet,approved,39181.44,2026-05-12 18:54:57,bank
PAY-ORD00001237,ORD00001237,card,declined,86686.05,2025-01-15 01:25:37,paypal
PAY-ORD00001238,ORD00001238,wallet,approved,79124.94,2025-05-13 19:27:35,mercadopago
PAY-ORD00001239,ORD00001239,cash,approved,34724.52,2025-05-27 20:27:22,stripe
PAY-ORD00001240,ORD00001240,cash,pending,47876.73,2025-04-16 20:26:57,bank
PAY-ORD00001241,ORD00001241,cash,approved,71681.02,2025-01-20 11:01:43,stripe
PAY-ORD00001242,ORD00001242,card,approved,188845.09,2025-10-23 11:46:05,paypal
PAY-ORD00001243,ORD00001243,cash,approved,52712.95,2026-02-04 11:45:02,paypal
PAY-ORD00001244,ORD00001244,wallet,approved,256098.94,2025-06-17 18:41:35,mercadopago
PAY-ORD00001245,ORD00001245,card,approved,139464.39,2025-05-04 13:49:39,stripe
PAY-ORD00001246,ORD00001246,wallet,approved,38077.51,2025-02-16 08:36:42,mercadopago
PAY-ORD00001247,ORD00001247,wallet,approved,59079.01,2025-05-09 08:13:15,stripe
PAY-ORD00001249,ORD00001249,bank_transfer,approved,66293.04,2025-11-24 16:59:47,mercadopago
PAY-ORD00001250,ORD00001250,bank_transfer,approved,185406.44,2025-02-20 08:25:29,stripe
PAY-ORD00001252,ORD00001252,paypal,approved,159449.01,2025-05-23 07:44:50,mercadopago
PAY-ORD00001253,ORD00001253,card,approved,78877.88,2025-09-23 22:01:16,paypal
PAY-ORD00001254,ORD00001254,cash,pending,181503.63,2025-09-25 08:56:53,paypal
PAY-ORD00001255,ORD00001255,cash,declined,33450.9,2025-06-05 06:54:25,stripe
PAY-ORD00001256,ORD00001256,paypal,approved,131543.74,2025-03-21 00:02:54,paypal
PAY-ORD00001257,ORD00001257,card,approved,75791.74,2026-04-14 21:19:32,paypal
PAY-ORD00001258,ORD00001258,card,approved,61656.89,2025-08-30 09:27:23,bank
PAY-ORD00001260,ORD00001260,bank_transfer,approved,61425.72,2026-03-06 14:20:21,paypal
PAY-ORD00001261,ORD00001261,bank_transfer,approved,122487.04,2025-12-29 11:25:35,paypal
PAY-ORD00001262,ORD00001262,cash,refunded,2753.05,2026-04-23 18:51:17,stripe
PAY-ORD00001263,ORD00001263,bank_transfer,declined,19780.82,2025-04-03 07:48:18,stripe
PAY-ORD00001264,ORD00001264,card,pending,48474.56,2026-04-15 22:01:33,paypal
PAY-ORD00001265,ORD00001265,bank_transfer,approved,54212.04,2026-04-26 12:54:57,mercadopago
PAY-ORD00001266,ORD00001266,bank_transfer,approved,249438.17,2025-12-10 20:20:39,mercadopago
PAY-ORD00001268,ORD00001268,paypal,approved,173684.66,2025-01-05 13:36:52,bank
PAY-ORD00001269,ORD00001269,paypal,approved,15304.4,2025-02-06 17:58:51,bank
PAY-ORD00001270,ORD00001270,wallet,approved,47961.75,2025-12-23 19:29:15,paypal
PAY-ORD00001271,ORD00001271,wallet,approved,43183.53,2025-04-13 16:29:12,stripe
PAY-ORD00001272,ORD00001272,wallet,declined,195116.61,2025-10-19 15:02:32,paypal
PAY-ORD00001273,ORD00001273,card,approved,48874.17,2025-04-05 12:10:51,stripe
PAY-ORD00001274,ORD00001274,wallet,pending,1178.35,2025-11-29 21:37:13,bank
PAY-ORD00001275,ORD00001275,card,approved,153124.22,2025-03-19 12:59:27,paypal
PAY-ORD00001276,ORD00001276,bank_transfer,approved,741.28,2025-01-06 03:15:22,stripe
PAY-ORD00001278,ORD00001278,wallet,approved,40290.96,2025-07-03 15:24:41,bank
PAY-ORD00001279,ORD00001279,paypal,pending,101844.35,2025-10-03 08:15:10,bank
PAY-ORD00001280,ORD00001280,bank_transfer,approved,9181.29,2025-06-11 07:04:52,paypal
PAY-ORD00001281,ORD00001281,bank_transfer,approved,73451.45,2025-10-23 18:37:03,mercadopago
PAY-ORD00001282,ORD00001282,paypal,approved,16818.1,2025-12-22 03:40:59,mercadopago
PAY-ORD00001283,ORD00001283,bank_transfer,approved,41053.11,2025-08-18 16:30:18,mercadopago
PAY-ORD00001284,ORD00001284,bank_transfer,declined,178721.2,2025-07-23 11:40:50,mercadopago
PAY-ORD00001285,ORD00001285,wallet,approved,58205.04,2026-03-11 03:15:55,mercadopago
PAY-ORD00001286,ORD00001286,card,approved,38036.42,2025-06-26 10:06:56,stripe
PAY-ORD00001288,ORD00001288,card,approved,46928.15,2025-04-10 17:31:31,paypal
PAY-ORD00001289,ORD00001289,paypal,approved,116338.47,2026-01-09 07:01:42,mercadopago
PAY-ORD00001290,ORD00001290,paypal,approved,68492.14,2026-01-16 23:18:38,paypal
PAY-ORD00001291,ORD00001291,cash,approved,108536.49,2025-06-14 03:33:32,stripe
PAY-ORD00001292,ORD00001292,bank_transfer,approved,183519.47,2025-11-19 00:44:23,mercadopago
PAY-ORD00001293,ORD00001293,wallet,approved,90671.71,2026-05-15 14:03:29,stripe
PAY-ORD00001294,ORD00001294,paypal,approved,109810.33,2026-01-01 05:28:00,mercadopago
PAY-ORD00001295,ORD00001295,bank_transfer,approved,153006.64,2025-06-24 17:11:43,mercadopago
PAY-ORD00001296,ORD00001296,bank_transfer,approved,12234.96,2026-04-12 06:03:05,mercadopago
PAY-ORD00001297,ORD00001297,cash,approved,95639.88,2025-05-27 01:32:36,paypal
PAY-ORD00001298,ORD00001298,card,approved,50558.35,2025-07-20 15:48:45,paypal
PAY-ORD00001299,ORD00001299,paypal,approved,116692.68,2026-04-14 12:33:35,mercadopago
PAY-ORD00001300,ORD00001300,cash,approved,12072.05,2026-05-05 03:13:54,paypal
PAY-ORD00001301,ORD00001301,cash,approved,32791.45,2026-05-10 02:35:10,stripe
PAY-ORD00001303,ORD00001303,card,approved,89481.64,2025-05-14 11:40:13,stripe
PAY-ORD00001304,ORD00001304,cash,approved,58254.72,2026-02-27 18:22:47,stripe
PAY-ORD00001305,ORD00001305,cash,approved,106396.93,2025-01-06 19:24:29,paypal
PAY-ORD00001308,ORD00001308,bank_transfer,approved,63603.92,2025-09-06 06:15:38,mercadopago
PAY-ORD00001309,ORD00001309,cash,approved,253547.51,2025-12-03 06:58:43,stripe
PAY-ORD00001310,ORD00001310,wallet,approved,88656.31,2026-04-28 10:44:22,bank
PAY-ORD00001311,ORD00001311,paypal,refunded,26316.08,2025-11-15 15:59:57,paypal
PAY-ORD00001312,ORD00001312,card,approved,13824.68,2026-04-21 15:01:17,paypal
PAY-ORD00001313,ORD00001313,cash,approved,50968.54,2025-07-13 11:44:44,bank
PAY-ORD00001314,ORD00001314,bank_transfer,approved,11386.16,2025-09-22 04:02:26,mercadopago
PAY-ORD00001315,ORD00001315,card,approved,85914.8,2026-01-08 16:24:14,stripe
PAY-ORD00001316,ORD00001316,wallet,approved,7712.56,2025-06-12 21:01:32,mercadopago
PAY-ORD00001317,ORD00001317,cash,refunded,349231.75,2025-04-07 20:02:38,paypal
PAY-ORD00001318,ORD00001318,bank_transfer,pending,110787.24,2025-12-16 14:51:15,mercadopago
PAY-ORD00001320,ORD00001320,card,approved,274109.64,2025-11-22 09:48:54,paypal
PAY-ORD00001321,ORD00001321,bank_transfer,approved,85094.29,2025-05-21 09:01:45,mercadopago
PAY-ORD00001322,ORD00001322,wallet,approved,236696.92,2026-05-17 13:32:46,mercadopago
PAY-ORD00001323,ORD00001323,wallet,approved,63755.06,2025-12-13 05:11:55,bank
PAY-ORD00001324,ORD00001324,paypal,approved,75482.58,2025-11-29 09:43:37,paypal
PAY-ORD00001325,ORD00001325,card,approved,45956.88,2025-09-09 00:18:41,mercadopago
PAY-ORD00001326,ORD00001326,wallet,approved,225000.61,2025-03-07 09:54:34,bank
PAY-ORD00001328,ORD00001328,wallet,approved,87429.92,2026-02-22 10:01:00,mercadopago
PAY-ORD00001329,ORD00001329,wallet,approved,152717.22,2025-06-20 18:49:49,stripe
PAY-ORD00001330,ORD00001330,wallet,declined,218910.11,2026-01-31 17:37:16,bank
PAY-ORD00001331,ORD00001331,card,approved,143688.67,2025-12-13 12:54:30,stripe
PAY-ORD00001332,ORD00001332,card,refunded,126103.62,2025-01-18 12:24:27,bank
PAY-ORD00001333,ORD00001333,paypal,approved,211341.27,2025-06-11 12:49:21,bank
PAY-ORD00001334,ORD00001334,bank_transfer,approved,98753.51,2025-07-09 17:55:13,mercadopago
PAY-ORD00001335,ORD00001335,card,approved,10969.44,2025-01-29 16:32:32,stripe
PAY-ORD00001336,ORD00001336,bank_transfer,approved,53968.18,2026-03-31 10:41:34,paypal
PAY-ORD00001337,ORD00001337,bank_transfer,refunded,125412.52,2025-06-17 00:46:10,bank
PAY-ORD00001338,ORD00001338,card,approved,49591.39,2025-08-07 03:14:31,bank
PAY-ORD00001339,ORD00001339,cash,pending,2967.72,2026-02-14 06:18:26,bank
PAY-ORD00001340,ORD00001340,wallet,approved,77153.36,2025-05-21 04:58:11,stripe
PAY-ORD00001341,ORD00001341,card,approved,55092.41,2025-11-25 04:45:15,bank
PAY-ORD00001342,ORD00001342,card,approved,12936.46,2025-01-26 02:53:20,bank
PAY-ORD00001343,ORD00001343,bank_transfer,declined,61412.64,2025-08-23 23:51:38,mercadopago
PAY-ORD00001346,ORD00001346,bank_transfer,approved,142262.9,2025-10-18 10:03:42,stripe
PAY-ORD00001347,ORD00001347,paypal,approved,63031.69,2026-02-10 22:06:32,mercadopago
PAY-ORD00001348,ORD00001348,paypal,approved,102027.18,2025-12-24 23:43:36,paypal
PAY-ORD00001349,ORD00001349,paypal,approved,66050.95,2025-10-27 05:29:57,mercadopago
PAY-ORD00001350,ORD00001350,wallet,approved,46023.68,2025-12-26 23:51:46,bank
PAY-ORD00001351,ORD00001351,paypal,approved,87151.22,2025-03-12 11:36:31,bank
PAY-ORD00001352,ORD00001352,paypal,approved,56956.91,2025-09-07 05:11:56,paypal
PAY-ORD00001353,ORD00001353,paypal,declined,187991.32,2025-02-06 22:21:52,bank
PAY-ORD00001354,ORD00001354,bank_transfer,approved,151735.8,2025-04-20 22:56:26,bank
PAY-ORD00001356,ORD00001356,card,approved,128371.98,2026-05-11 14:52:51,paypal
PAY-ORD00001357,ORD00001357,paypal,approved,118696.26,2026-05-08 14:39:59,bank
PAY-ORD00001358,ORD00001358,wallet,pending,206984.76,2025-07-27 18:58:04,paypal
PAY-ORD00001360,ORD00001360,card,approved,150909.16,2025-11-07 00:52:50,stripe
PAY-ORD00001361,ORD00001361,bank_transfer,approved,269273.71,2025-04-15 14:19:20,stripe
PAY-ORD00001362,ORD00001362,bank_transfer,approved,54268.9,2025-03-10 15:29:23,mercadopago
PAY-ORD00001363,ORD00001363,paypal,approved,26283.9,2026-03-25 14:05:57,bank
PAY-ORD00001364,ORD00001364,bank_transfer,approved,169989.23,2026-03-12 05:19:02,mercadopago
PAY-ORD00001365,ORD00001365,bank_transfer,approved,32292.94,2026-01-04 09:54:38,paypal
PAY-ORD00001367,ORD00001367,cash,approved,15177.33,2025-01-02 07:53:12,mercadopago
PAY-ORD00001368,ORD00001368,cash,approved,294466.04,2025-02-02 10:46:09,paypal
PAY-ORD00001369,ORD00001369,wallet,approved,132510.21,2025-07-28 21:04:37,stripe
PAY-ORD00001370,ORD00001370,card,approved,47902.01,2026-02-22 14:40:34,mercadopago
PAY-ORD00001371,ORD00001371,cash,approved,225497.56,2025-04-02 12:37:17,bank
PAY-ORD00001372,ORD00001372,cash,approved,61359.32,2026-02-16 08:26:55,bank
PAY-ORD00001373,ORD00001373,wallet,approved,55724.07,2025-03-27 15:51:40,stripe
PAY-ORD00001374,ORD00001374,paypal,approved,129748.54,2025-04-23 09:54:55,mercadopago
PAY-ORD00001375,ORD00001375,wallet,approved,202671.57,2025-02-08 10:24:33,paypal
PAY-ORD00001378,ORD00001378,card,approved,56779.16,2025-09-29 04:02:55,mercadopago
PAY-ORD00001379,ORD00001379,card,approved,67108.37,2026-03-09 18:46:34,stripe
PAY-ORD00001380,ORD00001380,bank_transfer,refunded,24323.64,2025-04-18 21:57:08,bank
PAY-ORD00001381,ORD00001381,bank_transfer,approved,42137.33,2026-05-14 05:11:17,paypal
PAY-ORD00001382,ORD00001382,cash,pending,143855.72,2025-02-20 09:27:44,stripe
PAY-ORD00001383,ORD00001383,card,approved,125856.53,2025-03-19 23:43:07,paypal
PAY-ORD00001384,ORD00001384,wallet,approved,61693.24,2025-12-08 19:35:28,paypal
PAY-ORD00001385,ORD00001385,bank_transfer,approved,98812.7,2026-05-12 03:52:37,stripe
PAY-ORD00001386,ORD00001386,cash,approved,99382.73,2025-01-03 02:33:34,mercadopago
PAY-ORD00001387,ORD00001387,cash,approved,814.87,2025-04-08 02:39:14,mercadopago
PAY-ORD00001388,ORD00001388,paypal,approved,254444.83,2025-06-27 18:29:43,paypal
PAY-ORD00001389,ORD00001389,wallet,approved,133598.3,2025-09-24 06:07:27,mercadopago
PAY-ORD00001390,ORD00001390,card,approved,60193.24,2025-10-12 21:48:45,stripe
PAY-ORD00001392,ORD00001392,wallet,approved,184516.92,2025-07-17 17:38:07,stripe
PAY-ORD00001393,ORD00001393,paypal,approved,39102.24,2025-08-09 04:20:48,stripe
PAY-ORD00001394,ORD00001394,wallet,approved,61499.27,2025-03-23 11:34:06,stripe
PAY-ORD00001395,ORD00001395,paypal,approved,177210.58,2026-02-26 21:34:46,mercadopago
PAY-ORD00001396,ORD00001396,card,declined,146991.14,2025-06-03 21:48:09,stripe
PAY-ORD00001397,ORD00001397,cash,approved,32773.86,2025-03-08 08:45:02,paypal
PAY-ORD00001398,ORD00001398,wallet,approved,159751.68,2026-04-14 21:19:18,mercadopago
PAY-ORD00001399,ORD00001399,wallet,approved,69492.11,2025-02-18 16:20:14,paypal
PAY-ORD00001400,ORD00001400,paypal,approved,35285.25,2025-10-11 08:37:16,bank
PAY-ORD00001402,ORD00001402,bank_transfer,approved,71150.06,2025-04-09 05:31:42,mercadopago
PAY-ORD00001403,ORD00001403,wallet,approved,185947.42,2025-03-26 01:55:43,mercadopago
PAY-ORD00001405,ORD00001405,wallet,approved,121145.22,2025-06-16 04:35:52,stripe
PAY-ORD00001406,ORD00001406,paypal,approved,55881.39,2026-02-22 05:43:01,bank
PAY-ORD00001407,ORD00001407,bank_transfer,approved,26277.47,2025-07-08 17:15:09,bank
PAY-ORD00001410,ORD00001410,wallet,approved,50507.04,2026-02-27 03:33:10,paypal
PAY-ORD00001411,ORD00001411,bank_transfer,approved,138384.17,2026-01-23 15:56:14,stripe
PAY-ORD00001412,ORD00001412,card,pending,22493.95,2025-05-06 18:06:41,mercadopago
PAY-ORD00001413,ORD00001413,bank_transfer,refunded,30068.74,2025-01-29 21:13:21,stripe
PAY-ORD00001414,ORD00001414,bank_transfer,approved,71774.97,2025-08-20 20:14:44,stripe
PAY-ORD00001415,ORD00001415,cash,approved,122827.77,2025-02-23 19:06:26,mercadopago
PAY-ORD00001416,ORD00001416,paypal,approved,68354.24,2025-04-02 15:06:32,mercadopago
PAY-ORD00001417,ORD00001417,card,approved,113708.06,2025-04-20 05:35:36,paypal
PAY-ORD00001418,ORD00001418,card,approved,210078.32,2025-08-20 14:41:55,stripe
PAY-ORD00001420,ORD00001420,wallet,approved,126665.57,2025-03-09 10:11:24,paypal
PAY-ORD00001421,ORD00001421,wallet,approved,149202.88,2026-01-13 13:45:14,mercadopago
PAY-ORD00001422,ORD00001422,card,approved,221555.74,2025-04-11 15:56:00,stripe
PAY-ORD00001423,ORD00001423,cash,approved,174849.45,2026-03-10 00:35:13,mercadopago
PAY-ORD00001424,ORD00001424,paypal,approved,129890.67,2025-03-04 06:18:48,paypal
PAY-ORD00001425,ORD00001425,cash,approved,44182.49,2025-01-01 06:49:28,bank
PAY-ORD00001427,ORD00001427,wallet,approved,238531.0,2025-02-09 21:20:10,bank
PAY-ORD00001428,ORD00001428,wallet,refunded,24516.7,2025-06-13 06:07:48,stripe
PAY-ORD00001429,ORD00001429,bank_transfer,approved,155142.5,2025-01-09 22:39:23,bank
PAY-ORD00001430,ORD00001430,card,approved,110558.83,2025-12-21 11:08:04,mercadopago
PAY-ORD00001431,ORD00001431,cash,refunded,92459.17,2025-02-24 08:24:12,bank
PAY-ORD00001432,ORD00001432,card,approved,47092.79,2026-03-07 05:41:08,paypal
PAY-ORD00001433,ORD00001433,cash,approved,36571.76,2025-05-30 15:48:54,bank
PAY-ORD00001434,ORD00001434,paypal,refunded,11786.44,2025-11-08 16:51:32,mercadopago
PAY-ORD00001435,ORD00001435,cash,approved,122668.22,2026-04-21 10:43:10,bank
PAY-ORD00001436,ORD00001436,wallet,approved,50140.97,2025-04-17 02:05:35,stripe
PAY-ORD00001437,ORD00001437,paypal,approved,90893.05,2026-02-18 01:14:23,paypal
PAY-ORD00001438,ORD00001438,wallet,approved,132845.32,2025-01-06 00:46:56,paypal
PAY-ORD00001439,ORD00001439,bank_transfer,approved,144276.12,2025-02-02 17:26:33,mercadopago
PAY-ORD00001440,ORD00001440,paypal,approved,44494.08,2026-02-08 12:31:00,bank
PAY-ORD00001441,ORD00001441,card,approved,27668.16,2025-05-15 23:26:04,paypal
PAY-ORD00001442,ORD00001442,card,approved,50765.74,2025-01-07 14:58:20,mercadopago
PAY-ORD00001443,ORD00001443,paypal,approved,89112.12,2026-02-14 13:10:59,stripe
PAY-ORD00001446,ORD00001446,bank_transfer,approved,44488.27,2025-12-14 13:46:01,mercadopago
PAY-ORD00001448,ORD00001448,bank_transfer,approved,22492.08,2026-02-20 11:41:15,bank
PAY-ORD00001449,ORD00001449,paypal,approved,143209.35,2026-04-07 18:59:05,mercadopago
PAY-ORD00001450,ORD00001450,wallet,approved,84647.76,2025-03-16 08:13:56,mercadopago
PAY-ORD00001451,ORD00001451,paypal,pending,102563.87,2025-01-22 15:55:45,paypal
PAY-ORD00001452,ORD00001452,paypal,approved,72633.37,2025-12-16 12:59:24,bank
PAY-ORD00001453,ORD00001453,paypal,approved,102732.32,2025-04-08 02:36:24,stripe
PAY-ORD00001454,ORD00001454,cash,approved,56816.6,2025-08-24 02:50:36,stripe
PAY-ORD00001455,ORD00001455,wallet,approved,183343.36,2026-03-29 19:28:29,mercadopago
PAY-ORD00001456,ORD00001456,paypal,approved,138409.0,2025-12-25 04:58:10,bank
PAY-ORD00001457,ORD00001457,paypal,approved,139609.39,2026-04-14 23:47:36,mercadopago
PAY-ORD00001459,ORD00001459,bank_transfer,approved,14330.94,2025-11-22 08:42:00,bank
PAY-ORD00001460,ORD00001460,cash,approved,170306.43,2025-10-03 06:26:50,paypal
PAY-ORD00001461,ORD00001461,card,declined,14069.66,2025-02-11 06:13:55,paypal
PAY-ORD00001462,ORD00001462,cash,approved,53665.62,2025-07-07 20:26:51,paypal
PAY-ORD00001463,ORD00001463,bank_transfer,approved,77681.11,2025-07-20 23:50:47,bank
PAY-ORD00001464,ORD00001464,cash,approved,77392.26,2026-04-20 11:57:58,bank
PAY-ORD00001465,ORD00001465,paypal,approved,120429.23,2025-03-06 02:37:10,paypal
PAY-ORD00001466,ORD00001466,card,approved,33342.96,2025-11-09 21:07:28,stripe
PAY-ORD00001467,ORD00001467,wallet,approved,59984.19,2025-01-30 11:59:14,paypal
PAY-ORD00001468,ORD00001468,cash,approved,111449.41,2025-08-22 22:02:23,bank
PAY-ORD00001469,ORD00001469,card,approved,173928.67,2025-02-17 16:12:04,paypal
PAY-ORD00001470,ORD00001470,wallet,approved,130772.13,2025-05-16 15:54:29,stripe
PAY-ORD00001471,ORD00001471,card,approved,11939.96,2025-06-28 18:55:44,paypal
PAY-ORD00001472,ORD00001472,card,approved,181560.23,2026-05-08 03:30:39,mercadopago
PAY-ORD00001473,ORD00001473,paypal,approved,24326.19,2025-04-08 13:48:28,mercadopago
PAY-ORD00001474,ORD00001474,cash,approved,142614.42,2026-01-23 10:58:37,bank
PAY-ORD00001475,ORD00001475,card,approved,14452.78,2025-09-07 05:46:44,paypal
PAY-ORD00001476,ORD00001476,wallet,approved,99065.92,2025-01-17 16:02:43,stripe
PAY-ORD00001477,ORD00001477,paypal,approved,81355.26,2025-10-06 02:46:42,paypal
PAY-ORD00001478,ORD00001478,bank_transfer,approved,176730.87,2025-11-15 03:16:00,paypal
PAY-ORD00001481,ORD00001481,bank_transfer,approved,25702.57,2025-11-21 11:12:14,bank
PAY-ORD00001482,ORD00001482,wallet,approved,93713.18,2026-04-07 09:23:20,paypal
PAY-ORD00001483,ORD00001483,card,approved,92704.18,2026-02-14 17:41:08,bank
PAY-ORD00001484,ORD00001484,cash,refunded,86059.08,2026-01-07 20:18:53,paypal
PAY-ORD00001485,ORD00001485,bank_transfer,approved,50321.02,2026-05-11 19:16:11,stripe
PAY-ORD00001486,ORD00001486,paypal,approved,53106.85,2025-06-13 18:13:34,bank
PAY-ORD00001487,ORD00001487,bank_transfer,approved,95661.78,2026-04-10 20:42:53,stripe
PAY-ORD00001488,ORD00001488,cash,approved,71302.66,2025-10-22 07:36:47,paypal
PAY-ORD00001489,ORD00001489,paypal,approved,96962.52,2025-11-09 09:42:18,bank
PAY-ORD00001490,ORD00001490,cash,approved,70151.84,2026-02-16 02:59:47,mercadopago
PAY-ORD00001491,ORD00001491,paypal,approved,92708.64,2025-10-22 02:53:33,mercadopago
PAY-ORD00001492,ORD00001492,card,approved,20814.46,2025-08-14 08:14:26,bank
PAY-ORD00001493,ORD00001493,paypal,approved,298825.81,2025-01-29 10:05:58,stripe
PAY-ORD00001494,ORD00001494,wallet,approved,68785.01,2025-06-07 04:55:30,mercadopago
PAY-ORD00001495,ORD00001495,bank_transfer,approved,28067.6,2026-04-23 19:07:17,mercadopago
PAY-ORD00001496,ORD00001496,card,approved,178264.22,2025-07-30 20:51:55,bank
PAY-ORD00001500,ORD00001500,cash,approved,26304.73,2025-03-31 06:19:10,stripe
PAY-ORD00001501,ORD00001501,bank_transfer,approved,39092.47,2026-03-09 16:37:49,paypal
PAY-ORD00001502,ORD00001502,card,approved,28453.21,2025-08-07 23:09:52,stripe
PAY-ORD00001503,ORD00001503,cash,approved,173974.05,2025-02-24 21:57:06,mercadopago
PAY-ORD00001504,ORD00001504,cash,approved,8947.46,2026-05-06 10:14:21,mercadopago
PAY-ORD00001505,ORD00001505,cash,approved,58048.68,2025-10-25 16:53:50,stripe
PAY-ORD00001506,ORD00001506,cash,approved,35294.62,2025-08-25 00:55:14,stripe
PAY-ORD00001507,ORD00001507,bank_transfer,approved,99484.45,2026-03-13 20:57:19,paypal
PAY-ORD00001508,ORD00001508,wallet,approved,191602.13,2025-08-31 07:17:47,stripe
PAY-ORD00001509,ORD00001509,bank_transfer,approved,143895.03,2025-10-02 20:01:42,mercadopago
PAY-ORD00001511,ORD00001511,card,approved,133539.92,2025-03-11 04:44:50,paypal
PAY-ORD00001513,ORD00001513,cash,approved,155546.9,2025-06-25 13:06:28,paypal
PAY-ORD00001514,ORD00001514,card,approved,209184.63,2025-07-16 02:32:26,stripe
PAY-ORD00001516,ORD00001516,cash,approved,45384.09,2025-07-28 05:25:19,paypal
PAY-ORD00001517,ORD00001517,bank_transfer,approved,235919.12,2025-06-26 17:16:05,bank
PAY-ORD00001518,ORD00001518,wallet,refunded,252152.71,2026-04-25 13:08:59,bank
PAY-ORD00001519,ORD00001519,cash,pending,65209.29,2025-08-24 18:56:18,stripe
PAY-ORD00001521,ORD00001521,paypal,approved,81747.61,2025-03-02 20:52:56,stripe
PAY-ORD00001522,ORD00001522,bank_transfer,approved,16732.36,2025-10-11 18:30:23,mercadopago
PAY-ORD00001523,ORD00001523,wallet,approved,104572.5,2025-04-05 10:44:55,bank
PAY-ORD00001524,ORD00001524,wallet,pending,17562.06,2026-04-09 01:23:17,stripe
PAY-ORD00001525,ORD00001525,bank_transfer,approved,54235.04,2026-04-11 14:09:27,mercadopago
PAY-ORD00001527,ORD00001527,bank_transfer,approved,94864.81,2025-11-26 10:50:03,bank
PAY-ORD00001528,ORD00001528,bank_transfer,approved,8883.13,2026-04-30 10:26:57,paypal
PAY-ORD00001529,ORD00001529,cash,approved,29840.94,2026-02-02 18:53:21,paypal
PAY-ORD00001530,ORD00001530,paypal,approved,93888.71,2025-04-10 09:52:18,mercadopago
PAY-ORD00001531,ORD00001531,bank_transfer,approved,79398.95,2026-05-04 00:02:38,paypal
PAY-ORD00001532,ORD00001532,cash,declined,90997.91,2025-03-05 09:34:36,paypal
PAY-ORD00001533,ORD00001533,card,approved,125871.88,2026-04-17 22:05:57,stripe
PAY-ORD00001534,ORD00001534,paypal,refunded,138808.44,2025-09-24 15:53:42,stripe
PAY-ORD00001535,ORD00001535,wallet,approved,127028.26,2026-04-23 15:37:50,paypal
PAY-ORD00001539,ORD00001539,card,approved,102705.74,2025-05-28 19:47:13,bank
PAY-ORD00001540,ORD00001540,paypal,approved,132751.15,2025-06-01 22:27:09,paypal
PAY-ORD00001541,ORD00001541,paypal,approved,218810.71,2026-01-08 13:37:05,paypal
PAY-ORD00001542,ORD00001542,paypal,approved,40102.32,2026-03-08 16:31:22,bank
PAY-ORD00001543,ORD00001543,card,approved,128536.69,2026-01-30 20:03:14,mercadopago
PAY-ORD00001544,ORD00001544,bank_transfer,approved,37999.45,2025-11-28 11:48:03,mercadopago
PAY-ORD00001545,ORD00001545,card,declined,160810.2,2026-03-04 16:01:43,paypal
PAY-ORD00001546,ORD00001546,card,refunded,16244.4,2025-09-16 00:01:38,stripe
PAY-ORD00001547,ORD00001547,paypal,approved,113248.18,2026-02-22 18:27:16,mercadopago
PAY-ORD00001548,ORD00001548,cash,pending,47334.36,2025-12-17 22:13:10,bank
PAY-ORD00001549,ORD00001549,bank_transfer,approved,164684.37,2026-05-13 00:55:36,stripe
PAY-ORD00001550,ORD00001550,wallet,approved,172210.01,2025-11-24 21:25:03,stripe
PAY-ORD00001551,ORD00001551,cash,approved,161169.27,2025-10-30 14:38:16,stripe
PAY-ORD00001553,ORD00001553,paypal,approved,107053.24,2025-09-04 21:38:28,paypal
PAY-ORD00001554,ORD00001554,wallet,refunded,88808.13,2026-01-26 20:53:42,stripe
PAY-ORD00001555,ORD00001555,card,approved,67268.01,2026-01-22 00:26:27,mercadopago
PAY-ORD00001556,ORD00001556,paypal,approved,79234.83,2025-05-04 18:53:29,mercadopago
PAY-ORD00001557,ORD00001557,card,approved,135853.15,2025-12-12 21:16:07,bank
PAY-ORD00001558,ORD00001558,bank_transfer,approved,29813.44,2026-04-19 06:45:12,stripe
PAY-ORD00001559,ORD00001559,card,approved,202446.43,2025-10-01 22:51:45,mercadopago
PAY-ORD00001560,ORD00001560,paypal,approved,192531.85,2025-11-16 20:20:06,stripe
PAY-ORD00001561,ORD00001561,cash,approved,144437.85,2025-05-22 00:21:25,stripe
PAY-ORD00001562,ORD00001562,cash,approved,42569.71,2025-12-23 04:37:43,paypal
PAY-ORD00001563,ORD00001563,card,approved,78115.42,2025-03-24 08:21:54,paypal
PAY-ORD00001565,ORD00001565,cash,declined,108647.06,2026-04-23 14:43:07,paypal
PAY-ORD00001566,ORD00001566,cash,approved,163691.15,2026-01-21 17:40:22,bank
PAY-ORD00001567,ORD00001567,paypal,declined,84282.34,2025-10-27 13:10:50,bank
PAY-ORD00001568,ORD00001568,cash,approved,196087.93,2026-03-27 10:39:10,bank
PAY-ORD00001569,ORD00001569,paypal,approved,70578.36,2026-03-05 21:47:58,stripe
PAY-ORD00001571,ORD00001571,wallet,approved,69356.28,2026-03-30 15:55:32,paypal
PAY-ORD00001572,ORD00001572,card,approved,17797.21,2026-03-07 15:49:43,paypal
PAY-ORD00001573,ORD00001573,bank_transfer,declined,93182.03,2025-06-01 23:32:28,paypal
PAY-ORD00001574,ORD00001574,wallet,approved,95323.76,2025-04-19 11:22:27,paypal
PAY-ORD00001575,ORD00001575,paypal,declined,70270.31,2026-03-31 15:03:26,paypal
PAY-ORD00001576,ORD00001576,paypal,approved,114285.4,2025-02-27 06:30:11,stripe
PAY-ORD00001577,ORD00001577,cash,approved,58567.28,2026-05-09 02:51:26,mercadopago
PAY-ORD00001578,ORD00001578,paypal,approved,41775.53,2025-04-30 14:57:18,mercadopago
PAY-ORD00001579,ORD00001579,bank_transfer,approved,97034.23,2025-11-22 19:10:05,bank
PAY-ORD00001580,ORD00001580,paypal,refunded,221099.1,2025-09-16 14:13:22,bank
PAY-ORD00001582,ORD00001582,bank_transfer,approved,126601.94,2025-09-19 21:43:37,mercadopago
PAY-ORD00001583,ORD00001583,cash,approved,156814.77,2025-02-13 11:44:11,stripe
PAY-ORD00001584,ORD00001584,cash,approved,11639.01,2025-03-30 23:05:54,mercadopago
PAY-ORD00001585,ORD00001585,paypal,approved,163836.22,2026-04-09 06:24:17,mercadopago
PAY-ORD00001587,ORD00001587,paypal,approved,90975.83,2025-11-07 21:16:57,stripe
PAY-ORD00001588,ORD00001588,card,approved,186975.89,2025-07-20 22:23:40,mercadopago
PAY-ORD00001589,ORD00001589,card,approved,128210.32,2025-09-24 05:55:45,paypal
PAY-ORD00001590,ORD00001590,card,approved,94605.32,2025-09-05 02:32:54,paypal
PAY-ORD00001591,ORD00001591,wallet,approved,142919.36,2025-02-25 07:52:45,mercadopago
PAY-ORD00001592,ORD00001592,bank_transfer,approved,147821.79,2026-02-26 14:26:11,mercadopago
PAY-ORD00001593,ORD00001593,bank_transfer,approved,65410.52,2025-12-29 04:24:24,stripe
PAY-ORD00001594,ORD00001594,card,approved,3520.15,2025-11-06 22:44:47,mercadopago
PAY-ORD00001595,ORD00001595,card,refunded,40938.82,2025-01-16 09:58:03,mercadopago
PAY-ORD00001596,ORD00001596,wallet,approved,8071.0,2025-03-21 23:06:13,bank
PAY-ORD00001597,ORD00001597,paypal,approved,22785.14,2025-08-10 14:51:30,mercadopago
PAY-ORD00001598,ORD00001598,paypal,approved,47595.55,2025-04-28 19:33:49,bank
PAY-ORD00001599,ORD00001599,wallet,approved,129933.51,2025-02-09 17:28:22,paypal
PAY-ORD00001600,ORD00001600,card,pending,38781.03,2026-04-25 20:21:05,paypal
PAY-ORD00001601,ORD00001601,paypal,approved,130448.22,2025-07-29 02:28:24,paypal
PAY-ORD00001602,ORD00001602,wallet,approved,208378.47,2025-10-26 02:18:33,mercadopago
PAY-ORD00001603,ORD00001603,paypal,approved,190848.07,2026-04-21 21:17:31,stripe
PAY-ORD00001604,ORD00001604,paypal,approved,105896.3,2026-01-21 15:41:02,paypal
PAY-ORD00001605,ORD00001605,wallet,approved,61784.21,2026-01-27 01:59:08,paypal
PAY-ORD00001606,ORD00001606,wallet,approved,105227.71,2025-07-09 06:39:03,bank
PAY-ORD00001607,ORD00001607,paypal,approved,99226.6,2025-05-09 23:55:09,stripe
PAY-ORD00001609,ORD00001609,card,approved,172927.31,2025-09-26 21:02:25,mercadopago
PAY-ORD00001610,ORD00001610,wallet,pending,142245.57,2025-08-08 01:08:26,bank
PAY-ORD00001611,ORD00001611,wallet,approved,177501.92,2026-01-10 07:02:39,bank
PAY-ORD00001612,ORD00001612,paypal,refunded,111451.93,2025-02-06 23:30:34,bank
PAY-ORD00001613,ORD00001613,paypal,approved,64350.07,2025-09-14 20:55:48,paypal
PAY-ORD00001614,ORD00001614,card,approved,26978.2,2025-06-15 14:42:39,bank
PAY-ORD00001615,ORD00001615,wallet,approved,97865.97,2026-03-28 18:07:55,paypal
PAY-ORD00001616,ORD00001616,wallet,approved,136656.34,2025-02-24 10:05:57,bank
PAY-ORD00001617,ORD00001617,bank_transfer,pending,26846.29,2025-06-30 08:30:58,paypal
PAY-ORD00001618,ORD00001618,paypal,approved,106070.21,2025-02-11 04:56:09,mercadopago
PAY-ORD00001619,ORD00001619,bank_transfer,pending,21850.99,2025-03-23 18:35:55,paypal
PAY-ORD00001620,ORD00001620,paypal,approved,44842.89,2026-01-15 09:39:47,paypal
PAY-ORD00001623,ORD00001623,cash,approved,57539.56,2026-02-22 03:11:14,mercadopago
PAY-ORD00001624,ORD00001624,bank_transfer,approved,56543.46,2025-06-21 01:44:06,bank
PAY-ORD00001626,ORD00001626,paypal,approved,107572.81,2025-07-09 00:07:38,mercadopago
PAY-ORD00001628,ORD00001628,paypal,approved,174565.43,2025-09-21 21:37:47,stripe
PAY-ORD00001629,ORD00001629,card,approved,52381.48,2025-04-29 08:58:40,mercadopago
PAY-ORD00001630,ORD00001630,bank_transfer,approved,149551.85,2025-03-22 19:59:51,paypal
PAY-ORD00001631,ORD00001631,paypal,approved,19708.67,2025-08-05 09:25:53,bank
PAY-ORD00001632,ORD00001632,wallet,approved,111881.61,2026-04-13 22:21:20,mercadopago
PAY-ORD00001633,ORD00001633,card,approved,55920.03,2026-05-10 05:26:20,paypal
PAY-ORD00001634,ORD00001634,card,approved,93014.61,2026-01-23 13:43:17,paypal
PAY-ORD00001635,ORD00001635,wallet,approved,59801.94,2025-10-12 07:00:27,stripe
PAY-ORD00001636,ORD00001636,wallet,approved,293827.97,2026-01-17 10:50:37,bank
PAY-ORD00001637,ORD00001637,card,approved,63107.33,2025-09-24 17:52:28,paypal
PAY-ORD00001638,ORD00001638,cash,approved,122548.81,2025-03-31 06:11:36,paypal
PAY-ORD00001640,ORD00001640,card,approved,64378.96,2025-02-01 09:58:06,stripe
PAY-ORD00001641,ORD00001641,paypal,approved,116315.28,2025-02-14 04:01:25,mercadopago
PAY-ORD00001642,ORD00001642,cash,approved,7962.62,2025-07-01 11:39:01,paypal
PAY-ORD00001643,ORD00001643,cash,approved,26213.97,2025-01-31 03:48:30,bank
PAY-ORD00001645,ORD00001645,card,approved,183584.47,2025-01-07 11:55:00,mercadopago
PAY-ORD00001646,ORD00001646,cash,approved,79888.31,2026-03-01 19:31:50,paypal
PAY-ORD00001647,ORD00001647,card,refunded,45011.87,2026-04-27 00:17:43,stripe
PAY-ORD00001648,ORD00001648,paypal,approved,107014.79,2025-01-27 17:16:59,mercadopago
PAY-ORD00001649,ORD00001649,cash,approved,68334.09,2025-04-30 18:37:19,stripe
PAY-ORD00001651,ORD00001651,bank_transfer,approved,35892.88,2025-01-28 21:47:09,mercadopago
PAY-ORD00001652,ORD00001652,paypal,approved,188307.66,2025-07-13 13:17:00,bank
PAY-ORD00001653,ORD00001653,bank_transfer,approved,98841.87,2025-12-19 11:43:30,bank
PAY-ORD00001654,ORD00001654,card,approved,121672.28,2025-01-21 07:20:32,paypal
PAY-ORD00001656,ORD00001656,wallet,approved,44090.32,2025-12-25 08:27:28,mercadopago
PAY-ORD00001657,ORD00001657,bank_transfer,approved,109241.22,2025-05-22 22:04:00,bank
PAY-ORD00001658,ORD00001658,cash,approved,211368.06,2025-07-09 03:25:48,stripe
PAY-ORD00001659,ORD00001659,cash,approved,70768.66,2025-11-23 23:31:00,bank
PAY-ORD00001660,ORD00001660,card,approved,157804.04,2026-01-15 20:31:56,paypal
PAY-ORD00001661,ORD00001661,paypal,approved,79897.34,2025-12-01 15:25:39,paypal
PAY-ORD00001663,ORD00001663,bank_transfer,approved,139301.27,2026-02-27 14:19:46,bank
PAY-ORD00001665,ORD00001665,paypal,approved,140925.06,2025-09-22 01:28:17,stripe
PAY-ORD00001666,ORD00001666,wallet,approved,59020.24,2025-12-18 05:37:35,mercadopago
PAY-ORD00001668,ORD00001668,bank_transfer,approved,127665.68,2025-04-27 12:51:31,mercadopago
PAY-ORD00001669,ORD00001669,paypal,refunded,12713.92,2026-03-31 18:26:54,paypal
PAY-ORD00001670,ORD00001670,wallet,approved,115391.26,2025-03-30 04:14:48,mercadopago
PAY-ORD00001672,ORD00001672,paypal,approved,50968.1,2026-03-24 14:49:00,paypal
PAY-ORD00001674,ORD00001674,wallet,approved,168915.29,2025-07-30 10:21:53,mercadopago
PAY-ORD00001675,ORD00001675,bank_transfer,approved,119006.6,2025-02-05 21:16:41,paypal
PAY-ORD00001677,ORD00001677,bank_transfer,approved,145151.43,2025-11-11 23:04:40,stripe
PAY-ORD00001679,ORD00001679,paypal,approved,40800.88,2025-07-17 20:02:20,stripe
PAY-ORD00001680,ORD00001680,cash,declined,73147.58,2025-08-24 19:04:02,paypal
PAY-ORD00001681,ORD00001681,paypal,approved,1687.92,2026-01-20 22:50:28,mercadopago
PAY-ORD00001682,ORD00001682,wallet,approved,14000.39,2025-05-15 02:34:33,mercadopago
PAY-ORD00001683,ORD00001683,wallet,approved,142954.71,2025-05-07 23:18:13,stripe
PAY-ORD00001684,ORD00001684,paypal,approved,155309.97,2026-05-18 08:32:33,stripe
PAY-ORD00001685,ORD00001685,bank_transfer,approved,58367.82,2025-02-06 05:30:28,mercadopago
PAY-ORD00001686,ORD00001686,cash,approved,93710.36,2026-01-28 02:11:25,paypal
PAY-ORD00001688,ORD00001688,cash,approved,143246.09,2025-03-11 21:52:18,bank
PAY-ORD00001689,ORD00001689,cash,approved,80704.75,2025-05-20 14:32:39,bank
PAY-ORD00001690,ORD00001690,card,approved,255496.32,2025-06-23 01:02:59,stripe
PAY-ORD00001691,ORD00001691,bank_transfer,approved,79921.01,2025-10-13 21:59:23,stripe
PAY-ORD00001692,ORD00001692,card,approved,115744.3,2025-04-16 19:16:47,stripe
PAY-ORD00001693,ORD00001693,cash,approved,56964.19,2025-06-29 10:53:28,stripe
PAY-ORD00001694,ORD00001694,cash,approved,25878.5,2026-01-02 07:01:04,paypal
PAY-ORD00001695,ORD00001695,paypal,approved,52513.55,2025-06-08 19:37:08,paypal
PAY-ORD00001696,ORD00001696,bank_transfer,approved,224586.8,2026-05-07 02:57:04,mercadopago
PAY-ORD00001698,ORD00001698,cash,approved,51822.75,2026-04-28 04:30:06,mercadopago
PAY-ORD00001699,ORD00001699,card,approved,23977.51,2025-07-24 09:46:14,bank
PAY-ORD00001701,ORD00001701,paypal,declined,108815.7,2025-11-23 18:41:44,paypal
PAY-ORD00001702,ORD00001702,bank_transfer,approved,64955.95,2025-11-10 05:53:34,paypal
PAY-ORD00001703,ORD00001703,paypal,approved,72510.75,2025-04-21 14:13:49,bank
PAY-ORD00001704,ORD00001704,cash,approved,170325.27,2025-05-12 08:23:20,paypal
PAY-ORD00001705,ORD00001705,wallet,approved,51420.14,2026-04-09 10:59:22,paypal
PAY-ORD00001706,ORD00001706,wallet,approved,133177.57,2025-02-27 21:43:38,paypal
PAY-ORD00001707,ORD00001707,bank_transfer,approved,61295.78,2025-12-25 07:55:16,stripe
PAY-ORD00001708,ORD00001708,wallet,approved,26327.47,2025-11-28 01:20:28,stripe
PAY-ORD00001709,ORD00001709,bank_transfer,approved,142542.96,2026-03-03 08:11:55,stripe
PAY-ORD00001711,ORD00001711,paypal,pending,98367.43,2026-01-20 23:35:50,mercadopago
PAY-ORD00001712,ORD00001712,card,approved,94351.73,2026-01-19 15:00:28,stripe
PAY-ORD00001713,ORD00001713,card,refunded,23790.23,2025-10-30 06:00:09,stripe
PAY-ORD00001714,ORD00001714,paypal,approved,94108.24,2025-12-10 19:21:32,mercadopago
PAY-ORD00001715,ORD00001715,wallet,approved,195380.68,2025-04-27 10:53:05,stripe
PAY-ORD00001716,ORD00001716,paypal,approved,58291.76,2025-10-04 09:28:20,paypal
PAY-ORD00001717,ORD00001717,cash,approved,97113.26,2026-04-29 03:41:53,paypal
PAY-ORD00001718,ORD00001718,cash,approved,30942.44,2025-11-28 00:08:38,paypal
PAY-ORD00001719,ORD00001719,cash,approved,19025.72,2025-11-14 13:17:27,mercadopago
PAY-ORD00001720,ORD00001720,card,approved,43170.98,2026-02-09 18:41:16,paypal
PAY-ORD00001721,ORD00001721,wallet,pending,95729.21,2025-06-23 16:00:06,stripe
PAY-ORD00001722,ORD00001722,bank_transfer,approved,24364.48,2025-08-17 17:19:41,bank
PAY-ORD00001723,ORD00001723,paypal,approved,122709.29,2025-10-04 17:21:32,bank
PAY-ORD00001724,ORD00001724,wallet,approved,180574.51,2025-05-07 16:45:01,paypal
PAY-ORD00001726,ORD00001726,bank_transfer,approved,59286.03,2025-10-10 03:58:36,bank
PAY-ORD00001727,ORD00001727,paypal,approved,90601.55,2025-11-19 02:02:59,paypal
PAY-ORD00001728,ORD00001728,wallet,approved,49771.01,2025-03-14 13:30:58,bank
PAY-ORD00001730,ORD00001730,card,approved,61887.71,2025-04-16 11:01:57,bank
PAY-ORD00001731,ORD00001731,wallet,approved,39489.97,2026-03-29 15:29:31,paypal
PAY-ORD00001732,ORD00001732,card,approved,46866.72,2025-01-25 02:28:40,mercadopago
PAY-ORD00001733,ORD00001733,bank_transfer,approved,47768.94,2026-02-08 02:17:39,paypal
PAY-ORD00001735,ORD00001735,paypal,approved,120593.3,2025-12-21 21:17:48,mercadopago
PAY-ORD00001736,ORD00001736,wallet,approved,17199.74,2025-04-22 03:43:52,stripe
PAY-ORD00001737,ORD00001737,wallet,declined,259000.27,2025-09-03 18:09:18,paypal
PAY-ORD00001738,ORD00001738,paypal,approved,125046.48,2025-08-17 00:33:29,paypal
PAY-ORD00001739,ORD00001739,bank_transfer,approved,318145.41,2025-04-17 13:26:57,stripe
PAY-ORD00001740,ORD00001740,wallet,approved,142034.41,2025-05-03 08:14:23,bank
PAY-ORD00001741,ORD00001741,wallet,approved,127499.15,2025-09-22 06:31:21,paypal
PAY-ORD00001742,ORD00001742,cash,approved,46753.98,2025-01-07 10:21:43,stripe
PAY-ORD00001743,ORD00001743,bank_transfer,approved,141255.58,2025-01-14 00:54:57,paypal
PAY-ORD00001744,ORD00001744,wallet,approved,173540.42,2026-05-13 15:37:07,stripe
PAY-ORD00001745,ORD00001745,paypal,approved,65584.59,2025-02-05 03:05:45,stripe
PAY-ORD00001746,ORD00001746,cash,approved,264466.03,2025-06-18 16:25:25,stripe
PAY-ORD00001747,ORD00001747,card,approved,249255.56,2025-09-16 07:26:33,paypal
PAY-ORD00001748,ORD00001748,card,declined,28716.58,2025-04-10 16:18:04,bank
PAY-ORD00001749,ORD00001749,wallet,approved,138098.14,2025-07-13 19:34:20,paypal
PAY-ORD00001750,ORD00001750,bank_transfer,approved,339465.51,2025-10-22 10:26:45,paypal
PAY-ORD00001751,ORD00001751,bank_transfer,approved,1635.04,2025-10-07 15:23:59,mercadopago
PAY-ORD00001752,ORD00001752,card,approved,5886.32,2026-01-09 12:06:11,paypal
PAY-ORD00001753,ORD00001753,wallet,refunded,154379.68,2025-10-29 03:15:36,bank
PAY-ORD00001754,ORD00001754,bank_transfer,approved,158852.96,2025-02-23 20:03:50,bank
PAY-ORD00001755,ORD00001755,wallet,approved,99517.18,2025-01-20 16:01:24,mercadopago
PAY-ORD00001756,ORD00001756,wallet,approved,153095.85,2026-02-26 16:20:58,paypal
PAY-ORD00001757,ORD00001757,card,approved,53258.12,2025-12-21 10:56:42,paypal
PAY-ORD00001758,ORD00001758,wallet,approved,236002.57,2025-05-11 01:50:23,mercadopago
PAY-ORD00001759,ORD00001759,paypal,approved,39599.31,2025-12-24 04:56:02,paypal
PAY-ORD00001761,ORD00001761,wallet,approved,98089.67,2025-06-17 09:37:39,stripe
PAY-ORD00001762,ORD00001762,paypal,approved,123896.48,2025-11-08 11:50:09,paypal
PAY-ORD00001763,ORD00001763,cash,approved,248083.03,2026-03-14 00:09:56,bank
PAY-ORD00001764,ORD00001764,cash,approved,52644.33,2025-08-27 13:17:04,paypal
PAY-ORD00001766,ORD00001766,cash,approved,209408.1,2026-01-21 17:00:53,mercadopago
PAY-ORD00001767,ORD00001767,card,declined,233845.26,2026-01-13 05:34:56,bank
PAY-ORD00001768,ORD00001768,wallet,approved,22335.27,2025-11-12 10:26:38,paypal
PAY-ORD00001769,ORD00001769,card,approved,16865.93,2025-09-17 17:09:57,paypal
PAY-ORD00001770,ORD00001770,cash,approved,13180.63,2026-01-24 00:56:46,paypal
PAY-ORD00001771,ORD00001771,bank_transfer,approved,65504.52,2025-10-26 17:17:13,stripe
PAY-ORD00001773,ORD00001773,wallet,approved,83417.14,2025-08-26 08:30:51,paypal
PAY-ORD00001774,ORD00001774,cash,approved,84127.96,2025-03-22 11:22:00,bank
PAY-ORD00001775,ORD00001775,card,declined,139222.64,2026-04-26 14:46:05,paypal
PAY-ORD00001777,ORD00001777,card,approved,254868.97,2025-04-27 22:41:58,bank
PAY-ORD00001778,ORD00001778,paypal,approved,82442.15,2025-03-02 23:09:38,stripe
PAY-ORD00001779,ORD00001779,paypal,refunded,101103.23,2025-10-11 05:16:31,mercadopago
PAY-ORD00001780,ORD00001780,paypal,approved,120645.86,2025-01-26 09:56:17,paypal
PAY-ORD00001781,ORD00001781,wallet,approved,48365.82,2025-11-13 07:11:12,bank
PAY-ORD00001783,ORD00001783,cash,declined,127822.79,2025-12-18 04:03:49,stripe
PAY-ORD00001785,ORD00001785,wallet,pending,3903.0,2025-08-09 09:30:31,stripe
PAY-ORD00001786,ORD00001786,bank_transfer,approved,230978.54,2025-02-05 00:00:52,stripe
PAY-ORD00001787,ORD00001787,paypal,refunded,70001.45,2025-07-24 20:57:40,paypal
PAY-ORD00001788,ORD00001788,paypal,approved,9191.13,2025-05-25 09:49:54,bank
PAY-ORD00001789,ORD00001789,card,approved,186686.89,2026-01-09 13:21:10,mercadopago
PAY-ORD00001790,ORD00001790,wallet,approved,22928.96,2025-08-20 07:23:19,bank
PAY-ORD00001792,ORD00001792,paypal,approved,123764.44,2026-05-17 10:43:22,mercadopago
PAY-ORD00001793,ORD00001793,paypal,approved,262704.06,2025-05-24 13:39:33,mercadopago
PAY-ORD00001795,ORD00001795,cash,pending,7338.14,2026-04-27 04:45:44,paypal
PAY-ORD00001797,ORD00001797,cash,approved,110186.17,2025-08-02 21:34:56,paypal
PAY-ORD00001799,ORD00001799,paypal,declined,16159.54,2025-04-09 03:32:07,bank
PAY-ORD00001800,ORD00001800,wallet,approved,152404.14,2025-09-27 07:22:31,mercadopago
PAY-ORD00001801,ORD00001801,cash,approved,19828.82,2025-09-13 23:31:41,stripe
PAY-ORD00001802,ORD00001802,paypal,refunded,22331.83,2025-04-13 04:06:52,bank
PAY-ORD00001803,ORD00001803,card,approved,96264.98,2025-11-22 10:14:54,paypal
PAY-ORD00001804,ORD00001804,wallet,approved,46876.96,2025-08-17 13:46:54,bank
PAY-ORD00001806,ORD00001806,paypal,approved,53069.95,2026-01-30 11:30:03,mercadopago
PAY-ORD00001807,ORD00001807,bank_transfer,approved,287295.56,2026-01-19 03:55:23,bank
PAY-ORD00001808,ORD00001808,wallet,approved,200506.11,2025-02-18 08:16:45,mercadopago
PAY-ORD00001809,ORD00001809,paypal,approved,164061.14,2026-03-14 22:04:30,bank
PAY-ORD00001810,ORD00001810,card,approved,32231.59,2026-04-30 20:42:11,stripe
PAY-ORD00001811,ORD00001811,cash,approved,216261.65,2025-04-25 16:20:15,bank
PAY-ORD00001812,ORD00001812,bank_transfer,approved,108939.7,2025-08-08 18:56:03,mercadopago
PAY-ORD00001813,ORD00001813,paypal,approved,27909.11,2026-03-10 15:51:52,mercadopago
PAY-ORD00001814,ORD00001814,paypal,approved,19160.23,2026-04-21 23:09:05,stripe
PAY-ORD00001815,ORD00001815,paypal,approved,290252.82,2025-08-17 06:36:22,paypal
PAY-ORD00001816,ORD00001816,wallet,approved,7091.76,2026-03-08 23:21:03,mercadopago
PAY-ORD00001817,ORD00001817,card,approved,139989.47,2026-03-24 06:10:38,stripe
PAY-ORD00001818,ORD00001818,wallet,approved,139456.25,2025-02-03 23:47:20,mercadopago
PAY-ORD00001819,ORD00001819,wallet,approved,25477.65,2025-01-03 00:45:54,stripe
PAY-ORD00001820,ORD00001820,card,pending,175810.67,2025-08-19 19:43:20,stripe
PAY-ORD00001821,ORD00001821,card,approved,173546.61,2025-08-17 10:01:14,mercadopago
PAY-ORD00001822,ORD00001822,paypal,approved,120047.62,2026-01-20 12:48:32,stripe
PAY-ORD00001823,ORD00001823,paypal,pending,72767.87,2025-10-29 13:49:12,stripe
PAY-ORD00001824,ORD00001824,wallet,approved,116513.21,2026-04-25 01:07:28,bank
PAY-ORD00001826,ORD00001826,cash,refunded,77930.61,2026-03-24 22:27:23,mercadopago
PAY-ORD00001827,ORD00001827,wallet,approved,151071.29,2025-12-30 07:11:13,paypal
PAY-ORD00001828,ORD00001828,cash,approved,183928.47,2025-07-26 06:54:31,mercadopago
PAY-ORD00001829,ORD00001829,paypal,approved,76856.0,2025-01-02 17:13:12,paypal
PAY-ORD00001831,ORD00001831,bank_transfer,approved,4992.73,2025-07-15 06:00:54,paypal
PAY-ORD00001832,ORD00001832,paypal,refunded,11066.8,2025-07-14 08:24:22,mercadopago
PAY-ORD00001833,ORD00001833,wallet,approved,207777.95,2026-05-06 14:53:31,paypal
PAY-ORD00001835,ORD00001835,paypal,approved,130140.35,2025-04-11 02:16:47,stripe
PAY-ORD00001836,ORD00001836,card,approved,240549.43,2025-08-18 13:38:57,paypal
PAY-ORD00001838,ORD00001838,wallet,approved,219577.12,2026-04-02 12:52:13,bank
PAY-ORD00001839,ORD00001839,bank_transfer,declined,22596.82,2025-12-11 12:54:28,bank
PAY-ORD00001840,ORD00001840,card,approved,70325.8,2025-02-03 17:08:21,stripe
PAY-ORD00001841,ORD00001841,wallet,approved,93274.64,2025-07-14 15:05:45,bank
PAY-ORD00001842,ORD00001842,bank_transfer,approved,8708.83,2025-12-20 05:11:19,mercadopago
PAY-ORD00001843,ORD00001843,paypal,approved,32651.74,2025-11-28 05:44:23,bank
PAY-ORD00001844,ORD00001844,paypal,approved,21357.89,2025-07-07 05:53:21,stripe
PAY-ORD00001845,ORD00001845,wallet,approved,88212.22,2025-08-08 01:28:04,bank
PAY-ORD00001847,ORD00001847,bank_transfer,declined,5957.16,2025-01-20 03:16:31,stripe
PAY-ORD00001848,ORD00001848,cash,approved,79223.21,2026-02-27 21:33:57,paypal
PAY-ORD00001849,ORD00001849,cash,approved,20865.77,2025-06-07 19:10:10,paypal
PAY-ORD00001850,ORD00001850,wallet,approved,40926.6,2025-12-28 16:06:42,stripe
PAY-ORD00001852,ORD00001852,bank_transfer,approved,92354.71,2025-12-09 12:04:52,paypal
PAY-ORD00001853,ORD00001853,bank_transfer,approved,106572.66,2025-12-15 23:15:22,paypal
PAY-ORD00001854,ORD00001854,bank_transfer,approved,63319.8,2025-02-23 20:28:00,bank
PAY-ORD00001855,ORD00001855,card,approved,60478.14,2025-08-12 09:19:22,mercadopago
PAY-ORD00001856,ORD00001856,bank_transfer,approved,46419.28,2025-09-30 05:53:34,stripe
PAY-ORD00001857,ORD00001857,card,pending,107921.96,2025-01-06 07:02:04,mercadopago
PAY-ORD00001858,ORD00001858,bank_transfer,pending,133263.55,2025-02-20 11:00:57,mercadopago
PAY-ORD00001859,ORD00001859,card,approved,9553.63,2025-02-22 06:47:10,mercadopago
PAY-ORD00001862,ORD00001862,paypal,approved,163089.24,2025-10-14 07:15:44,paypal
PAY-ORD00001863,ORD00001863,card,approved,11590.01,2025-05-27 22:56:50,paypal
PAY-ORD00001864,ORD00001864,bank_transfer,approved,82885.19,2025-07-23 18:24:54,bank
PAY-ORD00001865,ORD00001865,cash,approved,88060.96,2026-02-22 06:14:52,mercadopago
PAY-ORD00001866,ORD00001866,bank_transfer,approved,53737.17,2026-05-13 10:21:43,bank
PAY-ORD00001867,ORD00001867,cash,approved,19663.15,2025-10-15 04:03:53,stripe
PAY-ORD00001869,ORD00001869,paypal,approved,137444.81,2026-04-10 17:23:00,stripe
PAY-ORD00001870,ORD00001870,paypal,approved,48108.22,2025-04-17 21:12:30,stripe
PAY-ORD00001871,ORD00001871,bank_transfer,approved,44490.07,2025-07-09 18:57:25,stripe
PAY-ORD00001872,ORD00001872,bank_transfer,approved,76658.45,2025-03-03 10:13:06,mercadopago
PAY-ORD00001873,ORD00001873,card,approved,63765.35,2025-07-12 10:21:08,bank
PAY-ORD00001874,ORD00001874,bank_transfer,approved,187410.07,2025-12-23 22:31:41,paypal
PAY-ORD00001875,ORD00001875,bank_transfer,approved,238748.15,2026-02-21 05:47:52,paypal
PAY-ORD00001876,ORD00001876,bank_transfer,approved,158916.01,2025-01-13 05:57:42,mercadopago
PAY-ORD00001877,ORD00001877,bank_transfer,approved,160582.12,2025-06-16 09:43:59,mercadopago
PAY-ORD00001878,ORD00001878,paypal,approved,8660.71,2025-11-04 08:47:16,bank
PAY-ORD00001879,ORD00001879,cash,approved,29351.61,2025-08-23 13:04:56,stripe
PAY-ORD00001880,ORD00001880,paypal,approved,140159.56,2025-04-23 00:36:29,stripe
PAY-ORD00001881,ORD00001881,bank_transfer,approved,15057.49,2025-11-21 01:49:28,stripe
PAY-ORD00001882,ORD00001882,wallet,approved,4230.09,2025-04-14 17:43:20,mercadopago
PAY-ORD00001883,ORD00001883,paypal,approved,15434.07,2026-01-14 20:33:24,bank
PAY-ORD00001884,ORD00001884,paypal,approved,91175.22,2025-03-08 17:41:50,bank
PAY-ORD00001885,ORD00001885,card,approved,96354.28,2025-09-22 12:16:07,mercadopago
PAY-ORD00001886,ORD00001886,cash,approved,20127.11,2026-04-06 08:59:22,paypal
PAY-ORD00001887,ORD00001887,paypal,approved,92447.14,2026-03-20 05:14:57,stripe
PAY-ORD00001888,ORD00001888,card,approved,35245.67,2025-11-17 03:45:29,bank
PAY-ORD00001890,ORD00001890,bank_transfer,approved,197741.98,2025-10-10 17:21:41,stripe
PAY-ORD00001891,ORD00001891,paypal,approved,4921.79,2025-05-29 16:48:41,mercadopago
PAY-ORD00001892,ORD00001892,card,approved,24379.67,2026-02-06 21:39:23,bank
PAY-ORD00001894,ORD00001894,cash,approved,23578.16,2025-11-02 09:59:30,mercadopago
PAY-ORD00001897,ORD00001897,bank_transfer,approved,66538.21,2026-01-23 18:33:17,paypal
PAY-ORD00001898,ORD00001898,card,pending,2905.6,2025-07-07 09:37:59,stripe
PAY-ORD00001899,ORD00001899,cash,pending,130073.67,2025-08-09 08:48:18,mercadopago
PAY-ORD00001900,ORD00001900,wallet,approved,180724.66,2026-04-06 08:05:51,stripe
PAY-ORD00001901,ORD00001901,bank_transfer,declined,226357.99,2026-03-03 17:39:00,mercadopago
PAY-ORD00001902,ORD00001902,cash,approved,202092.76,2025-11-28 07:37:40,mercadopago
PAY-ORD00001903,ORD00001903,cash,approved,162443.38,2026-03-10 21:20:07,stripe
PAY-ORD00001904,ORD00001904,cash,pending,18833.64,2025-04-08 06:52:00,bank
PAY-ORD00001905,ORD00001905,bank_transfer,approved,93650.7,2025-08-06 04:27:57,bank
PAY-ORD00001906,ORD00001906,wallet,approved,77145.77,2025-09-30 15:46:50,mercadopago
PAY-ORD00001907,ORD00001907,card,approved,180648.99,2025-11-09 04:34:39,mercadopago
PAY-ORD00001909,ORD00001909,wallet,approved,40631.01,2025-08-27 17:03:42,paypal
PAY-ORD00001910,ORD00001910,card,approved,17182.51,2025-03-10 06:15:53,paypal
PAY-ORD00001911,ORD00001911,cash,approved,53373.9,2025-09-17 17:50:56,bank
PAY-ORD00001912,ORD00001912,paypal,approved,73988.1,2025-02-22 15:56:05,stripe
PAY-ORD00001913,ORD00001913,cash,approved,202427.0,2025-11-26 20:41:19,mercadopago
PAY-ORD00001914,ORD00001914,wallet,approved,178956.82,2025-08-06 17:08:20,stripe
PAY-ORD00001916,ORD00001916,paypal,approved,134330.85,2025-03-27 21:05:14,bank
PAY-ORD00001917,ORD00001917,card,approved,181516.84,2025-04-10 11:36:18,stripe
PAY-ORD00001919,ORD00001919,paypal,approved,109024.72,2026-03-22 18:15:31,bank
PAY-ORD00001920,ORD00001920,cash,approved,117139.12,2025-03-07 17:03:18,stripe
PAY-ORD00001921,ORD00001921,paypal,pending,112605.6,2025-09-05 21:48:35,stripe
PAY-ORD00001922,ORD00001922,paypal,approved,141248.34,2025-05-23 00:06:47,bank
PAY-ORD00001923,ORD00001923,card,approved,142186.28,2025-08-05 19:11:38,paypal
PAY-ORD00001924,ORD00001924,paypal,approved,81966.3,2026-04-07 02:52:47,bank
PAY-ORD00001925,ORD00001925,paypal,approved,96086.02,2025-02-22 21:37:40,bank
PAY-ORD00001927,ORD00001927,paypal,approved,110582.51,2025-11-22 01:58:33,mercadopago
PAY-ORD00001928,ORD00001928,paypal,approved,38750.33,2025-03-05 23:27:08,bank
PAY-ORD00001929,ORD00001929,cash,approved,19224.15,2025-05-03 01:00:16,paypal
PAY-ORD00001930,ORD00001930,paypal,approved,149970.79,2025-04-15 16:12:47,bank
PAY-ORD00001931,ORD00001931,bank_transfer,approved,137317.1,2025-12-10 17:15:54,stripe
PAY-ORD00001932,ORD00001932,cash,approved,43628.75,2025-07-10 12:11:06,bank
PAY-ORD00001933,ORD00001933,card,approved,65266.72,2026-02-01 06:43:17,mercadopago
PAY-ORD00001936,ORD00001936,cash,approved,197628.53,2026-05-13 04:46:48,mercadopago
PAY-ORD00001937,ORD00001937,card,approved,105411.33,2025-07-25 18:54:35,paypal
PAY-ORD00001938,ORD00001938,paypal,approved,121744.74,2026-04-28 13:04:10,mercadopago
PAY-ORD00001939,ORD00001939,wallet,approved,81907.93,2025-02-16 17:20:18,stripe
PAY-ORD00001940,ORD00001940,cash,approved,73653.45,2026-02-02 03:19:46,stripe
PAY-ORD00001942,ORD00001942,card,approved,178891.64,2025-10-31 10:24:22,stripe
PAY-ORD00001943,ORD00001943,cash,approved,91353.79,2025-06-11 11:39:02,stripe
PAY-ORD00001944,ORD00001944,card,approved,10195.62,2025-06-03 21:12:25,stripe
PAY-ORD00001945,ORD00001945,cash,approved,155006.16,2026-05-07 03:35:50,mercadopago
PAY-ORD00001946,ORD00001946,wallet,approved,29873.94,2025-06-19 02:52:53,stripe
PAY-ORD00001947,ORD00001947,cash,approved,225579.84,2026-05-09 01:53:02,bank
PAY-ORD00001948,ORD00001948,card,approved,30435.63,2025-12-21 15:09:45,bank
PAY-ORD00001949,ORD00001949,card,refunded,55765.65,2025-08-12 18:21:11,bank
PAY-ORD00001950,ORD00001950,wallet,approved,37546.34,2025-06-15 16:32:34,paypal
PAY-ORD00001951,ORD00001951,paypal,approved,111764.97,2025-08-04 00:32:14,mercadopago
PAY-ORD00001952,ORD00001952,wallet,approved,49462.62,2025-01-13 10:53:02,stripe
PAY-ORD00001953,ORD00001953,paypal,approved,41976.92,2026-02-13 12:00:38,bank
PAY-ORD00001954,ORD00001954,wallet,approved,186291.85,2025-07-25 22:43:38,paypal
PAY-ORD00001955,ORD00001955,bank_transfer,approved,146741.28,2025-05-26 10:33:31,paypal
PAY-ORD00001956,ORD00001956,bank_transfer,approved,169152.15,2026-05-03 20:45:55,paypal
PAY-ORD00001957,ORD00001957,paypal,declined,79219.13,2026-03-08 22:45:44,paypal
PAY-ORD00001958,ORD00001958,paypal,approved,78328.93,2025-12-29 19:18:55,paypal
PAY-ORD00001959,ORD00001959,cash,approved,27440.45,2025-09-22 03:53:30,stripe
PAY-ORD00001962,ORD00001962,card,approved,28176.1,2026-03-19 22:52:47,paypal
PAY-ORD00001964,ORD00001964,bank_transfer,declined,152317.55,2025-05-11 01:58:43,paypal
PAY-ORD00001965,ORD00001965,bank_transfer,approved,218603.06,2025-09-29 12:38:28,paypal
PAY-ORD00001967,ORD00001967,paypal,approved,120037.35,2025-06-25 13:21:58,stripe
PAY-ORD00001968,ORD00001968,paypal,approved,113627.7,2025-08-18 22:24:58,stripe
PAY-ORD00001970,ORD00001970,bank_transfer,approved,26752.39,2025-11-30 02:28:08,bank
PAY-ORD00001972,ORD00001972,wallet,approved,122536.44,2025-12-01 22:00:24,paypal
PAY-ORD00001973,ORD00001973,paypal,approved,146261.27,2026-01-10 19:00:45,paypal
PAY-ORD00001974,ORD00001974,wallet,refunded,44613.75,2026-04-03 21:11:07,mercadopago
PAY-ORD00001975,ORD00001975,paypal,approved,79113.19,2025-04-02 13:23:03,bank
PAY-ORD00001976,ORD00001976,card,approved,96298.95,2025-04-21 07:03:24,paypal
PAY-ORD00001977,ORD00001977,bank_transfer,approved,20696.33,2026-01-17 12:18:03,mercadopago
PAY-ORD00001978,ORD00001978,card,approved,110112.27,2026-05-10 18:15:54,bank
PAY-ORD00001979,ORD00001979,wallet,approved,22512.08,2025-01-22 13:06:45,bank
PAY-ORD00001980,ORD00001980,card,approved,135297.38,2025-03-19 05:17:53,bank
PAY-ORD00001983,ORD00001983,bank_transfer,approved,127807.47,2026-02-23 22:13:31,stripe
PAY-ORD00001984,ORD00001984,paypal,refunded,96003.15,2025-11-21 22:43:20,stripe
PAY-ORD00001985,ORD00001985,cash,approved,8393.23,2025-09-01 22:49:26,mercadopago
PAY-ORD00001986,ORD00001986,card,approved,198638.71,2025-01-06 08:37:15,stripe
PAY-ORD00001987,ORD00001987,bank_transfer,approved,45653.98,2025-10-23 03:18:58,mercadopago
PAY-ORD00001988,ORD00001988,cash,approved,285276.2,2025-11-08 08:43:37,stripe
PAY-ORD00001989,ORD00001989,paypal,approved,181793.51,2026-04-01 07:21:06,stripe
PAY-ORD00001990,ORD00001990,bank_transfer,approved,56849.42,2025-12-30 13:20:08,paypal
PAY-ORD00001991,ORD00001991,paypal,declined,105230.59,2026-04-08 04:59:34,bank
PAY-ORD00001992,ORD00001992,wallet,approved,31541.05,2025-06-07 03:42:28,paypal
PAY-ORD00001993,ORD00001993,card,approved,21408.52,2025-07-05 19:07:06,stripe
PAY-ORD00001994,ORD00001994,bank_transfer,approved,261002.76,2025-11-08 03:26:24,mercadopago
PAY-ORD00001995,ORD00001995,wallet,refunded,220782.0,2025-05-30 22:55:16,mercadopago
PAY-ORD00001996,ORD00001996,wallet,approved,126266.04,2025-07-07 17:10:19,paypal
PAY-ORD00001998,ORD00001998,wallet,approved,135269.01,2025-11-24 00:26:24,paypal
PAY-ORD00001999,ORD00001999,bank_transfer,approved,187408.22,2026-01-12 22:09:53,bank
PAY-ORD00002000,ORD00002000,card,refunded,91263.01,2025-01-08 03:43:03,paypal
PAY-ORD00002001,ORD00002001,cash,approved,62399.56,2025-07-30 07:47:15,bank
PAY-ORD00002002,ORD00002002,bank_transfer,approved,120449.4,2026-04-13 07:45:49,stripe
PAY-ORD00002003,ORD00002003,bank_transfer,approved,142796.68,2025-01-12 09:15:42,stripe
PAY-ORD00002005,ORD00002005,wallet,approved,38022.46,2025-04-19 12:45:19,mercadopago
PAY-ORD00002006,ORD00002006,cash,approved,211141.0,2026-01-12 02:30:57,stripe
PAY-ORD00002007,ORD00002007,wallet,approved,157011.39,2025-02-20 13:04:38,bank
PAY-ORD00002008,ORD00002008,bank_transfer,approved,116271.31,2025-03-24 05:39:28,stripe
PAY-ORD00002009,ORD00002009,paypal,approved,36096.3,2025-02-23 16:45:15,bank
PAY-ORD00002010,ORD00002010,bank_transfer,approved,145420.59,2025-05-03 11:40:49,mercadopago
PAY-ORD00002011,ORD00002011,bank_transfer,approved,56104.14,2025-04-26 02:26:56,paypal
PAY-ORD00002013,ORD00002013,cash,approved,97270.08,2025-08-03 12:41:28,mercadopago
PAY-ORD00002014,ORD00002014,bank_transfer,approved,85248.44,2026-03-14 17:55:35,bank
PAY-ORD00002015,ORD00002015,cash,approved,134081.83,2025-07-05 15:29:41,mercadopago
PAY-ORD00002017,ORD00002017,bank_transfer,approved,63150.71,2026-01-08 09:30:04,bank
PAY-ORD00002018,ORD00002018,card,approved,192004.39,2025-10-02 18:17:38,paypal
PAY-ORD00002019,ORD00002019,wallet,approved,252456.23,2025-02-22 22:29:58,mercadopago
PAY-ORD00002020,ORD00002020,cash,approved,54417.49,2025-06-20 03:33:43,bank
PAY-ORD00002021,ORD00002021,paypal,approved,119571.27,2025-04-10 10:03:37,stripe
PAY-ORD00002022,ORD00002022,card,approved,99494.4,2025-11-05 01:10:26,paypal
PAY-ORD00002023,ORD00002023,bank_transfer,approved,117764.48,2025-03-02 05:51:08,stripe
PAY-ORD00002024,ORD00002024,card,approved,12103.02,2026-04-17 19:53:40,stripe
PAY-ORD00002026,ORD00002026,cash,approved,168477.05,2025-02-09 05:20:43,bank
PAY-ORD00002027,ORD00002027,bank_transfer,approved,106796.21,2026-02-07 10:20:29,stripe
PAY-ORD00002028,ORD00002028,card,approved,172402.7,2026-05-07 23:03:14,stripe
PAY-ORD00002029,ORD00002029,bank_transfer,approved,124688.9,2025-02-12 16:31:10,paypal
PAY-ORD00002030,ORD00002030,wallet,approved,144377.1,2025-02-05 18:52:45,paypal
PAY-ORD00002031,ORD00002031,card,approved,249233.34,2026-02-10 08:25:18,stripe
PAY-ORD00002033,ORD00002033,wallet,refunded,152292.72,2026-01-19 18:43:26,mercadopago
PAY-ORD00002034,ORD00002034,wallet,declined,29880.92,2026-03-27 12:35:08,stripe
PAY-ORD00002035,ORD00002035,wallet,declined,72533.73,2025-01-04 19:46:46,mercadopago
PAY-ORD00002037,ORD00002037,card,approved,71222.3,2025-12-21 16:10:01,paypal
PAY-ORD00002039,ORD00002039,paypal,approved,6157.79,2025-12-05 04:34:28,paypal
PAY-ORD00002040,ORD00002040,wallet,approved,80010.22,2025-04-14 17:33:40,bank
PAY-ORD00002041,ORD00002041,cash,approved,23867.42,2025-10-23 13:14:25,bank
PAY-ORD00002042,ORD00002042,wallet,approved,69668.36,2025-03-01 03:46:51,stripe
PAY-ORD00002043,ORD00002043,bank_transfer,approved,46484.45,2025-05-08 11:12:45,stripe
PAY-ORD00002044,ORD00002044,bank_transfer,approved,114109.19,2025-05-09 16:18:39,bank
PAY-ORD00002045,ORD00002045,wallet,approved,192167.89,2026-01-28 18:44:11,mercadopago
PAY-ORD00002046,ORD00002046,bank_transfer,approved,84631.6,2025-07-01 16:34:05,stripe
PAY-ORD00002048,ORD00002048,cash,approved,71251.8,2025-12-14 13:02:15,bank
PAY-ORD00002049,ORD00002049,wallet,approved,135940.93,2026-01-21 19:39:52,stripe
PAY-ORD00002050,ORD00002050,cash,approved,31127.1,2025-09-12 14:23:08,stripe
PAY-ORD00002051,ORD00002051,card,approved,86916.92,2026-05-14 02:31:47,mercadopago
PAY-ORD00002052,ORD00002052,wallet,approved,153133.83,2025-05-31 06:08:15,mercadopago
PAY-ORD00002053,ORD00002053,wallet,approved,132453.16,2025-02-19 21:17:20,paypal
PAY-ORD00002054,ORD00002054,cash,approved,13697.93,2026-03-09 00:35:58,stripe
PAY-ORD00002055,ORD00002055,card,approved,21945.56,2026-05-09 00:43:14,paypal
PAY-ORD00002056,ORD00002056,wallet,approved,112310.52,2025-08-02 05:00:56,paypal
PAY-ORD00002057,ORD00002057,card,approved,104862.9,2026-03-15 13:27:14,mercadopago
PAY-ORD00002058,ORD00002058,bank_transfer,approved,152723.08,2025-12-16 13:35:13,mercadopago
PAY-ORD00002059,ORD00002059,paypal,refunded,189031.71,2025-06-28 19:29:58,paypal
PAY-ORD00002060,ORD00002060,card,approved,141031.31,2025-10-08 05:50:14,mercadopago
PAY-ORD00002061,ORD00002061,paypal,approved,222048.09,2026-03-23 23:39:28,mercadopago
PAY-ORD00002062,ORD00002062,cash,approved,159517.82,2025-07-06 06:26:35,paypal
PAY-ORD00002063,ORD00002063,card,pending,21662.1,2025-11-16 06:33:28,stripe
PAY-ORD00002066,ORD00002066,card,approved,180844.84,2025-12-30 00:31:36,stripe
PAY-ORD00002067,ORD00002067,wallet,approved,95589.88,2025-02-28 02:07:22,mercadopago
PAY-ORD00002068,ORD00002068,card,approved,231173.2,2025-10-29 00:42:10,stripe
PAY-ORD00002069,ORD00002069,bank_transfer,approved,33610.61,2025-12-28 00:41:58,paypal
PAY-ORD00002071,ORD00002071,wallet,approved,25395.92,2025-01-21 01:00:20,stripe
PAY-ORD00002072,ORD00002072,card,approved,135609.38,2026-02-20 17:37:38,mercadopago
PAY-ORD00002073,ORD00002073,paypal,approved,253802.25,2025-01-21 13:59:55,paypal
PAY-ORD00002074,ORD00002074,cash,approved,39951.19,2025-03-02 06:26:00,bank
PAY-ORD00002075,ORD00002075,wallet,approved,1951.47,2025-03-05 09:08:36,mercadopago
PAY-ORD00002076,ORD00002076,card,declined,43700.59,2026-04-28 09:12:52,mercadopago
PAY-ORD00002077,ORD00002077,card,approved,120311.58,2026-04-26 00:02:20,mercadopago
PAY-ORD00002078,ORD00002078,bank_transfer,approved,132757.22,2026-05-14 10:22:36,bank
PAY-ORD00002079,ORD00002079,card,approved,152382.44,2025-09-09 12:00:08,bank
PAY-ORD00002080,ORD00002080,paypal,approved,122363.66,2025-06-12 08:00:10,stripe
PAY-ORD00002081,ORD00002081,bank_transfer,approved,78276.89,2026-03-19 13:53:06,stripe
PAY-ORD00002082,ORD00002082,bank_transfer,approved,147452.95,2025-11-27 15:04:43,stripe
PAY-ORD00002083,ORD00002083,wallet,refunded,114143.9,2025-05-09 08:12:01,paypal
PAY-ORD00002084,ORD00002084,cash,approved,149627.95,2025-11-11 20:34:38,paypal
PAY-ORD00002085,ORD00002085,bank_transfer,approved,63193.09,2025-09-08 19:38:50,stripe
PAY-ORD00002087,ORD00002087,bank_transfer,approved,181425.83,2025-05-06 23:29:18,bank
PAY-ORD00002088,ORD00002088,paypal,refunded,75986.56,2025-09-24 02:12:05,paypal
PAY-ORD00002089,ORD00002089,wallet,approved,272328.45,2025-09-06 18:16:51,mercadopago
PAY-ORD00002090,ORD00002090,bank_transfer,refunded,34187.02,2025-07-30 14:12:06,stripe
PAY-ORD00002091,ORD00002091,paypal,approved,66281.2,2026-01-21 09:20:59,mercadopago
PAY-ORD00002092,ORD00002092,cash,approved,192155.78,2025-02-01 22:13:29,stripe
PAY-ORD00002093,ORD00002093,cash,approved,38429.26,2025-12-01 00:58:32,mercadopago
PAY-ORD00002095,ORD00002095,card,approved,227711.66,2025-12-27 08:08:05,paypal
PAY-ORD00002096,ORD00002096,wallet,approved,6342.91,2025-07-14 07:15:33,stripe
PAY-ORD00002097,ORD00002097,card,approved,49978.75,2025-09-02 21:53:34,paypal
PAY-ORD00002098,ORD00002098,paypal,approved,225215.35,2025-02-24 09:13:55,mercadopago
PAY-ORD00002099,ORD00002099,paypal,approved,26810.1,2025-09-06 10:27:33,paypal
PAY-ORD00002101,ORD00002101,card,declined,191928.13,2026-03-17 06:14:55,stripe
PAY-ORD00002102,ORD00002102,paypal,approved,153383.7,2025-10-18 19:32:44,stripe
PAY-ORD00002103,ORD00002103,wallet,declined,104870.63,2025-11-02 19:17:57,stripe
PAY-ORD00002104,ORD00002104,wallet,approved,61190.61,2025-05-13 01:41:59,mercadopago
PAY-ORD00002105,ORD00002105,card,approved,51053.06,2025-02-23 20:34:40,mercadopago
PAY-ORD00002106,ORD00002106,cash,approved,83386.89,2025-02-04 15:22:49,stripe
PAY-ORD00002107,ORD00002107,paypal,declined,127443.93,2025-03-18 01:06:57,stripe
PAY-ORD00002108,ORD00002108,card,approved,69527.97,2025-05-18 22:56:46,mercadopago
PAY-ORD00002109,ORD00002109,wallet,approved,195318.97,2025-10-03 19:18:23,bank
PAY-ORD00002111,ORD00002111,wallet,approved,199966.66,2025-11-13 11:31:19,stripe
PAY-ORD00002112,ORD00002112,paypal,approved,168016.03,2025-05-27 00:23:52,stripe
PAY-ORD00002113,ORD00002113,bank_transfer,approved,240114.55,2025-04-24 01:00:31,mercadopago
PAY-ORD00002115,ORD00002115,cash,approved,159429.66,2025-10-29 22:17:31,mercadopago
PAY-ORD00002116,ORD00002116,wallet,approved,51897.97,2025-04-04 17:08:31,bank
PAY-ORD00002117,ORD00002117,cash,approved,42079.49,2025-12-29 13:27:57,bank
PAY-ORD00002118,ORD00002118,card,approved,44794.68,2025-01-04 10:43:59,mercadopago
PAY-ORD00002119,ORD00002119,bank_transfer,approved,189789.27,2026-05-14 00:42:07,bank
PAY-ORD00002120,ORD00002120,card,approved,89636.8,2025-12-31 02:41:30,mercadopago
PAY-ORD00002121,ORD00002121,bank_transfer,approved,103915.79,2025-04-09 21:44:18,mercadopago
PAY-ORD00002122,ORD00002122,card,approved,65504.71,2026-03-29 15:26:34,bank
PAY-ORD00002123,ORD00002123,wallet,pending,86906.94,2026-01-12 08:16:01,mercadopago
PAY-ORD00002124,ORD00002124,card,approved,146050.7,2025-11-01 17:37:59,mercadopago
PAY-ORD00002125,ORD00002125,bank_transfer,approved,20016.78,2026-04-13 01:10:21,mercadopago
PAY-ORD00002126,ORD00002126,wallet,approved,94170.68,2025-03-25 17:37:00,stripe
PAY-ORD00002127,ORD00002127,bank_transfer,approved,87842.42,2026-05-06 11:46:35,paypal
PAY-ORD00002128,ORD00002128,paypal,approved,55134.61,2025-04-08 19:50:46,paypal
PAY-ORD00002130,ORD00002130,paypal,approved,163908.7,2026-01-21 19:06:33,mercadopago
PAY-ORD00002132,ORD00002132,card,approved,106653.39,2026-01-09 01:02:25,bank
PAY-ORD00002133,ORD00002133,wallet,refunded,123307.22,2025-12-11 14:25:09,stripe
PAY-ORD00002134,ORD00002134,cash,approved,54883.14,2025-04-30 20:47:07,mercadopago
PAY-ORD00002136,ORD00002136,card,approved,38514.81,2026-04-25 21:28:42,bank
PAY-ORD00002137,ORD00002137,paypal,approved,86360.35,2025-11-23 15:13:59,paypal
PAY-ORD00002138,ORD00002138,card,approved,89937.18,2025-01-27 09:49:45,mercadopago
PAY-ORD00002139,ORD00002139,paypal,pending,191391.34,2025-02-08 23:14:34,paypal
PAY-ORD00002140,ORD00002140,wallet,approved,76065.33,2025-02-07 22:36:07,bank
PAY-ORD00002141,ORD00002141,card,approved,212575.16,2025-12-17 05:03:24,bank
PAY-ORD00002142,ORD00002142,bank_transfer,approved,86344.59,2025-06-13 17:52:00,bank
PAY-ORD00002143,ORD00002143,bank_transfer,approved,111660.41,2025-03-22 13:38:03,stripe
PAY-ORD00002144,ORD00002144,wallet,approved,234743.23,2025-04-19 09:49:50,stripe
PAY-ORD00002145,ORD00002145,cash,approved,102695.35,2025-06-19 05:26:38,bank
PAY-ORD00002146,ORD00002146,paypal,approved,71314.05,2025-01-07 17:57:20,paypal
PAY-ORD00002147,ORD00002147,bank_transfer,approved,82277.44,2026-01-01 03:13:41,stripe
PAY-ORD00002148,ORD00002148,cash,approved,110131.34,2025-02-25 12:35:28,stripe
PAY-ORD00002149,ORD00002149,paypal,approved,166023.55,2025-01-11 03:52:02,paypal
PAY-ORD00002151,ORD00002151,wallet,approved,61293.56,2025-10-04 03:19:28,paypal
PAY-ORD00002152,ORD00002152,card,approved,198458.02,2025-03-22 01:20:17,bank
PAY-ORD00002153,ORD00002153,cash,approved,2908.38,2025-01-29 20:42:09,bank
PAY-ORD00002154,ORD00002154,paypal,approved,195462.23,2025-06-12 19:50:38,bank
PAY-ORD00002156,ORD00002156,cash,approved,56917.17,2025-05-30 10:24:40,bank
PAY-ORD00002157,ORD00002157,cash,approved,139117.78,2025-03-11 00:48:19,stripe
PAY-ORD00002158,ORD00002158,bank_transfer,pending,198381.67,2025-12-31 18:03:36,stripe
PAY-ORD00002159,ORD00002159,wallet,approved,40702.13,2026-02-01 14:00:50,bank
PAY-ORD00002160,ORD00002160,cash,approved,76797.61,2026-01-25 19:16:56,mercadopago
PAY-ORD00002161,ORD00002161,bank_transfer,approved,64031.51,2025-06-30 10:54:44,bank
PAY-ORD00002163,ORD00002163,wallet,refunded,303200.14,2025-12-11 03:48:22,stripe
PAY-ORD00002164,ORD00002164,paypal,approved,87913.29,2026-05-01 15:04:09,paypal
PAY-ORD00002166,ORD00002166,bank_transfer,approved,26763.03,2025-02-02 14:57:23,paypal
PAY-ORD00002167,ORD00002167,cash,approved,120263.8,2026-02-05 12:44:33,stripe
PAY-ORD00002169,ORD00002169,paypal,approved,64202.94,2025-05-20 00:59:46,paypal
PAY-ORD00002170,ORD00002170,wallet,refunded,136715.11,2026-05-09 20:51:45,bank
PAY-ORD00002172,ORD00002172,cash,approved,54395.77,2025-07-23 11:11:33,mercadopago
PAY-ORD00002173,ORD00002173,wallet,approved,102158.63,2026-02-28 20:49:43,bank
PAY-ORD00002174,ORD00002174,card,approved,116035.79,2026-02-12 17:44:28,bank
PAY-ORD00002176,ORD00002176,wallet,approved,34901.88,2025-07-16 06:38:37,bank
PAY-ORD00002177,ORD00002177,bank_transfer,approved,31625.34,2025-07-18 14:03:46,mercadopago
PAY-ORD00002178,ORD00002178,wallet,approved,30100.44,2025-01-05 12:24:08,stripe
PAY-ORD00002179,ORD00002179,paypal,approved,165615.79,2025-03-28 01:35:05,bank
PAY-ORD00002180,ORD00002180,cash,approved,198387.56,2025-08-05 10:33:15,bank
PAY-ORD00002181,ORD00002181,cash,approved,52847.63,2025-08-07 21:31:19,paypal
PAY-ORD00002182,ORD00002182,bank_transfer,approved,75725.5,2026-03-13 16:38:30,mercadopago
PAY-ORD00002183,ORD00002183,paypal,refunded,91248.86,2025-09-16 11:24:34,mercadopago
PAY-ORD00002184,ORD00002184,paypal,approved,5618.89,2025-12-29 12:21:36,paypal
PAY-ORD00002185,ORD00002185,paypal,approved,98530.56,2026-01-01 11:25:01,stripe
PAY-ORD00002186,ORD00002186,wallet,pending,140556.9,2025-01-24 01:38:18,paypal
PAY-ORD00002187,ORD00002187,card,approved,254140.73,2025-08-17 04:58:44,paypal
PAY-ORD00002188,ORD00002188,paypal,pending,254810.29,2025-01-02 05:46:22,paypal
PAY-ORD00002189,ORD00002189,paypal,approved,75233.35,2025-11-04 12:45:12,bank
PAY-ORD00002190,ORD00002190,paypal,approved,62996.53,2025-11-29 01:44:01,paypal
PAY-ORD00002191,ORD00002191,cash,approved,225466.17,2026-04-19 19:14:34,stripe
PAY-ORD00002192,ORD00002192,bank_transfer,approved,2660.66,2025-08-14 13:01:24,stripe
PAY-ORD00002193,ORD00002193,paypal,approved,87488.8,2025-12-20 17:28:16,stripe
PAY-ORD00002194,ORD00002194,bank_transfer,approved,8722.86,2025-11-20 23:50:55,mercadopago
PAY-ORD00002196,ORD00002196,bank_transfer,approved,67560.43,2026-01-01 06:55:54,bank
PAY-ORD00002198,ORD00002198,bank_transfer,approved,106496.6,2025-01-25 21:52:50,paypal
PAY-ORD00002199,ORD00002199,card,approved,127862.41,2025-04-22 13:38:02,mercadopago
PAY-ORD00002200,ORD00002200,bank_transfer,approved,99235.84,2025-09-28 03:20:40,paypal
PAY-ORD00002201,ORD00002201,wallet,approved,49123.91,2025-01-18 01:09:16,bank
PAY-ORD00002203,ORD00002203,wallet,approved,59000.01,2025-04-26 18:37:31,stripe
PAY-ORD00002204,ORD00002204,paypal,approved,161381.01,2025-05-04 10:27:22,stripe
PAY-ORD00002205,ORD00002205,paypal,approved,45376.79,2025-03-31 08:20:45,stripe
PAY-ORD00002206,ORD00002206,bank_transfer,approved,169798.24,2025-10-03 13:30:21,stripe
PAY-ORD00002207,ORD00002207,wallet,approved,75549.63,2025-02-17 16:14:33,paypal
PAY-ORD00002208,ORD00002208,bank_transfer,approved,211196.91,2025-11-05 08:58:30,mercadopago
PAY-ORD00002209,ORD00002209,bank_transfer,approved,55562.54,2025-01-08 07:03:59,bank
PAY-ORD00002210,ORD00002210,wallet,approved,118962.13,2025-11-13 08:10:03,bank
PAY-ORD00002211,ORD00002211,cash,approved,71323.81,2026-05-13 11:33:54,stripe
PAY-ORD00002212,ORD00002212,paypal,approved,111075.27,2025-09-18 17:20:31,paypal
PAY-ORD00002213,ORD00002213,paypal,approved,186973.78,2025-09-06 20:37:41,bank
PAY-ORD00002214,ORD00002214,bank_transfer,approved,155849.38,2025-02-13 01:14:24,stripe
PAY-ORD00002215,ORD00002215,cash,approved,85438.71,2026-03-16 01:00:52,stripe
PAY-ORD00002217,ORD00002217,card,approved,159861.09,2025-04-14 15:38:28,paypal
PAY-ORD00002218,ORD00002218,bank_transfer,approved,247989.65,2025-01-29 05:11:11,bank
PAY-ORD00002221,ORD00002221,card,approved,125679.87,2025-07-27 14:24:37,paypal
PAY-ORD00002222,ORD00002222,card,approved,110397.15,2025-11-05 07:11:50,bank
PAY-ORD00002223,ORD00002223,bank_transfer,approved,100170.05,2025-03-25 10:23:35,bank
PAY-ORD00002224,ORD00002224,card,approved,135168.33,2026-03-08 14:27:23,mercadopago
PAY-ORD00002225,ORD00002225,bank_transfer,approved,6203.77,2025-01-12 04:33:03,paypal
PAY-ORD00002226,ORD00002226,paypal,approved,60909.5,2025-04-04 18:44:25,stripe
PAY-ORD00002227,ORD00002227,card,declined,93476.48,2025-09-21 11:37:25,stripe
PAY-ORD00002228,ORD00002228,wallet,approved,199388.3,2025-02-23 04:58:38,bank
PAY-ORD00002229,ORD00002229,bank_transfer,approved,139531.3,2025-03-31 03:09:46,stripe
PAY-ORD00002231,ORD00002231,wallet,approved,19303.15,2026-05-06 16:37:05,bank
PAY-ORD00002232,ORD00002232,wallet,approved,149870.05,2026-03-19 17:35:16,stripe
PAY-ORD00002233,ORD00002233,wallet,approved,8824.69,2025-01-18 23:20:04,stripe
PAY-ORD00002234,ORD00002234,paypal,approved,71831.68,2026-03-18 17:13:08,paypal
PAY-ORD00002235,ORD00002235,bank_transfer,approved,47450.87,2025-07-10 16:20:26,mercadopago
PAY-ORD00002236,ORD00002236,bank_transfer,approved,95072.17,2026-05-12 10:33:45,stripe
PAY-ORD00002237,ORD00002237,paypal,approved,141503.25,2025-04-18 23:11:11,bank
PAY-ORD00002239,ORD00002239,paypal,approved,29804.28,2025-12-20 09:12:13,mercadopago
PAY-ORD00002240,ORD00002240,wallet,approved,148929.39,2025-04-07 05:28:56,stripe
PAY-ORD00002241,ORD00002241,card,pending,5287.92,2025-03-03 18:12:06,mercadopago
PAY-ORD00002242,ORD00002242,cash,approved,58916.87,2025-12-30 20:37:50,bank
PAY-ORD00002244,ORD00002244,paypal,pending,120260.14,2026-01-06 13:46:58,paypal
PAY-ORD00002245,ORD00002245,wallet,approved,99594.95,2025-03-24 21:34:49,mercadopago
PAY-ORD00002246,ORD00002246,card,refunded,123624.88,2026-01-16 00:53:36,paypal
PAY-ORD00002247,ORD00002247,bank_transfer,approved,31577.84,2026-02-13 20:29:09,mercadopago
PAY-ORD00002248,ORD00002248,bank_transfer,approved,241382.84,2026-04-05 22:36:41,stripe
PAY-ORD00002249,ORD00002249,bank_transfer,refunded,67670.43,2026-05-11 01:15:24,bank
PAY-ORD00002250,ORD00002250,card,approved,128083.45,2026-01-19 23:36:57,mercadopago
PAY-ORD00002252,ORD00002252,wallet,approved,127991.54,2025-11-13 21:03:31,mercadopago
PAY-ORD00002253,ORD00002253,card,approved,19932.72,2026-05-07 08:04:49,paypal
PAY-ORD00002255,ORD00002255,card,approved,21228.27,2026-02-06 01:51:03,mercadopago
PAY-ORD00002256,ORD00002256,wallet,pending,34408.15,2025-09-15 20:26:46,bank
PAY-ORD00002257,ORD00002257,card,declined,83931.3,2026-01-12 01:50:46,mercadopago
PAY-ORD00002258,ORD00002258,card,refunded,232756.16,2025-01-08 04:02:18,mercadopago
PAY-ORD00002259,ORD00002259,card,refunded,183279.29,2025-11-17 08:41:20,mercadopago
PAY-ORD00002260,ORD00002260,bank_transfer,approved,57998.3,2025-06-19 09:41:31,mercadopago
PAY-ORD00002261,ORD00002261,card,declined,5862.7,2026-01-16 10:03:58,bank
PAY-ORD00002262,ORD00002262,cash,approved,233315.05,2026-02-10 22:38:09,stripe
PAY-ORD00002263,ORD00002263,cash,approved,89348.38,2026-03-22 04:00:23,bank
PAY-ORD00002264,ORD00002264,card,approved,35484.15,2025-11-08 12:17:15,paypal
PAY-ORD00002265,ORD00002265,paypal,approved,64288.99,2025-02-11 21:50:11,stripe
PAY-ORD00002266,ORD00002266,bank_transfer,approved,125982.95,2025-08-22 09:22:46,bank
PAY-ORD00002267,ORD00002267,wallet,approved,31501.61,2025-12-24 22:31:15,mercadopago
PAY-ORD00002268,ORD00002268,wallet,approved,126623.87,2025-03-11 09:47:55,paypal
PAY-ORD00002269,ORD00002269,cash,approved,108655.42,2025-10-31 20:01:13,paypal
PAY-ORD00002270,ORD00002270,paypal,approved,142476.57,2026-02-21 06:43:52,stripe
PAY-ORD00002271,ORD00002271,paypal,approved,217013.91,2025-11-18 10:05:55,bank
PAY-ORD00002273,ORD00002273,wallet,approved,147477.48,2026-04-21 18:43:57,mercadopago
PAY-ORD00002274,ORD00002274,paypal,pending,37861.63,2025-07-26 18:55:23,stripe
PAY-ORD00002276,ORD00002276,card,approved,215697.51,2026-04-07 21:23:34,mercadopago
PAY-ORD00002277,ORD00002277,wallet,approved,161103.08,2025-10-29 23:35:06,paypal
PAY-ORD00002278,ORD00002278,card,approved,200437.34,2025-06-04 10:16:56,mercadopago
PAY-ORD00002279,ORD00002279,wallet,approved,12258.54,2025-08-13 01:57:24,bank
PAY-ORD00002281,ORD00002281,card,approved,43648.63,2026-05-14 09:01:40,bank
PAY-ORD00002282,ORD00002282,cash,approved,57398.21,2025-01-13 13:42:16,mercadopago
PAY-ORD00002283,ORD00002283,wallet,refunded,142827.24,2025-10-11 09:35:10,paypal
PAY-ORD00002284,ORD00002284,wallet,pending,103964.79,2025-07-16 16:10:35,mercadopago
PAY-ORD00002285,ORD00002285,paypal,approved,17754.18,2026-01-06 07:57:18,stripe
PAY-ORD00002286,ORD00002286,cash,approved,22729.83,2025-10-14 18:21:43,paypal
PAY-ORD00002287,ORD00002287,wallet,approved,71713.18,2025-10-18 01:36:19,mercadopago
PAY-ORD00002288,ORD00002288,cash,approved,112637.99,2025-10-23 02:13:15,mercadopago
PAY-ORD00002291,ORD00002291,wallet,approved,178229.45,2026-03-05 21:07:42,stripe
PAY-ORD00002292,ORD00002292,paypal,declined,184112.38,2026-03-19 04:55:39,mercadopago
PAY-ORD00002294,ORD00002294,cash,approved,62105.91,2025-09-30 20:55:41,paypal
PAY-ORD00002295,ORD00002295,cash,approved,205820.1,2026-03-05 02:45:54,mercadopago
PAY-ORD00002296,ORD00002296,wallet,approved,48279.33,2025-06-05 17:22:49,stripe
PAY-ORD00002297,ORD00002297,wallet,pending,75941.4,2025-04-21 09:10:48,mercadopago
PAY-ORD00002298,ORD00002298,bank_transfer,pending,34423.47,2025-11-14 15:26:39,mercadopago
PAY-ORD00002299,ORD00002299,cash,pending,208026.66,2025-12-16 12:38:49,paypal
PAY-ORD00002300,ORD00002300,bank_transfer,approved,5698.89,2025-10-17 00:01:26,paypal
PAY-ORD00002302,ORD00002302,paypal,approved,82778.68,2025-10-04 09:06:17,bank
PAY-ORD00002303,ORD00002303,wallet,declined,118705.01,2025-10-02 20:46:11,bank
PAY-ORD00002304,ORD00002304,wallet,approved,61912.84,2025-06-14 04:05:00,stripe
PAY-ORD00002305,ORD00002305,paypal,approved,113437.43,2026-03-27 12:50:15,paypal
PAY-ORD00002306,ORD00002306,paypal,approved,5916.43,2025-06-29 09:49:59,paypal
PAY-ORD00002308,ORD00002308,wallet,approved,85802.74,2025-08-30 00:27:10,bank
PAY-ORD00002309,ORD00002309,cash,approved,60404.47,2026-03-13 23:29:58,bank
PAY-ORD00002310,ORD00002310,cash,approved,127066.37,2025-09-29 11:28:47,paypal
PAY-ORD00002311,ORD00002311,bank_transfer,approved,158930.41,2025-06-14 13:31:31,mercadopago
PAY-ORD00002312,ORD00002312,wallet,approved,35577.73,2026-03-27 06:47:14,stripe
PAY-ORD00002313,ORD00002313,paypal,approved,22141.07,2026-04-14 04:19:15,bank
PAY-ORD00002314,ORD00002314,wallet,approved,53244.67,2025-11-14 15:08:15,paypal
PAY-ORD00002315,ORD00002315,wallet,declined,215794.8,2025-04-09 23:35:09,stripe
PAY-ORD00002316,ORD00002316,card,approved,189974.49,2026-05-19 01:00:21,mercadopago
PAY-ORD00002317,ORD00002317,card,approved,27080.6,2025-07-25 22:20:48,paypal
PAY-ORD00002318,ORD00002318,bank_transfer,approved,132999.16,2025-08-09 14:05:04,bank
PAY-ORD00002320,ORD00002320,card,approved,40949.54,2026-01-05 05:59:20,stripe
PAY-ORD00002321,ORD00002321,card,approved,114440.28,2025-07-23 06:03:50,paypal
PAY-ORD00002322,ORD00002322,card,approved,32825.39,2025-10-27 08:09:29,paypal
PAY-ORD00002323,ORD00002323,bank_transfer,approved,7962.62,2025-10-07 20:08:33,stripe
PAY-ORD00002324,ORD00002324,cash,approved,139565.12,2026-01-09 21:00:01,paypal
PAY-ORD00002325,ORD00002325,paypal,approved,80884.17,2025-10-31 22:45:14,bank
PAY-ORD00002326,ORD00002326,wallet,pending,58543.35,2026-01-01 02:37:02,paypal
PAY-ORD00002328,ORD00002328,card,approved,193533.69,2025-04-28 09:33:58,stripe
PAY-ORD00002329,ORD00002329,cash,approved,232600.75,2025-07-22 14:24:33,mercadopago
PAY-ORD00002330,ORD00002330,paypal,approved,60221.42,2025-12-16 19:07:51,paypal
PAY-ORD00002331,ORD00002331,wallet,approved,149825.99,2025-01-13 08:34:11,bank
PAY-ORD00002332,ORD00002332,card,approved,73630.04,2025-02-26 00:10:55,paypal
PAY-ORD00002334,ORD00002334,bank_transfer,approved,80360.08,2025-04-22 15:34:40,stripe
PAY-ORD00002335,ORD00002335,wallet,approved,142931.0,2025-04-08 10:00:53,paypal
PAY-ORD00002337,ORD00002337,bank_transfer,approved,84762.74,2025-02-02 14:55:05,paypal
PAY-ORD00002338,ORD00002338,card,approved,5749.24,2025-01-14 23:13:58,bank
PAY-ORD00002339,ORD00002339,wallet,pending,10496.96,2025-05-18 14:52:17,mercadopago
PAY-ORD00002340,ORD00002340,paypal,approved,126185.78,2025-08-10 19:52:51,mercadopago
PAY-ORD00002341,ORD00002341,cash,approved,17509.95,2025-05-16 08:17:26,paypal
PAY-ORD00002342,ORD00002342,cash,approved,68968.91,2025-08-19 12:01:08,bank
PAY-ORD00002343,ORD00002343,cash,approved,148290.7,2025-10-08 13:18:07,stripe
PAY-ORD00002344,ORD00002344,cash,declined,123981.28,2025-09-30 05:39:29,mercadopago
PAY-ORD00002345,ORD00002345,paypal,approved,21629.35,2025-01-25 09:18:57,mercadopago
PAY-ORD00002346,ORD00002346,wallet,approved,87390.31,2025-06-26 09:38:00,paypal
PAY-ORD00002347,ORD00002347,bank_transfer,approved,145590.2,2025-01-25 03:55:29,mercadopago
PAY-ORD00002348,ORD00002348,cash,declined,24430.36,2025-10-28 04:41:58,mercadopago
PAY-ORD00002350,ORD00002350,card,pending,81444.61,2026-03-07 09:23:34,mercadopago
PAY-ORD00002351,ORD00002351,cash,approved,193957.29,2025-05-03 04:19:31,stripe
PAY-ORD00002352,ORD00002352,card,approved,39897.7,2025-03-27 01:23:26,paypal
PAY-ORD00002353,ORD00002353,paypal,approved,132339.22,2025-02-12 07:40:39,paypal
PAY-ORD00002354,ORD00002354,bank_transfer,approved,157613.26,2025-08-22 22:58:30,mercadopago
PAY-ORD00002355,ORD00002355,wallet,approved,22158.53,2025-05-07 18:36:30,bank
PAY-ORD00002357,ORD00002357,wallet,approved,178286.11,2025-07-20 14:27:16,paypal
PAY-ORD00002358,ORD00002358,card,approved,185761.64,2025-12-11 16:25:31,stripe
PAY-ORD00002359,ORD00002359,paypal,approved,16709.99,2025-05-30 05:45:14,paypal
PAY-ORD00002360,ORD00002360,cash,refunded,55998.25,2025-01-23 15:01:26,bank
PAY-ORD00002361,ORD00002361,card,approved,1392.91,2026-02-10 17:24:38,paypal
PAY-ORD00002362,ORD00002362,card,approved,145172.32,2026-04-02 02:45:15,paypal
PAY-ORD00002364,ORD00002364,cash,refunded,68116.25,2025-08-24 08:25:30,bank
PAY-ORD00002365,ORD00002365,paypal,pending,130731.36,2025-12-06 04:27:50,mercadopago
PAY-ORD00002366,ORD00002366,card,refunded,163898.02,2026-05-03 18:34:23,paypal
PAY-ORD00002367,ORD00002367,bank_transfer,approved,19816.39,2026-03-27 21:43:00,stripe
PAY-ORD00002368,ORD00002368,bank_transfer,approved,72887.63,2025-06-15 17:55:18,bank
PAY-ORD00002371,ORD00002371,card,refunded,169155.8,2025-07-13 04:14:53,bank
PAY-ORD00002372,ORD00002372,paypal,approved,23539.29,2025-06-16 11:28:15,paypal
PAY-ORD00002374,ORD00002374,card,refunded,159894.7,2025-04-30 05:20:28,stripe
PAY-ORD00002375,ORD00002375,bank_transfer,approved,134624.03,2026-02-03 09:23:36,mercadopago
PAY-ORD00002376,ORD00002376,wallet,approved,62406.39,2025-07-07 15:13:06,paypal
PAY-ORD00002378,ORD00002378,cash,approved,210777.99,2025-06-06 17:02:59,mercadopago
PAY-ORD00002379,ORD00002379,card,approved,151484.54,2026-01-09 17:45:15,bank
PAY-ORD00002380,ORD00002380,card,approved,8062.62,2025-06-25 20:17:23,paypal
PAY-ORD00002381,ORD00002381,card,declined,309981.06,2026-04-18 02:59:26,paypal
PAY-ORD00002382,ORD00002382,cash,approved,37520.5,2025-04-26 11:29:59,bank
PAY-ORD00002383,ORD00002383,wallet,pending,17022.36,2025-09-12 22:45:34,mercadopago
PAY-ORD00002384,ORD00002384,bank_transfer,approved,31525.34,2025-08-13 00:52:08,mercadopago
PAY-ORD00002386,ORD00002386,paypal,approved,27684.98,2025-06-09 09:01:32,mercadopago
PAY-ORD00002387,ORD00002387,paypal,approved,141951.95,2025-01-06 03:32:39,mercadopago
PAY-ORD00002388,ORD00002388,paypal,approved,202885.99,2026-05-11 13:14:19,mercadopago
PAY-ORD00002390,ORD00002390,cash,approved,141473.49,2025-05-20 06:39:43,stripe
PAY-ORD00002391,ORD00002391,paypal,approved,176327.44,2026-02-05 10:53:42,stripe
PAY-ORD00002392,ORD00002392,paypal,approved,221772.55,2025-01-13 13:09:51,mercadopago
PAY-ORD00002393,ORD00002393,paypal,declined,23775.61,2026-04-04 13:35:57,stripe
PAY-ORD00002394,ORD00002394,paypal,approved,7168.17,2026-01-14 21:41:14,mercadopago
PAY-ORD00002395,ORD00002395,paypal,approved,153007.6,2025-11-18 17:35:48,mercadopago
PAY-ORD00002396,ORD00002396,cash,pending,110588.23,2025-08-20 22:44:13,stripe
PAY-ORD00002397,ORD00002397,cash,approved,129857.07,2025-06-20 02:20:06,bank
PAY-ORD00002398,ORD00002398,cash,approved,168601.16,2026-02-22 04:27:50,mercadopago
PAY-ORD00002399,ORD00002399,wallet,approved,102347.62,2025-03-08 02:21:22,mercadopago
PAY-ORD00002400,ORD00002400,wallet,approved,127008.79,2025-09-03 11:51:13,bank
PAY-ORD00002401,ORD00002401,cash,refunded,138901.15,2025-02-26 04:02:36,mercadopago
PAY-ORD00002402,ORD00002402,card,approved,142581.29,2025-08-16 12:32:30,bank
PAY-ORD00002403,ORD00002403,card,approved,49532.68,2025-05-13 10:06:47,bank
PAY-ORD00002404,ORD00002404,bank_transfer,pending,43594.49,2025-09-03 19:01:10,stripe
PAY-ORD00002405,ORD00002405,wallet,declined,122173.36,2025-03-03 11:36:05,bank
PAY-ORD00002406,ORD00002406,paypal,approved,4907.81,2025-03-26 14:55:04,stripe
PAY-ORD00002407,ORD00002407,wallet,approved,91138.29,2025-08-02 07:49:31,mercadopago
PAY-ORD00002408,ORD00002408,bank_transfer,approved,118539.4,2025-02-15 03:02:04,stripe
PAY-ORD00002409,ORD00002409,bank_transfer,approved,119413.38,2026-05-16 00:59:52,mercadopago
PAY-ORD00002411,ORD00002411,bank_transfer,approved,199956.73,2025-03-13 19:08:40,paypal
PAY-ORD00002412,ORD00002412,cash,approved,125271.53,2026-03-12 08:23:45,mercadopago
PAY-ORD00002413,ORD00002413,card,approved,43256.06,2025-09-30 09:20:46,stripe
PAY-ORD00002414,ORD00002414,wallet,approved,173810.48,2026-03-21 00:27:29,mercadopago
PAY-ORD00002415,ORD00002415,bank_transfer,approved,143558.02,2025-04-09 01:53:28,stripe
PAY-ORD00002416,ORD00002416,wallet,refunded,83940.01,2026-04-05 07:11:54,mercadopago
PAY-ORD00002417,ORD00002417,card,approved,23350.07,2025-04-15 18:35:47,paypal
PAY-ORD00002418,ORD00002418,bank_transfer,approved,138959.8,2025-01-28 22:08:28,paypal
PAY-ORD00002420,ORD00002420,bank_transfer,approved,139518.15,2026-01-01 07:50:56,bank
PAY-ORD00002421,ORD00002421,card,approved,150127.93,2026-05-17 01:51:48,stripe
PAY-ORD00002422,ORD00002422,paypal,approved,83241.15,2025-06-02 16:15:57,bank
PAY-ORD00002423,ORD00002423,card,pending,129353.48,2025-10-03 16:35:30,stripe
PAY-ORD00002425,ORD00002425,wallet,approved,69324.75,2025-02-18 03:28:40,mercadopago
PAY-ORD00002426,ORD00002426,bank_transfer,approved,86605.97,2025-06-30 00:38:16,paypal
PAY-ORD00002427,ORD00002427,wallet,approved,203807.02,2026-05-17 00:46:15,paypal
PAY-ORD00002429,ORD00002429,wallet,approved,81644.81,2025-06-18 13:48:32,paypal
PAY-ORD00002430,ORD00002430,card,approved,154178.25,2025-07-08 06:33:46,mercadopago
PAY-ORD00002431,ORD00002431,bank_transfer,approved,52717.29,2026-03-24 01:21:23,bank
PAY-ORD00002432,ORD00002432,wallet,approved,97761.56,2025-06-03 17:42:22,stripe
PAY-ORD00002435,ORD00002435,paypal,approved,85735.18,2025-01-15 07:44:48,stripe
PAY-ORD00002436,ORD00002436,paypal,approved,238655.32,2025-05-20 20:32:50,bank
PAY-ORD00002438,ORD00002438,card,approved,23094.98,2025-12-25 07:41:36,paypal
PAY-ORD00002439,ORD00002439,card,approved,148678.12,2025-03-22 15:24:55,stripe
PAY-ORD00002440,ORD00002440,card,approved,211480.59,2025-05-02 17:03:12,bank
PAY-ORD00002441,ORD00002441,paypal,approved,89377.74,2025-03-08 04:25:18,paypal
PAY-ORD00002442,ORD00002442,card,approved,127457.72,2025-09-21 07:01:21,stripe
PAY-ORD00002443,ORD00002443,cash,approved,194987.71,2026-04-12 10:48:22,mercadopago
PAY-ORD00002444,ORD00002444,wallet,approved,33979.91,2025-09-04 04:52:55,stripe
PAY-ORD00002445,ORD00002445,bank_transfer,approved,159246.78,2025-02-14 08:23:21,paypal
PAY-ORD00002446,ORD00002446,card,approved,12715.76,2025-08-22 06:07:34,mercadopago
PAY-ORD00002447,ORD00002447,card,approved,131620.59,2026-03-17 19:38:57,paypal
PAY-ORD00002448,ORD00002448,wallet,approved,84993.33,2025-08-14 01:38:06,mercadopago
PAY-ORD00002449,ORD00002449,paypal,approved,6777.88,2025-02-03 22:49:06,bank
PAY-ORD00002450,ORD00002450,wallet,refunded,83723.48,2025-11-16 00:44:02,stripe
PAY-ORD00002451,ORD00002451,wallet,approved,113984.05,2026-02-20 12:56:17,paypal
PAY-ORD00002452,ORD00002452,cash,approved,188415.61,2025-03-23 11:13:07,mercadopago
PAY-ORD00002453,ORD00002453,bank_transfer,approved,27134.66,2025-09-28 08:07:28,paypal
PAY-ORD00002454,ORD00002454,bank_transfer,approved,127890.46,2025-07-14 15:49:30,stripe
PAY-ORD00002455,ORD00002455,paypal,approved,26748.82,2025-11-29 08:32:01,stripe
PAY-ORD00002457,ORD00002457,card,refunded,166354.83,2026-02-20 11:25:19,paypal
PAY-ORD00002459,ORD00002459,card,approved,179364.57,2025-03-16 16:23:03,paypal
PAY-ORD00002461,ORD00002461,paypal,approved,242129.25,2025-04-28 21:05:52,mercadopago
PAY-ORD00002462,ORD00002462,bank_transfer,approved,86491.47,2025-05-19 05:13:32,stripe
PAY-ORD00002463,ORD00002463,cash,approved,46039.62,2026-03-11 03:11:20,paypal
PAY-ORD00002464,ORD00002464,bank_transfer,approved,170981.75,2025-02-09 13:32:35,mercadopago
PAY-ORD00002466,ORD00002466,cash,refunded,100196.14,2025-07-08 13:57:20,mercadopago
PAY-ORD00002467,ORD00002467,bank_transfer,approved,2143.66,2026-05-05 20:49:45,stripe
PAY-ORD00002469,ORD00002469,paypal,approved,124571.37,2025-01-11 05:36:24,stripe
PAY-ORD00002470,ORD00002470,paypal,approved,9190.96,2025-05-03 00:48:44,paypal
PAY-ORD00002471,ORD00002471,wallet,refunded,10893.19,2025-01-11 12:20:19,paypal
PAY-ORD00002472,ORD00002472,bank_transfer,approved,6000.26,2025-01-20 03:24:10,mercadopago
PAY-ORD00002473,ORD00002473,wallet,approved,52637.68,2025-07-20 16:48:52,bank
PAY-ORD00002475,ORD00002475,bank_transfer,pending,116327.55,2025-06-25 19:08:57,stripe
PAY-ORD00002476,ORD00002476,paypal,approved,39930.78,2025-08-23 08:44:36,stripe
PAY-ORD00002477,ORD00002477,cash,approved,237849.34,2025-04-17 11:44:00,paypal
PAY-ORD00002478,ORD00002478,cash,approved,111404.28,2025-10-17 14:38:12,stripe
PAY-ORD00002479,ORD00002479,paypal,approved,57152.06,2025-04-11 02:55:33,bank
PAY-ORD00002480,ORD00002480,cash,refunded,40480.45,2026-04-20 07:12:46,mercadopago
PAY-ORD00002481,ORD00002481,wallet,approved,174574.22,2025-11-30 02:29:06,bank
PAY-ORD00002482,ORD00002482,paypal,approved,82779.29,2025-01-23 12:55:48,paypal
PAY-ORD00002483,ORD00002483,bank_transfer,refunded,93596.52,2025-12-27 15:39:28,bank
PAY-ORD00002485,ORD00002485,cash,approved,11023.24,2025-09-08 15:18:30,stripe
PAY-ORD00002486,ORD00002486,wallet,approved,125019.52,2026-05-06 10:04:36,paypal
PAY-ORD00002488,ORD00002488,paypal,approved,72636.97,2025-02-16 14:50:15,stripe
PAY-ORD00002489,ORD00002489,paypal,refunded,93335.45,2026-01-06 05:30:18,mercadopago
PAY-ORD00002490,ORD00002490,wallet,declined,116741.18,2025-12-07 22:21:27,stripe
PAY-ORD00002491,ORD00002491,card,approved,23751.54,2025-08-09 10:19:01,stripe
PAY-ORD00002492,ORD00002492,wallet,approved,64699.64,2026-04-07 16:21:55,bank
PAY-ORD00002493,ORD00002493,paypal,approved,233981.39,2025-12-04 15:57:09,paypal
PAY-ORD00002494,ORD00002494,cash,refunded,240170.54,2026-04-12 01:19:21,paypal
PAY-ORD00002495,ORD00002495,card,approved,51630.12,2025-05-16 16:03:19,paypal
PAY-ORD00002496,ORD00002496,cash,approved,220982.3,2025-06-26 21:59:32,mercadopago
PAY-ORD00002497,ORD00002497,wallet,declined,132420.24,2025-11-25 17:47:26,paypal
PAY-ORD00002498,ORD00002498,paypal,approved,48461.58,2025-08-31 14:37:52,paypal
PAY-ORD00002499,ORD00002499,bank_transfer,approved,80551.04,2026-05-03 01:14:59,paypal
PAY-ORD00002500,ORD00002500,wallet,approved,221964.12,2026-04-15 19:51:50,bank
PAY-ORD00002501,ORD00002501,card,approved,140551.54,2025-03-16 19:02:26,bank
PAY-ORD00002502,ORD00002502,cash,approved,73422.78,2025-02-13 23:18:52,bank
PAY-ORD00002503,ORD00002503,cash,approved,232684.73,2025-12-14 14:11:58,paypal
PAY-ORD00002504,ORD00002504,bank_transfer,approved,122878.25,2025-12-23 03:27:53,bank
PAY-ORD00002505,ORD00002505,wallet,approved,76094.29,2025-09-06 13:48:36,bank
PAY-ORD00002506,ORD00002506,wallet,declined,240886.12,2025-10-01 16:54:27,paypal
PAY-ORD00002507,ORD00002507,bank_transfer,approved,65331.38,2025-02-08 17:44:22,paypal
PAY-ORD00002508,ORD00002508,wallet,approved,36524.81,2026-05-03 06:53:01,paypal
PAY-ORD00002509,ORD00002509,bank_transfer,approved,149115.41,2025-04-24 00:50:22,mercadopago
PAY-ORD00002510,ORD00002510,card,approved,155554.1,2025-12-20 00:51:53,paypal
PAY-ORD00002511,ORD00002511,card,approved,165149.29,2026-04-09 06:26:02,stripe
PAY-ORD00002512,ORD00002512,paypal,approved,182309.57,2026-01-29 01:44:30,mercadopago
PAY-ORD00002513,ORD00002513,paypal,approved,136944.15,2025-09-30 02:00:23,bank
PAY-ORD00002514,ORD00002514,wallet,refunded,57143.38,2025-01-16 17:10:37,bank
PAY-ORD00002516,ORD00002516,paypal,approved,95295.51,2025-03-03 07:13:19,bank
PAY-ORD00002517,ORD00002517,wallet,approved,75885.88,2026-04-28 22:59:36,paypal
PAY-ORD00002518,ORD00002518,card,pending,116199.3,2025-12-11 19:58:51,paypal
PAY-ORD00002520,ORD00002520,wallet,approved,89101.03,2025-08-22 13:22:16,paypal
PAY-ORD00002522,ORD00002522,card,approved,4085.15,2025-05-31 02:55:00,bank
PAY-ORD00002523,ORD00002523,cash,refunded,65652.87,2026-05-14 00:51:58,stripe
PAY-ORD00002524,ORD00002524,cash,approved,232594.33,2025-02-03 18:08:12,stripe
PAY-ORD00002525,ORD00002525,bank_transfer,approved,25017.91,2025-05-31 06:40:12,paypal
PAY-ORD00002526,ORD00002526,bank_transfer,approved,234404.54,2026-03-09 04:07:17,bank
PAY-ORD00002527,ORD00002527,card,pending,51838.92,2025-06-10 08:41:05,stripe
PAY-ORD00002528,ORD00002528,wallet,approved,174825.71,2025-08-21 22:57:16,stripe
PAY-ORD00002531,ORD00002531,paypal,approved,47408.9,2025-04-12 13:54:24,stripe
PAY-ORD00002532,ORD00002532,card,approved,3617.48,2025-03-13 17:18:50,paypal
PAY-ORD00002533,ORD00002533,cash,approved,216114.99,2025-05-25 01:21:36,mercadopago
PAY-ORD00002534,ORD00002534,card,approved,123073.75,2026-04-02 18:13:22,bank
PAY-ORD00002535,ORD00002535,card,approved,41259.23,2025-11-28 03:25:45,mercadopago
PAY-ORD00002536,ORD00002536,bank_transfer,approved,75563.26,2025-06-21 03:23:52,stripe
PAY-ORD00002537,ORD00002537,bank_transfer,declined,132056.13,2025-06-07 05:35:31,bank
PAY-ORD00002538,ORD00002538,wallet,approved,124372.56,2025-09-15 17:14:08,paypal
PAY-ORD00002539,ORD00002539,bank_transfer,approved,65681.96,2025-08-10 11:08:59,paypal
PAY-ORD00002540,ORD00002540,wallet,approved,39947.7,2026-04-24 11:23:40,bank
PAY-ORD00002541,ORD00002541,cash,approved,159153.01,2026-02-03 14:48:58,stripe
PAY-ORD00002542,ORD00002542,bank_transfer,refunded,177163.78,2025-11-01 06:51:34,stripe
PAY-ORD00002543,ORD00002543,cash,approved,73668.32,2025-09-16 18:12:59,paypal
PAY-ORD00002544,ORD00002544,wallet,refunded,20125.02,2026-02-10 11:40:54,stripe
PAY-ORD00002545,ORD00002545,bank_transfer,approved,49310.46,2025-11-23 10:48:03,bank
PAY-ORD00002548,ORD00002548,cash,approved,55593.48,2025-05-02 00:47:55,mercadopago
PAY-ORD00002549,ORD00002549,wallet,approved,114497.92,2025-03-04 16:56:04,stripe
PAY-ORD00002550,ORD00002550,paypal,approved,46876.58,2026-02-08 04:11:50,paypal
PAY-ORD00002551,ORD00002551,card,approved,52400.4,2025-05-18 04:53:57,mercadopago
PAY-ORD00002552,ORD00002552,card,approved,161990.36,2025-02-20 04:50:06,mercadopago
PAY-ORD00002553,ORD00002553,wallet,approved,74062.68,2025-06-14 15:41:48,stripe
PAY-ORD00002555,ORD00002555,wallet,pending,102892.09,2025-06-04 08:09:06,paypal
PAY-ORD00002556,ORD00002556,bank_transfer,approved,52966.92,2026-04-13 15:59:24,stripe
PAY-ORD00002557,ORD00002557,card,approved,19235.11,2025-07-13 00:53:21,stripe
PAY-ORD00002558,ORD00002558,paypal,approved,71589.09,2025-12-26 12:31:56,paypal
PAY-ORD00002559,ORD00002559,paypal,approved,195250.47,2025-03-16 16:46:03,paypal
PAY-ORD00002561,ORD00002561,cash,refunded,20522.43,2025-09-27 20:07:19,paypal
PAY-ORD00002562,ORD00002562,wallet,approved,146827.43,2025-12-26 15:46:51,mercadopago
PAY-ORD00002563,ORD00002563,card,approved,108538.08,2025-02-19 10:19:42,stripe
PAY-ORD00002565,ORD00002565,card,approved,208895.98,2025-05-24 05:21:27,mercadopago
PAY-ORD00002566,ORD00002566,wallet,pending,85831.13,2025-03-30 11:42:29,bank
PAY-ORD00002567,ORD00002567,cash,approved,133560.77,2025-04-13 04:06:06,bank
PAY-ORD00002569,ORD00002569,bank_transfer,approved,113283.59,2026-01-29 18:37:44,bank
PAY-ORD00002571,ORD00002571,cash,approved,89998.86,2025-08-08 08:27:21,mercadopago
PAY-ORD00002572,ORD00002572,paypal,approved,208647.12,2026-01-28 17:08:24,mercadopago
PAY-ORD00002573,ORD00002573,wallet,approved,14994.77,2025-06-23 19:42:06,paypal
PAY-ORD00002574,ORD00002574,card,declined,65424.59,2025-07-01 00:59:25,stripe
PAY-ORD00002575,ORD00002575,bank_transfer,approved,287722.61,2025-01-26 14:28:46,bank
PAY-ORD00002576,ORD00002576,card,approved,24704.72,2025-02-14 13:01:17,bank
PAY-ORD00002580,ORD00002580,bank_transfer,approved,36012.93,2025-06-25 04:48:16,paypal
PAY-ORD00002582,ORD00002582,paypal,approved,64396.47,2026-01-17 08:36:01,bank
PAY-ORD00002583,ORD00002583,bank_transfer,approved,197984.79,2025-01-22 05:08:44,mercadopago
PAY-ORD00002584,ORD00002584,bank_transfer,refunded,111145.92,2025-09-20 14:06:19,stripe
PAY-ORD00002585,ORD00002585,cash,approved,126880.72,2025-08-16 22:36:43,mercadopago
PAY-ORD00002586,ORD00002586,wallet,approved,181014.21,2025-10-26 05:54:08,stripe
PAY-ORD00002587,ORD00002587,card,approved,102050.68,2026-01-15 06:38:14,paypal
PAY-ORD00002588,ORD00002588,bank_transfer,approved,12808.46,2025-11-01 00:48:40,bank
PAY-ORD00002589,ORD00002589,cash,approved,64600.75,2025-08-14 14:35:59,mercadopago
PAY-ORD00002590,ORD00002590,wallet,approved,60368.7,2025-03-15 21:13:48,paypal
PAY-ORD00002591,ORD00002591,wallet,approved,83589.71,2025-05-06 14:26:07,paypal
PAY-ORD00002592,ORD00002592,cash,approved,241629.55,2025-11-27 05:55:33,paypal
PAY-ORD00002593,ORD00002593,wallet,pending,83445.18,2025-08-18 12:19:06,mercadopago
PAY-ORD00002594,ORD00002594,paypal,approved,77989.88,2025-10-14 02:52:59,bank
PAY-ORD00002595,ORD00002595,paypal,approved,1527.61,2025-06-07 19:36:22,paypal
PAY-ORD00002596,ORD00002596,wallet,approved,104693.24,2025-09-09 07:12:34,stripe
PAY-ORD00002597,ORD00002597,cash,approved,32239.49,2025-05-11 01:28:16,stripe
PAY-ORD00002598,ORD00002598,card,approved,83455.6,2025-11-24 06:45:04,bank
PAY-ORD00002599,ORD00002599,bank_transfer,approved,59399.19,2025-01-25 15:45:54,stripe
PAY-ORD00002600,ORD00002600,card,approved,111169.99,2025-05-27 00:56:09,bank
PAY-ORD00002601,ORD00002601,wallet,approved,52506.35,2025-11-25 22:19:02,stripe
PAY-ORD00002602,ORD00002602,bank_transfer,approved,75344.99,2025-07-21 19:45:37,stripe
PAY-ORD00002603,ORD00002603,bank_transfer,approved,40280.58,2026-03-27 20:15:30,paypal
PAY-ORD00002604,ORD00002604,card,approved,191888.89,2025-03-25 05:03:00,mercadopago
PAY-ORD00002605,ORD00002605,bank_transfer,approved,29892.32,2025-05-25 06:53:29,paypal
PAY-ORD00002606,ORD00002606,cash,pending,5849.01,2026-02-25 11:05:32,mercadopago
PAY-ORD00002607,ORD00002607,card,refunded,85574.76,2025-12-27 08:37:51,bank
PAY-ORD00002608,ORD00002608,wallet,refunded,149377.59,2025-08-27 05:59:00,paypal
PAY-ORD00002609,ORD00002609,bank_transfer,approved,71496.19,2026-05-15 22:43:52,bank
PAY-ORD00002610,ORD00002610,card,approved,140036.81,2025-11-26 23:17:56,mercadopago
PAY-ORD00002611,ORD00002611,bank_transfer,approved,60848.88,2026-03-20 15:30:51,bank
PAY-ORD00002612,ORD00002612,bank_transfer,approved,81426.49,2025-02-18 23:54:44,stripe
PAY-ORD00002615,ORD00002615,cash,approved,110812.93,2025-02-28 08:33:22,paypal
PAY-ORD00002616,ORD00002616,bank_transfer,approved,134089.38,2025-06-09 08:34:06,bank
PAY-ORD00002617,ORD00002617,wallet,refunded,59482.23,2026-02-19 15:57:13,bank
PAY-ORD00002618,ORD00002618,card,approved,28344.05,2026-03-03 09:40:30,paypal
PAY-ORD00002621,ORD00002621,card,refunded,52648.67,2025-07-23 19:15:44,paypal
PAY-ORD00002622,ORD00002622,card,declined,21826.75,2025-07-23 12:41:48,bank
PAY-ORD00002623,ORD00002623,cash,approved,98642.11,2026-04-03 20:45:43,paypal
PAY-ORD00002624,ORD00002624,paypal,approved,131678.01,2026-03-28 00:45:45,stripe
PAY-ORD00002625,ORD00002625,cash,approved,64946.57,2025-02-28 09:42:38,stripe
PAY-ORD00002626,ORD00002626,wallet,approved,155223.39,2025-11-05 19:22:28,bank
PAY-ORD00002627,ORD00002627,wallet,refunded,40620.47,2026-01-02 16:16:05,paypal
PAY-ORD00002628,ORD00002628,wallet,declined,54327.66,2026-02-17 16:05:21,paypal
PAY-ORD00002630,ORD00002630,card,approved,18356.89,2025-11-24 15:50:38,bank
PAY-ORD00002631,ORD00002631,cash,refunded,93822.49,2025-03-08 13:44:55,paypal
PAY-ORD00002632,ORD00002632,cash,approved,19780.41,2025-08-06 02:08:33,paypal
PAY-ORD00002633,ORD00002633,card,refunded,142202.58,2025-01-01 19:10:07,stripe
PAY-ORD00002634,ORD00002634,cash,approved,200449.94,2025-06-16 07:09:40,mercadopago
PAY-ORD00002635,ORD00002635,card,approved,172161.66,2025-11-13 15:38:34,stripe
PAY-ORD00002636,ORD00002636,bank_transfer,approved,154353.76,2026-01-29 23:06:10,paypal
PAY-ORD00002637,ORD00002637,card,approved,193922.6,2025-09-21 12:17:32,mercadopago
PAY-ORD00002638,ORD00002638,wallet,approved,54344.25,2025-07-27 12:01:55,stripe
PAY-ORD00002639,ORD00002639,paypal,approved,73921.86,2025-05-15 11:45:19,paypal
PAY-ORD00002640,ORD00002640,bank_transfer,approved,87868.57,2025-03-11 23:18:33,stripe
PAY-ORD00002641,ORD00002641,cash,approved,202698.79,2026-01-21 09:20:05,paypal
PAY-ORD00002642,ORD00002642,bank_transfer,approved,207229.96,2025-11-10 12:24:04,stripe
PAY-ORD00002643,ORD00002643,paypal,declined,149911.01,2025-01-03 14:53:23,stripe
PAY-ORD00002644,ORD00002644,wallet,approved,36613.71,2025-04-01 13:24:47,paypal
PAY-ORD00002646,ORD00002646,bank_transfer,approved,87116.24,2025-03-07 20:46:50,paypal
PAY-ORD00002647,ORD00002647,wallet,approved,139886.02,2025-10-26 17:40:08,bank
PAY-ORD00002648,ORD00002648,paypal,approved,179040.82,2025-10-20 23:35:45,paypal
PAY-ORD00002649,ORD00002649,bank_transfer,approved,116510.46,2025-03-23 21:52:53,paypal
PAY-ORD00002650,ORD00002650,paypal,approved,85269.75,2025-03-07 22:03:52,paypal
PAY-ORD00002651,ORD00002651,wallet,approved,119467.56,2026-01-12 20:49:16,stripe
PAY-ORD00002652,ORD00002652,wallet,approved,90533.48,2025-02-27 09:47:18,mercadopago
PAY-ORD00002653,ORD00002653,cash,approved,93870.06,2026-03-27 13:01:55,bank
PAY-ORD00002654,ORD00002654,paypal,pending,84564.92,2026-04-03 21:43:32,paypal
PAY-ORD00002655,ORD00002655,cash,pending,100009.8,2026-02-22 23:17:58,paypal
PAY-ORD00002656,ORD00002656,wallet,declined,192085.84,2025-07-03 02:09:48,paypal
PAY-ORD00002657,ORD00002657,wallet,approved,69828.54,2025-03-03 05:22:43,mercadopago
PAY-ORD00002658,ORD00002658,paypal,approved,40553.16,2025-07-22 09:43:56,paypal
PAY-ORD00002659,ORD00002659,wallet,approved,26637.86,2026-01-09 04:51:48,mercadopago
PAY-ORD00002660,ORD00002660,cash,approved,66071.61,2026-01-05 03:53:12,paypal
PAY-ORD00002661,ORD00002661,bank_transfer,approved,20534.24,2025-07-16 04:53:07,stripe
PAY-ORD00002662,ORD00002662,cash,approved,201311.26,2025-09-02 01:53:29,paypal
PAY-ORD00002663,ORD00002663,card,refunded,138156.11,2025-09-08 09:14:33,stripe
PAY-ORD00002664,ORD00002664,bank_transfer,approved,137629.48,2026-02-14 20:13:58,paypal
PAY-ORD00002665,ORD00002665,paypal,approved,141637.65,2026-04-23 18:55:43,mercadopago
PAY-ORD00002666,ORD00002666,card,approved,46637.19,2025-11-03 04:04:20,paypal
PAY-ORD00002668,ORD00002668,cash,approved,17722.28,2026-01-30 09:01:27,stripe
PAY-ORD00002670,ORD00002670,cash,approved,17049.45,2025-04-14 09:25:44,bank
PAY-ORD00002671,ORD00002671,wallet,approved,33645.55,2025-07-27 08:04:31,stripe
PAY-ORD00002672,ORD00002672,bank_transfer,approved,81002.37,2026-03-20 07:51:55,stripe
PAY-ORD00002673,ORD00002673,card,approved,124260.41,2025-03-14 19:22:19,bank
PAY-ORD00002674,ORD00002674,bank_transfer,approved,78308.54,2025-08-07 15:35:38,mercadopago
PAY-ORD00002675,ORD00002675,card,approved,86071.68,2025-04-20 05:21:27,paypal
PAY-ORD00002676,ORD00002676,cash,approved,25207.76,2025-12-05 11:32:46,paypal
PAY-ORD00002677,ORD00002677,bank_transfer,approved,163547.63,2025-06-13 09:21:14,bank
PAY-ORD00002678,ORD00002678,paypal,approved,140285.37,2026-01-21 18:02:44,bank
PAY-ORD00002679,ORD00002679,card,approved,135813.91,2025-10-18 20:40:54,bank
PAY-ORD00002681,ORD00002681,cash,approved,80314.83,2026-02-20 15:57:26,stripe
PAY-ORD00002682,ORD00002682,cash,approved,127585.89,2025-05-09 05:25:44,paypal
PAY-ORD00002684,ORD00002684,card,approved,104677.68,2025-10-29 19:34:54,stripe
PAY-ORD00002685,ORD00002685,wallet,approved,148540.1,2025-10-26 17:40:52,stripe
PAY-ORD00002686,ORD00002686,card,approved,189576.59,2026-01-27 22:36:45,stripe
PAY-ORD00002687,ORD00002687,cash,approved,171324.44,2025-02-25 09:25:55,paypal
PAY-ORD00002689,ORD00002689,card,approved,276916.21,2025-07-15 19:39:14,bank
PAY-ORD00002691,ORD00002691,card,approved,33671.92,2025-05-20 17:57:28,mercadopago
PAY-ORD00002692,ORD00002692,bank_transfer,approved,50035.48,2025-11-19 10:38:24,paypal
PAY-ORD00002693,ORD00002693,paypal,approved,16115.01,2025-01-20 10:43:15,stripe
PAY-ORD00002694,ORD00002694,card,declined,118276.4,2025-03-04 07:43:45,bank
PAY-ORD00002695,ORD00002695,paypal,declined,172468.25,2026-03-04 02:31:30,mercadopago
PAY-ORD00002696,ORD00002696,paypal,approved,180464.66,2026-01-04 11:35:55,paypal
PAY-ORD00002698,ORD00002698,bank_transfer,approved,182869.57,2025-07-30 21:53:21,bank
PAY-ORD00002700,ORD00002700,card,approved,19076.33,2025-11-09 12:19:12,mercadopago
PAY-ORD00002701,ORD00002701,cash,refunded,167704.84,2025-07-24 21:07:14,stripe
PAY-ORD00002703,ORD00002703,wallet,approved,56800.62,2025-05-30 13:14:50,paypal
PAY-ORD00002705,ORD00002705,wallet,approved,140981.24,2025-10-13 10:39:28,stripe
PAY-ORD00002706,ORD00002706,paypal,refunded,117493.44,2025-12-12 22:31:32,bank
PAY-ORD00002707,ORD00002707,paypal,approved,113115.2,2025-11-21 21:36:37,bank
PAY-ORD00002708,ORD00002708,cash,approved,74745.21,2025-08-14 22:17:02,paypal
PAY-ORD00002709,ORD00002709,bank_transfer,approved,204688.15,2025-09-24 07:21:32,mercadopago
PAY-ORD00002710,ORD00002710,cash,approved,94930.34,2025-06-24 12:03:58,mercadopago
PAY-ORD00002711,ORD00002711,cash,declined,6289.17,2025-12-08 16:54:42,stripe
PAY-ORD00002712,ORD00002712,card,approved,194178.37,2025-04-20 09:23:38,paypal
PAY-ORD00002713,ORD00002713,card,pending,118853.48,2025-06-28 20:47:53,stripe
PAY-ORD00002714,ORD00002714,card,approved,56527.98,2025-03-07 04:53:28,stripe
PAY-ORD00002715,ORD00002715,bank_transfer,approved,160889.46,2026-02-14 19:30:24,stripe
PAY-ORD00002716,ORD00002716,cash,approved,117551.37,2026-01-17 05:46:10,mercadopago
PAY-ORD00002717,ORD00002717,wallet,approved,115655.31,2025-10-31 14:14:24,mercadopago
PAY-ORD00002718,ORD00002718,wallet,approved,157514.54,2025-08-31 11:24:23,stripe
PAY-ORD00002719,ORD00002719,paypal,approved,1417.91,2025-01-06 12:27:07,paypal
PAY-ORD00002720,ORD00002720,paypal,approved,159831.67,2025-11-27 09:35:35,stripe
PAY-ORD00002721,ORD00002721,card,pending,115764.72,2026-04-06 10:36:08,stripe
PAY-ORD00002722,ORD00002722,cash,refunded,23146.9,2026-05-02 12:03:01,mercadopago
PAY-ORD00002723,ORD00002723,wallet,approved,101249.82,2026-02-14 00:17:36,stripe
PAY-ORD00002724,ORD00002724,card,approved,56825.61,2025-02-06 03:40:39,bank
PAY-ORD00002725,ORD00002725,cash,approved,158466.14,2025-04-09 14:48:52,stripe
PAY-ORD00002726,ORD00002726,cash,approved,152360.21,2025-03-22 05:12:58,stripe
PAY-ORD00002727,ORD00002727,paypal,approved,10146.99,2026-03-12 03:13:08,mercadopago
PAY-ORD00002730,ORD00002730,bank_transfer,approved,114797.68,2025-05-01 04:35:44,bank
PAY-ORD00002732,ORD00002732,wallet,approved,68179.7,2025-01-07 09:35:11,stripe
PAY-ORD00002733,ORD00002733,card,approved,49935.6,2026-05-03 04:22:28,paypal
PAY-ORD00002735,ORD00002735,card,approved,140481.46,2025-04-15 05:18:14,paypal
PAY-ORD00002736,ORD00002736,bank_transfer,approved,129625.98,2026-03-30 13:34:30,paypal
PAY-ORD00002737,ORD00002737,paypal,approved,133220.31,2025-10-07 07:28:21,stripe
PAY-ORD00002739,ORD00002739,cash,approved,51548.48,2025-11-29 23:35:31,mercadopago
PAY-ORD00002740,ORD00002740,cash,approved,188202.99,2025-03-04 22:04:37,mercadopago
PAY-ORD00002741,ORD00002741,paypal,approved,156739.88,2025-05-23 22:56:36,stripe
PAY-ORD00002742,ORD00002742,paypal,approved,128049.99,2025-06-13 10:06:30,bank
PAY-ORD00002743,ORD00002743,cash,approved,220814.57,2025-07-28 14:52:25,paypal
PAY-ORD00002744,ORD00002744,card,approved,48360.84,2025-09-26 00:18:13,bank
PAY-ORD00002745,ORD00002745,cash,approved,165315.87,2025-02-09 10:53:32,bank
PAY-ORD00002746,ORD00002746,card,approved,22376.7,2025-06-15 04:02:10,mercadopago
PAY-ORD00002747,ORD00002747,bank_transfer,approved,7466.61,2026-05-13 21:20:51,stripe
PAY-ORD00002748,ORD00002748,bank_transfer,pending,132448.36,2025-05-02 23:21:10,bank
PAY-ORD00002749,ORD00002749,cash,approved,143339.85,2025-12-16 02:56:47,bank
PAY-ORD00002750,ORD00002750,cash,approved,124282.57,2025-10-26 17:07:58,mercadopago
PAY-ORD00002751,ORD00002751,cash,approved,84697.19,2025-09-22 16:13:13,stripe
PAY-ORD00002752,ORD00002752,wallet,approved,5525.84,2025-08-11 07:39:17,paypal
PAY-ORD00002753,ORD00002753,cash,approved,154645.0,2025-09-13 13:25:58,mercadopago
PAY-ORD00002754,ORD00002754,wallet,approved,49315.72,2026-02-20 13:28:42,paypal
PAY-ORD00002755,ORD00002755,card,approved,215424.39,2025-08-13 10:50:35,paypal
PAY-ORD00002756,ORD00002756,paypal,approved,76875.43,2026-02-28 19:30:48,stripe
PAY-ORD00002757,ORD00002757,cash,approved,245963.38,2025-07-20 18:03:39,mercadopago
PAY-ORD00002758,ORD00002758,cash,approved,28842.81,2025-10-31 19:40:58,mercadopago
PAY-ORD00002759,ORD00002759,bank_transfer,pending,136592.04,2026-02-11 17:41:14,stripe
PAY-ORD00002761,ORD00002761,paypal,approved,54145.26,2025-09-07 09:44:43,stripe
PAY-ORD00002762,ORD00002762,cash,refunded,42175.24,2025-01-28 02:15:23,bank
PAY-ORD00002763,ORD00002763,card,refunded,61163.52,2025-05-13 21:08:24,bank
PAY-ORD00002764,ORD00002764,cash,approved,81402.75,2025-09-06 02:39:23,mercadopago
PAY-ORD00002765,ORD00002765,cash,approved,56690.93,2025-09-16 16:26:05,mercadopago
PAY-ORD00002766,ORD00002766,cash,approved,21334.35,2025-07-19 05:36:04,bank
PAY-ORD00002767,ORD00002767,bank_transfer,approved,167378.61,2025-10-29 09:34:25,stripe
PAY-ORD00002768,ORD00002768,paypal,pending,162668.32,2025-08-04 19:44:06,stripe
PAY-ORD00002771,ORD00002771,bank_transfer,approved,57990.62,2025-05-11 20:47:15,stripe
PAY-ORD00002772,ORD00002772,card,approved,93700.1,2026-04-15 12:44:28,mercadopago
PAY-ORD00002773,ORD00002773,cash,approved,83871.59,2025-09-17 22:49:52,bank
PAY-ORD00002774,ORD00002774,paypal,approved,183428.08,2026-02-16 14:06:04,mercadopago
PAY-ORD00002776,ORD00002776,card,approved,262631.2,2026-02-05 17:02:41,stripe
PAY-ORD00002777,ORD00002777,cash,approved,33824.49,2025-01-15 05:53:41,stripe
PAY-ORD00002778,ORD00002778,paypal,approved,38071.46,2025-09-22 01:19:42,stripe
PAY-ORD00002779,ORD00002779,bank_transfer,approved,117652.79,2025-04-14 19:24:43,stripe
PAY-ORD00002780,ORD00002780,bank_transfer,approved,114526.01,2025-08-20 11:11:34,stripe
PAY-ORD00002781,ORD00002781,wallet,approved,41860.7,2025-01-22 03:58:31,paypal
PAY-ORD00002782,ORD00002782,bank_transfer,approved,133857.59,2026-05-13 19:16:45,stripe
PAY-ORD00002783,ORD00002783,bank_transfer,approved,89456.54,2025-08-02 11:25:36,bank
PAY-ORD00002784,ORD00002784,card,approved,193969.12,2026-05-14 18:31:15,paypal
PAY-ORD00002785,ORD00002785,bank_transfer,approved,83237.56,2025-11-30 13:31:09,stripe
PAY-ORD00002786,ORD00002786,paypal,approved,62865.93,2026-02-27 14:07:12,mercadopago
PAY-ORD00002787,ORD00002787,card,approved,36719.65,2025-05-09 19:42:32,mercadopago
PAY-ORD00002788,ORD00002788,wallet,approved,224089.33,2025-05-07 22:14:46,stripe
PAY-ORD00002789,ORD00002789,cash,approved,67039.35,2026-04-04 12:42:56,mercadopago
PAY-ORD00002790,ORD00002790,bank_transfer,approved,111005.27,2025-08-06 03:49:20,stripe
PAY-ORD00002791,ORD00002791,card,approved,94922.17,2025-09-23 18:03:14,stripe
PAY-ORD00002792,ORD00002792,cash,declined,204238.88,2025-07-08 06:25:16,bank
PAY-ORD00002793,ORD00002793,paypal,approved,209993.32,2025-01-05 10:56:03,stripe
PAY-ORD00002794,ORD00002794,cash,approved,125267.15,2026-03-02 11:43:48,stripe
PAY-ORD00002795,ORD00002795,cash,approved,58787.05,2025-04-12 06:27:20,mercadopago
PAY-ORD00002796,ORD00002796,paypal,approved,53413.53,2025-08-24 16:27:35,paypal
PAY-ORD00002797,ORD00002797,card,approved,149803.54,2025-09-01 07:51:10,paypal
PAY-ORD00002798,ORD00002798,paypal,approved,79250.25,2025-12-01 03:55:07,bank
PAY-ORD00002799,ORD00002799,wallet,pending,59333.37,2026-01-07 17:15:32,paypal
PAY-ORD00002801,ORD00002801,card,approved,55603.9,2025-12-07 05:43:21,bank
PAY-ORD00002802,ORD00002802,wallet,approved,90075.75,2025-05-07 21:27:42,bank
PAY-ORD00002803,ORD00002803,paypal,refunded,84336.52,2025-01-29 13:44:48,mercadopago
PAY-ORD00002804,ORD00002804,card,approved,14953.48,2026-04-01 12:41:48,paypal
PAY-ORD00002805,ORD00002805,wallet,approved,64443.72,2025-12-08 06:01:30,bank
PAY-ORD00002806,ORD00002806,card,approved,46087.94,2025-11-18 21:24:58,paypal
PAY-ORD00002807,ORD00002807,card,approved,19903.6,2025-09-28 10:10:12,mercadopago
PAY-ORD00002809,ORD00002809,bank_transfer,approved,135250.52,2026-03-17 06:36:40,paypal
PAY-ORD00002810,ORD00002810,card,approved,27851.45,2025-09-18 04:38:37,paypal
PAY-ORD00002811,ORD00002811,wallet,approved,127196.94,2025-06-11 12:37:11,stripe
PAY-ORD00002812,ORD00002812,paypal,approved,86025.97,2025-01-29 01:08:34,mercadopago
PAY-ORD00002813,ORD00002813,cash,approved,93868.02,2026-03-03 09:15:15,stripe
PAY-ORD00002814,ORD00002814,cash,approved,35953.1,2025-06-28 20:23:34,mercadopago
PAY-ORD00002815,ORD00002815,bank_transfer,declined,29740.53,2026-05-01 00:56:07,stripe
PAY-ORD00002816,ORD00002816,paypal,approved,137108.82,2025-03-01 17:50:09,paypal
PAY-ORD00002818,ORD00002818,cash,approved,84185.78,2026-01-22 16:33:00,paypal
PAY-ORD00002819,ORD00002819,bank_transfer,approved,34494.17,2025-04-15 17:20:01,paypal
PAY-ORD00002820,ORD00002820,cash,approved,22094.68,2025-05-29 11:23:43,bank
PAY-ORD00002821,ORD00002821,cash,approved,150608.47,2025-05-21 01:18:46,paypal
PAY-ORD00002822,ORD00002822,wallet,pending,120812.9,2026-05-16 12:56:12,mercadopago
PAY-ORD00002824,ORD00002824,paypal,declined,132448.64,2025-10-31 22:41:39,stripe
PAY-ORD00002826,ORD00002826,cash,approved,758.55,2025-11-21 14:38:09,bank
PAY-ORD00002827,ORD00002827,wallet,approved,10099.72,2025-11-06 23:37:47,bank
PAY-ORD00002828,ORD00002828,card,approved,79972.79,2026-01-19 06:31:19,stripe
PAY-ORD00002829,ORD00002829,card,approved,70092.58,2026-01-19 12:17:34,bank
PAY-ORD00002830,ORD00002830,bank_transfer,approved,168925.02,2026-02-23 05:44:04,paypal
PAY-ORD00002832,ORD00002832,card,approved,5078.25,2025-02-14 01:27:29,stripe
PAY-ORD00002834,ORD00002834,wallet,approved,185883.6,2025-12-27 11:21:54,mercadopago
PAY-ORD00002835,ORD00002835,paypal,approved,78815.48,2025-02-28 06:50:32,bank
PAY-ORD00002836,ORD00002836,card,approved,99800.79,2025-07-28 16:06:31,paypal
PAY-ORD00002837,ORD00002837,cash,approved,196142.14,2025-10-04 09:07:24,mercadopago
PAY-ORD00002839,ORD00002839,paypal,approved,94990.11,2025-06-24 00:37:28,stripe
PAY-ORD00002840,ORD00002840,paypal,approved,94967.21,2025-09-21 18:47:05,mercadopago
PAY-ORD00002841,ORD00002841,bank_transfer,approved,218977.78,2025-05-04 02:25:57,stripe
PAY-ORD00002842,ORD00002842,card,approved,170099.59,2025-01-04 13:54:54,paypal
PAY-ORD00002843,ORD00002843,paypal,approved,222774.09,2026-03-06 03:24:05,stripe
PAY-ORD00002844,ORD00002844,wallet,declined,211953.77,2025-10-20 21:14:22,bank
PAY-ORD00002846,ORD00002846,card,approved,44370.33,2026-01-21 10:10:26,mercadopago
PAY-ORD00002847,ORD00002847,paypal,refunded,10735.86,2025-08-04 07:06:59,bank
PAY-ORD00002848,ORD00002848,card,pending,13272.74,2025-03-09 15:50:14,bank
PAY-ORD00002849,ORD00002849,cash,declined,87022.95,2025-01-19 12:07:25,paypal
PAY-ORD00002851,ORD00002851,bank_transfer,approved,211396.8,2025-12-18 10:57:55,bank
PAY-ORD00002852,ORD00002852,paypal,approved,124404.84,2025-11-19 22:37:59,paypal
PAY-ORD00002853,ORD00002853,bank_transfer,approved,155532.1,2025-10-09 00:17:59,bank
PAY-ORD00002855,ORD00002855,wallet,approved,160003.42,2026-04-12 13:11:14,mercadopago
PAY-ORD00002856,ORD00002856,wallet,approved,75835.32,2025-04-05 08:44:18,mercadopago
PAY-ORD00002857,ORD00002857,wallet,approved,185913.38,2026-05-19 00:56:43,stripe
PAY-ORD00002859,ORD00002859,paypal,approved,140759.46,2025-05-21 18:48:03,mercadopago
PAY-ORD00002860,ORD00002860,card,refunded,212294.24,2026-04-17 06:16:57,mercadopago
PAY-ORD00002861,ORD00002861,wallet,refunded,115897.01,2025-04-13 06:28:33,paypal
PAY-ORD00002862,ORD00002862,wallet,approved,161364.95,2026-05-10 05:09:59,bank
PAY-ORD00002863,ORD00002863,bank_transfer,approved,286512.3,2026-02-22 06:02:07,paypal
PAY-ORD00002864,ORD00002864,wallet,approved,24128.02,2026-05-13 00:53:02,stripe
PAY-ORD00002865,ORD00002865,card,approved,211297.84,2025-11-26 15:26:16,paypal
PAY-ORD00002866,ORD00002866,wallet,approved,168515.12,2026-01-19 19:13:01,stripe
PAY-ORD00002867,ORD00002867,wallet,approved,71289.91,2025-05-30 12:08:05,bank
PAY-ORD00002868,ORD00002868,wallet,approved,110499.16,2025-07-05 19:18:49,mercadopago
PAY-ORD00002869,ORD00002869,card,approved,12634.92,2025-09-16 20:47:43,stripe
PAY-ORD00002870,ORD00002870,cash,approved,190378.46,2026-01-02 21:04:54,mercadopago
PAY-ORD00002871,ORD00002871,bank_transfer,declined,33979.51,2025-10-08 08:31:46,stripe
PAY-ORD00002872,ORD00002872,cash,approved,98236.42,2026-04-08 21:13:37,mercadopago
PAY-ORD00002873,ORD00002873,cash,approved,91810.65,2025-02-02 01:27:49,mercadopago
PAY-ORD00002874,ORD00002874,card,approved,78508.2,2026-01-24 21:08:21,stripe
PAY-ORD00002875,ORD00002875,cash,pending,4651.91,2025-05-30 19:58:21,stripe
PAY-ORD00002876,ORD00002876,paypal,approved,19354.33,2026-04-24 14:23:32,mercadopago
PAY-ORD00002877,ORD00002877,paypal,approved,60004.98,2025-02-09 00:41:16,paypal
PAY-ORD00002878,ORD00002878,paypal,approved,158491.46,2025-05-30 03:05:25,mercadopago
PAY-ORD00002879,ORD00002879,wallet,approved,22034.08,2025-01-30 17:48:37,stripe
PAY-ORD00002880,ORD00002880,wallet,approved,144135.56,2025-01-14 06:16:51,mercadopago
PAY-ORD00002881,ORD00002881,bank_transfer,approved,62347.25,2025-06-02 07:37:35,paypal
PAY-ORD00002882,ORD00002882,wallet,approved,61675.65,2026-03-25 22:02:33,mercadopago
PAY-ORD00002884,ORD00002884,wallet,approved,5638.09,2025-03-05 22:42:25,mercadopago
PAY-ORD00002885,ORD00002885,bank_transfer,refunded,60213.69,2026-05-06 18:22:30,stripe
PAY-ORD00002887,ORD00002887,cash,approved,140404.15,2025-06-21 07:20:44,bank
PAY-ORD00002890,ORD00002890,wallet,refunded,42624.69,2026-05-16 07:31:09,mercadopago
PAY-ORD00002891,ORD00002891,card,approved,155095.68,2025-05-01 15:18:41,stripe
PAY-ORD00002892,ORD00002892,paypal,approved,136859.75,2026-02-04 05:19:45,stripe
PAY-ORD00002893,ORD00002893,wallet,approved,103532.01,2025-02-17 22:07:27,stripe
PAY-ORD00002894,ORD00002894,cash,refunded,13758.2,2025-10-28 02:37:59,mercadopago
PAY-ORD00002895,ORD00002895,card,approved,57195.04,2025-03-26 21:27:53,stripe
PAY-ORD00002896,ORD00002896,card,approved,61133.84,2025-05-09 15:16:53,mercadopago
PAY-ORD00002899,ORD00002899,bank_transfer,declined,82433.07,2025-04-06 21:32:21,paypal
PAY-ORD00002900,ORD00002900,bank_transfer,approved,161986.24,2025-12-20 07:42:37,stripe
PAY-ORD00002901,ORD00002901,card,approved,51645.44,2025-08-17 01:16:15,stripe
PAY-ORD00002902,ORD00002902,wallet,approved,132912.34,2025-06-05 06:47:17,paypal
PAY-ORD00002903,ORD00002903,wallet,approved,85497.36,2026-01-18 00:52:42,paypal
PAY-ORD00002904,ORD00002904,wallet,approved,77658.38,2025-02-09 06:34:29,mercadopago
PAY-ORD00002905,ORD00002905,card,declined,193823.77,2025-10-13 23:25:41,bank
PAY-ORD00002906,ORD00002906,cash,declined,83137.66,2026-03-17 03:26:02,bank
PAY-ORD00002907,ORD00002907,bank_transfer,approved,89427.73,2026-05-19 08:03:33,stripe
PAY-ORD00002908,ORD00002908,wallet,approved,60430.33,2025-10-23 01:54:23,stripe
PAY-ORD00002909,ORD00002909,card,approved,174308.38,2025-06-13 22:35:28,stripe
PAY-ORD00002910,ORD00002910,bank_transfer,approved,1534.97,2026-01-07 18:14:43,paypal
PAY-ORD00002911,ORD00002911,card,approved,116183.68,2025-12-29 09:13:33,mercadopago
PAY-ORD00002912,ORD00002912,paypal,approved,161727.67,2025-12-14 20:45:46,stripe
PAY-ORD00002914,ORD00002914,bank_transfer,approved,49512.68,2026-01-11 17:18:30,mercadopago
PAY-ORD00002915,ORD00002915,wallet,approved,153951.58,2025-04-18 14:02:11,bank
PAY-ORD00002916,ORD00002916,card,approved,150173.74,2026-01-14 23:00:43,bank
PAY-ORD00002917,ORD00002917,paypal,approved,142856.09,2025-05-22 05:44:57,stripe
PAY-ORD00002919,ORD00002919,paypal,refunded,146575.41,2026-02-15 16:13:46,bank
PAY-ORD00002920,ORD00002920,bank_transfer,approved,94213.16,2025-12-10 01:25:47,mercadopago
PAY-ORD00002921,ORD00002921,bank_transfer,approved,260105.89,2025-04-01 19:17:46,stripe
PAY-ORD00002922,ORD00002922,card,approved,18027.47,2025-08-15 16:43:14,paypal
PAY-ORD00002923,ORD00002923,wallet,approved,49623.55,2025-11-19 17:54:49,bank
PAY-ORD00002924,ORD00002924,wallet,approved,71211.91,2026-04-13 00:43:19,stripe
PAY-ORD00002925,ORD00002925,card,approved,14796.72,2025-09-20 03:53:45,paypal
PAY-ORD00002926,ORD00002926,card,pending,47897.92,2025-03-23 01:07:50,stripe
PAY-ORD00002927,ORD00002927,paypal,approved,179164.67,2025-12-14 22:43:21,mercadopago
PAY-ORD00002928,ORD00002928,bank_transfer,approved,76572.89,2025-09-07 04:15:56,stripe
PAY-ORD00002929,ORD00002929,paypal,pending,69551.06,2025-08-02 21:35:55,bank
PAY-ORD00002930,ORD00002930,bank_transfer,approved,161173.82,2025-02-06 16:28:32,paypal
PAY-ORD00002931,ORD00002931,wallet,approved,38655.14,2025-02-16 03:29:06,bank
PAY-ORD00002933,ORD00002933,paypal,approved,177086.49,2026-03-19 15:02:03,paypal
PAY-ORD00002934,ORD00002934,cash,approved,158803.32,2026-04-04 13:44:01,paypal
PAY-ORD00002935,ORD00002935,paypal,approved,87945.82,2025-06-18 15:28:24,mercadopago
PAY-ORD00002936,ORD00002936,card,approved,343591.37,2025-12-29 16:09:35,stripe
PAY-ORD00002937,ORD00002937,paypal,approved,129734.47,2026-01-26 11:48:38,stripe
PAY-ORD00002938,ORD00002938,cash,declined,4883.6,2025-12-28 14:05:05,mercadopago
PAY-ORD00002939,ORD00002939,cash,approved,163489.38,2026-05-04 19:53:57,bank
PAY-ORD00002940,ORD00002940,bank_transfer,approved,110923.1,2025-11-04 17:29:05,mercadopago
PAY-ORD00002941,ORD00002941,cash,approved,113765.88,2025-10-23 20:09:13,mercadopago
PAY-ORD00002942,ORD00002942,cash,approved,163815.21,2025-07-25 23:35:08,stripe
PAY-ORD00002943,ORD00002943,wallet,approved,113480.51,2025-05-26 04:52:42,paypal
PAY-ORD00002944,ORD00002944,cash,approved,15290.77,2025-09-06 18:21:36,stripe
PAY-ORD00002945,ORD00002945,card,approved,74391.59,2026-01-17 16:09:57,mercadopago
PAY-ORD00002946,ORD00002946,wallet,approved,180642.79,2026-03-28 22:13:43,paypal
PAY-ORD00002947,ORD00002947,card,approved,121247.25,2026-01-12 11:19:34,mercadopago
PAY-ORD00002948,ORD00002948,paypal,approved,67967.48,2025-06-06 03:45:55,stripe
PAY-ORD00002949,ORD00002949,wallet,approved,82092.3,2025-11-19 04:06:58,bank
PAY-ORD00002950,ORD00002950,cash,approved,6042.84,2026-01-12 11:25:33,stripe
PAY-ORD00002952,ORD00002952,card,approved,187416.06,2025-05-17 08:26:35,bank
PAY-ORD00002953,ORD00002953,bank_transfer,approved,133435.06,2026-02-01 17:52:16,bank
PAY-ORD00002954,ORD00002954,card,approved,150074.18,2025-01-20 20:22:17,paypal
PAY-ORD00002955,ORD00002955,paypal,approved,112896.56,2025-04-16 17:02:18,mercadopago
PAY-ORD00002956,ORD00002956,wallet,approved,40802.13,2025-04-24 11:25:55,stripe
PAY-ORD00002957,ORD00002957,bank_transfer,approved,155784.87,2025-10-08 22:06:26,mercadopago
PAY-ORD00002958,ORD00002958,wallet,approved,209916.28,2025-09-22 23:38:22,stripe
PAY-ORD00002959,ORD00002959,card,approved,33860.38,2025-01-04 02:35:14,paypal
PAY-ORD00002961,ORD00002961,bank_transfer,approved,67885.47,2025-12-11 00:23:54,paypal
PAY-ORD00002962,ORD00002962,bank_transfer,approved,23863.12,2025-08-13 20:29:11,stripe
PAY-ORD00002963,ORD00002963,bank_transfer,approved,192659.59,2026-04-17 15:17:24,stripe
PAY-ORD00002964,ORD00002964,cash,declined,73439.52,2025-08-23 04:50:53,paypal
PAY-ORD00002967,ORD00002967,paypal,approved,208557.58,2025-03-10 03:03:03,bank
PAY-ORD00002970,ORD00002970,cash,approved,73975.77,2026-03-05 00:32:52,paypal
PAY-ORD00002971,ORD00002971,paypal,approved,196688.7,2025-03-19 17:13:54,stripe
PAY-ORD00002972,ORD00002972,bank_transfer,approved,70624.07,2025-12-03 21:16:00,bank
PAY-ORD00002973,ORD00002973,bank_transfer,approved,69802.9,2025-01-09 11:54:05,paypal
PAY-ORD00002974,ORD00002974,bank_transfer,approved,87980.33,2025-03-02 22:04:10,stripe
PAY-ORD00002975,ORD00002975,wallet,approved,151826.49,2025-10-29 10:23:10,stripe
PAY-ORD00002976,ORD00002976,wallet,approved,130034.61,2025-12-11 19:21:33,paypal
PAY-ORD00002977,ORD00002977,paypal,approved,52821.51,2025-09-18 06:30:47,bank
PAY-ORD00002978,ORD00002978,card,approved,46969.62,2025-07-01 18:38:54,mercadopago
PAY-ORD00002979,ORD00002979,bank_transfer,declined,184475.08,2026-04-03 14:10:07,paypal
PAY-ORD00002980,ORD00002980,paypal,refunded,112049.93,2026-01-29 22:10:09,stripe
PAY-ORD00002982,ORD00002982,card,approved,101808.65,2026-01-14 22:43:06,stripe
PAY-ORD00002983,ORD00002983,wallet,approved,75184.35,2025-12-06 15:08:14,paypal
PAY-ORD00002984,ORD00002984,wallet,approved,171441.6,2025-02-07 03:56:22,paypal
PAY-ORD00002985,ORD00002985,card,declined,254232.73,2026-03-27 22:29:11,mercadopago
PAY-ORD00002986,ORD00002986,card,approved,158497.7,2025-04-21 20:30:25,mercadopago
PAY-ORD00002987,ORD00002987,bank_transfer,approved,104483.71,2025-10-14 01:57:51,mercadopago
PAY-ORD00002988,ORD00002988,paypal,approved,110891.87,2025-03-18 13:02:00,bank
PAY-ORD00002989,ORD00002989,card,approved,189860.13,2025-02-18 17:40:40,bank
PAY-ORD00002990,ORD00002990,wallet,approved,112490.45,2025-12-09 19:21:42,mercadopago
PAY-ORD00002991,ORD00002991,card,approved,191609.64,2026-04-22 06:59:24,bank
PAY-ORD00002992,ORD00002992,card,approved,64169.56,2026-05-08 22:48:56,paypal
PAY-ORD00002993,ORD00002993,wallet,approved,12288.44,2025-03-11 10:31:39,stripe
PAY-ORD00002994,ORD00002994,wallet,approved,141537.34,2025-02-01 22:30:25,paypal
PAY-ORD00002995,ORD00002995,cash,approved,46194.8,2025-04-29 02:11:15,bank
PAY-ORD00002996,ORD00002996,wallet,approved,75722.75,2025-05-27 09:16:46,stripe
PAY-ORD00002997,ORD00002997,bank_transfer,approved,59478.72,2025-02-17 07:19:15,mercadopago
PAY-ORD00003000,ORD00003000,wallet,approved,24890.43,2025-06-25 04:00:05,stripe
PAY-ORD00003001,ORD00003001,card,approved,141932.95,2025-04-18 14:14:15,paypal
PAY-ORD00003002,ORD00003002,bank_transfer,approved,152094.0,2025-05-24 05:58:54,stripe
PAY-ORD00003003,ORD00003003,cash,approved,99353.76,2026-03-09 21:40:54,bank
PAY-ORD00003004,ORD00003004,bank_transfer,approved,160521.67,2026-03-04 19:00:18,mercadopago
PAY-ORD00003005,ORD00003005,card,approved,156533.85,2025-03-21 19:01:05,mercadopago
PAY-ORD00003007,ORD00003007,paypal,approved,222217.55,2026-04-08 15:08:33,paypal
PAY-ORD00003008,ORD00003008,wallet,pending,82053.9,2025-01-19 00:48:30,paypal
PAY-ORD00003009,ORD00003009,wallet,approved,59401.85,2025-05-08 14:16:50,bank
PAY-ORD00003010,ORD00003010,card,approved,109980.54,2025-02-19 18:40:26,bank
PAY-ORD00003012,ORD00003012,paypal,approved,166697.25,2026-03-30 07:40:26,stripe
PAY-ORD00003013,ORD00003013,card,approved,140947.76,2026-04-11 08:05:49,stripe
PAY-ORD00003014,ORD00003014,wallet,approved,222205.95,2025-07-23 21:00:55,bank
PAY-ORD00003015,ORD00003015,card,approved,145775.01,2025-03-21 12:50:44,stripe
PAY-ORD00003016,ORD00003016,card,approved,183572.64,2025-01-10 20:12:24,stripe
PAY-ORD00003018,ORD00003018,bank_transfer,approved,138094.38,2025-10-15 05:02:42,paypal
PAY-ORD00003020,ORD00003020,paypal,pending,24021.72,2026-03-23 20:13:52,stripe
PAY-ORD00003021,ORD00003021,card,approved,22315.52,2025-06-13 05:06:25,mercadopago
PAY-ORD00003022,ORD00003022,cash,approved,73762.99,2025-09-08 06:52:48,mercadopago
PAY-ORD00003023,ORD00003023,bank_transfer,approved,115570.29,2025-08-15 00:34:53,stripe
PAY-ORD00003025,ORD00003025,bank_transfer,approved,23471.75,2025-09-17 21:33:39,mercadopago
PAY-ORD00003026,ORD00003026,card,approved,4520.93,2025-12-14 19:24:22,paypal
PAY-ORD00003027,ORD00003027,bank_transfer,approved,58591.44,2025-11-26 06:40:28,stripe
PAY-ORD00003028,ORD00003028,bank_transfer,approved,176262.55,2025-06-09 07:27:53,bank
PAY-ORD00003030,ORD00003030,cash,approved,64169.6,2026-04-01 12:47:05,bank
PAY-ORD00003031,ORD00003031,bank_transfer,approved,218218.6,2026-01-06 07:37:22,stripe
PAY-ORD00003032,ORD00003032,paypal,approved,76575.08,2026-04-19 23:47:46,paypal
PAY-ORD00003033,ORD00003033,bank_transfer,approved,7347.45,2025-01-10 19:55:22,mercadopago
PAY-ORD00003034,ORD00003034,bank_transfer,approved,65783.03,2025-07-10 20:57:23,bank
PAY-ORD00003035,ORD00003035,bank_transfer,approved,28238.71,2026-02-08 06:36:55,bank
PAY-ORD00003036,ORD00003036,card,approved,10279.45,2025-03-28 16:16:08,paypal
PAY-ORD00003037,ORD00003037,card,approved,155668.23,2026-05-06 23:41:01,bank
PAY-ORD00003038,ORD00003038,paypal,approved,16931.35,2026-01-18 09:48:12,paypal
PAY-ORD00003039,ORD00003039,cash,approved,76189.27,2026-05-12 10:12:43,stripe
PAY-ORD00003040,ORD00003040,cash,approved,130521.97,2025-02-06 09:57:57,bank
PAY-ORD00003041,ORD00003041,card,approved,123990.15,2025-01-07 18:12:21,mercadopago
PAY-ORD00003042,ORD00003042,card,approved,202266.82,2025-10-30 02:31:45,mercadopago
PAY-ORD00003043,ORD00003043,bank_transfer,approved,289282.51,2026-04-04 07:26:41,stripe
PAY-ORD00003044,ORD00003044,bank_transfer,approved,160236.72,2026-01-16 04:53:46,bank
PAY-ORD00003045,ORD00003045,card,refunded,100289.14,2025-09-10 21:45:27,paypal
PAY-ORD00003046,ORD00003046,bank_transfer,approved,247261.83,2025-04-15 15:32:41,paypal
PAY-ORD00003047,ORD00003047,card,approved,156773.47,2025-06-23 21:10:59,stripe
PAY-ORD00003048,ORD00003048,card,approved,100792.83,2025-07-20 01:03:58,mercadopago
PAY-ORD00003049,ORD00003049,wallet,approved,19779.79,2025-06-28 11:17:01,stripe
PAY-ORD00003050,ORD00003050,card,approved,200462.3,2025-05-06 05:57:30,stripe
PAY-ORD00003051,ORD00003051,bank_transfer,approved,75570.39,2025-06-25 23:22:05,stripe
PAY-ORD00003052,ORD00003052,cash,pending,124773.82,2026-02-11 12:59:14,stripe
PAY-ORD00003053,ORD00003053,card,approved,231678.27,2025-07-18 05:46:09,stripe
PAY-ORD00003054,ORD00003054,bank_transfer,approved,51200.87,2026-03-15 22:56:01,mercadopago
PAY-ORD00003055,ORD00003055,bank_transfer,approved,204996.24,2025-12-24 01:20:08,bank
PAY-ORD00003057,ORD00003057,cash,approved,77476.02,2026-04-02 21:24:23,mercadopago
PAY-ORD00003058,ORD00003058,paypal,approved,30239.06,2026-03-20 05:55:12,bank
PAY-ORD00003059,ORD00003059,cash,pending,141252.88,2026-03-16 05:41:44,paypal
PAY-ORD00003060,ORD00003060,paypal,approved,38503.95,2025-10-30 23:14:32,paypal
PAY-ORD00003062,ORD00003062,cash,approved,19834.62,2026-01-26 16:21:24,paypal
PAY-ORD00003063,ORD00003063,wallet,refunded,80842.28,2025-03-14 13:10:52,stripe
PAY-ORD00003065,ORD00003065,wallet,approved,49441.21,2025-06-23 00:06:00,bank
PAY-ORD00003066,ORD00003066,cash,approved,219865.66,2025-12-09 16:14:35,paypal
PAY-ORD00003067,ORD00003067,cash,approved,30075.17,2026-05-16 06:58:50,stripe
PAY-ORD00003068,ORD00003068,card,approved,210663.16,2025-05-13 15:49:11,mercadopago
PAY-ORD00003069,ORD00003069,card,approved,144331.21,2025-06-28 07:57:24,mercadopago
PAY-ORD00003070,ORD00003070,paypal,approved,87441.16,2026-03-16 21:33:07,paypal
PAY-ORD00003071,ORD00003071,bank_transfer,approved,77689.18,2025-03-14 14:19:57,bank
PAY-ORD00003072,ORD00003072,card,approved,106936.95,2026-01-26 13:08:25,stripe
PAY-ORD00003073,ORD00003073,cash,approved,62575.87,2026-03-16 00:55:34,bank
PAY-ORD00003074,ORD00003074,cash,approved,212550.68,2025-09-11 19:55:20,paypal
PAY-ORD00003075,ORD00003075,paypal,approved,7262.77,2025-02-14 01:39:59,paypal
PAY-ORD00003076,ORD00003076,cash,pending,10663.65,2026-04-08 12:18:47,paypal
PAY-ORD00003077,ORD00003077,card,approved,83717.21,2026-01-10 18:01:53,stripe
PAY-ORD00003078,ORD00003078,paypal,approved,203892.52,2025-02-27 08:18:39,bank
PAY-ORD00003079,ORD00003079,paypal,refunded,1724.19,2025-08-01 14:48:02,stripe
PAY-ORD00003080,ORD00003080,bank_transfer,approved,122718.89,2025-02-14 13:12:48,stripe
PAY-ORD00003082,ORD00003082,card,approved,184489.69,2026-05-10 21:15:49,bank
PAY-ORD00003083,ORD00003083,cash,approved,73833.19,2025-08-15 20:28:39,stripe
PAY-ORD00003085,ORD00003085,cash,declined,24139.15,2025-04-01 16:31:55,paypal
PAY-ORD00003086,ORD00003086,wallet,pending,238787.83,2026-04-02 19:02:35,mercadopago
PAY-ORD00003087,ORD00003087,bank_transfer,approved,46395.11,2025-05-20 12:59:16,paypal
PAY-ORD00003088,ORD00003088,bank_transfer,approved,188645.82,2026-05-06 07:13:15,mercadopago
PAY-ORD00003090,ORD00003090,wallet,refunded,15617.07,2025-01-02 14:57:33,paypal
PAY-ORD00003091,ORD00003091,bank_transfer,approved,144472.09,2025-05-20 12:13:20,stripe
PAY-ORD00003092,ORD00003092,cash,approved,67625.16,2026-04-24 06:49:38,stripe
PAY-ORD00003093,ORD00003093,card,approved,62845.35,2025-08-27 17:27:39,bank
PAY-ORD00003094,ORD00003094,wallet,approved,162163.95,2025-08-21 14:04:37,paypal
PAY-ORD00003095,ORD00003095,paypal,approved,116152.49,2026-05-07 13:39:05,stripe
PAY-ORD00003096,ORD00003096,card,approved,264221.67,2025-11-13 04:59:15,bank
PAY-ORD00003098,ORD00003098,wallet,approved,76663.4,2025-11-29 17:02:28,paypal
PAY-ORD00003099,ORD00003099,card,approved,206878.81,2025-10-26 23:52:42,mercadopago
PAY-ORD00003100,ORD00003100,card,approved,207517.1,2026-02-11 23:06:35,paypal
PAY-ORD00003101,ORD00003101,card,approved,205892.3,2025-06-06 20:12:03,mercadopago
PAY-ORD00003102,ORD00003102,paypal,approved,158153.35,2025-10-04 18:23:48,bank
PAY-ORD00003103,ORD00003103,bank_transfer,approved,104112.6,2026-03-25 04:33:01,stripe
PAY-ORD00003104,ORD00003104,paypal,approved,29068.61,2025-01-24 18:12:39,mercadopago
PAY-ORD00003105,ORD00003105,paypal,approved,44446.57,2025-11-05 09:06:30,stripe
PAY-ORD00003107,ORD00003107,cash,approved,120044.5,2025-08-03 15:21:03,bank
PAY-ORD00003108,ORD00003108,wallet,approved,9205.51,2025-03-29 04:08:14,mercadopago
PAY-ORD00003109,ORD00003109,paypal,approved,95430.22,2026-02-24 17:59:59,mercadopago
PAY-ORD00003110,ORD00003110,paypal,approved,207864.52,2025-09-19 03:52:08,mercadopago
PAY-ORD00003111,ORD00003111,cash,approved,53914.83,2025-04-28 14:37:47,bank
PAY-ORD00003112,ORD00003112,wallet,approved,119633.66,2025-03-27 02:04:19,mercadopago
PAY-ORD00003113,ORD00003113,paypal,approved,62400.16,2025-04-10 11:05:32,paypal
PAY-ORD00003114,ORD00003114,card,approved,152359.37,2026-04-08 01:56:16,bank
PAY-ORD00003115,ORD00003115,card,approved,88344.17,2025-10-06 19:12:39,stripe
PAY-ORD00003116,ORD00003116,wallet,approved,22300.77,2025-07-04 16:51:00,paypal
PAY-ORD00003117,ORD00003117,cash,approved,149177.09,2025-11-30 02:56:48,bank
PAY-ORD00003118,ORD00003118,wallet,approved,69434.13,2026-02-03 21:02:20,mercadopago
PAY-ORD00003119,ORD00003119,paypal,approved,130948.04,2025-12-03 14:52:01,mercadopago
PAY-ORD00003120,ORD00003120,paypal,approved,180397.91,2025-08-16 19:56:01,mercadopago
PAY-ORD00003121,ORD00003121,cash,approved,21062.32,2025-10-19 17:47:16,mercadopago
PAY-ORD00003122,ORD00003122,paypal,approved,27170.96,2026-02-07 10:11:53,mercadopago
PAY-ORD00003123,ORD00003123,card,approved,53558.79,2025-09-04 21:24:12,paypal
PAY-ORD00003124,ORD00003124,card,approved,55845.74,2025-02-02 04:35:42,bank
PAY-ORD00003125,ORD00003125,wallet,refunded,26456.99,2025-04-06 02:29:18,bank
PAY-ORD00003126,ORD00003126,wallet,declined,138277.95,2025-07-06 21:39:26,bank
PAY-ORD00003127,ORD00003127,card,approved,111248.12,2026-01-15 14:44:41,paypal
PAY-ORD00003128,ORD00003128,wallet,approved,69166.79,2025-10-13 03:02:41,stripe
PAY-ORD00003129,ORD00003129,card,approved,750.95,2025-10-23 00:07:04,stripe
PAY-ORD00003130,ORD00003130,paypal,pending,969.27,2025-10-24 15:32:55,paypal
PAY-ORD00003131,ORD00003131,paypal,approved,20910.79,2025-11-28 10:38:52,paypal
PAY-ORD00003132,ORD00003132,cash,approved,152175.71,2025-10-27 13:37:02,stripe
PAY-ORD00003133,ORD00003133,cash,approved,195234.17,2025-12-05 15:11:37,stripe
PAY-ORD00003134,ORD00003134,card,approved,29737.39,2026-03-05 10:14:43,bank
PAY-ORD00003135,ORD00003135,cash,approved,131170.72,2025-03-24 05:00:13,bank
PAY-ORD00003136,ORD00003136,paypal,approved,27913.57,2025-09-06 04:22:26,bank
PAY-ORD00003137,ORD00003137,wallet,approved,205691.29,2026-02-01 11:41:26,paypal
PAY-ORD00003138,ORD00003138,wallet,approved,245043.07,2025-07-05 21:51:41,mercadopago
PAY-ORD00003139,ORD00003139,cash,refunded,104804.46,2025-12-06 18:40:56,stripe
PAY-ORD00003140,ORD00003140,cash,declined,26124.22,2025-05-14 17:59:14,stripe
PAY-ORD00003141,ORD00003141,card,approved,145235.44,2025-01-10 17:15:28,bank
PAY-ORD00003142,ORD00003142,paypal,approved,216059.86,2025-08-25 13:41:04,stripe
PAY-ORD00003143,ORD00003143,cash,approved,21704.9,2025-02-15 03:54:57,mercadopago
PAY-ORD00003144,ORD00003144,paypal,approved,180210.47,2025-02-11 23:30:10,bank
PAY-ORD00003145,ORD00003145,wallet,approved,28906.54,2025-03-09 12:53:18,paypal
PAY-ORD00003146,ORD00003146,card,approved,199982.65,2026-04-20 14:20:31,stripe
PAY-ORD00003147,ORD00003147,bank_transfer,approved,78676.1,2025-12-19 19:40:12,stripe
PAY-ORD00003148,ORD00003148,cash,approved,36612.04,2025-03-29 00:51:15,stripe
PAY-ORD00003149,ORD00003149,cash,approved,207597.82,2025-09-18 12:01:22,stripe
PAY-ORD00003151,ORD00003151,paypal,approved,38969.13,2026-01-06 17:17:41,bank
PAY-ORD00003152,ORD00003152,card,approved,162312.71,2026-05-12 01:08:04,mercadopago
PAY-ORD00003153,ORD00003153,bank_transfer,approved,61766.79,2026-04-17 02:05:08,bank
PAY-ORD00003154,ORD00003154,wallet,approved,33999.91,2025-04-19 15:14:14,paypal
PAY-ORD00003155,ORD00003155,wallet,approved,74567.39,2025-03-15 23:02:55,stripe
PAY-ORD00003156,ORD00003156,paypal,approved,230180.06,2025-02-11 06:08:07,bank
PAY-ORD00003157,ORD00003157,card,approved,173393.35,2025-12-12 03:19:14,mercadopago
PAY-ORD00003158,ORD00003158,bank_transfer,pending,79488.68,2025-08-22 03:31:09,paypal
PAY-ORD00003159,ORD00003159,wallet,approved,22930.48,2025-01-25 19:47:54,mercadopago
PAY-ORD00003160,ORD00003160,bank_transfer,approved,64107.11,2025-11-11 04:02:14,paypal
PAY-ORD00003161,ORD00003161,bank_transfer,refunded,29292.51,2025-08-30 23:19:03,stripe
PAY-ORD00003162,ORD00003162,card,approved,86812.09,2025-04-16 14:30:01,paypal
PAY-ORD00003163,ORD00003163,paypal,approved,93619.25,2025-03-04 07:03:58,stripe
PAY-ORD00003164,ORD00003164,card,pending,126674.11,2025-05-14 11:38:08,stripe
PAY-ORD00003165,ORD00003165,bank_transfer,pending,67594.31,2025-12-10 04:55:27,bank
PAY-ORD00003166,ORD00003166,paypal,approved,43101.95,2026-01-16 07:12:22,stripe
PAY-ORD00003167,ORD00003167,bank_transfer,approved,31131.44,2025-08-04 00:24:41,stripe
PAY-ORD00003168,ORD00003168,cash,refunded,145402.96,2026-05-10 21:46:18,paypal
PAY-ORD00003169,ORD00003169,wallet,approved,59496.54,2026-04-13 21:57:08,mercadopago
PAY-ORD00003171,ORD00003171,wallet,approved,217789.3,2025-09-10 00:40:31,paypal
PAY-ORD00003172,ORD00003172,card,approved,69831.35,2025-04-18 09:48:43,paypal
PAY-ORD00003173,ORD00003173,bank_transfer,approved,136630.84,2025-04-28 01:29:05,mercadopago
PAY-ORD00003174,ORD00003174,wallet,approved,105762.2,2025-02-24 15:05:42,bank
PAY-ORD00003175,ORD00003175,wallet,approved,126247.63,2026-04-10 08:24:44,mercadopago
PAY-ORD00003176,ORD00003176,card,approved,220630.23,2026-02-02 23:44:24,stripe
PAY-ORD00003179,ORD00003179,card,declined,155525.62,2026-05-06 07:52:24,stripe
PAY-ORD00003180,ORD00003180,wallet,approved,223646.66,2025-10-06 21:36:38,mercadopago
PAY-ORD00003181,ORD00003181,bank_transfer,pending,39566.17,2025-04-20 00:02:06,stripe
PAY-ORD00003182,ORD00003182,bank_transfer,approved,68013.35,2025-05-26 22:43:57,bank
PAY-ORD00003183,ORD00003183,wallet,approved,84247.1,2025-03-05 02:50:17,stripe
PAY-ORD00003185,ORD00003185,paypal,approved,149448.57,2026-05-16 22:06:03,stripe
PAY-ORD00003186,ORD00003186,cash,approved,95966.24,2025-10-19 04:40:04,stripe
PAY-ORD00003187,ORD00003187,bank_transfer,approved,26758.03,2025-04-21 16:54:46,paypal
PAY-ORD00003188,ORD00003188,wallet,approved,106935.06,2025-01-09 05:01:12,bank
PAY-ORD00003189,ORD00003189,card,approved,149578.78,2026-04-21 01:27:51,mercadopago
PAY-ORD00003190,ORD00003190,cash,approved,17893.51,2025-12-04 21:07:06,mercadopago
PAY-ORD00003191,ORD00003191,bank_transfer,approved,181734.72,2025-01-20 15:51:33,bank
PAY-ORD00003192,ORD00003192,cash,approved,178028.51,2025-04-09 22:01:14,mercadopago
PAY-ORD00003193,ORD00003193,cash,approved,154186.11,2025-03-03 12:48:31,bank
PAY-ORD00003195,ORD00003195,bank_transfer,approved,138179.51,2025-09-01 22:47:26,bank
PAY-ORD00003197,ORD00003197,card,approved,125226.96,2025-07-24 17:34:40,mercadopago
PAY-ORD00003198,ORD00003198,card,refunded,200766.73,2026-02-01 13:31:37,bank
PAY-ORD00003200,ORD00003200,bank_transfer,approved,110119.78,2025-02-13 01:37:04,stripe
PAY-ORD00003201,ORD00003201,paypal,approved,170434.3,2026-03-23 05:36:41,stripe
PAY-ORD00003202,ORD00003202,paypal,approved,132433.45,2025-03-06 07:25:25,mercadopago
PAY-ORD00003203,ORD00003203,bank_transfer,pending,61379.81,2025-03-20 05:59:03,bank
PAY-ORD00003204,ORD00003204,wallet,approved,143893.43,2025-07-09 03:31:04,bank
PAY-ORD00003205,ORD00003205,wallet,approved,122152.02,2025-12-11 03:25:00,stripe
PAY-ORD00003207,ORD00003207,bank_transfer,approved,7583.97,2025-12-31 09:15:20,stripe
PAY-ORD00003208,ORD00003208,card,approved,44329.15,2026-02-24 20:32:52,paypal
PAY-ORD00003209,ORD00003209,wallet,declined,23923.31,2026-02-17 03:25:24,bank
PAY-ORD00003211,ORD00003211,card,approved,133707.48,2025-09-01 17:00:12,bank
PAY-ORD00003212,ORD00003212,cash,approved,89290.13,2026-04-26 05:49:39,mercadopago
PAY-ORD00003213,ORD00003213,card,approved,157398.29,2025-05-21 14:36:08,stripe
PAY-ORD00003214,ORD00003214,paypal,approved,126157.1,2025-06-19 06:42:09,bank
PAY-ORD00003215,ORD00003215,card,approved,114723.63,2025-01-04 18:04:33,stripe
PAY-ORD00003216,ORD00003216,bank_transfer,approved,112960.06,2026-03-10 05:45:06,stripe
PAY-ORD00003217,ORD00003217,cash,approved,138580.51,2026-05-08 23:46:36,mercadopago
PAY-ORD00003218,ORD00003218,card,approved,106644.87,2025-04-28 17:26:59,mercadopago
PAY-ORD00003219,ORD00003219,cash,refunded,210525.42,2025-09-13 13:15:42,stripe
PAY-ORD00003220,ORD00003220,cash,pending,11391.55,2025-02-21 19:23:12,paypal
PAY-ORD00003221,ORD00003221,cash,approved,97639.87,2025-08-25 11:41:29,paypal
PAY-ORD00003222,ORD00003222,paypal,approved,115924.78,2026-04-22 06:20:54,paypal
PAY-ORD00003223,ORD00003223,bank_transfer,approved,34072.99,2025-06-06 15:49:50,paypal
PAY-ORD00003224,ORD00003224,wallet,approved,16763.98,2025-08-31 04:26:29,mercadopago
PAY-ORD00003226,ORD00003226,cash,approved,37451.24,2026-02-25 04:48:05,stripe
PAY-ORD00003227,ORD00003227,card,approved,54132.26,2025-01-14 14:31:35,mercadopago
PAY-ORD00003228,ORD00003228,bank_transfer,approved,200780.06,2026-02-02 12:08:11,mercadopago
PAY-ORD00003229,ORD00003229,card,approved,21268.05,2025-02-16 04:25:34,mercadopago
PAY-ORD00003230,ORD00003230,bank_transfer,approved,156400.05,2025-06-13 20:51:20,bank
PAY-ORD00003231,ORD00003231,card,approved,153505.21,2025-06-12 13:57:10,bank
PAY-ORD00003232,ORD00003232,paypal,approved,165419.0,2026-04-19 22:09:22,paypal
PAY-ORD00003233,ORD00003233,cash,approved,73697.45,2025-12-04 07:25:08,bank
PAY-ORD00003234,ORD00003234,wallet,approved,68475.49,2026-05-17 19:43:33,mercadopago
PAY-ORD00003235,ORD00003235,wallet,approved,157337.37,2026-05-18 00:44:43,stripe
PAY-ORD00003236,ORD00003236,paypal,approved,120231.67,2025-10-04 03:28:22,stripe
PAY-ORD00003237,ORD00003237,paypal,approved,19417.56,2025-09-27 13:43:06,paypal
PAY-ORD00003238,ORD00003238,bank_transfer,approved,182710.82,2025-04-10 03:38:50,bank
PAY-ORD00003239,ORD00003239,cash,approved,104739.92,2026-02-02 06:31:28,bank
PAY-ORD00003241,ORD00003241,cash,pending,88474.79,2026-01-16 21:44:02,stripe
PAY-ORD00003243,ORD00003243,bank_transfer,approved,16068.64,2025-01-16 18:01:31,paypal
PAY-ORD00003244,ORD00003244,card,approved,130651.95,2025-05-20 01:48:50,mercadopago
PAY-ORD00003245,ORD00003245,cash,approved,82140.45,2025-11-17 11:28:55,paypal
PAY-ORD00003246,ORD00003246,cash,approved,139004.66,2025-07-27 06:55:34,mercadopago
PAY-ORD00003247,ORD00003247,bank_transfer,approved,41742.76,2025-08-20 23:21:22,paypal
PAY-ORD00003248,ORD00003248,paypal,approved,212845.85,2025-05-30 11:41:50,stripe
PAY-ORD00003249,ORD00003249,card,approved,70023.24,2025-04-17 23:44:18,bank
PAY-ORD00003250,ORD00003250,card,approved,157229.75,2026-04-17 13:25:02,stripe
PAY-ORD00003251,ORD00003251,wallet,approved,15193.31,2025-12-24 10:14:58,paypal
PAY-ORD00003252,ORD00003252,bank_transfer,approved,115376.13,2025-04-21 08:09:35,paypal
PAY-ORD00003254,ORD00003254,paypal,approved,32390.31,2025-08-25 17:35:24,paypal
PAY-ORD00003255,ORD00003255,paypal,approved,8502.63,2025-12-08 02:04:21,bank
PAY-ORD00003256,ORD00003256,card,approved,210647.26,2026-03-22 10:09:10,stripe
PAY-ORD00003257,ORD00003257,paypal,approved,108699.75,2025-05-10 21:27:34,paypal
PAY-ORD00003258,ORD00003258,paypal,approved,13257.51,2025-02-04 17:31:23,bank
PAY-ORD00003260,ORD00003260,wallet,approved,86604.17,2026-01-08 07:49:58,paypal
PAY-ORD00003261,ORD00003261,wallet,approved,88896.25,2025-08-24 15:38:18,stripe
PAY-ORD00003262,ORD00003262,wallet,approved,241312.88,2025-04-09 07:31:16,mercadopago
PAY-ORD00003263,ORD00003263,card,approved,166158.68,2026-03-18 15:19:10,bank
PAY-ORD00003264,ORD00003264,card,approved,24988.6,2026-04-17 22:26:54,paypal
PAY-ORD00003265,ORD00003265,wallet,approved,80250.3,2025-07-03 04:57:01,bank
PAY-ORD00003266,ORD00003266,card,declined,10749.71,2025-01-02 10:03:06,bank
PAY-ORD00003267,ORD00003267,bank_transfer,approved,144241.77,2025-12-25 00:58:03,mercadopago
PAY-ORD00003268,ORD00003268,paypal,approved,121166.96,2025-01-06 18:56:18,stripe
PAY-ORD00003269,ORD00003269,bank_transfer,approved,15194.03,2025-07-03 08:08:54,bank
PAY-ORD00003270,ORD00003270,card,pending,52749.06,2026-02-23 23:05:38,paypal
PAY-ORD00003271,ORD00003271,paypal,approved,152660.23,2025-06-10 08:19:05,paypal
PAY-ORD00003272,ORD00003272,card,approved,156573.65,2025-03-10 07:42:44,mercadopago
PAY-ORD00003273,ORD00003273,bank_transfer,approved,126251.91,2025-09-10 14:50:44,paypal
PAY-ORD00003274,ORD00003274,paypal,approved,173595.38,2025-12-07 08:59:35,paypal
PAY-ORD00003275,ORD00003275,paypal,approved,106214.75,2026-05-13 18:26:19,mercadopago
PAY-ORD00003276,ORD00003276,wallet,approved,143023.01,2025-11-07 15:55:41,stripe
PAY-ORD00003278,ORD00003278,cash,approved,264590.43,2025-06-07 13:39:11,mercadopago
PAY-ORD00003281,ORD00003281,paypal,approved,15716.75,2026-04-14 10:08:22,stripe
PAY-ORD00003282,ORD00003282,cash,approved,77319.21,2025-08-28 10:17:28,mercadopago
PAY-ORD00003283,ORD00003283,bank_transfer,declined,131846.95,2025-11-22 06:28:51,bank
PAY-ORD00003285,ORD00003285,cash,approved,46870.46,2025-11-26 03:37:56,paypal
PAY-ORD00003286,ORD00003286,card,approved,122977.55,2025-12-31 03:34:28,stripe
PAY-ORD00003287,ORD00003287,paypal,approved,29429.67,2025-01-28 08:14:26,stripe
PAY-ORD00003288,ORD00003288,card,approved,117432.11,2025-06-24 07:44:17,paypal
PAY-ORD00003289,ORD00003289,card,approved,124225.48,2025-12-30 08:25:21,paypal
PAY-ORD00003290,ORD00003290,wallet,approved,88872.96,2025-07-18 16:34:32,bank
PAY-ORD00003291,ORD00003291,paypal,approved,30487.4,2025-12-08 01:57:09,bank
PAY-ORD00003292,ORD00003292,wallet,approved,5549.24,2026-05-18 12:34:33,stripe
PAY-ORD00003293,ORD00003293,paypal,approved,134573.51,2026-05-07 16:26:06,stripe
PAY-ORD00003294,ORD00003294,wallet,pending,150764.91,2025-12-09 15:54:55,bank
PAY-ORD00003295,ORD00003295,wallet,approved,8449.35,2026-02-13 21:12:50,bank
PAY-ORD00003296,ORD00003296,wallet,approved,49338.66,2025-03-22 14:59:55,stripe
PAY-ORD00003297,ORD00003297,bank_transfer,approved,49484.76,2025-07-08 16:34:53,paypal
PAY-ORD00003298,ORD00003298,cash,approved,140511.74,2026-02-19 21:44:17,stripe
PAY-ORD00003299,ORD00003299,wallet,approved,28608.64,2025-11-15 23:38:35,paypal
PAY-ORD00003300,ORD00003300,cash,approved,18407.67,2025-09-22 23:04:50,stripe
PAY-ORD00003301,ORD00003301,paypal,approved,24028.68,2025-03-14 21:26:59,bank
PAY-ORD00003302,ORD00003302,bank_transfer,approved,97965.98,2026-05-08 11:03:50,mercadopago
PAY-ORD00003303,ORD00003303,cash,approved,66894.17,2025-06-27 00:04:32,stripe
PAY-ORD00003304,ORD00003304,cash,refunded,149346.62,2026-02-03 06:14:41,bank
PAY-ORD00003305,ORD00003305,bank_transfer,approved,112744.88,2025-06-30 18:31:14,bank
PAY-ORD00003306,ORD00003306,card,approved,178431.32,2025-08-01 22:14:06,paypal
PAY-ORD00003307,ORD00003307,card,approved,103671.6,2025-03-13 02:47:45,mercadopago
PAY-ORD00003309,ORD00003309,card,approved,40335.24,2026-04-11 14:58:46,mercadopago
PAY-ORD00003310,ORD00003310,wallet,approved,120705.95,2025-06-25 21:19:26,paypal
PAY-ORD00003311,ORD00003311,card,approved,72405.66,2026-03-20 07:41:24,bank
PAY-ORD00003312,ORD00003312,cash,approved,114763.45,2025-08-17 21:04:44,stripe
PAY-ORD00003313,ORD00003313,cash,approved,98857.6,2025-04-15 06:46:51,bank
PAY-ORD00003314,ORD00003314,paypal,approved,156759.16,2025-09-27 05:51:23,bank
PAY-ORD00003315,ORD00003315,paypal,approved,164369.05,2025-04-03 08:08:09,paypal
PAY-ORD00003316,ORD00003316,cash,declined,85776.48,2025-05-22 20:28:14,stripe
PAY-ORD00003317,ORD00003317,wallet,approved,181966.17,2025-02-06 15:32:22,mercadopago
PAY-ORD00003318,ORD00003318,wallet,approved,11616.82,2025-10-18 05:19:08,bank
PAY-ORD00003319,ORD00003319,cash,approved,23546.11,2026-02-27 18:18:31,mercadopago
PAY-ORD00003320,ORD00003320,bank_transfer,approved,123581.44,2026-03-07 10:01:31,bank
PAY-ORD00003321,ORD00003321,cash,approved,55888.11,2026-04-20 06:51:36,paypal
PAY-ORD00003322,ORD00003322,cash,approved,91462.27,2026-02-17 07:22:35,mercadopago
PAY-ORD00003323,ORD00003323,wallet,approved,203521.8,2025-12-12 17:51:56,paypal
PAY-ORD00003325,ORD00003325,cash,approved,211474.98,2026-02-19 04:22:11,mercadopago
PAY-ORD00003326,ORD00003326,paypal,approved,157338.5,2025-03-20 20:51:57,stripe
PAY-ORD00003327,ORD00003327,paypal,approved,64806.53,2026-03-05 22:27:05,mercadopago
PAY-ORD00003328,ORD00003328,paypal,pending,139826.97,2026-02-19 00:08:46,paypal
PAY-ORD00003330,ORD00003330,card,approved,129927.17,2025-11-22 06:26:38,paypal
PAY-ORD00003333,ORD00003333,paypal,pending,53739.38,2025-10-18 20:06:57,bank
PAY-ORD00003334,ORD00003334,wallet,approved,53009.29,2025-09-06 03:12:34,bank
PAY-ORD00003335,ORD00003335,card,approved,184267.94,2025-06-26 05:12:32,paypal
PAY-ORD00003336,ORD00003336,card,approved,58313.45,2026-01-05 18:05:16,stripe
PAY-ORD00003337,ORD00003337,cash,approved,202007.98,2025-11-22 04:54:05,paypal
PAY-ORD00003338,ORD00003338,wallet,approved,19950.0,2026-03-29 00:41:12,mercadopago
PAY-ORD00003339,ORD00003339,wallet,refunded,17514.93,2025-11-06 13:43:17,bank
PAY-ORD00003340,ORD00003340,cash,approved,113463.97,2026-02-17 00:58:51,paypal
PAY-ORD00003341,ORD00003341,cash,pending,10978.6,2026-03-30 22:03:16,bank
PAY-ORD00003342,ORD00003342,card,refunded,95779.53,2026-01-22 07:53:01,mercadopago
PAY-ORD00003343,ORD00003343,paypal,approved,26316.97,2025-05-17 10:15:43,bank
PAY-ORD00003344,ORD00003344,cash,approved,75007.81,2026-02-17 16:37:49,stripe
PAY-ORD00003345,ORD00003345,bank_transfer,pending,180485.48,2026-05-14 09:11:30,bank
PAY-ORD00003347,ORD00003347,wallet,declined,91849.64,2026-04-12 23:14:52,bank
PAY-ORD00003348,ORD00003348,bank_transfer,approved,120398.52,2025-06-16 14:11:53,bank
PAY-ORD00003349,ORD00003349,cash,approved,70295.06,2025-08-14 09:06:54,stripe
PAY-ORD00003350,ORD00003350,bank_transfer,approved,180772.3,2026-05-08 23:00:42,stripe
PAY-ORD00003351,ORD00003351,card,declined,73457.91,2025-04-18 09:54:28,stripe
PAY-ORD00003352,ORD00003352,wallet,approved,163022.27,2025-08-03 20:49:53,stripe
PAY-ORD00003354,ORD00003354,paypal,approved,42519.03,2025-02-04 12:39:15,paypal
PAY-ORD00003355,ORD00003355,wallet,declined,135123.58,2025-09-23 02:46:06,mercadopago
PAY-ORD00003356,ORD00003356,card,approved,335917.51,2025-08-14 21:30:33,stripe
PAY-ORD00003357,ORD00003357,cash,approved,136063.75,2025-06-09 20:10:44,mercadopago
PAY-ORD00003358,ORD00003358,paypal,approved,22518.09,2025-07-31 12:19:28,paypal
PAY-ORD00003359,ORD00003359,bank_transfer,refunded,113352.41,2025-07-08 13:59:14,bank
PAY-ORD00003360,ORD00003360,cash,pending,30722.19,2025-04-26 11:01:47,mercadopago
PAY-ORD00003361,ORD00003361,cash,approved,23921.83,2026-01-25 19:25:16,paypal
PAY-ORD00003362,ORD00003362,cash,approved,99812.92,2025-03-28 08:49:15,paypal
PAY-ORD00003363,ORD00003363,card,refunded,114479.98,2025-09-24 23:41:31,stripe
PAY-ORD00003364,ORD00003364,bank_transfer,approved,126597.75,2025-05-03 05:20:09,paypal
PAY-ORD00003365,ORD00003365,card,approved,51267.84,2025-01-10 21:29:45,mercadopago
PAY-ORD00003366,ORD00003366,card,approved,50863.83,2025-10-21 14:43:43,mercadopago
PAY-ORD00003367,ORD00003367,paypal,approved,16186.04,2025-08-26 11:30:47,bank
PAY-ORD00003369,ORD00003369,cash,approved,59410.12,2026-05-19 23:20:11,bank
PAY-ORD00003370,ORD00003370,wallet,approved,32462.74,2025-04-22 14:59:32,stripe
PAY-ORD00003372,ORD00003372,cash,approved,71876.62,2026-04-01 14:06:05,mercadopago
PAY-ORD00003373,ORD00003373,cash,approved,134220.18,2025-03-13 17:16:28,bank
PAY-ORD00003374,ORD00003374,cash,approved,25580.61,2025-11-30 18:24:06,mercadopago
PAY-ORD00003376,ORD00003376,wallet,approved,219098.38,2026-04-18 17:24:45,mercadopago
PAY-ORD00003377,ORD00003377,cash,pending,138532.0,2025-08-05 00:31:00,bank
PAY-ORD00003378,ORD00003378,cash,approved,73690.37,2025-07-06 16:15:22,paypal
PAY-ORD00003379,ORD00003379,paypal,approved,66079.57,2026-05-14 20:53:48,mercadopago
PAY-ORD00003380,ORD00003380,wallet,approved,75899.86,2026-01-19 16:43:52,paypal
PAY-ORD00003381,ORD00003381,bank_transfer,approved,80575.61,2025-10-24 05:32:18,bank
PAY-ORD00003382,ORD00003382,paypal,approved,93982.67,2026-04-03 10:21:55,bank
PAY-ORD00003383,ORD00003383,wallet,approved,14985.29,2025-09-13 05:26:40,stripe
PAY-ORD00003384,ORD00003384,card,approved,147757.06,2025-08-07 04:50:30,bank
PAY-ORD00003385,ORD00003385,card,approved,27817.66,2025-08-28 19:01:23,paypal
PAY-ORD00003386,ORD00003386,wallet,approved,195107.9,2025-12-15 15:38:59,bank
PAY-ORD00003387,ORD00003387,cash,approved,94241.04,2025-05-23 21:29:57,paypal
PAY-ORD00003388,ORD00003388,paypal,approved,180945.44,2025-11-22 02:25:06,mercadopago
PAY-ORD00003389,ORD00003389,bank_transfer,approved,77375.89,2025-05-26 07:05:34,mercadopago
PAY-ORD00003391,ORD00003391,bank_transfer,declined,179854.82,2026-01-04 23:45:32,bank
PAY-ORD00003392,ORD00003392,paypal,approved,81179.67,2026-03-22 11:33:00,bank
PAY-ORD00003393,ORD00003393,cash,approved,28711.3,2025-11-12 03:08:15,bank
PAY-ORD00003394,ORD00003394,cash,approved,121173.46,2025-08-14 12:41:05,mercadopago
PAY-ORD00003397,ORD00003397,cash,approved,158385.97,2025-03-23 22:43:26,bank
PAY-ORD00003399,ORD00003399,cash,approved,152574.21,2025-10-03 22:21:49,paypal
PAY-ORD00003400,ORD00003400,wallet,approved,12132.86,2026-03-12 16:43:33,bank
PAY-ORD00003401,ORD00003401,wallet,approved,11938.08,2025-08-29 14:14:10,mercadopago
PAY-ORD00003402,ORD00003402,paypal,approved,214197.1,2026-04-14 16:11:46,mercadopago
PAY-ORD00003403,ORD00003403,paypal,approved,129994.88,2025-11-10 06:31:46,mercadopago
PAY-ORD00003404,ORD00003404,paypal,approved,135001.61,2026-04-09 22:25:31,mercadopago
PAY-ORD00003405,ORD00003405,bank_transfer,refunded,39577.61,2025-11-16 15:26:26,mercadopago
PAY-ORD00003406,ORD00003406,paypal,approved,144267.26,2025-08-08 12:42:22,mercadopago
PAY-ORD00003407,ORD00003407,paypal,approved,114601.71,2025-07-10 23:58:54,mercadopago
PAY-ORD00003408,ORD00003408,wallet,approved,187920.2,2026-03-30 11:45:28,stripe
PAY-ORD00003409,ORD00003409,cash,approved,138734.13,2025-01-25 19:05:06,mercadopago
PAY-ORD00003410,ORD00003410,wallet,approved,117779.7,2025-01-03 09:12:13,bank
PAY-ORD00003411,ORD00003411,wallet,approved,76006.24,2025-10-20 23:51:32,bank
PAY-ORD00003412,ORD00003412,paypal,approved,29819.43,2025-12-20 15:41:09,stripe
PAY-ORD00003414,ORD00003414,wallet,approved,100325.48,2026-02-01 19:32:21,bank
PAY-ORD00003415,ORD00003415,wallet,approved,152865.84,2025-03-23 08:20:56,mercadopago
PAY-ORD00003416,ORD00003416,paypal,approved,156989.26,2025-08-05 15:41:11,stripe
PAY-ORD00003417,ORD00003417,paypal,approved,95453.01,2025-08-23 08:15:24,bank
PAY-ORD00003418,ORD00003418,wallet,approved,136208.64,2025-10-24 18:08:24,stripe
PAY-ORD00003419,ORD00003419,cash,approved,110673.1,2025-03-10 05:16:27,bank
PAY-ORD00003420,ORD00003420,wallet,approved,36126.3,2026-01-13 04:27:58,mercadopago
PAY-ORD00003422,ORD00003422,card,approved,57102.44,2025-06-02 14:23:50,paypal
PAY-ORD00003423,ORD00003423,cash,approved,60172.77,2026-04-12 21:43:01,bank
PAY-ORD00003424,ORD00003424,wallet,approved,78932.61,2026-02-06 04:25:00,mercadopago
PAY-ORD00003425,ORD00003425,paypal,approved,101526.04,2025-04-09 18:49:56,stripe
PAY-ORD00003426,ORD00003426,paypal,approved,58571.58,2026-03-22 19:41:48,bank
PAY-ORD00003428,ORD00003428,paypal,approved,18450.4,2026-01-02 22:00:45,paypal
PAY-ORD00003431,ORD00003431,bank_transfer,approved,54150.31,2026-04-19 20:22:31,mercadopago
PAY-ORD00003432,ORD00003432,cash,approved,48690.77,2025-05-06 05:35:41,paypal
PAY-ORD00003433,ORD00003433,card,approved,102700.23,2025-06-14 14:52:56,mercadopago
PAY-ORD00003434,ORD00003434,bank_transfer,declined,203159.49,2025-12-18 21:02:53,bank
PAY-ORD00003435,ORD00003435,wallet,approved,5367.74,2025-07-20 14:06:48,bank
PAY-ORD00003437,ORD00003437,cash,pending,230681.43,2025-08-21 06:57:57,mercadopago
PAY-ORD00003439,ORD00003439,wallet,refunded,228421.21,2025-07-21 06:40:39,mercadopago
PAY-ORD00003441,ORD00003441,bank_transfer,pending,44135.52,2025-01-29 01:11:19,mercadopago
PAY-ORD00003442,ORD00003442,paypal,approved,74411.67,2025-06-01 21:01:44,bank
PAY-ORD00003443,ORD00003443,cash,approved,35377.62,2025-09-02 20:19:37,paypal
PAY-ORD00003444,ORD00003444,wallet,approved,226364.26,2025-12-27 05:52:25,stripe
PAY-ORD00003446,ORD00003446,wallet,approved,166574.43,2025-08-17 04:59:31,stripe
PAY-ORD00003447,ORD00003447,paypal,approved,140814.73,2026-03-30 05:39:52,mercadopago
PAY-ORD00003448,ORD00003448,paypal,approved,98689.23,2025-04-08 19:49:36,mercadopago
PAY-ORD00003449,ORD00003449,cash,approved,120767.44,2025-02-27 22:59:56,stripe
PAY-ORD00003450,ORD00003450,wallet,approved,148627.27,2026-01-21 21:49:42,paypal
PAY-ORD00003452,ORD00003452,wallet,approved,31170.65,2025-07-12 09:12:24,paypal
PAY-ORD00003453,ORD00003453,bank_transfer,approved,72760.25,2025-10-19 13:51:44,paypal
PAY-ORD00003454,ORD00003454,card,refunded,140160.39,2026-03-28 03:09:12,mercadopago
PAY-ORD00003455,ORD00003455,cash,approved,231530.64,2025-01-01 15:06:38,paypal
PAY-ORD00003456,ORD00003456,paypal,approved,282570.48,2026-02-04 05:54:25,stripe
PAY-ORD00003457,ORD00003457,bank_transfer,approved,49251.98,2025-07-29 12:18:53,mercadopago
PAY-ORD00003458,ORD00003458,bank_transfer,approved,93635.54,2025-11-20 12:52:34,bank
PAY-ORD00003459,ORD00003459,cash,approved,115631.21,2025-07-04 15:19:31,bank
PAY-ORD00003460,ORD00003460,paypal,approved,118966.9,2025-02-14 16:09:37,stripe
PAY-ORD00003461,ORD00003461,card,approved,163375.33,2026-03-26 23:19:47,mercadopago
PAY-ORD00003462,ORD00003462,cash,approved,67197.7,2025-07-10 22:00:00,mercadopago
PAY-ORD00003463,ORD00003463,card,approved,61224.78,2025-02-01 01:25:06,stripe
PAY-ORD00003464,ORD00003464,bank_transfer,approved,101808.95,2025-05-15 06:51:54,stripe
PAY-ORD00003465,ORD00003465,bank_transfer,approved,84591.77,2025-04-09 12:12:44,stripe
PAY-ORD00003468,ORD00003468,card,approved,32940.98,2026-03-29 03:10:33,stripe
PAY-ORD00003469,ORD00003469,card,approved,95739.2,2025-04-29 00:30:43,paypal
PAY-ORD00003470,ORD00003470,wallet,refunded,54905.41,2025-02-21 02:18:12,bank
PAY-ORD00003472,ORD00003472,card,approved,218559.98,2025-03-08 00:58:32,bank
PAY-ORD00003473,ORD00003473,cash,approved,189517.92,2025-01-05 05:27:38,mercadopago
PAY-ORD00003474,ORD00003474,wallet,approved,2452.74,2025-01-14 06:28:17,stripe
PAY-ORD00003475,ORD00003475,card,approved,136478.33,2025-09-22 04:51:47,mercadopago
PAY-ORD00003476,ORD00003476,cash,approved,193997.15,2025-04-27 15:44:33,bank
PAY-ORD00003477,ORD00003477,wallet,approved,113136.38,2026-03-05 20:08:02,paypal
PAY-ORD00003479,ORD00003479,card,approved,208877.15,2026-05-05 00:49:22,bank
PAY-ORD00003480,ORD00003480,cash,approved,45357.51,2025-06-27 05:37:41,paypal
PAY-ORD00003482,ORD00003482,bank_transfer,approved,16482.94,2025-06-27 05:21:29,bank
PAY-ORD00003483,ORD00003483,card,approved,137621.37,2025-02-23 12:49:37,paypal
PAY-ORD00003485,ORD00003485,card,approved,68705.17,2025-02-07 09:39:43,paypal
PAY-ORD00003487,ORD00003487,card,approved,90084.7,2026-02-27 12:26:03,stripe
PAY-ORD00003488,ORD00003488,wallet,approved,81885.22,2026-01-03 11:45:46,mercadopago
PAY-ORD00003490,ORD00003490,paypal,approved,67528.79,2025-07-26 05:15:22,mercadopago
PAY-ORD00003491,ORD00003491,card,approved,134403.51,2025-08-24 22:46:56,paypal
PAY-ORD00003492,ORD00003492,card,approved,2422.82,2025-04-13 23:40:34,paypal
PAY-ORD00003494,ORD00003494,paypal,approved,13209.24,2025-09-08 14:19:56,mercadopago
PAY-ORD00003496,ORD00003496,paypal,approved,76562.75,2025-11-08 01:10:34,bank
PAY-ORD00003497,ORD00003497,cash,approved,202188.2,2025-05-03 23:44:10,stripe
PAY-ORD00003498,ORD00003498,bank_transfer,approved,195721.67,2025-03-14 23:13:36,stripe
PAY-ORD00003499,ORD00003499,paypal,approved,58368.98,2025-05-06 22:43:35,bank
PAY-ORD00003500,ORD00003500,cash,approved,140401.27,2025-03-06 19:22:56,bank
PAY-ORD00003501,ORD00003501,card,approved,95139.07,2025-07-23 05:43:29,paypal
PAY-ORD00003502,ORD00003502,bank_transfer,approved,114787.15,2025-04-10 15:17:55,bank
PAY-ORD00003503,ORD00003503,wallet,approved,189572.19,2025-05-09 03:58:52,paypal
PAY-ORD00003504,ORD00003504,paypal,approved,130269.05,2025-05-08 22:15:25,mercadopago
PAY-ORD00003505,ORD00003505,paypal,approved,115838.93,2025-10-11 20:44:02,bank
PAY-ORD00003506,ORD00003506,cash,refunded,153756.61,2025-07-20 21:42:02,bank
PAY-ORD00003507,ORD00003507,paypal,approved,97681.52,2025-04-03 21:00:06,mercadopago
PAY-ORD00003509,ORD00003509,wallet,approved,235978.97,2025-12-26 08:25:02,mercadopago
PAY-ORD00003510,ORD00003510,paypal,approved,37383.53,2025-09-25 14:23:39,mercadopago
PAY-ORD00003512,ORD00003512,card,approved,2492.43,2026-04-28 00:47:23,paypal
PAY-ORD00003513,ORD00003513,cash,approved,26695.38,2026-02-03 06:50:34,mercadopago
PAY-ORD00003515,ORD00003515,card,approved,156660.0,2025-03-23 03:56:06,mercadopago
PAY-ORD00003516,ORD00003516,cash,approved,105936.81,2025-01-27 09:23:42,stripe
PAY-ORD00003517,ORD00003517,cash,approved,94793.78,2026-05-14 03:08:55,stripe
PAY-ORD00003518,ORD00003518,paypal,approved,146188.11,2025-08-05 05:18:30,mercadopago
PAY-ORD00003519,ORD00003519,cash,approved,135496.72,2025-10-21 12:50:06,mercadopago
PAY-ORD00003520,ORD00003520,card,refunded,28689.68,2026-01-17 07:00:32,paypal
PAY-ORD00003521,ORD00003521,cash,approved,13990.66,2026-03-09 10:13:46,stripe
PAY-ORD00003522,ORD00003522,paypal,approved,14568.56,2025-03-11 20:27:41,paypal
PAY-ORD00003523,ORD00003523,bank_transfer,approved,183609.54,2025-03-14 10:19:28,stripe
PAY-ORD00003524,ORD00003524,paypal,approved,205092.88,2026-01-07 06:18:05,bank
PAY-ORD00003525,ORD00003525,bank_transfer,approved,41622.58,2025-12-25 20:46:30,paypal
PAY-ORD00003526,ORD00003526,bank_transfer,approved,67827.43,2025-01-02 05:37:32,paypal
PAY-ORD00003528,ORD00003528,wallet,approved,166920.1,2025-02-06 09:41:38,mercadopago
PAY-ORD00003529,ORD00003529,cash,approved,112054.81,2025-04-13 13:19:31,mercadopago
PAY-ORD00003531,ORD00003531,wallet,approved,216477.64,2026-05-11 14:21:54,stripe
PAY-ORD00003532,ORD00003532,cash,approved,110689.54,2025-09-06 21:50:28,paypal
PAY-ORD00003533,ORD00003533,cash,approved,72112.52,2025-04-18 11:09:01,bank
PAY-ORD00003534,ORD00003534,paypal,approved,71513.89,2025-04-09 15:51:42,bank
PAY-ORD00003535,ORD00003535,cash,approved,72099.7,2025-03-28 05:12:29,stripe
PAY-ORD00003536,ORD00003536,bank_transfer,declined,114982.48,2025-08-23 14:14:01,stripe
PAY-ORD00003537,ORD00003537,cash,approved,138041.04,2025-07-17 11:35:44,stripe
PAY-ORD00003538,ORD00003538,wallet,pending,92977.83,2025-07-16 14:51:26,paypal
PAY-ORD00003539,ORD00003539,card,approved,251977.33,2025-01-04 13:11:18,stripe
PAY-ORD00003540,ORD00003540,paypal,approved,86725.97,2025-07-02 02:36:02,stripe
PAY-ORD00003541,ORD00003541,bank_transfer,approved,124759.76,2026-04-07 13:14:36,stripe
PAY-ORD00003542,ORD00003542,card,approved,280212.65,2025-08-06 09:45:18,paypal
PAY-ORD00003543,ORD00003543,wallet,approved,167897.56,2025-01-18 19:25:28,bank
PAY-ORD00003544,ORD00003544,cash,approved,166385.92,2025-08-19 20:27:25,stripe
PAY-ORD00003545,ORD00003545,bank_transfer,approved,9922.57,2025-01-02 12:12:40,paypal
PAY-ORD00003546,ORD00003546,card,approved,36944.74,2026-01-08 17:55:11,stripe
PAY-ORD00003547,ORD00003547,wallet,refunded,28762.87,2025-02-12 15:32:25,paypal
PAY-ORD00003548,ORD00003548,bank_transfer,approved,220226.18,2025-06-20 22:12:28,mercadopago
PAY-ORD00003550,ORD00003550,wallet,approved,231271.78,2025-02-01 08:17:33,stripe
PAY-ORD00003551,ORD00003551,paypal,declined,1208.35,2025-04-04 06:01:18,mercadopago
PAY-ORD00003552,ORD00003552,card,approved,124575.85,2025-05-17 07:14:20,stripe
PAY-ORD00003553,ORD00003553,bank_transfer,approved,138429.57,2025-05-06 10:12:35,mercadopago
PAY-ORD00003554,ORD00003554,wallet,approved,159693.84,2025-06-22 03:47:26,stripe
PAY-ORD00003555,ORD00003555,paypal,approved,119378.35,2026-03-21 05:43:06,stripe
PAY-ORD00003556,ORD00003556,bank_transfer,pending,308240.3,2025-06-30 10:35:22,stripe
PAY-ORD00003558,ORD00003558,paypal,approved,40365.09,2025-07-03 16:21:15,bank
PAY-ORD00003559,ORD00003559,wallet,approved,153460.06,2026-05-12 17:27:57,mercadopago
PAY-ORD00003560,ORD00003560,paypal,refunded,83641.38,2025-07-20 16:57:16,stripe
PAY-ORD00003561,ORD00003561,bank_transfer,approved,182647.66,2025-08-08 16:52:46,mercadopago
PAY-ORD00003562,ORD00003562,paypal,approved,142238.8,2025-06-20 00:45:21,paypal
PAY-ORD00003563,ORD00003563,card,approved,4280.09,2025-05-18 08:41:33,bank
PAY-ORD00003564,ORD00003564,paypal,approved,124928.86,2026-03-08 09:48:51,bank
PAY-ORD00003566,ORD00003566,card,approved,55653.34,2025-04-14 01:50:33,paypal
PAY-ORD00003567,ORD00003567,cash,approved,159685.11,2025-11-22 10:56:50,stripe
PAY-ORD00003568,ORD00003568,paypal,approved,129733.31,2026-01-14 06:47:44,bank
PAY-ORD00003569,ORD00003569,paypal,approved,149048.47,2026-01-31 07:39:04,paypal
PAY-ORD00003570,ORD00003570,wallet,approved,131762.71,2025-08-14 09:11:07,paypal
PAY-ORD00003571,ORD00003571,bank_transfer,declined,138176.17,2025-05-08 22:14:28,stripe
PAY-ORD00003572,ORD00003572,paypal,approved,67728.6,2026-01-05 00:34:19,mercadopago
PAY-ORD00003573,ORD00003573,cash,refunded,40900.98,2025-04-14 01:33:17,bank
PAY-ORD00003574,ORD00003574,card,pending,95396.05,2025-06-06 16:05:31,bank
PAY-ORD00003575,ORD00003575,bank_transfer,pending,83386.15,2026-01-24 01:57:47,stripe
PAY-ORD00003576,ORD00003576,bank_transfer,approved,79724.51,2025-01-16 03:51:47,bank
PAY-ORD00003578,ORD00003578,cash,approved,156398.58,2026-05-09 03:32:36,bank
PAY-ORD00003579,ORD00003579,cash,approved,158434.94,2025-03-23 13:48:48,mercadopago
PAY-ORD00003580,ORD00003580,card,declined,100839.52,2025-05-20 11:03:58,paypal
PAY-ORD00003581,ORD00003581,cash,refunded,148173.07,2026-01-03 04:57:03,mercadopago
PAY-ORD00003582,ORD00003582,paypal,approved,132690.75,2025-05-21 12:02:49,paypal
PAY-ORD00003583,ORD00003583,bank_transfer,approved,95369.37,2026-01-30 06:40:50,paypal
PAY-ORD00003584,ORD00003584,bank_transfer,approved,49833.63,2025-11-27 19:54:22,paypal
PAY-ORD00003585,ORD00003585,cash,approved,127379.28,2025-12-17 00:18:53,paypal
PAY-ORD00003587,ORD00003587,cash,approved,159348.11,2025-06-26 02:41:40,mercadopago
PAY-ORD00003588,ORD00003588,paypal,approved,131965.3,2025-11-02 23:36:52,paypal
PAY-ORD00003590,ORD00003590,wallet,declined,129516.92,2025-11-15 02:40:49,paypal
PAY-ORD00003591,ORD00003591,paypal,approved,155348.32,2025-01-03 18:01:54,stripe
PAY-ORD00003592,ORD00003592,paypal,approved,146601.35,2026-04-06 02:12:36,mercadopago
PAY-ORD00003593,ORD00003593,bank_transfer,pending,80872.1,2025-03-31 18:40:53,bank
PAY-ORD00003595,ORD00003595,cash,approved,169366.44,2026-05-11 04:01:15,stripe
PAY-ORD00003596,ORD00003596,wallet,approved,102939.71,2026-04-19 10:53:45,bank
PAY-ORD00003598,ORD00003598,wallet,approved,64967.03,2025-09-07 18:41:35,mercadopago
PAY-ORD00003599,ORD00003599,card,refunded,182029.6,2025-09-19 13:26:13,paypal
PAY-ORD00003600,ORD00003600,wallet,approved,100731.01,2026-05-06 15:48:05,stripe
PAY-ORD00003601,ORD00003601,cash,approved,159107.94,2025-01-27 08:12:24,stripe
PAY-ORD00003602,ORD00003602,bank_transfer,approved,77385.14,2025-10-26 02:56:28,bank
PAY-ORD00003604,ORD00003604,cash,approved,24635.48,2026-05-17 20:45:29,mercadopago
PAY-ORD00003605,ORD00003605,bank_transfer,declined,163385.78,2025-02-12 08:11:32,paypal
PAY-ORD00003606,ORD00003606,wallet,approved,96293.4,2025-06-15 17:28:17,bank
PAY-ORD00003607,ORD00003607,wallet,approved,72579.76,2025-06-13 20:12:44,bank
PAY-ORD00003608,ORD00003608,cash,approved,7409.28,2025-01-24 07:32:26,mercadopago
PAY-ORD00003609,ORD00003609,bank_transfer,approved,78056.59,2025-09-03 02:16:06,stripe
PAY-ORD00003610,ORD00003610,wallet,approved,25996.43,2025-08-03 16:24:50,paypal
PAY-ORD00003611,ORD00003611,card,approved,190876.22,2025-02-01 21:42:05,paypal
PAY-ORD00003612,ORD00003612,wallet,approved,246048.98,2025-05-07 11:56:55,stripe
PAY-ORD00003614,ORD00003614,paypal,declined,70157.24,2025-05-29 07:46:17,stripe
PAY-ORD00003615,ORD00003615,bank_transfer,pending,132708.03,2025-06-22 17:56:27,stripe
PAY-ORD00003616,ORD00003616,wallet,refunded,63818.87,2025-04-24 23:39:19,paypal
PAY-ORD00003617,ORD00003617,paypal,approved,88327.79,2025-12-29 17:41:10,paypal
PAY-ORD00003618,ORD00003618,cash,approved,115343.63,2025-12-01 20:39:59,paypal
PAY-ORD00003620,ORD00003620,card,approved,75276.66,2025-11-04 13:37:28,bank
PAY-ORD00003621,ORD00003621,card,approved,267542.85,2025-03-23 04:26:18,stripe
PAY-ORD00003622,ORD00003622,paypal,refunded,26768.34,2025-10-04 15:05:03,mercadopago
PAY-ORD00003623,ORD00003623,card,approved,85136.41,2025-11-10 15:57:56,stripe
PAY-ORD00003624,ORD00003624,bank_transfer,approved,6465.28,2026-03-29 03:25:03,mercadopago
PAY-ORD00003625,ORD00003625,card,approved,106457.41,2025-09-22 07:31:59,stripe
PAY-ORD00003626,ORD00003626,bank_transfer,approved,32619.15,2025-11-15 05:50:46,mercadopago
PAY-ORD00003627,ORD00003627,paypal,approved,172077.19,2025-02-21 19:49:33,mercadopago
PAY-ORD00003628,ORD00003628,cash,approved,12590.72,2025-03-26 23:26:56,bank
PAY-ORD00003629,ORD00003629,cash,refunded,33119.92,2025-07-18 20:05:35,bank
PAY-ORD00003630,ORD00003630,paypal,approved,222022.04,2025-03-27 04:00:50,stripe
PAY-ORD00003631,ORD00003631,wallet,approved,210903.36,2025-01-18 12:44:32,mercadopago
PAY-ORD00003632,ORD00003632,paypal,approved,124266.12,2025-01-05 12:44:14,mercadopago
PAY-ORD00003633,ORD00003633,wallet,approved,39127.86,2025-12-08 22:31:11,bank
PAY-ORD00003634,ORD00003634,wallet,approved,141920.13,2025-06-05 06:55:52,bank
PAY-ORD00003635,ORD00003635,wallet,approved,216130.99,2025-09-20 06:55:56,bank
PAY-ORD00003637,ORD00003637,wallet,pending,155133.41,2025-06-28 17:30:38,paypal
PAY-ORD00003639,ORD00003639,card,approved,36582.51,2026-03-06 15:48:47,bank
PAY-ORD00003640,ORD00003640,cash,pending,160314.85,2025-06-04 00:28:03,paypal
PAY-ORD00003642,ORD00003642,cash,approved,156994.03,2025-05-06 13:55:36,stripe
PAY-ORD00003643,ORD00003643,paypal,approved,29350.36,2025-06-28 07:57:13,stripe
PAY-ORD00003644,ORD00003644,card,approved,129596.65,2026-04-16 10:57:00,paypal
PAY-ORD00003645,ORD00003645,cash,approved,115366.67,2025-10-02 12:06:52,stripe
PAY-ORD00003646,ORD00003646,bank_transfer,approved,147894.19,2025-06-25 10:09:51,mercadopago
PAY-ORD00003647,ORD00003647,bank_transfer,pending,69663.1,2025-08-23 14:53:53,paypal
PAY-ORD00003648,ORD00003648,card,refunded,252162.87,2025-01-29 05:40:52,bank
PAY-ORD00003649,ORD00003649,paypal,approved,203317.61,2025-08-31 13:10:52,stripe
PAY-ORD00003651,ORD00003651,card,approved,119547.38,2026-02-12 06:52:59,stripe
PAY-ORD00003652,ORD00003652,bank_transfer,approved,66894.83,2026-01-27 18:21:51,bank
PAY-ORD00003653,ORD00003653,wallet,approved,95539.88,2026-05-07 15:41:41,stripe
PAY-ORD00003654,ORD00003654,wallet,approved,157261.72,2025-08-31 01:43:32,mercadopago
PAY-ORD00003656,ORD00003656,paypal,pending,140333.36,2025-01-23 23:31:14,paypal
PAY-ORD00003658,ORD00003658,wallet,approved,253803.84,2025-10-28 23:55:07,mercadopago
PAY-ORD00003659,ORD00003659,card,approved,118753.82,2025-03-04 12:58:09,mercadopago
PAY-ORD00003660,ORD00003660,card,approved,104223.51,2025-09-17 12:49:33,mercadopago
PAY-ORD00003661,ORD00003661,wallet,approved,111696.64,2025-12-02 22:03:16,bank
PAY-ORD00003662,ORD00003662,bank_transfer,approved,148432.49,2025-07-10 05:39:26,bank
PAY-ORD00003663,ORD00003663,cash,approved,191004.82,2025-09-19 02:13:13,stripe
PAY-ORD00003665,ORD00003665,cash,approved,124432.32,2025-12-30 00:06:01,paypal
PAY-ORD00003666,ORD00003666,cash,approved,148177.81,2025-12-04 04:38:53,mercadopago
PAY-ORD00003667,ORD00003667,paypal,approved,170945.56,2025-03-17 05:34:31,mercadopago
PAY-ORD00003668,ORD00003668,card,approved,217729.28,2025-12-14 12:55:25,paypal
PAY-ORD00003669,ORD00003669,wallet,approved,18341.94,2025-07-02 04:12:46,paypal
PAY-ORD00003671,ORD00003671,card,approved,125421.85,2025-04-25 21:20:57,bank
PAY-ORD00003672,ORD00003672,cash,refunded,32633.25,2025-08-21 11:33:22,mercadopago
PAY-ORD00003674,ORD00003674,bank_transfer,approved,136124.86,2025-07-03 08:59:07,mercadopago
PAY-ORD00003675,ORD00003675,paypal,approved,79701.84,2025-04-25 23:06:30,paypal
PAY-ORD00003677,ORD00003677,bank_transfer,approved,48037.02,2025-07-24 05:30:59,mercadopago
PAY-ORD00003678,ORD00003678,cash,pending,113054.74,2025-01-09 08:44:07,bank
PAY-ORD00003679,ORD00003679,bank_transfer,approved,83081.33,2025-08-22 17:00:19,bank
PAY-ORD00003680,ORD00003680,wallet,approved,190266.1,2025-05-03 12:20:00,bank
PAY-ORD00003681,ORD00003681,paypal,approved,162902.7,2025-01-16 10:15:00,stripe
PAY-ORD00003682,ORD00003682,bank_transfer,approved,8594.77,2025-10-28 13:14:30,stripe
PAY-ORD00003684,ORD00003684,paypal,approved,23446.02,2026-01-04 19:36:19,stripe
PAY-ORD00003686,ORD00003686,bank_transfer,approved,5358.75,2025-05-30 06:31:34,paypal
PAY-ORD00003688,ORD00003688,cash,approved,11175.4,2025-12-30 20:56:14,paypal
PAY-ORD00003689,ORD00003689,cash,approved,16216.96,2026-01-30 06:39:23,bank
PAY-ORD00003690,ORD00003690,cash,pending,8278.46,2025-09-23 11:33:32,bank
PAY-ORD00003691,ORD00003691,cash,approved,135696.36,2025-08-11 11:21:07,bank
PAY-ORD00003692,ORD00003692,wallet,approved,153808.94,2025-04-03 00:32:54,stripe
PAY-ORD00003694,ORD00003694,bank_transfer,approved,148999.91,2025-09-19 07:55:37,mercadopago
PAY-ORD00003696,ORD00003696,paypal,approved,100743.06,2025-02-04 17:06:46,stripe
PAY-ORD00003697,ORD00003697,wallet,refunded,14301.41,2026-05-06 10:36:09,mercadopago
PAY-ORD00003698,ORD00003698,paypal,approved,113828.36,2026-04-17 10:55:17,stripe
PAY-ORD00003699,ORD00003699,bank_transfer,approved,110004.09,2025-04-13 00:42:00,stripe
PAY-ORD00003700,ORD00003700,paypal,approved,29068.28,2025-06-27 04:28:35,paypal
PAY-ORD00003701,ORD00003701,paypal,approved,201846.46,2026-02-17 02:35:58,paypal
PAY-ORD00003702,ORD00003702,wallet,approved,43553.45,2025-12-03 23:14:06,bank
PAY-ORD00003703,ORD00003703,cash,approved,126508.79,2025-10-29 02:58:31,mercadopago
PAY-ORD00003704,ORD00003704,cash,declined,113783.55,2025-09-26 20:26:18,paypal
PAY-ORD00003706,ORD00003706,card,approved,104453.36,2026-02-06 04:53:12,paypal
PAY-ORD00003707,ORD00003707,wallet,approved,15497.7,2025-01-16 17:57:45,bank
PAY-ORD00003708,ORD00003708,wallet,approved,280852.65,2026-05-15 11:20:54,bank
PAY-ORD00003709,ORD00003709,cash,approved,164592.8,2025-09-17 03:24:12,bank
PAY-ORD00003710,ORD00003710,wallet,approved,104695.18,2025-03-04 06:57:37,paypal
PAY-ORD00003711,ORD00003711,wallet,approved,102482.1,2025-08-17 16:20:20,mercadopago
PAY-ORD00003712,ORD00003712,paypal,approved,115186.82,2025-04-09 14:18:33,paypal
PAY-ORD00003713,ORD00003713,paypal,approved,36199.01,2026-03-03 23:21:00,stripe
PAY-ORD00003714,ORD00003714,card,approved,50457.41,2026-01-30 12:01:09,stripe
PAY-ORD00003715,ORD00003715,paypal,approved,83779.49,2025-06-25 04:59:32,bank
PAY-ORD00003716,ORD00003716,wallet,approved,4431.85,2025-04-23 02:54:02,stripe
PAY-ORD00003717,ORD00003717,card,approved,181069.73,2025-06-30 13:38:44,mercadopago
PAY-ORD00003718,ORD00003718,wallet,approved,14588.92,2025-08-15 00:14:28,mercadopago
PAY-ORD00003719,ORD00003719,paypal,approved,5481.33,2025-03-28 00:47:30,bank
PAY-ORD00003720,ORD00003720,cash,approved,193637.22,2026-04-26 20:02:59,stripe
PAY-ORD00003721,ORD00003721,bank_transfer,approved,89453.78,2025-09-04 09:10:03,bank
PAY-ORD00003722,ORD00003722,bank_transfer,approved,53680.44,2025-06-29 02:49:25,stripe
PAY-ORD00003723,ORD00003723,wallet,approved,28511.14,2025-02-11 06:18:45,mercadopago
PAY-ORD00003724,ORD00003724,bank_transfer,approved,142306.9,2025-05-14 11:24:39,mercadopago
PAY-ORD00003725,ORD00003725,cash,approved,71282.72,2025-11-02 18:04:12,stripe
PAY-ORD00003726,ORD00003726,bank_transfer,declined,189626.19,2025-01-03 23:52:45,mercadopago
PAY-ORD00003727,ORD00003727,wallet,approved,77633.1,2025-11-20 19:07:02,bank
PAY-ORD00003728,ORD00003728,paypal,approved,68705.18,2025-10-28 23:33:57,paypal
PAY-ORD00003729,ORD00003729,wallet,refunded,173412.55,2025-02-22 03:33:18,bank
PAY-ORD00003730,ORD00003730,wallet,approved,67940.68,2025-12-24 13:32:57,bank
PAY-ORD00003731,ORD00003731,card,declined,220669.26,2025-06-18 01:09:10,mercadopago
PAY-ORD00003732,ORD00003732,bank_transfer,approved,215702.32,2025-10-25 15:01:46,mercadopago
PAY-ORD00003733,ORD00003733,cash,approved,188040.6,2025-01-29 17:37:51,bank
PAY-ORD00003734,ORD00003734,card,approved,120160.36,2025-12-12 16:34:10,paypal
PAY-ORD00003735,ORD00003735,paypal,approved,148547.64,2025-11-29 07:55:07,paypal
PAY-ORD00003736,ORD00003736,card,approved,66786.78,2026-03-11 06:14:21,stripe
PAY-ORD00003737,ORD00003737,paypal,approved,184563.43,2025-04-26 22:51:04,stripe
PAY-ORD00003738,ORD00003738,card,approved,112063.63,2026-02-06 06:42:37,bank
PAY-ORD00003739,ORD00003739,card,approved,222265.85,2025-08-17 15:08:09,paypal
PAY-ORD00003741,ORD00003741,paypal,pending,186503.28,2026-03-10 07:47:45,stripe
PAY-ORD00003743,ORD00003743,card,declined,16169.33,2025-02-03 22:21:44,stripe
PAY-ORD00003744,ORD00003744,card,approved,29500.01,2025-11-09 04:17:48,stripe
PAY-ORD00003745,ORD00003745,wallet,approved,111071.37,2025-12-01 05:13:48,mercadopago
PAY-ORD00003746,ORD00003746,wallet,approved,78420.3,2026-04-14 01:21:10,bank
PAY-ORD00003747,ORD00003747,cash,approved,11237.16,2025-05-12 16:51:04,paypal
PAY-ORD00003748,ORD00003748,wallet,refunded,149289.64,2025-11-09 21:53:06,stripe
PAY-ORD00003749,ORD00003749,paypal,approved,164823.04,2025-08-24 15:25:11,paypal
PAY-ORD00003750,ORD00003750,bank_transfer,declined,13157.99,2025-08-11 18:53:24,paypal
PAY-ORD00003752,ORD00003752,bank_transfer,approved,114277.24,2025-02-15 17:39:41,paypal
PAY-ORD00003754,ORD00003754,card,approved,99129.03,2026-02-25 13:43:59,paypal
PAY-ORD00003755,ORD00003755,wallet,approved,145240.21,2025-06-07 18:02:42,bank
PAY-ORD00003758,ORD00003758,cash,approved,125768.34,2025-11-05 05:58:07,bank
PAY-ORD00003759,ORD00003759,wallet,approved,63459.01,2025-05-19 01:02:31,mercadopago
PAY-ORD00003761,ORD00003761,cash,approved,135185.52,2025-06-13 12:37:27,paypal
PAY-ORD00003762,ORD00003762,wallet,approved,36645.26,2026-04-22 11:12:40,bank
PAY-ORD00003764,ORD00003764,paypal,approved,77475.34,2025-11-15 17:07:48,mercadopago
PAY-ORD00003765,ORD00003765,card,refunded,116523.47,2025-10-26 00:07:10,stripe
PAY-ORD00003766,ORD00003766,wallet,approved,155814.11,2025-08-18 23:51:19,stripe
PAY-ORD00003767,ORD00003767,wallet,approved,156447.67,2025-01-28 17:36:53,mercadopago
PAY-ORD00003768,ORD00003768,wallet,refunded,218914.65,2025-04-12 09:43:16,bank
PAY-ORD00003769,ORD00003769,paypal,approved,97995.72,2025-02-03 11:55:18,mercadopago
PAY-ORD00003770,ORD00003770,paypal,approved,327783.27,2025-07-06 18:27:45,stripe
PAY-ORD00003771,ORD00003771,cash,declined,192245.49,2026-05-16 02:00:32,mercadopago
PAY-ORD00003772,ORD00003772,paypal,approved,162856.98,2025-06-07 16:34:30,stripe
PAY-ORD00003773,ORD00003773,wallet,approved,100481.33,2025-06-24 07:28:38,stripe
PAY-ORD00003774,ORD00003774,card,approved,56468.32,2025-11-25 06:03:28,stripe
PAY-ORD00003776,ORD00003776,card,approved,167699.85,2026-01-10 13:26:56,bank
PAY-ORD00003778,ORD00003778,cash,approved,50476.47,2025-11-07 18:47:18,stripe
PAY-ORD00003779,ORD00003779,wallet,approved,265430.43,2025-11-27 01:09:50,bank
PAY-ORD00003780,ORD00003780,cash,approved,229895.22,2025-10-03 11:54:10,paypal
PAY-ORD00003781,ORD00003781,bank_transfer,approved,105231.13,2025-10-31 00:34:41,bank
PAY-ORD00003782,ORD00003782,wallet,approved,42269.8,2026-02-06 20:11:21,stripe
PAY-ORD00003783,ORD00003783,wallet,approved,98734.34,2026-01-17 04:43:31,bank
PAY-ORD00003784,ORD00003784,card,approved,10962.41,2025-06-29 04:07:22,mercadopago
PAY-ORD00003785,ORD00003785,cash,approved,210536.69,2025-01-16 16:39:40,paypal
PAY-ORD00003786,ORD00003786,paypal,approved,264595.99,2025-08-03 22:00:23,bank
PAY-ORD00003787,ORD00003787,bank_transfer,approved,30895.33,2025-08-19 22:38:06,mercadopago
PAY-ORD00003788,ORD00003788,bank_transfer,approved,192908.39,2025-05-01 11:19:22,mercadopago
PAY-ORD00003789,ORD00003789,card,refunded,104062.74,2025-06-19 06:14:35,bank
PAY-ORD00003790,ORD00003790,paypal,approved,274527.45,2026-04-14 15:45:08,bank
PAY-ORD00003791,ORD00003791,card,refunded,124430.41,2025-03-24 11:01:24,paypal
PAY-ORD00003792,ORD00003792,card,approved,190698.34,2026-03-05 10:36:15,mercadopago
PAY-ORD00003793,ORD00003793,paypal,declined,9304.83,2025-07-26 17:07:14,bank
PAY-ORD00003796,ORD00003796,wallet,approved,105536.3,2026-03-11 21:49:45,mercadopago
PAY-ORD00003797,ORD00003797,bank_transfer,approved,166185.6,2025-10-07 05:06:36,stripe
PAY-ORD00003798,ORD00003798,wallet,approved,107608.87,2026-05-15 04:18:28,paypal
PAY-ORD00003799,ORD00003799,paypal,approved,35061.74,2026-02-14 02:34:14,paypal
PAY-ORD00003800,ORD00003800,bank_transfer,approved,66420.19,2026-02-26 18:42:39,paypal
PAY-ORD00003801,ORD00003801,paypal,declined,83475.69,2026-03-05 18:36:47,stripe
PAY-ORD00003802,ORD00003802,paypal,approved,87163.65,2025-08-10 08:39:57,stripe
PAY-ORD00003803,ORD00003803,wallet,approved,18830.73,2025-11-04 11:12:43,mercadopago
PAY-ORD00003804,ORD00003804,wallet,approved,82444.93,2025-01-03 15:43:06,bank
PAY-ORD00003805,ORD00003805,card,approved,159385.87,2025-08-09 21:57:13,paypal
PAY-ORD00003806,ORD00003806,cash,approved,240384.68,2026-05-01 09:57:29,mercadopago
PAY-ORD00003807,ORD00003807,wallet,approved,64253.47,2025-08-18 21:34:00,mercadopago
PAY-ORD00003808,ORD00003808,cash,declined,101958.92,2026-03-24 04:16:59,paypal
PAY-ORD00003809,ORD00003809,card,approved,75359.05,2026-02-16 08:10:53,stripe
PAY-ORD00003810,ORD00003810,wallet,approved,126179.99,2026-04-13 17:33:41,mercadopago
PAY-ORD00003811,ORD00003811,cash,approved,256981.89,2026-03-28 08:29:30,bank
PAY-ORD00003812,ORD00003812,card,approved,96221.58,2026-04-03 02:22:39,bank
PAY-ORD00003813,ORD00003813,paypal,approved,153627.11,2026-01-18 07:24:45,mercadopago
PAY-ORD00003814,ORD00003814,cash,approved,151649.54,2025-10-15 19:02:54,paypal
PAY-ORD00003815,ORD00003815,bank_transfer,approved,6921.41,2025-01-22 07:45:49,mercadopago
PAY-ORD00003816,ORD00003816,paypal,approved,50453.72,2025-05-09 20:36:36,bank
PAY-ORD00003817,ORD00003817,cash,approved,21520.25,2025-09-18 18:10:01,stripe
PAY-ORD00003818,ORD00003818,paypal,approved,61884.88,2025-08-26 16:03:36,mercadopago
PAY-ORD00003819,ORD00003819,bank_transfer,approved,100756.74,2025-10-22 03:25:59,bank
PAY-ORD00003820,ORD00003820,card,refunded,98262.73,2025-04-07 17:15:16,mercadopago
PAY-ORD00003821,ORD00003821,paypal,approved,71148.54,2025-11-12 18:47:51,stripe
PAY-ORD00003822,ORD00003822,wallet,approved,90598.47,2025-01-22 12:26:03,mercadopago
PAY-ORD00003823,ORD00003823,card,refunded,147164.57,2026-03-04 19:18:52,mercadopago
PAY-ORD00003824,ORD00003824,cash,approved,94601.08,2025-12-30 20:17:07,mercadopago
PAY-ORD00003825,ORD00003825,cash,approved,16516.3,2026-04-12 10:24:35,paypal
PAY-ORD00003826,ORD00003826,card,approved,202273.65,2025-01-08 17:16:38,mercadopago
PAY-ORD00003827,ORD00003827,wallet,approved,193697.69,2025-02-28 20:29:58,mercadopago
PAY-ORD00003828,ORD00003828,card,approved,12004.02,2025-04-11 10:01:53,mercadopago
PAY-ORD00003829,ORD00003829,card,approved,70001.96,2026-01-07 09:48:13,mercadopago
PAY-ORD00003830,ORD00003830,bank_transfer,declined,65183.0,2025-05-25 06:28:32,bank
PAY-ORD00003831,ORD00003831,paypal,approved,37569.2,2025-08-31 15:42:07,stripe
PAY-ORD00003832,ORD00003832,paypal,approved,100120.42,2025-05-21 21:14:31,stripe
PAY-ORD00003833,ORD00003833,wallet,approved,103207.13,2026-05-05 03:02:40,stripe
PAY-ORD00003834,ORD00003834,card,approved,219323.6,2026-03-05 14:10:00,mercadopago
PAY-ORD00003835,ORD00003835,card,approved,96005.17,2026-02-02 13:42:12,paypal
PAY-ORD00003836,ORD00003836,wallet,approved,27778.49,2025-04-27 03:59:38,paypal
PAY-ORD00003837,ORD00003837,wallet,approved,51965.28,2025-05-26 04:59:45,mercadopago
PAY-ORD00003838,ORD00003838,bank_transfer,approved,90808.81,2025-07-23 08:39:28,mercadopago
PAY-ORD00003839,ORD00003839,card,approved,127157.17,2026-01-05 00:47:17,mercadopago
PAY-ORD00003840,ORD00003840,paypal,refunded,1898.07,2025-06-10 10:16:21,stripe
PAY-ORD00003841,ORD00003841,card,approved,115690.08,2025-07-04 18:35:30,stripe
PAY-ORD00003842,ORD00003842,wallet,approved,233373.91,2025-03-03 23:35:07,stripe
PAY-ORD00003844,ORD00003844,cash,pending,208871.89,2025-07-11 03:09:22,stripe
PAY-ORD00003847,ORD00003847,cash,approved,186652.4,2025-11-05 08:33:37,stripe
PAY-ORD00003848,ORD00003848,cash,declined,154555.06,2025-04-11 12:41:26,stripe
PAY-ORD00003849,ORD00003849,card,approved,49903.26,2026-03-11 19:28:31,mercadopago
PAY-ORD00003850,ORD00003850,paypal,refunded,78875.65,2025-09-23 02:53:44,bank
PAY-ORD00003851,ORD00003851,wallet,approved,49980.25,2025-09-06 16:09:24,paypal
PAY-ORD00003852,ORD00003852,paypal,approved,160387.75,2025-09-22 06:20:01,stripe
PAY-ORD00003853,ORD00003853,bank_transfer,declined,76546.21,2025-06-02 14:15:32,paypal
PAY-ORD00003854,ORD00003854,paypal,approved,103457.18,2026-03-05 12:48:57,mercadopago
PAY-ORD00003857,ORD00003857,cash,approved,112141.32,2026-02-05 04:20:12,mercadopago
PAY-ORD00003858,ORD00003858,cash,approved,108033.45,2025-01-23 17:40:58,mercadopago
PAY-ORD00003860,ORD00003860,paypal,approved,22168.88,2026-02-02 19:45:55,bank
PAY-ORD00003861,ORD00003861,wallet,approved,253605.54,2025-07-02 23:25:03,paypal
PAY-ORD00003862,ORD00003862,cash,approved,55451.79,2025-05-23 21:04:47,mercadopago
PAY-ORD00003863,ORD00003863,bank_transfer,approved,6103.77,2026-03-22 19:37:21,paypal
PAY-ORD00003865,ORD00003865,card,approved,29420.47,2026-02-05 05:24:00,stripe
PAY-ORD00003866,ORD00003866,paypal,declined,100472.25,2025-06-09 22:57:05,bank
PAY-ORD00003867,ORD00003867,cash,approved,65975.26,2025-08-09 23:25:04,bank
PAY-ORD00003868,ORD00003868,card,approved,41952.02,2025-01-10 07:24:08,bank
PAY-ORD00003869,ORD00003869,wallet,approved,182754.03,2026-01-15 06:15:01,paypal
PAY-ORD00003870,ORD00003870,paypal,refunded,176812.05,2025-07-03 02:00:17,paypal
PAY-ORD00003871,ORD00003871,wallet,approved,273832.6,2025-04-09 00:28:18,paypal
PAY-ORD00003872,ORD00003872,card,pending,8982.7,2026-03-08 01:11:12,paypal
PAY-ORD00003873,ORD00003873,card,refunded,210218.75,2025-02-14 20:19:49,mercadopago
PAY-ORD00003874,ORD00003874,paypal,approved,7078.48,2025-10-08 04:16:11,bank
PAY-ORD00003875,ORD00003875,wallet,approved,113042.36,2025-09-12 19:20:14,bank
PAY-ORD00003877,ORD00003877,cash,approved,189963.18,2025-12-21 00:04:06,bank
PAY-ORD00003878,ORD00003878,bank_transfer,pending,336822.58,2025-10-31 04:08:13,stripe
PAY-ORD00003879,ORD00003879,card,approved,88780.94,2025-09-22 13:53:46,mercadopago
PAY-ORD00003880,ORD00003880,bank_transfer,approved,124365.17,2026-02-24 21:27:02,mercadopago
PAY-ORD00003881,ORD00003881,cash,approved,121423.11,2025-02-07 22:16:36,stripe
PAY-ORD00003882,ORD00003882,card,approved,142102.79,2026-05-17 08:02:04,stripe
PAY-ORD00003883,ORD00003883,cash,pending,178280.39,2025-02-12 05:20:50,bank
PAY-ORD00003884,ORD00003884,wallet,pending,10375.3,2025-07-06 16:23:48,stripe
PAY-ORD00003887,ORD00003887,wallet,declined,215847.12,2025-05-28 19:05:41,stripe
PAY-ORD00003888,ORD00003888,card,approved,75116.49,2026-03-08 09:56:34,bank
PAY-ORD00003889,ORD00003889,card,approved,116745.65,2025-12-13 13:40:07,paypal
PAY-ORD00003890,ORD00003890,cash,refunded,137846.4,2025-06-16 04:14:56,paypal
PAY-ORD00003891,ORD00003891,wallet,approved,109830.15,2025-07-10 12:02:22,stripe
PAY-ORD00003892,ORD00003892,card,declined,72618.19,2026-02-09 20:34:39,mercadopago
PAY-ORD00003893,ORD00003893,cash,approved,162768.15,2025-03-27 23:41:23,mercadopago
PAY-ORD00003894,ORD00003894,card,approved,27514.5,2025-11-22 20:06:27,stripe
PAY-ORD00003896,ORD00003896,cash,approved,146284.14,2025-06-16 22:31:15,paypal
PAY-ORD00003897,ORD00003897,bank_transfer,pending,35347.42,2025-07-19 22:39:50,bank
PAY-ORD00003898,ORD00003898,wallet,approved,158336.48,2025-04-14 00:45:48,mercadopago
PAY-ORD00003899,ORD00003899,bank_transfer,approved,93876.4,2025-04-11 11:05:21,bank
PAY-ORD00003900,ORD00003900,bank_transfer,approved,114193.13,2025-02-12 19:38:43,stripe
PAY-ORD00003901,ORD00003901,bank_transfer,approved,199961.18,2026-05-04 05:12:48,bank
PAY-ORD00003904,ORD00003904,card,approved,93069.06,2026-03-19 07:52:06,bank
PAY-ORD00003905,ORD00003905,cash,approved,187785.65,2025-03-14 11:04:01,mercadopago
PAY-ORD00003906,ORD00003906,paypal,approved,74100.45,2026-04-01 00:52:00,bank
PAY-ORD00003907,ORD00003907,bank_transfer,pending,109787.35,2025-03-04 05:33:12,bank
PAY-ORD00003908,ORD00003908,cash,approved,169147.73,2025-06-23 04:51:37,mercadopago
PAY-ORD00003909,ORD00003909,cash,approved,138990.9,2025-07-23 16:46:56,paypal
PAY-ORD00003910,ORD00003910,wallet,approved,12406.68,2026-03-10 07:17:17,paypal
PAY-ORD00003912,ORD00003912,cash,approved,86632.33,2025-03-05 05:05:36,bank
PAY-ORD00003914,ORD00003914,wallet,approved,89128.14,2025-03-20 08:34:30,stripe
PAY-ORD00003915,ORD00003915,paypal,approved,198598.4,2025-02-08 03:57:29,bank
PAY-ORD00003917,ORD00003917,card,approved,145492.62,2025-10-23 15:17:47,bank
PAY-ORD00003918,ORD00003918,bank_transfer,approved,84569.83,2025-03-19 21:22:11,mercadopago
PAY-ORD00003919,ORD00003919,wallet,approved,134874.3,2026-04-02 15:26:29,stripe
PAY-ORD00003921,ORD00003921,card,approved,63167.92,2025-06-07 19:39:37,bank
PAY-ORD00003922,ORD00003922,cash,approved,282722.5,2025-05-05 18:41:28,paypal
PAY-ORD00003923,ORD00003923,card,pending,66745.32,2025-10-14 09:53:06,mercadopago
PAY-ORD00003924,ORD00003924,paypal,approved,129710.52,2025-11-08 05:02:05,paypal
PAY-ORD00003925,ORD00003925,bank_transfer,approved,96098.05,2025-04-26 20:04:15,paypal
PAY-ORD00003926,ORD00003926,paypal,approved,32334.84,2025-07-29 06:15:25,mercadopago
PAY-ORD00003927,ORD00003927,wallet,approved,68043.14,2025-02-23 19:10:05,paypal
PAY-ORD00003928,ORD00003928,cash,approved,25513.47,2025-06-18 19:14:37,stripe
PAY-ORD00003929,ORD00003929,paypal,approved,43231.47,2025-01-28 15:36:09,mercadopago
PAY-ORD00003930,ORD00003930,wallet,declined,113120.26,2025-02-17 03:52:44,stripe
PAY-ORD00003931,ORD00003931,bank_transfer,approved,230665.84,2025-01-20 11:17:43,bank
PAY-ORD00003932,ORD00003932,card,approved,113471.78,2025-05-02 11:55:21,paypal
PAY-ORD00003933,ORD00003933,card,declined,107687.7,2025-12-25 16:36:52,bank
PAY-ORD00003934,ORD00003934,cash,declined,41554.16,2025-12-03 08:57:57,paypal
PAY-ORD00003935,ORD00003935,cash,approved,150693.28,2025-11-15 03:05:15,mercadopago
PAY-ORD00003936,ORD00003936,paypal,approved,124550.97,2025-05-21 06:56:14,paypal
PAY-ORD00003937,ORD00003937,wallet,approved,256338.96,2025-07-19 16:08:28,mercadopago
PAY-ORD00003938,ORD00003938,wallet,approved,65982.13,2026-01-18 08:51:43,stripe
PAY-ORD00003939,ORD00003939,paypal,approved,91455.77,2025-07-27 13:54:10,mercadopago
PAY-ORD00003940,ORD00003940,wallet,approved,1266.78,2025-02-27 00:36:56,bank
PAY-ORD00003942,ORD00003942,paypal,approved,67277.04,2025-12-27 01:54:21,stripe
PAY-ORD00003945,ORD00003945,wallet,approved,121558.23,2025-04-10 08:57:09,mercadopago
PAY-ORD00003946,ORD00003946,bank_transfer,approved,132937.51,2025-11-30 04:07:27,mercadopago
PAY-ORD00003947,ORD00003947,paypal,refunded,239730.06,2026-04-21 19:32:46,mercadopago
PAY-ORD00003948,ORD00003948,paypal,approved,36260.38,2025-08-24 05:50:24,mercadopago
PAY-ORD00003949,ORD00003949,cash,approved,188465.84,2025-04-21 05:04:58,paypal
PAY-ORD00003950,ORD00003950,wallet,approved,48066.89,2026-03-21 11:22:18,paypal
PAY-ORD00003951,ORD00003951,paypal,approved,43655.28,2025-11-07 23:02:25,stripe
PAY-ORD00003952,ORD00003952,card,approved,148485.2,2025-09-07 04:36:43,mercadopago
PAY-ORD00003953,ORD00003953,wallet,approved,38961.63,2025-11-30 21:40:26,mercadopago
PAY-ORD00003954,ORD00003954,cash,refunded,27881.46,2025-09-16 09:05:16,paypal
PAY-ORD00003955,ORD00003955,paypal,approved,210418.9,2026-03-22 11:29:12,paypal
PAY-ORD00003956,ORD00003956,cash,approved,143334.76,2025-01-01 06:41:15,paypal
PAY-ORD00003957,ORD00003957,wallet,approved,97759.01,2025-11-22 02:05:48,paypal
PAY-ORD00003958,ORD00003958,paypal,approved,8986.24,2026-01-19 11:25:44,mercadopago
PAY-ORD00003960,ORD00003960,paypal,approved,30154.36,2025-05-24 12:00:52,mercadopago
PAY-ORD00003961,ORD00003961,bank_transfer,pending,41323.55,2025-09-18 00:37:41,paypal
PAY-ORD00003962,ORD00003962,bank_transfer,approved,295309.07,2026-03-06 18:04:42,bank
PAY-ORD00003963,ORD00003963,wallet,approved,21676.0,2025-06-14 00:16:44,bank
PAY-ORD00003964,ORD00003964,paypal,approved,85458.16,2025-12-15 09:27:34,bank
PAY-ORD00003965,ORD00003965,paypal,approved,179895.59,2026-01-13 23:32:14,stripe
PAY-ORD00003966,ORD00003966,bank_transfer,pending,104456.66,2025-07-12 23:09:57,mercadopago
PAY-ORD00003967,ORD00003967,card,approved,115029.23,2025-04-02 16:58:16,stripe
PAY-ORD00003968,ORD00003968,cash,approved,78251.84,2025-12-12 15:01:31,bank
PAY-ORD00003969,ORD00003969,cash,approved,207892.18,2025-01-15 13:10:20,paypal
PAY-ORD00003970,ORD00003970,bank_transfer,approved,40043.33,2026-04-05 18:48:12,bank
PAY-ORD00003971,ORD00003971,wallet,approved,148540.88,2026-04-27 17:14:25,paypal
PAY-ORD00003972,ORD00003972,bank_transfer,approved,16264.01,2025-11-23 02:18:26,bank
PAY-ORD00003973,ORD00003973,bank_transfer,approved,89417.43,2025-10-27 11:25:11,paypal
PAY-ORD00003974,ORD00003974,cash,approved,167171.83,2025-08-10 02:34:20,bank
PAY-ORD00003975,ORD00003975,cash,declined,149390.73,2025-03-27 23:09:45,stripe
PAY-ORD00003976,ORD00003976,cash,approved,102813.04,2026-02-26 10:03:25,bank
PAY-ORD00003977,ORD00003977,paypal,approved,98347.18,2026-01-02 10:56:52,paypal
PAY-ORD00003978,ORD00003978,bank_transfer,approved,15978.25,2025-10-08 11:47:51,stripe
PAY-ORD00003979,ORD00003979,bank_transfer,refunded,188096.66,2025-08-26 14:53:59,paypal
PAY-ORD00003980,ORD00003980,bank_transfer,approved,22141.41,2025-02-02 22:28:01,bank
PAY-ORD00003982,ORD00003982,cash,approved,92834.34,2026-05-08 13:58:53,mercadopago
PAY-ORD00003983,ORD00003983,card,approved,239519.01,2026-03-18 10:38:04,bank
PAY-ORD00003984,ORD00003984,card,approved,53113.35,2025-08-10 06:50:59,stripe
PAY-ORD00003985,ORD00003985,cash,approved,203495.04,2026-03-25 23:22:02,stripe
PAY-ORD00003986,ORD00003986,paypal,pending,110438.75,2025-12-09 04:01:42,bank
PAY-ORD00003987,ORD00003987,bank_transfer,declined,83008.52,2025-09-28 08:36:09,paypal
PAY-ORD00003988,ORD00003988,wallet,approved,86154.9,2025-11-29 01:35:57,paypal
PAY-ORD00003989,ORD00003989,card,approved,181501.71,2025-12-21 12:22:36,mercadopago
PAY-ORD00003990,ORD00003990,wallet,approved,26838.76,2025-12-26 02:30:42,bank
PAY-ORD00003991,ORD00003991,paypal,approved,80452.28,2025-03-09 05:57:19,paypal
PAY-ORD00003992,ORD00003992,card,approved,188261.98,2025-02-09 06:11:28,stripe
PAY-ORD00003995,ORD00003995,bank_transfer,approved,148781.26,2025-10-01 17:51:08,mercadopago
PAY-ORD00003997,ORD00003997,wallet,pending,144615.48,2025-10-03 16:53:33,stripe
PAY-ORD00003998,ORD00003998,bank_transfer,approved,21739.32,2025-06-24 23:57:58,bank
PAY-ORD00003999,ORD00003999,bank_transfer,approved,32645.74,2025-08-14 12:59:23,paypal
PAY-ORD00004000,ORD00004000,bank_transfer,approved,151146.35,2025-03-22 21:33:07,mercadopago
PAY-ORD00004001,ORD00004001,card,approved,221208.84,2025-01-21 23:30:26,paypal
PAY-ORD00004002,ORD00004002,paypal,approved,64063.67,2026-03-16 03:53:19,mercadopago
PAY-ORD00004003,ORD00004003,paypal,approved,138126.57,2026-03-06 14:13:32,mercadopago
PAY-ORD00004004,ORD00004004,cash,pending,47567.32,2025-01-25 14:57:44,bank
PAY-ORD00004005,ORD00004005,paypal,approved,21814.35,2026-04-24 14:52:02,stripe
PAY-ORD00004006,ORD00004006,paypal,pending,834.87,2026-01-03 08:47:49,paypal
PAY-ORD00004007,ORD00004007,cash,approved,93271.98,2026-05-15 18:47:54,paypal
PAY-ORD00004008,ORD00004008,card,approved,25878.5,2025-09-15 18:53:17,stripe
PAY-ORD00004009,ORD00004009,cash,approved,98882.33,2026-02-13 04:42:35,stripe
PAY-ORD00004011,ORD00004011,wallet,pending,116824.43,2026-03-27 03:39:20,paypal
PAY-ORD00004012,ORD00004012,cash,approved,75839.51,2026-01-18 08:40:08,mercadopago
PAY-ORD00004013,ORD00004013,cash,approved,104453.13,2025-05-31 01:37:43,stripe
PAY-ORD00004014,ORD00004014,paypal,approved,130046.88,2025-01-16 13:43:25,bank
PAY-ORD00004015,ORD00004015,card,declined,286473.81,2025-01-26 01:56:29,bank
PAY-ORD00004016,ORD00004016,paypal,approved,156721.46,2025-07-30 16:18:27,paypal
PAY-ORD00004017,ORD00004017,paypal,approved,184883.25,2025-04-01 03:37:41,bank
PAY-ORD00004018,ORD00004018,card,declined,87013.98,2026-02-26 03:30:43,stripe
PAY-ORD00004019,ORD00004019,wallet,approved,42601.17,2025-02-24 14:51:21,stripe
PAY-ORD00004020,ORD00004020,cash,approved,265586.2,2025-08-21 18:42:35,stripe
PAY-ORD00004021,ORD00004021,card,approved,73418.3,2025-11-26 23:07:15,paypal
PAY-ORD00004022,ORD00004022,bank_transfer,approved,45532.12,2025-04-01 19:25:14,mercadopago
PAY-ORD00004023,ORD00004023,paypal,approved,12073.84,2025-09-11 04:42:22,paypal
PAY-ORD00004024,ORD00004024,cash,approved,179762.64,2026-01-29 19:28:14,mercadopago
PAY-ORD00004026,ORD00004026,wallet,pending,245234.46,2026-02-16 03:56:52,bank
PAY-ORD00004027,ORD00004027,wallet,approved,227717.43,2025-04-21 04:08:57,paypal
PAY-ORD00004028,ORD00004028,card,approved,163990.82,2025-12-26 10:26:26,paypal
PAY-ORD00004029,ORD00004029,paypal,approved,84029.99,2025-01-15 03:06:28,stripe
PAY-ORD00004030,ORD00004030,cash,approved,36782.5,2025-01-07 02:25:48,bank
PAY-ORD00004031,ORD00004031,cash,approved,77432.09,2025-01-03 17:07:13,bank
PAY-ORD00004032,ORD00004032,cash,approved,35708.41,2026-03-22 21:52:16,mercadopago
PAY-ORD00004033,ORD00004033,paypal,approved,162506.17,2025-06-26 13:19:05,paypal
PAY-ORD00004034,ORD00004034,paypal,approved,52551.04,2026-04-14 11:45:08,bank
PAY-ORD00004035,ORD00004035,wallet,declined,64330.31,2026-03-01 09:51:41,mercadopago
PAY-ORD00004036,ORD00004036,cash,declined,68572.91,2026-04-03 21:08:50,paypal
PAY-ORD00004038,ORD00004038,paypal,declined,38066.66,2026-03-31 00:54:56,stripe
PAY-ORD00004039,ORD00004039,paypal,declined,19281.19,2025-10-08 12:51:51,stripe
PAY-ORD00004040,ORD00004040,bank_transfer,approved,59172.64,2025-07-21 11:41:34,stripe
PAY-ORD00004041,ORD00004041,paypal,approved,53872.2,2025-06-13 23:13:02,paypal
PAY-ORD00004042,ORD00004042,card,approved,40336.84,2026-01-18 18:05:30,stripe
PAY-ORD00004043,ORD00004043,bank_transfer,approved,8661.4,2025-10-15 20:03:00,bank
PAY-ORD00004044,ORD00004044,paypal,approved,12520.11,2026-03-03 16:50:53,paypal
PAY-ORD00004047,ORD00004047,cash,approved,36231.47,2026-01-28 17:49:45,paypal
PAY-ORD00004048,ORD00004048,card,approved,168424.81,2025-01-29 03:38:51,bank
PAY-ORD00004049,ORD00004049,paypal,approved,223915.25,2026-03-30 13:46:53,paypal
PAY-ORD00004050,ORD00004050,wallet,approved,128306.51,2025-08-22 22:55:49,stripe
PAY-ORD00004052,ORD00004052,card,approved,3535.42,2025-09-25 18:47:39,stripe
PAY-ORD00004053,ORD00004053,wallet,approved,129690.56,2025-11-13 23:08:39,stripe
PAY-ORD00004054,ORD00004054,cash,declined,2011.11,2025-02-03 16:03:51,paypal
PAY-ORD00004055,ORD00004055,cash,approved,53618.54,2026-04-03 17:44:43,stripe
PAY-ORD00004056,ORD00004056,paypal,approved,59315.47,2025-07-30 21:08:02,paypal
PAY-ORD00004057,ORD00004057,paypal,approved,21452.7,2026-02-11 11:05:22,paypal
PAY-ORD00004058,ORD00004058,cash,approved,206917.23,2025-12-28 09:21:03,bank
PAY-ORD00004059,ORD00004059,bank_transfer,approved,132028.89,2025-06-10 13:51:40,stripe
PAY-ORD00004060,ORD00004060,paypal,approved,71369.78,2026-01-29 13:06:53,mercadopago
PAY-ORD00004062,ORD00004062,card,approved,86212.8,2025-04-20 16:33:54,stripe
PAY-ORD00004063,ORD00004063,card,approved,103303.86,2025-11-07 05:28:27,stripe
PAY-ORD00004065,ORD00004065,cash,approved,134434.82,2025-06-13 01:35:05,stripe
PAY-ORD00004066,ORD00004066,paypal,approved,48089.81,2025-08-06 13:14:54,stripe
PAY-ORD00004068,ORD00004068,paypal,approved,125612.18,2025-03-25 11:44:20,paypal
PAY-ORD00004069,ORD00004069,cash,approved,152033.72,2026-02-24 21:11:08,mercadopago
PAY-ORD00004070,ORD00004070,paypal,approved,85478.0,2025-09-07 01:46:51,stripe
PAY-ORD00004071,ORD00004071,paypal,declined,81737.24,2026-02-07 10:12:30,bank
PAY-ORD00004072,ORD00004072,cash,approved,36315.7,2026-02-22 13:02:06,bank
PAY-ORD00004073,ORD00004073,wallet,approved,31389.49,2026-04-11 10:56:04,bank
PAY-ORD00004075,ORD00004075,bank_transfer,approved,202896.93,2025-10-22 00:56:13,stripe
PAY-ORD00004076,ORD00004076,card,approved,37861.73,2025-12-29 03:37:25,mercadopago
PAY-ORD00004077,ORD00004077,wallet,approved,13206.26,2025-08-25 01:37:09,stripe
PAY-ORD00004078,ORD00004078,cash,approved,55875.74,2026-02-04 01:15:22,mercadopago
PAY-ORD00004080,ORD00004080,card,approved,197529.53,2025-06-23 05:49:45,bank
PAY-ORD00004081,ORD00004081,card,approved,26928.2,2026-02-27 04:31:43,bank
PAY-ORD00004082,ORD00004082,cash,approved,33589.02,2025-07-29 00:46:06,bank
PAY-ORD00004083,ORD00004083,paypal,approved,21072.3,2025-12-27 09:53:11,mercadopago
PAY-ORD00004084,ORD00004084,cash,pending,70707.12,2025-08-04 19:34:02,mercadopago
PAY-ORD00004085,ORD00004085,bank_transfer,pending,2653.05,2025-05-17 05:00:42,bank
PAY-ORD00004086,ORD00004086,cash,approved,66384.53,2026-04-06 06:52:05,bank
PAY-ORD00004087,ORD00004087,cash,approved,3592.25,2026-01-13 11:28:59,bank
PAY-ORD00004088,ORD00004088,bank_transfer,approved,77251.54,2025-08-01 22:53:59,bank
PAY-ORD00004091,ORD00004091,wallet,approved,101822.57,2025-09-21 18:57:05,paypal
PAY-ORD00004092,ORD00004092,card,approved,82144.94,2025-03-11 03:04:17,mercadopago
PAY-ORD00004093,ORD00004093,bank_transfer,approved,14217.52,2025-03-09 08:19:33,mercadopago
PAY-ORD00004094,ORD00004094,wallet,approved,58380.77,2025-03-30 16:04:13,stripe
PAY-ORD00004095,ORD00004095,wallet,approved,5992.84,2026-05-19 03:06:13,paypal
PAY-ORD00004096,ORD00004096,cash,approved,46015.48,2025-12-03 17:05:49,mercadopago
PAY-ORD00004097,ORD00004097,cash,approved,108370.73,2025-10-22 04:21:58,paypal
PAY-ORD00004098,ORD00004098,bank_transfer,approved,94930.76,2025-12-16 23:06:43,paypal
PAY-ORD00004099,ORD00004099,bank_transfer,approved,142446.0,2025-11-04 15:39:13,mercadopago
PAY-ORD00004100,ORD00004100,wallet,approved,21124.53,2025-04-20 22:46:36,mercadopago
PAY-ORD00004101,ORD00004101,cash,approved,186603.58,2025-03-19 22:24:49,stripe
PAY-ORD00004102,ORD00004102,bank_transfer,approved,55488.49,2026-03-03 19:22:07,paypal
PAY-ORD00004103,ORD00004103,cash,approved,48584.2,2025-07-09 12:22:06,mercadopago
PAY-ORD00004104,ORD00004104,card,refunded,12509.82,2026-02-01 01:48:57,bank
PAY-ORD00004105,ORD00004105,cash,approved,112624.44,2026-05-15 04:47:54,mercadopago
PAY-ORD00004106,ORD00004106,wallet,approved,129059.54,2026-03-30 16:52:48,mercadopago
PAY-ORD00004107,ORD00004107,paypal,approved,107696.44,2026-04-06 14:39:39,mercadopago
PAY-ORD00004109,ORD00004109,cash,approved,84563.54,2025-05-01 15:08:43,bank
PAY-ORD00004110,ORD00004110,paypal,approved,49041.91,2025-06-03 08:28:25,bank
PAY-ORD00004112,ORD00004112,paypal,approved,149077.22,2025-05-31 04:41:06,stripe
PAY-ORD00004113,ORD00004113,paypal,approved,89045.7,2026-04-26 19:43:15,paypal
PAY-ORD00004114,ORD00004114,paypal,approved,277505.32,2025-07-23 16:39:18,mercadopago
PAY-ORD00004115,ORD00004115,wallet,approved,9668.09,2025-09-22 09:08:22,paypal
PAY-ORD00004116,ORD00004116,cash,approved,154543.11,2025-11-14 15:45:19,paypal
PAY-ORD00004118,ORD00004118,card,approved,171974.95,2026-04-11 00:29:05,paypal
PAY-ORD00004119,ORD00004119,cash,approved,11096.8,2025-10-25 15:44:12,paypal
PAY-ORD00004121,ORD00004121,cash,approved,201354.58,2025-03-26 18:46:50,stripe
PAY-ORD00004122,ORD00004122,bank_transfer,approved,153311.5,2025-01-21 00:15:37,bank
PAY-ORD00004123,ORD00004123,bank_transfer,approved,106161.77,2025-10-28 20:10:49,mercadopago
PAY-ORD00004125,ORD00004125,card,approved,107289.94,2025-11-16 11:45:00,stripe
PAY-ORD00004126,ORD00004126,wallet,approved,137058.86,2025-12-15 12:10:30,stripe
PAY-ORD00004127,ORD00004127,cash,approved,126873.75,2026-03-26 04:19:13,mercadopago
PAY-ORD00004128,ORD00004128,card,approved,59498.89,2025-04-01 02:03:09,paypal
PAY-ORD00004129,ORD00004129,cash,approved,165506.54,2025-10-27 13:15:48,paypal
PAY-ORD00004130,ORD00004130,card,approved,11762.51,2026-03-08 07:39:06,paypal
PAY-ORD00004131,ORD00004131,cash,approved,17568.04,2025-02-27 20:40:18,mercadopago
PAY-ORD00004132,ORD00004132,paypal,approved,249850.19,2026-02-13 20:20:33,paypal
PAY-ORD00004133,ORD00004133,paypal,pending,189523.13,2025-05-12 11:37:17,bank
PAY-ORD00004135,ORD00004135,cash,approved,128754.19,2025-10-01 23:02:20,stripe
PAY-ORD00004136,ORD00004136,wallet,approved,276606.39,2025-06-01 19:30:11,mercadopago
PAY-ORD00004137,ORD00004137,bank_transfer,approved,46421.04,2025-01-31 21:03:13,bank
PAY-ORD00004138,ORD00004138,cash,approved,145293.46,2025-06-08 15:35:25,bank
PAY-ORD00004140,ORD00004140,card,approved,13988.29,2026-04-20 23:56:27,mercadopago
PAY-ORD00004144,ORD00004144,wallet,approved,36354.24,2025-06-15 14:02:48,stripe
PAY-ORD00004145,ORD00004145,bank_transfer,approved,22372.42,2025-06-27 19:59:04,stripe
PAY-ORD00004147,ORD00004147,cash,approved,14205.71,2025-09-14 09:58:36,bank
PAY-ORD00004148,ORD00004148,paypal,approved,42237.01,2025-05-05 09:52:01,stripe
PAY-ORD00004149,ORD00004149,paypal,approved,67070.31,2025-09-26 21:07:18,paypal
PAY-ORD00004150,ORD00004150,card,approved,153111.17,2025-02-12 10:52:29,paypal
PAY-ORD00004152,ORD00004152,wallet,approved,89860.87,2025-02-06 12:29:58,paypal
PAY-ORD00004153,ORD00004153,card,approved,141234.68,2025-04-04 04:50:32,bank
PAY-ORD00004155,ORD00004155,paypal,approved,190301.34,2025-06-17 23:48:02,paypal
PAY-ORD00004156,ORD00004156,paypal,approved,150965.19,2026-03-07 10:03:39,stripe
PAY-ORD00004158,ORD00004158,wallet,approved,39744.1,2025-11-07 13:29:55,bank
PAY-ORD00004159,ORD00004159,wallet,pending,96628.85,2026-03-05 14:54:58,stripe
PAY-ORD00004161,ORD00004161,cash,approved,215609.22,2025-06-30 19:41:49,paypal
PAY-ORD00004163,ORD00004163,card,approved,199465.88,2026-04-03 05:28:00,stripe
PAY-ORD00004164,ORD00004164,wallet,approved,131906.01,2026-01-17 07:58:47,bank
PAY-ORD00004165,ORD00004165,bank_transfer,approved,160716.81,2025-04-15 03:44:46,bank
PAY-ORD00004166,ORD00004166,card,approved,170087.66,2025-04-01 09:59:44,stripe
PAY-ORD00004167,ORD00004167,wallet,approved,45572.74,2025-04-12 13:32:16,paypal
PAY-ORD00004168,ORD00004168,cash,approved,120216.3,2026-05-08 16:33:21,bank
PAY-ORD00004169,ORD00004169,bank_transfer,pending,201299.84,2026-04-25 03:32:56,mercadopago
PAY-ORD00004170,ORD00004170,bank_transfer,approved,36803.11,2025-09-24 04:41:11,bank
PAY-ORD00004171,ORD00004171,paypal,approved,108461.07,2025-05-27 05:00:14,paypal
PAY-ORD00004172,ORD00004172,paypal,approved,153319.69,2025-12-30 06:28:19,stripe
PAY-ORD00004173,ORD00004173,bank_transfer,pending,19745.12,2026-02-01 16:45:50,stripe
PAY-ORD00004174,ORD00004174,wallet,approved,33271.26,2025-10-17 11:37:24,stripe
PAY-ORD00004175,ORD00004175,card,approved,197661.02,2025-07-16 04:11:55,stripe
PAY-ORD00004176,ORD00004176,bank_transfer,approved,13335.89,2025-05-28 08:13:35,mercadopago
PAY-ORD00004177,ORD00004177,card,approved,162472.95,2026-01-11 16:52:21,paypal
PAY-ORD00004178,ORD00004178,bank_transfer,approved,75554.34,2026-03-09 06:28:06,bank
PAY-ORD00004180,ORD00004180,wallet,approved,89382.18,2026-03-23 18:00:43,bank
PAY-ORD00004181,ORD00004181,wallet,approved,173860.14,2025-01-15 14:20:07,paypal
PAY-ORD00004182,ORD00004182,paypal,declined,76193.91,2025-11-20 21:01:32,paypal
PAY-ORD00004183,ORD00004183,paypal,approved,239869.94,2025-04-21 03:45:50,mercadopago
PAY-ORD00004184,ORD00004184,bank_transfer,approved,19681.33,2025-01-04 07:08:59,bank
PAY-ORD00004185,ORD00004185,cash,approved,34277.7,2025-10-29 06:19:43,mercadopago
PAY-ORD00004186,ORD00004186,paypal,declined,166434.79,2026-01-31 18:41:18,paypal
PAY-ORD00004187,ORD00004187,wallet,approved,72189.75,2026-02-26 23:49:14,paypal
PAY-ORD00004189,ORD00004189,cash,approved,58145.0,2026-03-07 04:23:07,stripe
PAY-ORD00004191,ORD00004191,paypal,approved,171733.83,2025-06-06 14:38:59,paypal
PAY-ORD00004192,ORD00004192,wallet,approved,140884.93,2026-03-15 22:10:46,stripe
PAY-ORD00004194,ORD00004194,wallet,approved,114919.75,2025-12-17 07:55:30,bank
PAY-ORD00004195,ORD00004195,card,approved,5910.47,2026-04-10 02:19:26,paypal
PAY-ORD00004196,ORD00004196,paypal,approved,80778.47,2025-08-31 09:47:22,mercadopago
PAY-ORD00004197,ORD00004197,wallet,approved,154514.18,2026-01-30 08:15:59,paypal
PAY-ORD00004198,ORD00004198,bank_transfer,approved,58550.26,2026-04-18 17:14:20,bank
PAY-ORD00004201,ORD00004201,cash,approved,231429.77,2025-03-23 14:14:24,mercadopago
PAY-ORD00004202,ORD00004202,wallet,approved,28486.17,2025-06-14 20:35:01,paypal
PAY-ORD00004203,ORD00004203,wallet,approved,245630.33,2025-06-16 17:23:05,mercadopago
PAY-ORD00004205,ORD00004205,card,approved,50228.63,2025-06-02 18:12:35,stripe
PAY-ORD00004206,ORD00004206,cash,refunded,19839.2,2025-08-16 04:47:15,stripe
PAY-ORD00004207,ORD00004207,cash,approved,64671.91,2025-03-07 23:04:52,paypal
PAY-ORD00004208,ORD00004208,paypal,approved,88251.86,2025-12-05 11:42:32,mercadopago
PAY-ORD00004209,ORD00004209,cash,approved,148517.66,2025-12-26 11:50:14,paypal
PAY-ORD00004211,ORD00004211,bank_transfer,approved,32814.87,2026-05-12 04:25:58,mercadopago
PAY-ORD00004212,ORD00004212,wallet,approved,107351.14,2025-04-16 21:34:52,paypal
PAY-ORD00004213,ORD00004213,bank_transfer,approved,50088.36,2026-05-12 06:12:09,stripe
PAY-ORD00004214,ORD00004214,cash,approved,120304.01,2026-04-18 05:31:45,paypal
PAY-ORD00004215,ORD00004215,card,approved,117031.32,2025-05-06 15:46:14,paypal
PAY-ORD00004216,ORD00004216,wallet,declined,58253.89,2026-03-16 20:42:42,stripe
PAY-ORD00004217,ORD00004217,wallet,approved,38227.63,2025-08-24 09:56:13,stripe
PAY-ORD00004218,ORD00004218,paypal,approved,17321.45,2025-05-04 15:49:20,bank
PAY-ORD00004219,ORD00004219,wallet,approved,3707.44,2025-08-28 03:56:26,stripe
PAY-ORD00004220,ORD00004220,cash,pending,59316.32,2025-11-24 16:48:37,paypal
PAY-ORD00004221,ORD00004221,wallet,approved,161552.64,2026-01-01 20:45:58,paypal
PAY-ORD00004224,ORD00004224,card,approved,35099.53,2025-08-20 05:54:43,stripe
PAY-ORD00004225,ORD00004225,cash,approved,127113.09,2025-11-16 01:07:46,paypal
PAY-ORD00004226,ORD00004226,paypal,approved,22415.57,2026-02-10 19:52:26,mercadopago
PAY-ORD00004227,ORD00004227,card,approved,385768.75,2026-03-22 19:56:55,paypal
PAY-ORD00004228,ORD00004228,paypal,approved,269223.5,2025-04-01 16:17:06,mercadopago
PAY-ORD00004230,ORD00004230,bank_transfer,approved,10077.32,2025-10-26 13:38:59,mercadopago
PAY-ORD00004231,ORD00004231,wallet,approved,110119.36,2025-10-10 08:46:56,mercadopago
PAY-ORD00004232,ORD00004232,paypal,approved,31524.85,2025-03-31 11:56:49,stripe
PAY-ORD00004233,ORD00004233,cash,approved,67863.65,2026-01-23 03:29:51,mercadopago
PAY-ORD00004235,ORD00004235,paypal,approved,41531.63,2026-01-03 18:25:48,mercadopago
PAY-ORD00004236,ORD00004236,paypal,approved,67593.73,2025-04-26 18:55:22,bank
PAY-ORD00004238,ORD00004238,bank_transfer,approved,26802.39,2025-09-01 05:57:17,mercadopago
PAY-ORD00004239,ORD00004239,cash,approved,194428.33,2025-01-13 07:38:46,paypal
PAY-ORD00004241,ORD00004241,cash,approved,219195.92,2025-10-08 01:02:05,bank
PAY-ORD00004242,ORD00004242,paypal,declined,169241.03,2025-06-02 00:46:26,paypal
PAY-ORD00004243,ORD00004243,bank_transfer,approved,145004.78,2026-02-06 22:36:26,stripe
PAY-ORD00004244,ORD00004244,card,pending,15724.34,2025-09-01 11:44:50,bank
PAY-ORD00004246,ORD00004246,card,approved,228507.18,2025-04-13 19:17:33,paypal
PAY-ORD00004247,ORD00004247,wallet,approved,52356.95,2026-05-15 23:38:26,mercadopago
PAY-ORD00004248,ORD00004248,wallet,approved,6924.68,2025-07-22 18:47:40,paypal
PAY-ORD00004249,ORD00004249,bank_transfer,refunded,96735.11,2025-09-18 19:25:14,mercadopago
PAY-ORD00004250,ORD00004250,bank_transfer,approved,137599.99,2025-05-23 15:23:42,stripe
PAY-ORD00004251,ORD00004251,bank_transfer,approved,205983.61,2026-04-18 11:44:56,bank
PAY-ORD00004252,ORD00004252,wallet,approved,141686.1,2026-03-29 15:13:34,bank
PAY-ORD00004253,ORD00004253,card,approved,150352.45,2025-01-22 15:32:03,mercadopago
PAY-ORD00004254,ORD00004254,card,approved,158659.92,2026-03-12 09:44:53,bank
PAY-ORD00004255,ORD00004255,cash,pending,79168.38,2025-07-16 14:10:28,mercadopago
PAY-ORD00004256,ORD00004256,card,approved,223254.2,2025-08-29 21:14:08,bank
PAY-ORD00004257,ORD00004257,wallet,pending,15355.07,2025-12-09 14:47:06,paypal
PAY-ORD00004258,ORD00004258,card,approved,81815.28,2025-05-21 20:40:06,stripe
PAY-ORD00004260,ORD00004260,paypal,approved,16401.87,2025-08-18 15:10:51,bank
PAY-ORD00004261,ORD00004261,bank_transfer,approved,68009.67,2025-02-05 13:33:38,bank
PAY-ORD00004262,ORD00004262,bank_transfer,approved,14301.41,2025-02-24 21:52:31,bank
PAY-ORD00004263,ORD00004263,bank_transfer,approved,141637.21,2025-07-12 21:48:44,paypal
PAY-ORD00004264,ORD00004264,card,approved,82090.07,2025-02-17 17:10:47,bank
PAY-ORD00004265,ORD00004265,bank_transfer,approved,22921.77,2026-04-05 23:30:30,bank
PAY-ORD00004266,ORD00004266,wallet,approved,26441.13,2026-02-09 17:15:52,mercadopago
PAY-ORD00004267,ORD00004267,card,approved,74263.35,2026-03-06 20:29:55,mercadopago
PAY-ORD00004268,ORD00004268,cash,approved,122141.97,2025-05-10 20:40:39,paypal
PAY-ORD00004270,ORD00004270,wallet,approved,169680.62,2025-07-03 10:46:50,bank
PAY-ORD00004271,ORD00004271,paypal,approved,44097.41,2025-07-31 08:58:18,paypal
PAY-ORD00004272,ORD00004272,bank_transfer,refunded,107804.08,2025-03-06 22:12:33,bank
PAY-ORD00004273,ORD00004273,card,approved,45260.67,2026-01-30 21:27:14,mercadopago
PAY-ORD00004274,ORD00004274,card,approved,154625.36,2025-01-29 02:25:47,mercadopago
PAY-ORD00004276,ORD00004276,paypal,approved,121331.67,2025-12-14 13:20:58,stripe
PAY-ORD00004277,ORD00004277,card,approved,153330.15,2025-06-17 14:27:18,bank
PAY-ORD00004278,ORD00004278,paypal,approved,237880.83,2026-04-29 07:40:26,mercadopago
PAY-ORD00004279,ORD00004279,cash,pending,30270.68,2025-03-06 16:29:32,paypal
PAY-ORD00004280,ORD00004280,paypal,approved,152589.8,2025-03-06 12:02:17,mercadopago
PAY-ORD00004281,ORD00004281,bank_transfer,approved,192186.18,2025-01-13 22:11:21,paypal
PAY-ORD00004282,ORD00004282,wallet,approved,275229.46,2025-04-11 02:18:29,bank
PAY-ORD00004283,ORD00004283,cash,approved,4656.51,2025-04-08 13:50:01,stripe
PAY-ORD00004284,ORD00004284,paypal,approved,55526.21,2025-05-14 10:15:14,mercadopago
PAY-ORD00004285,ORD00004285,bank_transfer,approved,166978.79,2025-11-17 16:56:16,mercadopago
PAY-ORD00004286,ORD00004286,wallet,approved,173882.25,2025-06-04 16:51:51,mercadopago
PAY-ORD00004287,ORD00004287,bank_transfer,approved,77624.15,2025-06-15 07:39:45,bank
PAY-ORD00004289,ORD00004289,bank_transfer,approved,114318.29,2025-03-17 18:18:29,paypal
PAY-ORD00004290,ORD00004290,paypal,approved,42018.62,2025-08-24 00:51:38,stripe
PAY-ORD00004291,ORD00004291,wallet,approved,124606.92,2025-11-11 22:32:39,mercadopago
PAY-ORD00004292,ORD00004292,bank_transfer,approved,133420.57,2025-09-12 02:10:55,paypal
PAY-ORD00004294,ORD00004294,wallet,pending,30466.28,2025-07-21 16:57:46,mercadopago
PAY-ORD00004295,ORD00004295,card,approved,19413.27,2025-01-08 03:42:58,paypal
PAY-ORD00004296,ORD00004296,cash,approved,230229.78,2025-06-23 17:16:56,stripe
PAY-ORD00004297,ORD00004297,wallet,approved,35116.81,2025-01-26 12:05:38,bank
PAY-ORD00004299,ORD00004299,paypal,approved,40008.89,2025-06-26 23:52:44,bank
PAY-ORD00004301,ORD00004301,wallet,refunded,85209.29,2026-01-13 14:36:58,stripe
PAY-ORD00004302,ORD00004302,cash,approved,167885.76,2025-03-19 23:45:39,bank
PAY-ORD00004303,ORD00004303,bank_transfer,approved,192450.54,2025-11-28 19:45:33,stripe
PAY-ORD00004304,ORD00004304,bank_transfer,approved,86475.96,2026-03-14 20:12:15,stripe
PAY-ORD00004305,ORD00004305,cash,approved,63953.82,2025-08-15 00:25:45,stripe
PAY-ORD00004306,ORD00004306,cash,approved,37426.68,2025-07-12 02:03:52,paypal
PAY-ORD00004307,ORD00004307,card,pending,86607.69,2025-08-12 12:00:22,mercadopago
PAY-ORD00004308,ORD00004308,card,approved,16303.44,2025-12-20 02:48:38,bank
PAY-ORD00004310,ORD00004310,paypal,refunded,33082.56,2026-03-19 18:34:29,mercadopago
PAY-ORD00004311,ORD00004311,card,approved,106523.94,2026-04-08 18:44:04,paypal
PAY-ORD00004312,ORD00004312,cash,declined,148572.52,2025-11-24 17:42:36,mercadopago
PAY-ORD00004313,ORD00004313,cash,approved,120988.88,2025-10-10 06:45:44,mercadopago
PAY-ORD00004314,ORD00004314,card,approved,17827.21,2025-06-10 18:53:26,bank
PAY-ORD00004316,ORD00004316,card,approved,231426.45,2025-11-04 09:33:27,stripe
PAY-ORD00004317,ORD00004317,cash,approved,8534.59,2026-04-05 17:02:15,stripe
PAY-ORD00004318,ORD00004318,bank_transfer,approved,53109.05,2026-04-22 07:32:09,paypal
PAY-ORD00004319,ORD00004319,wallet,approved,137638.03,2026-03-11 15:17:58,paypal
PAY-ORD00004321,ORD00004321,paypal,refunded,85444.91,2025-10-21 11:10:43,mercadopago
PAY-ORD00004322,ORD00004322,paypal,approved,204026.38,2026-02-01 17:42:38,paypal
PAY-ORD00004323,ORD00004323,card,refunded,30562.25,2025-10-08 23:11:57,stripe
PAY-ORD00004324,ORD00004324,bank_transfer,approved,153940.5,2025-01-13 21:59:48,bank
PAY-ORD00004325,ORD00004325,card,pending,242184.12,2025-11-15 09:07:35,stripe
PAY-ORD00004326,ORD00004326,card,approved,206199.77,2025-03-05 20:13:10,mercadopago
PAY-ORD00004327,ORD00004327,wallet,approved,21318.0,2025-04-16 07:33:08,mercadopago
PAY-ORD00004330,ORD00004330,card,approved,20306.37,2025-03-21 04:07:49,mercadopago
PAY-ORD00004331,ORD00004331,paypal,approved,109130.02,2026-02-10 13:49:19,paypal
PAY-ORD00004332,ORD00004332,paypal,approved,272724.74,2025-12-29 05:20:13,stripe
PAY-ORD00004334,ORD00004334,cash,approved,34615.97,2025-01-28 20:02:00,stripe
PAY-ORD00004335,ORD00004335,cash,pending,241339.98,2025-04-12 04:14:00,paypal
PAY-ORD00004337,ORD00004337,wallet,refunded,114311.68,2025-11-21 22:23:23,stripe
PAY-ORD00004338,ORD00004338,card,approved,221794.42,2025-07-07 22:37:55,mercadopago
PAY-ORD00004340,ORD00004340,bank_transfer,approved,201478.93,2025-02-23 08:18:33,bank
PAY-ORD00004342,ORD00004342,card,approved,141741.84,2025-08-18 05:09:41,mercadopago
PAY-ORD00004343,ORD00004343,paypal,approved,67730.18,2025-04-07 20:10:13,bank
PAY-ORD00004345,ORD00004345,cash,approved,220706.95,2025-02-23 18:56:12,bank
PAY-ORD00004346,ORD00004346,bank_transfer,approved,58385.04,2025-09-25 11:52:40,stripe
PAY-ORD00004347,ORD00004347,cash,pending,172552.36,2025-05-16 16:41:46,bank
PAY-ORD00004348,ORD00004348,cash,approved,67952.33,2026-04-04 07:53:53,bank
PAY-ORD00004349,ORD00004349,card,approved,217708.42,2026-01-05 14:42:57,bank
PAY-ORD00004350,ORD00004350,bank_transfer,approved,128786.64,2025-01-08 00:50:40,mercadopago
PAY-ORD00004351,ORD00004351,cash,refunded,86435.9,2025-06-25 21:30:59,mercadopago
PAY-ORD00004354,ORD00004354,cash,approved,111024.25,2026-04-19 04:04:37,bank
PAY-ORD00004355,ORD00004355,paypal,approved,80095.86,2025-10-08 05:52:47,bank
PAY-ORD00004356,ORD00004356,wallet,approved,45596.41,2026-02-10 01:29:28,bank
PAY-ORD00004357,ORD00004357,bank_transfer,approved,50366.76,2026-04-24 00:40:45,mercadopago
PAY-ORD00004358,ORD00004358,cash,approved,4599.93,2026-03-18 16:29:15,paypal
PAY-ORD00004360,ORD00004360,card,approved,33287.09,2025-01-25 00:15:39,bank
PAY-ORD00004361,ORD00004361,card,approved,164943.65,2025-11-18 20:59:24,paypal
PAY-ORD00004362,ORD00004362,bank_transfer,approved,37439.61,2026-04-14 23:37:48,mercadopago
PAY-ORD00004364,ORD00004364,card,approved,265917.53,2025-10-12 05:14:50,stripe
PAY-ORD00004365,ORD00004365,paypal,approved,214644.66,2025-03-02 11:54:35,bank
PAY-ORD00004366,ORD00004366,cash,approved,162515.19,2025-08-12 13:41:37,bank
PAY-ORD00004367,ORD00004367,paypal,approved,13431.42,2025-05-07 01:56:46,stripe
PAY-ORD00004368,ORD00004368,bank_transfer,approved,214104.92,2025-01-28 16:34:09,mercadopago
PAY-ORD00004369,ORD00004369,card,approved,274829.08,2025-03-05 19:24:06,bank
PAY-ORD00004370,ORD00004370,wallet,approved,1867.31,2025-11-08 15:43:25,stripe
PAY-ORD00004371,ORD00004371,wallet,approved,15464.98,2025-10-10 11:34:48,bank
PAY-ORD00004372,ORD00004372,cash,pending,108576.44,2025-12-18 06:34:07,stripe
PAY-ORD00004373,ORD00004373,paypal,approved,126928.22,2025-12-23 07:28:44,bank
PAY-ORD00004376,ORD00004376,wallet,refunded,59745.77,2025-10-05 18:16:40,bank
PAY-ORD00004377,ORD00004377,cash,approved,6248.57,2025-05-04 10:07:59,mercadopago
PAY-ORD00004378,ORD00004378,cash,approved,71467.34,2026-04-02 13:54:23,mercadopago
PAY-ORD00004379,ORD00004379,bank_transfer,approved,152646.78,2026-03-12 07:56:14,stripe
PAY-ORD00004381,ORD00004381,paypal,approved,175433.54,2025-02-26 09:23:56,paypal
PAY-ORD00004382,ORD00004382,paypal,approved,100162.86,2025-04-02 13:54:42,mercadopago
PAY-ORD00004383,ORD00004383,cash,approved,53286.03,2025-04-22 13:36:21,bank
PAY-ORD00004384,ORD00004384,bank_transfer,approved,178803.78,2026-03-07 18:30:35,mercadopago
PAY-ORD00004387,ORD00004387,paypal,approved,53642.39,2025-10-20 19:24:18,mercadopago
PAY-ORD00004388,ORD00004388,cash,declined,97786.61,2025-10-27 02:21:21,stripe
PAY-ORD00004389,ORD00004389,paypal,approved,60613.2,2025-09-15 21:02:21,bank
PAY-ORD00004390,ORD00004390,paypal,approved,47041.0,2025-08-03 00:29:32,mercadopago
PAY-ORD00004391,ORD00004391,wallet,approved,22462.08,2025-03-03 16:08:45,mercadopago
PAY-ORD00004392,ORD00004392,wallet,pending,103778.79,2025-11-28 17:54:51,mercadopago
PAY-ORD00004393,ORD00004393,card,approved,17259.1,2025-12-27 01:30:18,mercadopago
PAY-ORD00004394,ORD00004394,wallet,pending,41073.49,2026-03-10 20:56:15,mercadopago
PAY-ORD00004395,ORD00004395,wallet,declined,47690.38,2025-08-02 21:05:00,mercadopago
PAY-ORD00004396,ORD00004396,card,approved,123136.98,2026-01-04 11:02:13,mercadopago
PAY-ORD00004397,ORD00004397,cash,refunded,46962.0,2025-09-12 14:24:39,paypal
PAY-ORD00004398,ORD00004398,cash,approved,27162.38,2026-04-08 16:52:39,bank
PAY-ORD00004399,ORD00004399,cash,approved,84456.44,2025-08-12 21:25:52,bank
PAY-ORD00004400,ORD00004400,cash,refunded,124905.19,2026-03-02 20:00:04,paypal
PAY-ORD00004401,ORD00004401,wallet,approved,38134.18,2025-09-18 11:26:14,mercadopago
PAY-ORD00004402,ORD00004402,card,pending,106548.34,2026-02-10 00:47:16,mercadopago
PAY-ORD00004403,ORD00004403,card,approved,129918.7,2026-01-25 23:23:21,mercadopago
PAY-ORD00004404,ORD00004404,card,approved,117931.33,2025-03-02 11:25:29,stripe
PAY-ORD00004406,ORD00004406,bank_transfer,approved,19200.12,2026-02-25 10:15:14,bank
PAY-ORD00004407,ORD00004407,card,approved,182103.17,2026-04-23 17:17:30,stripe
PAY-ORD00004409,ORD00004409,card,approved,153195.56,2026-03-23 19:27:26,stripe
PAY-ORD00004410,ORD00004410,card,declined,47306.14,2026-04-13 20:40:05,paypal
PAY-ORD00004412,ORD00004412,wallet,approved,46716.24,2025-03-17 11:45:53,stripe
PAY-ORD00004414,ORD00004414,paypal,approved,151535.43,2026-01-01 01:44:36,bank
PAY-ORD00004415,ORD00004415,card,declined,19902.72,2026-03-22 10:14:22,stripe
PAY-ORD00004417,ORD00004417,cash,approved,47536.43,2026-03-15 01:50:19,bank
PAY-ORD00004418,ORD00004418,wallet,approved,172580.86,2025-02-19 13:46:16,stripe
PAY-ORD00004419,ORD00004419,wallet,approved,67135.63,2025-06-14 07:41:27,stripe
PAY-ORD00004420,ORD00004420,paypal,approved,12458.17,2025-03-19 14:30:47,paypal
PAY-ORD00004421,ORD00004421,wallet,approved,62673.2,2025-02-18 12:34:36,bank
PAY-ORD00004422,ORD00004422,paypal,refunded,87418.89,2025-10-01 12:01:37,mercadopago
PAY-ORD00004424,ORD00004424,paypal,approved,138010.63,2026-02-23 11:00:54,stripe
PAY-ORD00004426,ORD00004426,wallet,approved,87373.31,2026-04-26 23:27:08,mercadopago
PAY-ORD00004427,ORD00004427,wallet,approved,158028.84,2025-07-31 05:56:37,mercadopago
PAY-ORD00004429,ORD00004429,bank_transfer,approved,124741.25,2025-05-27 23:08:10,mercadopago
PAY-ORD00004430,ORD00004430,cash,approved,93635.43,2026-02-26 00:05:02,stripe
PAY-ORD00004432,ORD00004432,cash,approved,100314.63,2026-03-30 01:36:21,bank
PAY-ORD00004433,ORD00004433,paypal,approved,62576.27,2026-01-27 07:37:13,mercadopago
PAY-ORD00004434,ORD00004434,wallet,approved,211542.55,2025-05-26 16:38:26,bank
PAY-ORD00004435,ORD00004435,card,approved,118726.02,2026-03-02 23:05:16,paypal
PAY-ORD00004437,ORD00004437,paypal,approved,122174.25,2025-07-15 18:33:05,mercadopago
PAY-ORD00004438,ORD00004438,card,approved,206371.19,2025-11-28 13:42:12,mercadopago
PAY-ORD00004439,ORD00004439,card,approved,206809.66,2025-03-15 05:30:36,paypal
PAY-ORD00004440,ORD00004440,card,approved,111961.14,2026-02-11 04:55:50,paypal
PAY-ORD00004441,ORD00004441,paypal,approved,165446.62,2026-04-29 08:33:46,paypal
PAY-ORD00004443,ORD00004443,card,approved,36949.76,2025-10-14 01:52:02,paypal
PAY-ORD00004444,ORD00004444,wallet,approved,161097.95,2026-01-06 07:11:18,stripe
PAY-ORD00004446,ORD00004446,card,approved,115269.26,2026-01-01 17:19:29,stripe
PAY-ORD00004447,ORD00004447,paypal,approved,182086.17,2026-05-04 23:21:27,bank
PAY-ORD00004448,ORD00004448,paypal,approved,54491.44,2025-03-10 13:23:19,bank
PAY-ORD00004449,ORD00004449,paypal,approved,80959.32,2025-12-04 18:13:39,stripe
PAY-ORD00004453,ORD00004453,card,approved,99389.86,2026-01-04 03:30:26,paypal
PAY-ORD00004454,ORD00004454,wallet,pending,211671.54,2025-01-31 23:47:47,bank
PAY-ORD00004456,ORD00004456,bank_transfer,approved,231377.21,2026-02-02 01:15:06,stripe
PAY-ORD00004457,ORD00004457,cash,approved,131051.14,2025-07-16 12:31:34,paypal
PAY-ORD00004458,ORD00004458,bank_transfer,approved,57294.21,2025-11-26 20:40:26,paypal
PAY-ORD00004459,ORD00004459,paypal,approved,33121.2,2026-05-13 23:36:49,paypal
PAY-ORD00004461,ORD00004461,paypal,approved,16222.99,2026-04-21 01:01:23,stripe
PAY-ORD00004464,ORD00004464,bank_transfer,approved,17977.99,2025-07-08 01:47:44,bank
PAY-ORD00004465,ORD00004465,paypal,approved,121205.73,2025-02-21 13:13:11,paypal
PAY-ORD00004466,ORD00004466,wallet,approved,5207.95,2025-05-27 19:28:04,stripe
PAY-ORD00004467,ORD00004467,card,approved,13386.8,2025-11-09 20:11:12,bank
PAY-ORD00004468,ORD00004468,cash,approved,145992.49,2025-06-13 00:14:39,paypal
PAY-ORD00004469,ORD00004469,bank_transfer,pending,45892.3,2025-10-17 19:29:53,mercadopago
PAY-ORD00004470,ORD00004470,wallet,approved,92718.18,2025-03-28 21:33:11,bank
PAY-ORD00004471,ORD00004471,wallet,approved,107397.57,2025-11-26 14:10:16,paypal
PAY-ORD00004472,ORD00004472,bank_transfer,approved,9986.18,2025-10-21 01:34:29,paypal
PAY-ORD00004474,ORD00004474,paypal,approved,60243.3,2025-10-07 06:17:04,mercadopago
PAY-ORD00004475,ORD00004475,wallet,approved,134082.27,2025-01-03 00:12:13,bank
PAY-ORD00004476,ORD00004476,bank_transfer,approved,180548.97,2025-10-23 16:14:56,stripe
PAY-ORD00004477,ORD00004477,paypal,approved,91635.77,2025-04-04 20:27:40,bank
PAY-ORD00004478,ORD00004478,wallet,approved,152265.23,2025-11-11 00:21:34,bank
PAY-ORD00004479,ORD00004479,wallet,approved,198118.91,2026-03-20 21:59:44,mercadopago
PAY-ORD00004480,ORD00004480,cash,declined,127955.31,2025-08-25 02:26:21,stripe
PAY-ORD00004481,ORD00004481,wallet,approved,108565.92,2025-12-10 19:34:29,bank
PAY-ORD00004482,ORD00004482,bank_transfer,approved,224586.23,2025-06-30 18:46:29,stripe
PAY-ORD00004484,ORD00004484,wallet,approved,133060.7,2025-02-22 09:56:10,paypal
PAY-ORD00004485,ORD00004485,cash,approved,113928.55,2025-03-22 05:06:32,stripe
PAY-ORD00004486,ORD00004486,cash,approved,185499.08,2025-06-14 22:44:39,bank
PAY-ORD00004487,ORD00004487,wallet,approved,63997.92,2026-04-28 01:25:49,stripe
PAY-ORD00004488,ORD00004488,cash,approved,269543.56,2026-02-12 15:14:10,mercadopago
PAY-ORD00004491,ORD00004491,paypal,declined,283343.23,2025-07-22 01:18:35,paypal
PAY-ORD00004494,ORD00004494,card,approved,24240.78,2025-06-26 13:23:21,mercadopago
PAY-ORD00004495,ORD00004495,bank_transfer,approved,104713.9,2025-04-27 22:06:31,bank
PAY-ORD00004496,ORD00004496,paypal,approved,86090.79,2026-01-14 04:41:21,bank
PAY-ORD00004497,ORD00004497,wallet,approved,82024.33,2025-06-13 20:51:19,stripe
PAY-ORD00004498,ORD00004498,cash,approved,22114.59,2026-01-30 01:19:00,mercadopago
PAY-ORD00004499,ORD00004499,bank_transfer,approved,173806.24,2025-06-04 04:57:59,bank
